task,family,position,detail,verdict
t1-0,none,-,honest,VERIFY_ACCEPTED
t1-0,none,-,roundtrip,VERIFY_ACCEPTED
t1-0,output_word,0,xor1,VERIFY_REJECTED
t1-0,output_word,1,xor1,VERIFY_REJECTED
t1-0,output_word,2,xor1,VERIFY_REJECTED
t1-0,output_word,255,xor1_last,VERIFY_REJECTED
t1-0,input_word,0,xor1,VERIFY_REJECTED
t1-0,input_word,1,xor1,VERIFY_REJECTED
t1-0,input_word,255,xor1_last,VERIFY_REJECTED
t1-0,proof_byte,0,xor01_from57,DESERIALIZE_PANIC
t1-0,proof_byte,1,xor01_from00,DESERIALIZE_REJECTED
t1-0,proof_byte,2,xor01_from00,DESERIALIZE_REJECTED
t1-0,proof_byte,3,xor01_from00,DESERIALIZE_REJECTED
t1-0,proof_byte,4,xor01_from00,DESERIALIZE_REJECTED
t1-0,proof_byte,5,xor01_from00,DESERIALIZE_REJECTED
t1-0,proof_byte,6,xor01_from00,DESERIALIZE_REJECTED
t1-0,proof_byte,7,xor01_from00,DESERIALIZE_REJECTED
t1-0,proof_byte,8,xor01_from01,DESERIALIZE_REJECTED
t1-0,proof_byte,9,xor01_from00,DESERIALIZE_PANIC
t1-0,proof_byte,10,xor01_from00,DESERIALIZE_PANIC
t1-0,proof_byte,11,xor01_from00,DESERIALIZE_PANIC
t1-0,proof_byte,12,xor01_from00,DESERIALIZE_PANIC
t1-0,proof_byte,13,xor01_from00,DESERIALIZE_PANIC
t1-0,proof_byte,14,xor01_from00,DESERIALIZE_PANIC
t1-0,proof_byte,15,xor01_from00,DESERIALIZE_PANIC
t1-0,proof_byte,16,xor01_from00,DESERIALIZE_PANIC
t1-0,proof_byte,17,xor01_from00,DESERIALIZE_PANIC
t1-0,proof_byte,18,xor01_from00,DESERIALIZE_REJECTED
t1-0,proof_byte,19,xor01_from02,DESERIALIZE_PANIC
t1-0,proof_byte,20,xor01_from00,DESERIALIZE_PANIC
t1-0,proof_byte,21,xor01_from00,DESERIALIZE_PANIC
t1-0,proof_byte,22,xor01_from00,DESERIALIZE_PANIC
t1-0,proof_byte,23,xor01_from00,DESERIALIZE_PANIC
t1-0,proof_byte,24,xor01_from00,DESERIALIZE_PANIC
t1-0,proof_byte,25,xor01_from00,DESERIALIZE_PANIC
t1-0,proof_byte,26,xor01_from00,DESERIALIZE_PANIC
t1-0,proof_byte,27,xor01_from61,VERIFY_REJECTED
t1-0,proof_byte,28,xor01_from8f,VERIFY_REJECTED
t1-0,proof_byte,29,xor01_fromf3,VERIFY_REJECTED
t1-0,proof_byte,30,xor01_from9e,VERIFY_REJECTED
t1-0,proof_byte,31,xor01_fromfa,VERIFY_REJECTED
t1-0,proof_byte,32,xor01_fromd3,VERIFY_REJECTED
t1-0,proof_byte,33,xor01_fromdd,VERIFY_REJECTED
t1-0,proof_byte,34,xor01_from87,VERIFY_REJECTED
t1-0,proof_byte,35,xor01_from21,VERIFY_REJECTED
t1-0,proof_byte,36,xor01_frombf,VERIFY_REJECTED
t1-0,proof_byte,37,xor01_from63,VERIFY_REJECTED
t1-0,proof_byte,38,xor01_from6e,VERIFY_REJECTED
t1-0,proof_byte,39,xor01_from70,VERIFY_REJECTED
t1-0,proof_byte,40,xor01_fromdf,VERIFY_REJECTED
t1-0,proof_byte,41,xor01_frome4,VERIFY_REJECTED
t1-0,proof_byte,42,xor01_from8e,VERIFY_REJECTED
t1-0,proof_byte,43,xor01_fromf9,VERIFY_REJECTED
t1-0,proof_byte,44,xor01_froma8,VERIFY_REJECTED
t1-0,proof_byte,45,xor01_froma4,VERIFY_REJECTED
t1-0,proof_byte,46,xor01_from68,VERIFY_REJECTED
t1-0,proof_byte,47,xor01_frombc,VERIFY_REJECTED
t1-0,proof_byte,48,xor01_from2c,VERIFY_REJECTED
t1-0,proof_byte,49,xor01_fromc5,VERIFY_REJECTED
t1-0,proof_byte,50,xor01_from10,VERIFY_REJECTED
t1-0,proof_byte,51,xor01_fromec,VERIFY_REJECTED
t1-0,proof_byte,52,xor01_fromf9,VERIFY_REJECTED
t1-0,proof_byte,53,xor01_from70,VERIFY_REJECTED
t1-0,proof_byte,54,xor01_from2b,VERIFY_REJECTED
t1-0,proof_byte,55,xor01_from75,VERIFY_REJECTED
t1-0,proof_byte,56,xor01_fromda,VERIFY_REJECTED
t1-0,proof_byte,57,xor01_from66,VERIFY_REJECTED
t1-0,proof_byte,58,xor01_from29,VERIFY_REJECTED
t1-0,proof_byte,59,xor01_from01,DESERIALIZE_REJECTED
t1-0,proof_byte,60,xor01_from00,DESERIALIZE_PANIC
t1-0,proof_byte,61,xor01_from01,DESERIALIZE_PANIC
t1-0,proof_byte,62,xor01_from00,DESERIALIZE_PANIC
t1-0,proof_byte,63,xor01_from00,DESERIALIZE_PANIC
t1-0,proof_byte,64,xor01_from00,DESERIALIZE_PANIC
t1-0,proof_byte,65,xor01_from00,DESERIALIZE_PANIC
t1-0,proof_byte,66,xor01_from00,DESERIALIZE_PANIC
t1-0,proof_byte,67,xor01_from00,DESERIALIZE_PANIC
t1-0,proof_byte,68,xor01_from00,DESERIALIZE_PANIC
t1-0,proof_byte,69,xor01_from00,DESERIALIZE_REJECTED
t1-0,proof_byte,70,xor01_from02,DESERIALIZE_PANIC
t1-0,proof_byte,71,xor01_from00,DESERIALIZE_PANIC
t1-0,proof_byte,72,xor01_from00,DESERIALIZE_PANIC
t1-0,proof_byte,73,xor01_from00,DESERIALIZE_PANIC
t1-0,proof_byte,74,xor01_from00,DESERIALIZE_PANIC
t1-0,proof_byte,75,xor01_from00,DESERIALIZE_PANIC
t1-0,proof_byte,76,xor01_from00,DESERIALIZE_PANIC
t1-0,proof_byte,77,xor01_from00,DESERIALIZE_PANIC
t1-0,proof_byte,78,xor01_from71,VERIFY_REJECTED
t1-0,proof_byte,79,xor01_from19,VERIFY_REJECTED
t1-0,proof_byte,80,xor01_fromf9,VERIFY_REJECTED
t1-0,proof_byte,81,xor01_fromeb,VERIFY_REJECTED
t1-0,proof_byte,82,xor01_fromdd,VERIFY_REJECTED
t1-0,proof_byte,83,xor01_from4a,VERIFY_REJECTED
t1-0,proof_byte,84,xor01_fromcb,VERIFY_REJECTED
t1-0,proof_byte,85,xor01_from14,VERIFY_REJECTED
t1-0,proof_byte,86,xor01_from9c,VERIFY_REJECTED
t1-0,proof_byte,87,xor01_from15,VERIFY_REJECTED
t1-0,proof_byte,88,xor01_from02,VERIFY_REJECTED
t1-0,proof_byte,89,xor01_from99,VERIFY_REJECTED
t1-0,proof_byte,90,xor01_fromad,VERIFY_REJECTED
t1-0,proof_byte,91,xor01_from8b,VERIFY_REJECTED
t1-0,proof_byte,92,xor01_fromfc,VERIFY_REJECTED
t1-0,proof_byte,93,xor01_from0d,VERIFY_REJECTED
t1-0,proof_byte,94,xor01_from27,VERIFY_REJECTED
t1-0,proof_byte,95,xor01_from3c,VERIFY_REJECTED
t1-0,proof_byte,96,xor01_from0a,VERIFY_REJECTED
t1-0,proof_byte,97,xor01_fromc3,VERIFY_REJECTED
t1-0,proof_byte,98,xor01_fromc1,VERIFY_REJECTED
t1-0,proof_byte,99,xor01_fromaf,VERIFY_REJECTED
t1-0,proof_byte,100,xor01_fromc2,VERIFY_REJECTED
t1-0,proof_byte,101,xor01_from9a,VERIFY_REJECTED
t1-0,proof_byte,102,xor01_fromdf,VERIFY_REJECTED
t1-0,proof_byte,103,xor01_from20,VERIFY_REJECTED
t1-0,proof_byte,104,xor01_from41,VERIFY_REJECTED
t1-0,proof_byte,105,xor01_frome5,VERIFY_REJECTED
t1-0,proof_byte,106,xor01_from05,VERIFY_REJECTED
t1-0,proof_byte,107,xor01_from5f,VERIFY_REJECTED
t1-0,proof_byte,108,xor01_from41,VERIFY_REJECTED
t1-0,proof_byte,109,xor01_from21,VERIFY_REJECTED
t1-0,proof_byte,110,xor01_from01,DESERIALIZE_REJECTED
t1-0,proof_byte,111,xor01_from00,DESERIALIZE_PANIC
t1-0,proof_byte,112,xor01_from02,DESERIALIZE_PANIC
t1-0,proof_byte,113,xor01_from00,DESERIALIZE_PANIC
t1-0,proof_byte,114,xor01_from00,DESERIALIZE_PANIC
t1-0,proof_byte,115,xor01_from00,DESERIALIZE_PANIC
t1-0,proof_byte,116,xor01_from00,DESERIALIZE_PANIC
t1-0,proof_byte,117,xor01_from00,DESERIALIZE_PANIC
t1-0,proof_byte,118,xor01_from00,DESERIALIZE_PANIC
t1-0,proof_byte,119,xor01_from00,DESERIALIZE_PANIC
t1-0,proof_byte,120,xor01_from00,DESERIALIZE_REJECTED
t1-0,proof_byte,121,xor01_from03,DESERIALIZE_PANIC
t1-0,proof_byte,122,xor01_from00,DESERIALIZE_PANIC
t1-0,proof_byte,123,xor01_from00,DESERIALIZE_PANIC
t1-0,proof_byte,124,xor01_from00,DESERIALIZE_PANIC
t1-0,proof_byte,125,xor01_from00,DESERIALIZE_PANIC
t1-0,proof_byte,126,xor01_from00,DESERIALIZE_PANIC
t1-0,proof_byte,127,xor01_from00,DESERIALIZE_PANIC
t1-0,proof_byte,128,xor01_from00,DESERIALIZE_PANIC
t1-0,proof_byte,129,xor01_from02,VERIFY_REJECTED
t1-0,proof_byte,130,xor01_froma3,VERIFY_REJECTED
t1-0,proof_byte,131,xor01_from14,VERIFY_REJECTED
t1-0,proof_byte,132,xor01_from3a,VERIFY_REJECTED
t1-0,proof_byte,133,xor01_from4d,VERIFY_REJECTED
t1-0,proof_byte,134,xor01_from08,VERIFY_REJECTED
t1-0,proof_byte,135,xor01_fromb9,VERIFY_REJECTED
t1-0,proof_byte,136,xor01_from8c,VERIFY_REJECTED
t1-0,proof_byte,137,xor01_fromc5,VERIFY_REJECTED
t1-0,proof_byte,138,xor01_from44,VERIFY_REJECTED
t1-0,proof_byte,139,xor01_frombe,VERIFY_REJECTED
t1-0,proof_byte,140,xor01_from1a,VERIFY_REJECTED
t1-0,proof_byte,141,xor01_from8a,VERIFY_REJECTED
t1-0,proof_byte,142,xor01_from59,VERIFY_REJECTED
t1-0,proof_byte,143,xor01_fromf4,VERIFY_REJECTED
t1-0,proof_byte,144,xor01_fromb7,VERIFY_REJECTED
t1-0,proof_byte,145,xor01_from3b,VERIFY_REJECTED
t1-0,proof_byte,146,xor01_fromdd,VERIFY_REJECTED
t1-0,proof_byte,147,xor01_from36,VERIFY_REJECTED
t1-0,proof_byte,148,xor01_from05,VERIFY_REJECTED
t1-0,proof_byte,149,xor01_fromdd,VERIFY_REJECTED
t1-0,proof_byte,150,xor01_fromb8,VERIFY_REJECTED
t1-0,proof_byte,151,xor01_from5a,VERIFY_REJECTED
t1-0,proof_byte,152,xor01_fromee,VERIFY_REJECTED
t1-0,proof_byte,153,xor01_fromd8,VERIFY_REJECTED
t1-0,proof_byte,154,xor01_from1c,VERIFY_REJECTED
t1-0,proof_byte,155,xor01_from95,VERIFY_REJECTED
t1-0,proof_byte,156,xor01_fromdd,VERIFY_REJECTED
t1-0,proof_byte,157,xor01_from32,VERIFY_REJECTED
t1-0,proof_byte,158,xor01_from77,VERIFY_REJECTED
t1-0,proof_byte,159,xor01_froma0,VERIFY_REJECTED
t1-0,proof_byte,160,xor01_from0d,VERIFY_REJECTED
t1-0,proof_byte,161,xor01_from01,DESERIALIZE_REJECTED
t1-0,proof_byte,162,xor01_from20,DESERIALIZE_PANIC
t1-0,proof_byte,163,xor01_from02,DESERIALIZE_PANIC
t1-0,proof_byte,164,xor01_from00,DESERIALIZE_PANIC
t1-0,proof_byte,165,xor01_from00,DESERIALIZE_PANIC
t1-0,proof_byte,166,xor01_from00,DESERIALIZE_PANIC
t1-0,proof_byte,167,xor01_from00,DESERIALIZE_PANIC
t1-0,proof_byte,168,xor01_from00,DESERIALIZE_PANIC
t1-0,proof_byte,169,xor01_from00,DESERIALIZE_PANIC
t1-0,proof_byte,170,xor01_from00,DESERIALIZE_PANIC
t1-0,proof_byte,171,xor01_from00,DESERIALIZE_REJECTED
t1-0,proof_byte,172,xor01_from02,DESERIALIZE_PANIC
t1-0,proof_byte,173,xor01_from00,DESERIALIZE_PANIC
t1-0,proof_byte,174,xor01_from00,DESERIALIZE_PANIC
t1-0,proof_byte,175,xor01_from00,DESERIALIZE_PANIC
t1-0,proof_byte,176,xor01_from00,DESERIALIZE_PANIC
t1-0,proof_byte,177,xor01_from00,DESERIALIZE_PANIC
t1-0,proof_byte,178,xor01_from00,DESERIALIZE_PANIC
t1-0,proof_byte,179,xor01_from00,DESERIALIZE_PANIC
t1-0,proof_byte,180,xor01_from02,VERIFY_REJECTED
t1-0,proof_byte,181,xor01_froma3,VERIFY_REJECTED
t1-0,proof_byte,182,xor01_from14,VERIFY_REJECTED
t1-0,proof_byte,183,xor01_from3a,VERIFY_REJECTED
t1-0,proof_byte,184,xor01_from4d,VERIFY_REJECTED
t1-0,proof_byte,185,xor01_from08,VERIFY_REJECTED
t1-0,proof_byte,186,xor01_fromb9,VERIFY_REJECTED
t1-0,proof_byte,187,xor01_from8c,VERIFY_REJECTED
t1-0,proof_byte,188,xor01_fromc5,VERIFY_REJECTED
t1-0,proof_byte,189,xor01_from44,VERIFY_REJECTED
t1-0,proof_byte,190,xor01_frombe,VERIFY_REJECTED
t1-0,proof_byte,191,xor01_from1a,VERIFY_REJECTED
t1-0,proof_byte,192,xor01_from8a,VERIFY_REJECTED
t1-0,proof_byte,193,xor01_from59,VERIFY_REJECTED
t1-0,proof_byte,194,xor01_fromf4,VERIFY_REJECTED
t1-0,proof_byte,195,xor01_fromb7,VERIFY_REJECTED
t1-0,proof_byte,196,xor01_from3b,VERIFY_REJECTED
t1-0,proof_byte,197,xor01_fromdd,VERIFY_REJECTED
t1-0,proof_byte,198,xor01_from36,VERIFY_REJECTED
t1-0,proof_byte,199,xor01_from05,VERIFY_REJECTED
t1-0,proof_byte,200,xor01_fromdd,VERIFY_REJECTED
t1-0,proof_byte,201,xor01_fromb8,VERIFY_REJECTED
t1-0,proof_byte,202,xor01_from5a,VERIFY_REJECTED
t1-0,proof_byte,203,xor01_fromee,VERIFY_REJECTED
t1-0,proof_byte,204,xor01_fromd8,VERIFY_REJECTED
t1-0,proof_byte,205,xor01_from1c,VERIFY_REJECTED
t1-0,proof_byte,206,xor01_from95,VERIFY_REJECTED
t1-0,proof_byte,207,xor01_fromdd,VERIFY_REJECTED
t1-0,proof_byte,208,xor01_from32,VERIFY_REJECTED
t1-0,proof_byte,209,xor01_from77,VERIFY_REJECTED
t1-0,proof_byte,210,xor01_froma0,VERIFY_REJECTED
t1-0,proof_byte,211,xor01_from0d,VERIFY_REJECTED
t1-0,proof_byte,212,xor01_from01,DESERIALIZE_REJECTED
t1-0,proof_byte,213,xor01_from21,DESERIALIZE_PANIC
t1-0,proof_byte,214,xor01_from02,DESERIALIZE_PANIC
t1-0,proof_byte,215,xor01_from00,DESERIALIZE_PANIC
t1-0,proof_byte,216,xor01_from00,DESERIALIZE_PANIC
t1-0,proof_byte,217,xor01_from00,DESERIALIZE_PANIC
t1-0,proof_byte,218,xor01_from00,DESERIALIZE_PANIC
t1-0,proof_byte,219,xor01_from00,DESERIALIZE_PANIC
t1-0,proof_byte,220,xor01_from00,DESERIALIZE_PANIC
t1-0,proof_byte,221,xor01_from00,DESERIALIZE_PANIC
t1-0,proof_byte,222,xor01_from00,DESERIALIZE_REJECTED
t1-0,proof_byte,223,xor01_from02,DESERIALIZE_PANIC
t1-0,proof_byte,224,xor01_from00,DESERIALIZE_PANIC
t1-0,proof_byte,225,xor01_from00,DESERIALIZE_PANIC
t1-0,proof_byte,226,xor01_from00,DESERIALIZE_PANIC
t1-0,proof_byte,227,xor01_from00,DESERIALIZE_PANIC
t1-0,proof_byte,228,xor01_from00,DESERIALIZE_PANIC
t1-0,proof_byte,229,xor01_from00,DESERIALIZE_PANIC
t1-0,proof_byte,230,xor01_from00,DESERIALIZE_PANIC
t1-0,proof_byte,231,xor01_frombf,VERIFY_REJECTED
t1-0,proof_byte,232,xor01_from42,VERIFY_REJECTED
t1-0,proof_byte,233,xor01_frombc,VERIFY_REJECTED
t1-0,proof_byte,234,xor01_from2c,VERIFY_REJECTED
t1-0,proof_byte,235,xor01_from8a,VERIFY_REJECTED
t1-0,proof_byte,236,xor01_fromaa,VERIFY_REJECTED
t1-0,proof_byte,237,xor01_from9f,VERIFY_REJECTED
t1-0,proof_byte,238,xor01_fromee,VERIFY_REJECTED
t1-0,proof_byte,239,xor01_from84,VERIFY_REJECTED
t1-0,proof_byte,240,xor01_fromf2,VERIFY_REJECTED
t1-0,proof_byte,241,xor01_from90,VERIFY_REJECTED
t1-0,proof_byte,242,xor01_fromaf,VERIFY_REJECTED
t1-0,proof_byte,243,xor01_from92,VERIFY_REJECTED
t1-0,proof_byte,244,xor01_from1c,VERIFY_REJECTED
t1-0,proof_byte,245,xor01_from64,VERIFY_REJECTED
t1-0,proof_byte,246,xor01_from3d,VERIFY_REJECTED
t1-0,proof_byte,247,xor01_fromb6,VERIFY_REJECTED
t1-0,proof_byte,248,xor01_from49,VERIFY_REJECTED
t1-0,proof_byte,249,xor01_frombe,VERIFY_REJECTED
t1-0,proof_byte,250,xor01_fromda,VERIFY_REJECTED
t1-0,proof_byte,251,xor01_frome2,VERIFY_REJECTED
t1-0,proof_byte,252,xor01_from82,VERIFY_REJECTED
t1-0,proof_byte,253,xor01_from61,VERIFY_REJECTED
t1-0,proof_byte,254,xor01_from8f,VERIFY_REJECTED
t1-0,proof_byte,255,xor01_from35,VERIFY_REJECTED
t1-0,proof_byte,256,xor01_from7b,VERIFY_REJECTED
t1-0,proof_byte,257,xor01_fromed,VERIFY_REJECTED
t1-0,proof_byte,258,xor01_fromfc,VERIFY_REJECTED
t1-0,proof_byte,259,xor01_from73,VERIFY_REJECTED
t1-0,proof_byte,260,xor01_fromad,VERIFY_REJECTED
t1-0,proof_byte,261,xor01_frome1,VERIFY_REJECTED
t1-0,proof_byte,262,xor01_from1f,VERIFY_REJECTED
t1-0,proof_byte,263,xor01_from01,DESERIALIZE_REJECTED
t1-0,proof_byte,264,xor01_from22,DESERIALIZE_PANIC
t1-0,proof_byte,265,xor01_from02,DESERIALIZE_PANIC
t1-0,proof_byte,266,xor01_from00,DESERIALIZE_PANIC
t1-0,proof_byte,267,xor01_from00,DESERIALIZE_PANIC
t1-0,proof_byte,268,xor01_from00,DESERIALIZE_PANIC
t1-0,proof_byte,269,xor01_from00,DESERIALIZE_PANIC
t1-0,proof_byte,270,xor01_from00,DESERIALIZE_PANIC
t1-0,proof_byte,271,xor01_from00,DESERIALIZE_PANIC
t1-0,proof_byte,272,xor01_from00,DESERIALIZE_PANIC
t1-0,proof_byte,273,xor01_from00,DESERIALIZE_PANIC
t1-0,proof_byte,274,xor01_from02,DESERIALIZE_PANIC
t1-0,proof_byte,275,xor01_from00,DESERIALIZE_PANIC
t1-0,proof_byte,276,xor01_from00,DESERIALIZE_PANIC
t1-0,proof_byte,277,xor01_from00,DESERIALIZE_PANIC
t1-0,proof_byte,278,xor01_from00,DESERIALIZE_PANIC
t1-0,proof_byte,279,xor01_from00,DESERIALIZE_PANIC
t1-0,proof_byte,280,xor01_from00,DESERIALIZE_PANIC
t1-0,proof_byte,281,xor01_from00,DESERIALIZE_PANIC
t1-0,proof_byte,282,xor01_from00,VERIFY_REJECTED
t1-0,proof_byte,283,xor01_from00,VERIFY_REJECTED
t1-0,proof_byte,284,xor01_from00,VERIFY_REJECTED
t1-0,proof_byte,285,xor01_from00,VERIFY_REJECTED
t1-0,proof_byte,286,xor01_from00,VERIFY_REJECTED
t1-0,proof_byte,287,xor01_from00,VERIFY_REJECTED
t1-0,proof_byte,288,xor01_from00,VERIFY_REJECTED
t1-0,proof_byte,289,xor01_from00,VERIFY_REJECTED
t1-0,proof_byte,290,xor01_from00,VERIFY_REJECTED
t1-0,proof_byte,291,xor01_from00,VERIFY_REJECTED
t1-0,proof_byte,292,xor01_from00,VERIFY_REJECTED
t1-0,proof_byte,293,xor01_from00,VERIFY_REJECTED
t1-0,proof_byte,294,xor01_from00,VERIFY_REJECTED
t1-0,proof_byte,295,xor01_from00,VERIFY_REJECTED
t1-0,proof_byte,296,xor01_from00,VERIFY_REJECTED
t1-0,proof_byte,297,xor01_from00,VERIFY_REJECTED
t1-0,proof_byte,298,xor01_from00,VERIFY_REJECTED
t1-0,proof_byte,299,xor01_from00,VERIFY_REJECTED
t1-0,proof_byte,300,xor01_from00,VERIFY_REJECTED
t1-0,proof_byte,301,xor01_from00,VERIFY_REJECTED
t1-0,proof_byte,302,xor01_from00,VERIFY_REJECTED
t1-0,proof_byte,303,xor01_from00,VERIFY_REJECTED
t1-0,proof_byte,304,xor01_from00,VERIFY_REJECTED
t1-0,proof_byte,305,xor01_from00,VERIFY_REJECTED
t1-0,proof_byte,306,xor01_from00,VERIFY_REJECTED
t1-0,proof_byte,307,xor01_from00,VERIFY_REJECTED
t1-0,proof_byte,308,xor01_from00,VERIFY_REJECTED
t1-0,proof_byte,309,xor01_from00,VERIFY_REJECTED
t1-0,proof_byte,310,xor01_from00,VERIFY_REJECTED
t1-0,proof_byte,311,xor01_from00,VERIFY_REJECTED
t1-0,proof_byte,312,xor01_from00,VERIFY_REJECTED
t1-0,proof_byte,313,xor01_from00,VERIFY_REJECTED
t1-0,proof_byte,314,xor01_from01,DESERIALIZE_REJECTED
t1-0,proof_byte,315,xor01_from23,VERIFY_REJECTED
t1-0,proof_byte,316,xor01_from02,DESERIALIZE_PANIC
t1-0,proof_byte,317,xor01_from00,DESERIALIZE_PANIC
t1-0,proof_byte,318,xor01_from00,DESERIALIZE_PANIC
t1-0,proof_byte,319,xor01_from00,DESERIALIZE_PANIC
t1-0,proof_byte,320,xor01_from00,DESERIALIZE_PANIC
t1-0,proof_byte,321,xor01_from00,DESERIALIZE_PANIC
t1-0,proof_byte,322,xor01_from00,DESERIALIZE_PANIC
t1-0,proof_byte,323,xor01_from00,DESERIALIZE_PANIC
t1-0,proof_byte,324,xor01_from00,DESERIALIZE_REJECTED
t1-0,proof_byte,325,xor01_from02,DESERIALIZE_PANIC
t1-0,proof_byte,326,xor01_from00,DESERIALIZE_PANIC
t1-0,proof_byte,327,xor01_from00,DESERIALIZE_PANIC
t1-0,proof_byte,328,xor01_from00,DESERIALIZE_PANIC
t1-0,proof_byte,329,xor01_from00,DESERIALIZE_PANIC
t1-0,proof_byte,330,xor01_from00,DESERIALIZE_PANIC
t1-0,proof_byte,331,xor01_from00,DESERIALIZE_PANIC
t1-0,proof_byte,332,xor01_from00,DESERIALIZE_PANIC
t1-0,proof_byte,333,xor01_from05,VERIFY_REJECTED
t1-0,proof_byte,334,xor01_from16,VERIFY_REJECTED
t1-0,proof_byte,335,xor01_from36,VERIFY_REJECTED
t1-0,proof_byte,336,xor01_from4d,VERIFY_REJECTED
t1-0,proof_byte,337,xor01_from0d,VERIFY_REJECTED
t1-0,proof_byte,338,xor01_from2a,VERIFY_REJECTED
t1-0,proof_byte,339,xor01_from00,VERIFY_REJECTED
t1-0,proof_byte,340,xor01_fromba,VERIFY_REJECTED
t1-0,proof_byte,341,xor01_fromcc,VERIFY_REJECTED
t1-0,proof_byte,342,xor01_fromf3,VERIFY_REJECTED
t1-0,proof_byte,343,xor01_from43,VERIFY_REJECTED
t1-0,proof_byte,344,xor01_from64,VERIFY_REJECTED
t1-0,proof_byte,345,xor01_from34,VERIFY_REJECTED
t1-0,proof_byte,346,xor01_from7e,VERIFY_REJECTED
t1-0,proof_byte,347,xor01_fromc2,VERIFY_REJECTED
t1-0,proof_byte,348,xor01_fromcb,VERIFY_REJECTED
t1-0,proof_byte,349,xor01_fromd4,VERIFY_REJECTED
t1-0,proof_byte,350,xor01_from06,VERIFY_REJECTED
t1-0,proof_byte,351,xor01_from0e,VERIFY_REJECTED
t1-0,proof_byte,352,xor01_from33,VERIFY_REJECTED
t1-0,proof_byte,353,xor01_fromd7,VERIFY_REJECTED
t1-0,proof_byte,354,xor01_fromac,VERIFY_REJECTED
t1-0,proof_byte,355,xor01_fromf2,VERIFY_REJECTED
t1-0,proof_byte,356,xor01_from18,VERIFY_REJECTED
t1-0,proof_byte,357,xor01_from37,VERIFY_REJECTED
t1-0,proof_byte,358,xor01_from75,VERIFY_REJECTED
t1-0,proof_byte,359,xor01_from67,VERIFY_REJECTED
t1-0,proof_byte,360,xor01_from7a,VERIFY_REJECTED
t1-0,proof_byte,361,xor01_fromde,VERIFY_REJECTED
t1-0,proof_byte,362,xor01_fromd3,VERIFY_REJECTED
t1-0,proof_byte,363,xor01_fromfa,VERIFY_REJECTED
t1-0,proof_byte,364,xor01_from14,VERIFY_REJECTED
t1-0,proof_byte,365,xor01_from00,DESERIALIZE_PANIC
t1-0,proof_byte,366,xor01_from13,DESERIALIZE_PANIC
t1-0,proof_byte,367,xor01_from02,DESERIALIZE_PANIC
t1-0,proof_byte,368,xor01_from00,DESERIALIZE_PANIC
t1-0,proof_byte,369,xor01_from00,DESERIALIZE_PANIC
t1-0,proof_byte,370,xor01_from00,DESERIALIZE_PANIC
t1-0,proof_byte,371,xor01_from00,DESERIALIZE_PANIC
t1-0,proof_byte,372,xor01_from00,DESERIALIZE_PANIC
t1-0,proof_byte,373,xor01_from00,DESERIALIZE_PANIC
t1-0,proof_byte,374,xor01_from00,DESERIALIZE_PANIC
t1-0,proof_byte,375,xor01_from00,DESERIALIZE_PANIC
t1-0,proof_byte,376,xor01_from00,DESERIALIZE_PANIC
t1-0,proof_byte,377,xor01_from00,DESERIALIZE_PANIC
t1-0,proof_byte,378,xor01_from00,DESERIALIZE_PANIC
t1-0,proof_byte,379,xor01_from00,DESERIALIZE_PANIC
t1-0,proof_byte,380,xor01_from00,DESERIALIZE_PANIC
t1-0,proof_byte,381,xor01_from00,DESERIALIZE_PANIC
t1-0,proof_byte,382,xor01_from00,DESERIALIZE_PANIC
t1-0,proof_byte,383,xor01_from02,DESERIALIZE_PANIC
t1-0,proof_byte,384,xor01_from57,VERIFY_REJECTED
t1-0,proof_byte,385,xor01_from98,VERIFY_REJECTED
t1-0,proof_byte,386,xor01_fromda,VERIFY_REJECTED
t1-0,proof_byte,387,xor01_from8f,VERIFY_REJECTED
t1-0,proof_byte,388,xor01_fromed,VERIFY_REJECTED
t1-0,proof_byte,389,xor01_fromc1,VERIFY_REJECTED
t1-0,proof_byte,390,xor01_fromf7,VERIFY_REJECTED
t1-0,proof_byte,391,xor01_from7d,VERIFY_REJECTED
t1-0,proof_byte,392,xor01_from12,VERIFY_REJECTED
t1-0,proof_byte,393,xor01_from8d,VERIFY_REJECTED
t1-0,proof_byte,394,xor01_from94,VERIFY_REJECTED
t1-0,proof_byte,395,xor01_from03,VERIFY_REJECTED
t1-0,proof_byte,396,xor01_from65,VERIFY_REJECTED
t1-0,proof_byte,397,xor01_fromb0,VERIFY_REJECTED
t1-0,proof_byte,398,xor01_from23,VERIFY_REJECTED
t1-0,proof_byte,399,xor01_from23,VERIFY_REJECTED
t1-0,proof_byte,400,xor01_from29,VERIFY_REJECTED
t1-0,proof_byte,401,xor01_fromfd,VERIFY_REJECTED
t1-0,proof_byte,402,xor01_fromb4,VERIFY_REJECTED
t1-0,proof_byte,403,xor01_from0d,VERIFY_REJECTED
t1-0,proof_byte,404,xor01_from56,VERIFY_REJECTED
t1-0,proof_byte,405,xor01_from82,VERIFY_REJECTED
t1-0,proof_byte,406,xor01_from73,VERIFY_REJECTED
t1-0,proof_byte,407,xor01_from3e,VERIFY_REJECTED
t1-0,proof_byte,408,xor01_fromd1,VERIFY_REJECTED
t1-0,proof_byte,409,xor01_fromeb,VERIFY_REJECTED
t1-0,proof_byte,410,xor01_from13,VERIFY_REJECTED
t1-0,proof_byte,411,xor01_froma3,VERIFY_REJECTED
t1-0,proof_byte,412,xor01_fromee,VERIFY_REJECTED
t1-0,proof_byte,413,xor01_fromf9,VERIFY_REJECTED
t1-0,proof_byte,414,xor01_from9e,VERIFY_REJECTED
t1-0,proof_byte,415,xor01_from01,VERIFY_REJECTED
t1-0,proof_byte,416,xor01_from00,DESERIALIZE_PANIC
t1-0,proof_byte,417,xor01_from13,DESERIALIZE_PANIC
t1-0,proof_byte,418,xor01_from02,DESERIALIZE_PANIC
t1-0,proof_byte,419,xor01_from00,DESERIALIZE_PANIC
t1-0,proof_byte,420,xor01_from00,DESERIALIZE_PANIC
t1-0,proof_byte,421,xor01_from00,DESERIALIZE_PANIC
t1-0,proof_byte,422,xor01_from00,DESERIALIZE_PANIC
t1-0,proof_byte,423,xor01_from00,DESERIALIZE_PANIC
t1-0,proof_byte,424,xor01_from00,DESERIALIZE_PANIC
t1-0,proof_byte,425,xor01_from00,DESERIALIZE_PANIC
t1-0,proof_byte,426,xor01_from00,DESERIALIZE_PANIC
t1-0,proof_byte,427,xor01_from00,DESERIALIZE_PANIC
t1-0,proof_byte,428,xor01_from00,DESERIALIZE_PANIC
t1-0,proof_byte,429,xor01_from00,DESERIALIZE_PANIC
t1-0,proof_byte,430,xor01_from00,DESERIALIZE_PANIC
t1-0,proof_byte,431,xor01_from00,DESERIALIZE_PANIC
t1-0,proof_byte,432,xor01_from00,DESERIALIZE_PANIC
t1-0,proof_byte,433,xor01_from00,DESERIALIZE_PANIC
t1-0,proof_byte,434,xor01_from05,DESERIALIZE_PANIC
t1-0,proof_byte,435,xor01_from22,VERIFY_REJECTED
t1-0,proof_byte,436,xor01_from1a,VERIFY_REJECTED
t1-0,proof_byte,437,xor01_from19,VERIFY_REJECTED
t1-0,proof_byte,438,xor01_frome2,VERIFY_REJECTED
t1-0,proof_byte,439,xor01_from9c,VERIFY_REJECTED
t1-0,proof_byte,440,xor01_from17,VERIFY_REJECTED
t1-0,proof_byte,441,xor01_fromcd,VERIFY_REJECTED
t1-0,proof_byte,442,xor01_from7f,VERIFY_REJECTED
t1-0,proof_byte,443,xor01_from98,VERIFY_REJECTED
t1-0,proof_byte,444,xor01_from5b,VERIFY_REJECTED
t1-0,proof_byte,445,xor01_from64,VERIFY_REJECTED
t1-0,proof_byte,446,xor01_from2e,VERIFY_REJECTED
t1-0,proof_byte,447,xor01_from00,VERIFY_REJECTED
t1-0,proof_byte,448,xor01_fromc7,VERIFY_REJECTED
t1-0,proof_byte,449,xor01_from3a,VERIFY_REJECTED
t1-0,proof_byte,450,xor01_froma3,VERIFY_REJECTED
t1-0,proof_byte,451,xor01_from95,VERIFY_REJECTED
t1-0,proof_byte,452,xor01_from2b,VERIFY_REJECTED
t1-0,proof_byte,453,xor01_from96,VERIFY_REJECTED
t1-0,proof_byte,454,xor01_from27,VERIFY_REJECTED
t1-0,proof_byte,455,xor01_from56,VERIFY_REJECTED
t1-0,proof_byte,456,xor01_from7a,VERIFY_REJECTED
t1-0,proof_byte,457,xor01_from4f,VERIFY_REJECTED
t1-0,proof_byte,458,xor01_from19,VERIFY_REJECTED
t1-0,proof_byte,459,xor01_fromc3,VERIFY_REJECTED
t1-0,proof_byte,460,xor01_from3e,VERIFY_REJECTED
t1-0,proof_byte,461,xor01_from1e,VERIFY_REJECTED
t1-0,proof_byte,462,xor01_from68,VERIFY_REJECTED
t1-0,proof_byte,463,xor01_from83,VERIFY_REJECTED
t1-0,proof_byte,464,xor01_fromec,VERIFY_REJECTED
t1-0,proof_byte,465,xor01_from02,VERIFY_REJECTED
t1-0,proof_byte,466,xor01_from26,VERIFY_REJECTED
t1-0,proof_byte,467,xor01_from00,DESERIALIZE_PANIC
t1-0,proof_byte,468,xor01_from13,DESERIALIZE_PANIC
t1-0,proof_byte,469,xor01_from02,DESERIALIZE_PANIC
t1-0,proof_byte,470,xor01_from00,DESERIALIZE_PANIC
t1-0,proof_byte,471,xor01_from00,DESERIALIZE_PANIC
t1-0,proof_byte,472,xor01_from00,DESERIALIZE_PANIC
t1-0,proof_byte,473,xor01_from00,DESERIALIZE_PANIC
t1-0,proof_byte,474,xor01_from00,DESERIALIZE_PANIC
t1-0,proof_byte,475,xor01_from00,DESERIALIZE_PANIC
t1-0,proof_byte,476,xor01_from00,DESERIALIZE_PANIC
t1-0,proof_byte,477,xor01_from00,DESERIALIZE_PANIC
t1-0,proof_byte,478,xor01_from00,DESERIALIZE_PANIC
t1-0,proof_byte,479,xor01_from00,DESERIALIZE_PANIC
t1-0,proof_byte,480,xor01_from00,DESERIALIZE_PANIC
t1-0,proof_byte,481,xor01_from00,DESERIALIZE_PANIC
t1-0,proof_byte,482,xor01_from00,DESERIALIZE_PANIC
t1-0,proof_byte,483,xor01_from00,DESERIALIZE_PANIC
t1-0,proof_byte,484,xor01_from00,DESERIALIZE_PANIC
t1-0,proof_byte,485,xor01_from06,DESERIALIZE_REJECTED
t1-0,proof_byte,486,xor01_from7c,VERIFY_REJECTED
t1-0,proof_byte,487,xor01_from7e,VERIFY_REJECTED
t1-0,proof_byte,488,xor01_frome4,VERIFY_REJECTED
t1-0,proof_byte,489,xor01_frome1,VERIFY_REJECTED
t1-0,proof_byte,490,xor01_fromdc,VERIFY_REJECTED
t1-0,proof_byte,491,xor01_from7f,VERIFY_REJECTED
t1-0,proof_byte,492,xor01_from40,VERIFY_REJECTED
t1-0,proof_byte,493,xor01_fromdc,VERIFY_REJECTED
t1-0,proof_byte,494,xor01_fromef,VERIFY_REJECTED
t1-0,proof_byte,495,xor01_frombc,VERIFY_REJECTED
t1-0,proof_byte,496,xor01_fromcd,VERIFY_REJECTED
t1-0,proof_byte,497,xor01_from81,VERIFY_REJECTED
t1-0,proof_byte,498,xor01_frome5,VERIFY_REJECTED
t1-0,proof_byte,499,xor01_from28,VERIFY_REJECTED
t1-0,proof_byte,500,xor01_from98,VERIFY_REJECTED
t1-0,proof_byte,501,xor01_from8c,VERIFY_REJECTED
t1-0,proof_byte,502,xor01_from04,VERIFY_REJECTED
t1-0,proof_byte,503,xor01_from6b,VERIFY_REJECTED
t1-0,proof_byte,504,xor01_fromc9,VERIFY_REJECTED
t1-0,proof_byte,505,xor01_from44,VERIFY_REJECTED
t1-0,proof_byte,506,xor01_from3d,VERIFY_REJECTED
t1-0,proof_byte,507,xor01_frombc,VERIFY_REJECTED
t1-0,proof_byte,508,xor01_from96,VERIFY_REJECTED
t1-0,proof_byte,509,xor01_frome9,VERIFY_REJECTED
t1-0,proof_byte,510,xor01_from45,VERIFY_REJECTED
t1-0,proof_byte,511,xor01_from0d,VERIFY_REJECTED
t1-0,proof_byte,512,xor01_from41,VERIFY_REJECTED
t1-0,proof_byte,513,xor01_from33,VERIFY_REJECTED
t1-0,proof_byte,514,xor01_froma7,VERIFY_REJECTED
t1-0,proof_byte,515,xor01_fromf0,VERIFY_REJECTED
t1-0,proof_byte,516,xor01_from51,VERIFY_REJECTED
t1-0,proof_byte,517,xor01_from1a,VERIFY_REJECTED
t1-0,proof_byte,518,xor01_from00,VERIFY_ACCEPTED
t1-0,proof_byte,519,xor01_from13,VERIFY_ACCEPTED
t1-0,proof_byte,520,xor01_from02,VERIFY_ACCEPTED
t1-0,proof_byte,521,xor01_from00,VERIFY_ACCEPTED
t1-0,proof_byte,522,xor01_from00,VERIFY_ACCEPTED
t1-0,proof_byte,523,xor01_from00,VERIFY_ACCEPTED
t1-0,proof_byte,524,xor01_from00,VERIFY_ACCEPTED
t1-0,proof_byte,525,xor01_from00,VERIFY_ACCEPTED
t1-0,proof_byte,526,xor01_from00,VERIFY_ACCEPTED
t1-0,proof_byte,527,xor01_from00,VERIFY_ACCEPTED
t1-0,proof_byte,528,xor01_from00,VERIFY_ACCEPTED
t1-0,proof_byte,529,xor01_from00,VERIFY_ACCEPTED
t1-0,proof_byte,530,xor01_from00,VERIFY_ACCEPTED
t1-0,proof_byte,531,xor01_from00,VERIFY_ACCEPTED
t1-0,proof_byte,532,xor01_from00,VERIFY_ACCEPTED
t1-0,proof_byte,533,xor01_from00,VERIFY_ACCEPTED
t1-0,proof_byte,534,xor01_from00,VERIFY_ACCEPTED
t1-0,proof_byte,535,xor01_from00,VERIFY_ACCEPTED
t1-0,proof_byte,536,xor01_from08,VERIFY_ACCEPTED
t1-0,proof_byte,537,xor01_fromf3,VERIFY_ACCEPTED
t1-0,proof_byte,538,xor01_from78,VERIFY_ACCEPTED
t1-0,proof_byte,539,xor01_from26,VERIFY_ACCEPTED
t1-0,proof_byte,540,xor01_from59,VERIFY_ACCEPTED
t1-0,proof_byte,541,xor01_from51,VERIFY_ACCEPTED
t1-0,proof_byte,542,xor01_from4a,VERIFY_ACCEPTED
t1-0,proof_byte,543,xor01_fromfa,VERIFY_ACCEPTED
t1-0,proof_byte,544,xor01_fromd3,VERIFY_ACCEPTED
t1-0,proof_byte,545,xor01_frome1,VERIFY_ACCEPTED
t1-0,proof_byte,546,xor01_from0f,VERIFY_ACCEPTED
t1-0,proof_byte,547,xor01_from12,VERIFY_ACCEPTED
t1-0,proof_byte,548,xor01_from01,VERIFY_ACCEPTED
t1-0,proof_byte,549,xor01_from6d,VERIFY_ACCEPTED
t1-0,proof_byte,550,xor01_from5d,VERIFY_ACCEPTED
t1-0,proof_byte,551,xor01_from3b,VERIFY_ACCEPTED
t1-0,proof_byte,552,xor01_from44,VERIFY_ACCEPTED
t1-0,proof_byte,553,xor01_from7a,VERIFY_ACCEPTED
t1-0,proof_byte,554,xor01_froma1,VERIFY_ACCEPTED
t1-0,proof_byte,555,xor01_fromdf,VERIFY_ACCEPTED
t1-0,proof_byte,556,xor01_from28,VERIFY_ACCEPTED
t1-0,proof_byte,557,xor01_fromfc,VERIFY_ACCEPTED
t1-0,proof_byte,558,xor01_fromce,VERIFY_ACCEPTED
t1-0,proof_byte,559,xor01_from7a,VERIFY_ACCEPTED
t1-0,proof_byte,560,xor01_from5e,VERIFY_ACCEPTED
t1-0,proof_byte,561,xor01_from71,VERIFY_ACCEPTED
t1-0,proof_byte,562,xor01_from5e,VERIFY_ACCEPTED
t1-0,proof_byte,563,xor01_frombd,VERIFY_ACCEPTED
t1-0,proof_byte,564,xor01_from1f,VERIFY_ACCEPTED
t1-0,proof_byte,565,xor01_from47,VERIFY_ACCEPTED
t1-0,proof_byte,566,xor01_from4d,VERIFY_ACCEPTED
t1-0,proof_byte,567,xor01_from8b,VERIFY_ACCEPTED
t1-0,proof_byte,568,xor01_from00,VERIFY_ACCEPTED
t1-0,proof_byte,569,xor01_from00,DESERIALIZE_REJECTED
t1-0,proof_byte,570,xor01_from13,DESERIALIZE_PANIC
t1-0,proof_byte,571,xor01_from02,DESERIALIZE_PANIC
t1-0,proof_byte,572,xor01_from00,DESERIALIZE_PANIC
t1-0,proof_byte,573,xor01_from00,DESERIALIZE_PANIC
t1-0,proof_byte,574,xor01_from00,DESERIALIZE_PANIC
t1-0,proof_byte,575,xor01_from00,DESERIALIZE_PANIC
t1-0,proof_byte,576,xor01_from00,DESERIALIZE_PANIC
t1-0,proof_byte,577,xor01_from00,DESERIALIZE_PANIC
t1-0,proof_byte,578,xor01_from00,DESERIALIZE_PANIC
t1-0,proof_byte,579,xor01_from01,DESERIALIZE_PANIC
t1-0,proof_byte,580,xor01_from00,DESERIALIZE_PANIC
t1-0,proof_byte,581,xor01_from00,DESERIALIZE_PANIC
t1-0,proof_byte,582,xor01_from00,DESERIALIZE_PANIC
t1-0,proof_byte,583,xor01_from00,DESERIALIZE_PANIC
t1-0,proof_byte,584,xor01_from00,DESERIALIZE_PANIC
t1-0,proof_byte,585,xor01_from00,DESERIALIZE_PANIC
t1-0,proof_byte,586,xor01_from00,DESERIALIZE_PANIC
t1-0,proof_byte,587,xor01_from02,DESERIALIZE_PANIC
t1-0,proof_byte,588,xor01_fromb2,VERIFY_REJECTED
t1-0,proof_byte,589,xor01_from63,VERIFY_REJECTED
t1-0,proof_byte,590,xor01_from57,VERIFY_REJECTED
t1-0,proof_byte,591,xor01_from05,VERIFY_REJECTED
t1-0,proof_byte,592,xor01_fromb1,VERIFY_REJECTED
t1-0,proof_byte,593,xor01_from50,VERIFY_REJECTED
t1-0,proof_byte,594,xor01_from75,VERIFY_REJECTED
t1-0,proof_byte,595,xor01_from1b,VERIFY_REJECTED
t1-0,proof_byte,596,xor01_from5e,VERIFY_REJECTED
t1-0,proof_byte,597,xor01_from91,VERIFY_REJECTED
t1-0,proof_byte,598,xor01_from98,VERIFY_REJECTED
t1-0,proof_byte,599,xor01_from57,VERIFY_REJECTED
t1-0,proof_byte,600,xor01_from50,VERIFY_REJECTED
t1-0,proof_byte,601,xor01_from0c,VERIFY_REJECTED
t1-0,proof_byte,602,xor01_from2a,VERIFY_REJECTED
t1-0,proof_byte,603,xor01_from36,VERIFY_REJECTED
t1-0,proof_byte,604,xor01_fromdf,VERIFY_REJECTED
t1-0,proof_byte,605,xor01_from25,VERIFY_REJECTED
t1-0,proof_byte,606,xor01_from2d,VERIFY_REJECTED
t1-0,proof_byte,607,xor01_fromfc,VERIFY_REJECTED
t1-0,proof_byte,608,xor01_fromc9,VERIFY_REJECTED
t1-0,proof_byte,609,xor01_from54,VERIFY_REJECTED
t1-0,proof_byte,610,xor01_fromf4,VERIFY_REJECTED
t1-0,proof_byte,611,xor01_fromc4,VERIFY_REJECTED
t1-0,proof_byte,612,xor01_from18,VERIFY_REJECTED
t1-0,proof_byte,613,xor01_fromfd,VERIFY_REJECTED
t1-0,proof_byte,614,xor01_from36,VERIFY_REJECTED
t1-0,proof_byte,615,xor01_fromce,VERIFY_REJECTED
t1-0,proof_byte,616,xor01_from50,VERIFY_REJECTED
t1-0,proof_byte,617,xor01_from4c,VERIFY_REJECTED
t1-0,proof_byte,618,xor01_from2f,VERIFY_REJECTED
t1-0,proof_byte,619,xor01_from02,VERIFY_REJECTED
t1-0,proof_byte,620,xor01_from00,DESERIALIZE_REJECTED
t1-0,proof_byte,621,xor01_from13,DESERIALIZE_PANIC
t1-0,proof_byte,622,xor01_from02,DESERIALIZE_PANIC
t1-0,proof_byte,623,xor01_from00,DESERIALIZE_PANIC
t1-0,proof_byte,624,xor01_from00,DESERIALIZE_PANIC
t1-0,proof_byte,625,xor01_from00,DESERIALIZE_PANIC
t1-0,proof_byte,626,xor01_from00,DESERIALIZE_PANIC
t1-0,proof_byte,627,xor01_from00,DESERIALIZE_PANIC
t1-0,proof_byte,628,xor01_from00,DESERIALIZE_PANIC
t1-0,proof_byte,629,xor01_from00,DESERIALIZE_PANIC
t1-0,proof_byte,630,xor01_from01,DESERIALIZE_PANIC
t1-0,proof_byte,631,xor01_from00,DESERIALIZE_PANIC
t1-0,proof_byte,632,xor01_from00,DESERIALIZE_PANIC
t1-0,proof_byte,633,xor01_from00,DESERIALIZE_PANIC
t1-0,proof_byte,634,xor01_from00,DESERIALIZE_PANIC
t1-0,proof_byte,635,xor01_from00,DESERIALIZE_PANIC
t1-0,proof_byte,636,xor01_from00,DESERIALIZE_PANIC
t1-0,proof_byte,637,xor01_from00,DESERIALIZE_PANIC
t1-0,proof_byte,638,xor01_from05,DESERIALIZE_PANIC
t1-0,proof_byte,639,xor01_from22,VERIFY_REJECTED
t1-0,proof_byte,640,xor01_from1a,VERIFY_REJECTED
t1-0,proof_byte,641,xor01_from19,VERIFY_REJECTED
t1-0,proof_byte,642,xor01_frome2,VERIFY_REJECTED
t1-0,proof_byte,643,xor01_from9c,VERIFY_REJECTED
t1-0,proof_byte,644,xor01_from17,VERIFY_REJECTED
t1-0,proof_byte,645,xor01_fromcd,VERIFY_REJECTED
t1-0,proof_byte,646,xor01_from7f,VERIFY_REJECTED
t1-0,proof_byte,647,xor01_from98,VERIFY_REJECTED
t1-0,proof_byte,648,xor01_from5b,VERIFY_REJECTED
t1-0,proof_byte,649,xor01_from64,VERIFY_REJECTED
t1-0,proof_byte,650,xor01_from2e,VERIFY_REJECTED
t1-0,proof_byte,651,xor01_from00,VERIFY_REJECTED
t1-0,proof_byte,652,xor01_fromc7,VERIFY_REJECTED
t1-0,proof_byte,653,xor01_from3a,VERIFY_REJECTED
t1-0,proof_byte,654,xor01_froma3,VERIFY_REJECTED
t1-0,proof_byte,655,xor01_from95,VERIFY_REJECTED
t1-0,proof_byte,656,xor01_from2b,VERIFY_REJECTED
t1-0,proof_byte,657,xor01_from96,VERIFY_REJECTED
t1-0,proof_byte,658,xor01_from27,VERIFY_REJECTED
t1-0,proof_byte,659,xor01_from56,VERIFY_REJECTED
t1-0,proof_byte,660,xor01_from7a,VERIFY_REJECTED
t1-0,proof_byte,661,xor01_from4f,VERIFY_REJECTED
t1-0,proof_byte,662,xor01_from19,VERIFY_REJECTED
t1-0,proof_byte,663,xor01_fromc3,VERIFY_REJECTED
t1-0,proof_byte,664,xor01_from3e,VERIFY_REJECTED
t1-0,proof_byte,665,xor01_from1e,VERIFY_REJECTED
t1-0,proof_byte,666,xor01_from68,VERIFY_REJECTED
t1-0,proof_byte,667,xor01_from83,VERIFY_REJECTED
t1-0,proof_byte,668,xor01_fromec,VERIFY_REJECTED
t1-0,proof_byte,669,xor01_from02,VERIFY_REJECTED
t1-0,proof_byte,670,xor01_from26,VERIFY_REJECTED
t1-0,proof_byte,671,xor01_from00,DESERIALIZE_REJECTED
t1-0,proof_byte,672,xor01_from13,DESERIALIZE_PANIC
t1-0,proof_byte,673,xor01_from02,DESERIALIZE_PANIC
t1-0,proof_byte,674,xor01_from00,DESERIALIZE_PANIC
t1-0,proof_byte,675,xor01_from00,DESERIALIZE_PANIC
t1-0,proof_byte,676,xor01_from00,DESERIALIZE_PANIC
t1-0,proof_byte,677,xor01_from00,DESERIALIZE_PANIC
t1-0,proof_byte,678,xor01_from00,DESERIALIZE_PANIC
t1-0,proof_byte,679,xor01_from00,DESERIALIZE_PANIC
t1-0,proof_byte,680,xor01_from00,DESERIALIZE_PANIC
t1-0,proof_byte,681,xor01_from01,DESERIALIZE_PANIC
t1-0,proof_byte,682,xor01_from00,DESERIALIZE_PANIC
t1-0,proof_byte,683,xor01_from00,DESERIALIZE_PANIC
t1-0,proof_byte,684,xor01_from00,DESERIALIZE_PANIC
t1-0,proof_byte,685,xor01_from00,DESERIALIZE_PANIC
t1-0,proof_byte,686,xor01_from00,DESERIALIZE_PANIC
t1-0,proof_byte,687,xor01_from00,DESERIALIZE_PANIC
t1-0,proof_byte,688,xor01_from00,DESERIALIZE_PANIC
t1-0,proof_byte,689,xor01_from06,DESERIALIZE_REJECTED
t1-0,proof_byte,690,xor01_from7c,VERIFY_REJECTED
t1-0,proof_byte,691,xor01_from7e,VERIFY_REJECTED
t1-0,proof_byte,692,xor01_frome4,VERIFY_REJECTED
t1-0,proof_byte,693,xor01_frome1,VERIFY_REJECTED
t1-0,proof_byte,694,xor01_fromdc,VERIFY_REJECTED
t1-0,proof_byte,695,xor01_from7f,VERIFY_REJECTED
t1-0,proof_byte,696,xor01_from40,VERIFY_REJECTED
t1-0,proof_byte,697,xor01_fromdc,VERIFY_REJECTED
t1-0,proof_byte,698,xor01_fromef,VERIFY_REJECTED
t1-0,proof_byte,699,xor01_frombc,VERIFY_REJECTED
t1-0,proof_byte,700,xor01_fromcd,VERIFY_REJECTED
t1-0,proof_byte,701,xor01_from81,VERIFY_REJECTED
t1-0,proof_byte,702,xor01_frome5,VERIFY_REJECTED
t1-0,proof_byte,703,xor01_from28,VERIFY_REJECTED
t1-0,proof_byte,704,xor01_from98,VERIFY_REJECTED
t1-0,proof_byte,705,xor01_from8c,VERIFY_REJECTED
t1-0,proof_byte,706,xor01_from04,VERIFY_REJECTED
t1-0,proof_byte,707,xor01_from6b,VERIFY_REJECTED
t1-0,proof_byte,708,xor01_fromc9,VERIFY_REJECTED
t1-0,proof_byte,709,xor01_from44,VERIFY_REJECTED
t1-0,proof_byte,710,xor01_from3d,VERIFY_REJECTED
t1-0,proof_byte,711,xor01_frombc,VERIFY_REJECTED
t1-0,proof_byte,712,xor01_from96,VERIFY_REJECTED
t1-0,proof_byte,713,xor01_frome9,VERIFY_REJECTED
t1-0,proof_byte,714,xor01_from45,VERIFY_REJECTED
t1-0,proof_byte,715,xor01_from0d,VERIFY_REJECTED
t1-0,proof_byte,716,xor01_from41,VERIFY_REJECTED
t1-0,proof_byte,717,xor01_from33,VERIFY_REJECTED
t1-0,proof_byte,718,xor01_froma7,VERIFY_REJECTED
t1-0,proof_byte,719,xor01_fromf0,VERIFY_REJECTED
t1-0,proof_byte,720,xor01_from51,VERIFY_REJECTED
t1-0,proof_byte,721,xor01_from1a,VERIFY_REJECTED
t1-0,proof_byte,722,xor01_from00,DESERIALIZE_REJECTED
t1-0,proof_byte,723,xor01_from13,VERIFY_ACCEPTED
t1-0,proof_byte,724,xor01_from02,VERIFY_ACCEPTED
t1-0,proof_byte,725,xor01_from00,VERIFY_ACCEPTED
t1-0,proof_byte,726,xor01_from00,VERIFY_ACCEPTED
t1-0,proof_byte,727,xor01_from00,VERIFY_ACCEPTED
t1-0,proof_byte,728,xor01_from00,VERIFY_ACCEPTED
t1-0,proof_byte,729,xor01_from00,VERIFY_ACCEPTED
t1-0,proof_byte,730,xor01_from00,VERIFY_ACCEPTED
t1-0,proof_byte,731,xor01_from00,VERIFY_ACCEPTED
t1-0,proof_byte,732,xor01_from01,VERIFY_ACCEPTED
t1-0,proof_byte,733,xor01_from00,VERIFY_ACCEPTED
t1-0,proof_byte,734,xor01_from00,VERIFY_ACCEPTED
t1-0,proof_byte,735,xor01_from00,VERIFY_ACCEPTED
t1-0,proof_byte,736,xor01_from00,VERIFY_ACCEPTED
t1-0,proof_byte,737,xor01_from00,VERIFY_ACCEPTED
t1-0,proof_byte,738,xor01_from00,VERIFY_ACCEPTED
t1-0,proof_byte,739,xor01_from00,VERIFY_ACCEPTED
t1-0,proof_byte,740,xor01_from08,VERIFY_ACCEPTED
t1-0,proof_byte,741,xor01_fromf3,VERIFY_ACCEPTED
t1-0,proof_byte,742,xor01_from78,VERIFY_ACCEPTED
t1-0,proof_byte,743,xor01_from26,VERIFY_ACCEPTED
t1-0,proof_byte,744,xor01_from59,VERIFY_ACCEPTED
t1-0,proof_byte,745,xor01_from51,VERIFY_ACCEPTED
t1-0,proof_byte,746,xor01_from4a,VERIFY_ACCEPTED
t1-0,proof_byte,747,xor01_fromfa,VERIFY_ACCEPTED
t1-0,proof_byte,748,xor01_fromd3,VERIFY_ACCEPTED
t1-0,proof_byte,749,xor01_frome1,VERIFY_ACCEPTED
t1-0,proof_byte,750,xor01_from0f,VERIFY_ACCEPTED
t1-0,proof_byte,751,xor01_from12,VERIFY_ACCEPTED
t1-0,proof_byte,752,xor01_from01,VERIFY_ACCEPTED
t1-0,proof_byte,753,xor01_from6d,VERIFY_ACCEPTED
t1-0,proof_byte,754,xor01_from5d,VERIFY_ACCEPTED
t1-0,proof_byte,755,xor01_from3b,VERIFY_ACCEPTED
t1-0,proof_byte,756,xor01_from44,VERIFY_ACCEPTED
t1-0,proof_byte,757,xor01_from7a,VERIFY_ACCEPTED
t1-0,proof_byte,758,xor01_froma1,VERIFY_ACCEPTED
t1-0,proof_byte,759,xor01_fromdf,VERIFY_ACCEPTED
t1-0,proof_byte,760,xor01_from28,VERIFY_ACCEPTED
t1-0,proof_byte,761,xor01_fromfc,VERIFY_ACCEPTED
t1-0,proof_byte,762,xor01_fromce,VERIFY_ACCEPTED
t1-0,proof_byte,763,xor01_from7a,VERIFY_ACCEPTED
t1-0,proof_byte,764,xor01_from5e,VERIFY_ACCEPTED
t1-0,proof_byte,765,xor01_from71,VERIFY_ACCEPTED
t1-0,proof_byte,766,xor01_from5e,VERIFY_ACCEPTED
t1-0,proof_byte,767,xor01_frombd,VERIFY_ACCEPTED
t1-0,proof_byte,768,xor01_from1f,VERIFY_ACCEPTED
t1-0,proof_byte,769,xor01_from47,VERIFY_ACCEPTED
t1-0,proof_byte,770,xor01_from4d,VERIFY_ACCEPTED
t1-0,proof_byte,771,xor01_from8b,VERIFY_ACCEPTED
t1-0,proof_byte,772,xor01_from00,VERIFY_ACCEPTED
t1-0,proof_byte,773,xor01_from00,DESERIALIZE_REJECTED
t1-0,proof_byte,774,xor01_from13,DESERIALIZE_PANIC
t1-0,proof_byte,775,xor01_from02,DESERIALIZE_PANIC
t1-0,proof_byte,776,xor01_from00,DESERIALIZE_PANIC
t1-0,proof_byte,777,xor01_from00,DESERIALIZE_PANIC
t1-0,proof_byte,778,xor01_from00,DESERIALIZE_PANIC
t1-0,proof_byte,779,xor01_from00,DESERIALIZE_PANIC
t1-0,proof_byte,780,xor01_from00,DESERIALIZE_PANIC
t1-0,proof_byte,781,xor01_from00,DESERIALIZE_PANIC
t1-0,proof_byte,782,xor01_from00,DESERIALIZE_PANIC
t1-0,proof_byte,783,xor01_from02,DESERIALIZE_PANIC
t1-0,proof_byte,784,xor01_from00,DESERIALIZE_PANIC
t1-0,proof_byte,785,xor01_from00,DESERIALIZE_PANIC
t1-0,proof_byte,786,xor01_from00,DESERIALIZE_PANIC
t1-0,proof_byte,787,xor01_from00,DESERIALIZE_PANIC
t1-0,proof_byte,788,xor01_from00,DESERIALIZE_PANIC
t1-0,proof_byte,789,xor01_from00,DESERIALIZE_PANIC
t1-0,proof_byte,790,xor01_from00,DESERIALIZE_PANIC
t1-0,proof_byte,791,xor01_from02,DESERIALIZE_PANIC
t1-0,proof_byte,792,xor01_from55,VERIFY_REJECTED
t1-0,proof_byte,793,xor01_from36,VERIFY_REJECTED
t1-0,proof_byte,794,xor01_from7f,VERIFY_REJECTED
t1-0,proof_byte,795,xor01_frome6,VERIFY_REJECTED
t1-0,proof_byte,796,xor01_from6b,VERIFY_REJECTED
t1-0,proof_byte,797,xor01_fromcf,VERIFY_REJECTED
t1-0,proof_byte,798,xor01_from51,VERIFY_REJECTED
t1-0,proof_byte,799,xor01_from54,VERIFY_REJECTED
t1-0,proof_byte,800,xor01_froma2,VERIFY_REJECTED
t1-0,proof_byte,801,xor01_from17,VERIFY_REJECTED
t1-0,proof_byte,802,xor01_frome0,VERIFY_REJECTED
t1-0,proof_byte,803,xor01_fromeb,VERIFY_REJECTED
t1-0,proof_byte,804,xor01_fromdf,VERIFY_REJECTED
t1-0,proof_byte,805,xor01_fromdb,VERIFY_REJECTED
t1-0,proof_byte,806,xor01_from23,VERIFY_REJECTED
t1-0,proof_byte,807,xor01_from40,VERIFY_REJECTED
t1-0,proof_byte,808,xor01_fromeb,VERIFY_REJECTED
t1-0,proof_byte,809,xor01_from09,VERIFY_REJECTED
t1-0,proof_byte,810,xor01_fromc7,VERIFY_REJECTED
t1-0,proof_byte,811,xor01_fromb4,VERIFY_REJECTED
t1-0,proof_byte,812,xor01_fromec,VERIFY_REJECTED
t1-0,proof_byte,813,xor01_from04,VERIFY_REJECTED
t1-0,proof_byte,814,xor01_from9f,VERIFY_REJECTED
t1-0,proof_byte,815,xor01_fromb6,VERIFY_REJECTED
t1-0,proof_byte,816,xor01_froma7,VERIFY_REJECTED
t1-0,proof_byte,817,xor01_frome9,VERIFY_REJECTED
t1-0,proof_byte,818,xor01_from81,VERIFY_REJECTED
t1-0,proof_byte,819,xor01_from4e,VERIFY_REJECTED
t1-0,proof_byte,820,xor01_from3c,VERIFY_REJECTED
t1-0,proof_byte,821,xor01_from30,VERIFY_REJECTED
t1-0,proof_byte,822,xor01_fromb3,VERIFY_REJECTED
t1-0,proof_byte,823,xor01_from2e,VERIFY_REJECTED
t1-0,proof_byte,824,xor01_from00,DESERIALIZE_REJECTED
t1-0,proof_byte,825,xor01_from13,DESERIALIZE_PANIC
t1-0,proof_byte,826,xor01_from02,DESERIALIZE_PANIC
t1-0,proof_byte,827,xor01_from00,DESERIALIZE_PANIC
t1-0,proof_byte,828,xor01_from00,DESERIALIZE_PANIC
t1-0,proof_byte,829,xor01_from00,DESERIALIZE_PANIC
t1-0,proof_byte,830,xor01_from00,DESERIALIZE_PANIC
t1-0,proof_byte,831,xor01_from00,DESERIALIZE_PANIC
t1-0,proof_byte,832,xor01_from00,DESERIALIZE_PANIC
t1-0,proof_byte,833,xor01_from00,DESERIALIZE_PANIC
t1-0,proof_byte,834,xor01_from02,DESERIALIZE_PANIC
t1-0,proof_byte,835,xor01_from00,DESERIALIZE_PANIC
t1-0,proof_byte,836,xor01_from00,DESERIALIZE_PANIC
t1-0,proof_byte,837,xor01_from00,DESERIALIZE_PANIC
t1-0,proof_byte,838,xor01_from00,DESERIALIZE_PANIC
t1-0,proof_byte,839,xor01_from00,DESERIALIZE_PANIC
t1-0,proof_byte,840,xor01_from00,DESERIALIZE_PANIC
t1-0,proof_byte,841,xor01_from00,DESERIALIZE_PANIC
t1-0,proof_byte,842,xor01_from05,DESERIALIZE_PANIC
t1-0,proof_byte,843,xor01_from22,VERIFY_REJECTED
t1-0,proof_byte,844,xor01_from1a,VERIFY_REJECTED
t1-0,proof_byte,845,xor01_from19,VERIFY_REJECTED
t1-0,proof_byte,846,xor01_frome2,VERIFY_REJECTED
t1-0,proof_byte,847,xor01_from9c,VERIFY_REJECTED
t1-0,proof_byte,848,xor01_from17,VERIFY_REJECTED
t1-0,proof_byte,849,xor01_fromcd,VERIFY_REJECTED
t1-0,proof_byte,850,xor01_from7f,VERIFY_REJECTED
t1-0,proof_byte,851,xor01_from98,VERIFY_REJECTED
t1-0,proof_byte,852,xor01_from5b,VERIFY_REJECTED
t1-0,proof_byte,853,xor01_from64,VERIFY_REJECTED
t1-0,proof_byte,854,xor01_from2e,VERIFY_REJECTED
t1-0,proof_byte,855,xor01_from00,VERIFY_REJECTED
t1-0,proof_byte,856,xor01_fromc7,VERIFY_REJECTED
t1-0,proof_byte,857,xor01_from3a,VERIFY_REJECTED
t1-0,proof_byte,858,xor01_froma3,VERIFY_REJECTED
t1-0,proof_byte,859,xor01_from95,VERIFY_REJECTED
t1-0,proof_byte,860,xor01_from2b,VERIFY_REJECTED
t1-0,proof_byte,861,xor01_from96,VERIFY_REJECTED
t1-0,proof_byte,862,xor01_from27,VERIFY_REJECTED
t1-0,proof_byte,863,xor01_from56,VERIFY_REJECTED
t1-0,proof_byte,864,xor01_from7a,VERIFY_REJECTED
t1-0,proof_byte,865,xor01_from4f,VERIFY_REJECTED
t1-0,proof_byte,866,xor01_from19,VERIFY_REJECTED
t1-0,proof_byte,867,xor01_fromc3,VERIFY_REJECTED
t1-0,proof_byte,868,xor01_from3e,VERIFY_REJECTED
t1-0,proof_byte,869,xor01_from1e,VERIFY_REJECTED
t1-0,proof_byte,870,xor01_from68,VERIFY_REJECTED
t1-0,proof_byte,871,xor01_from83,VERIFY_REJECTED
t1-0,proof_byte,872,xor01_fromec,VERIFY_REJECTED
t1-0,proof_byte,873,xor01_from02,VERIFY_REJECTED
t1-0,proof_byte,874,xor01_from26,VERIFY_REJECTED
t1-0,proof_byte,875,xor01_from00,DESERIALIZE_REJECTED
t1-0,proof_byte,876,xor01_from13,DESERIALIZE_PANIC
t1-0,proof_byte,877,xor01_from02,DESERIALIZE_PANIC
t1-0,proof_byte,878,xor01_from00,DESERIALIZE_PANIC
t1-0,proof_byte,879,xor01_from00,DESERIALIZE_PANIC
t1-0,proof_byte,880,xor01_from00,DESERIALIZE_PANIC
t1-0,proof_byte,881,xor01_from00,DESERIALIZE_PANIC
t1-0,proof_byte,882,xor01_from00,DESERIALIZE_PANIC
t1-0,proof_byte,883,xor01_from00,DESERIALIZE_PANIC
t1-0,proof_byte,884,xor01_from00,DESERIALIZE_PANIC
t1-0,proof_byte,885,xor01_from02,DESERIALIZE_PANIC
t1-0,proof_byte,886,xor01_from00,DESERIALIZE_PANIC
t1-0,proof_byte,887,xor01_from00,DESERIALIZE_PANIC
t1-0,proof_byte,888,xor01_from00,DESERIALIZE_PANIC
t1-0,proof_byte,889,xor01_from00,DESERIALIZE_PANIC
t1-0,proof_byte,890,xor01_from00,DESERIALIZE_PANIC
t1-0,proof_byte,891,xor01_from00,DESERIALIZE_PANIC
t1-0,proof_byte,892,xor01_from00,DESERIALIZE_PANIC
t1-0,proof_byte,893,xor01_from06,DESERIALIZE_REJECTED
t1-0,proof_byte,894,xor01_from7c,VERIFY_REJECTED
t1-0,proof_byte,895,xor01_from7e,VERIFY_REJECTED
t1-0,proof_byte,896,xor01_frome4,VERIFY_REJECTED
t1-0,proof_byte,897,xor01_frome1,VERIFY_REJECTED
t1-0,proof_byte,898,xor01_fromdc,VERIFY_REJECTED
t1-0,proof_byte,899,xor01_from7f,VERIFY_REJECTED
t1-0,proof_byte,900,xor01_from40,VERIFY_REJECTED
t1-0,proof_byte,901,xor01_fromdc,VERIFY_REJECTED
t1-0,proof_byte,902,xor01_fromef,VERIFY_REJECTED
t1-0,proof_byte,903,xor01_frombc,VERIFY_REJECTED
t1-0,proof_byte,904,xor01_fromcd,VERIFY_REJECTED
t1-0,proof_byte,905,xor01_from81,VERIFY_REJECTED
t1-0,proof_byte,906,xor01_frome5,VERIFY_REJECTED
t1-0,proof_byte,907,xor01_from28,VERIFY_REJECTED
t1-0,proof_byte,908,xor01_from98,VERIFY_REJECTED
t1-0,proof_byte,909,xor01_from8c,VERIFY_REJECTED
t1-0,proof_byte,910,xor01_from04,VERIFY_REJECTED
t1-0,proof_byte,911,xor01_from6b,VERIFY_REJECTED
t1-0,proof_byte,912,xor01_fromc9,VERIFY_REJECTED
t1-0,proof_byte,913,xor01_from44,VERIFY_REJECTED
t1-0,proof_byte,914,xor01_from3d,VERIFY_REJECTED
t1-0,proof_byte,915,xor01_frombc,VERIFY_REJECTED
t1-0,proof_byte,916,xor01_from96,VERIFY_REJECTED
t1-0,proof_byte,917,xor01_frome9,VERIFY_REJECTED
t1-0,proof_byte,918,xor01_from45,VERIFY_REJECTED
t1-0,proof_byte,919,xor01_from0d,VERIFY_REJECTED
t1-0,proof_byte,920,xor01_from41,VERIFY_REJECTED
t1-0,proof_byte,921,xor01_from33,VERIFY_REJECTED
t1-0,proof_byte,922,xor01_froma7,VERIFY_REJECTED
t1-0,proof_byte,923,xor01_fromf0,VERIFY_REJECTED
t1-0,proof_byte,924,xor01_from51,VERIFY_REJECTED
t1-0,proof_byte,925,xor01_from1a,VERIFY_REJECTED
t1-0,proof_byte,926,xor01_from00,DESERIALIZE_REJECTED
t1-0,proof_byte,927,xor01_from13,VERIFY_ACCEPTED
t1-0,proof_byte,928,xor01_from02,VERIFY_ACCEPTED
t1-0,proof_byte,929,xor01_from00,VERIFY_ACCEPTED
t1-0,proof_byte,930,xor01_from00,VERIFY_ACCEPTED
t1-0,proof_byte,931,xor01_from00,VERIFY_ACCEPTED
t1-0,proof_byte,932,xor01_from00,VERIFY_ACCEPTED
t1-0,proof_byte,933,xor01_from00,VERIFY_ACCEPTED
t1-0,proof_byte,934,xor01_from00,VERIFY_ACCEPTED
t1-0,proof_byte,935,xor01_from00,VERIFY_ACCEPTED
t1-0,proof_byte,936,xor01_from02,VERIFY_ACCEPTED
t1-0,proof_byte,937,xor01_from00,VERIFY_ACCEPTED
t1-0,proof_byte,938,xor01_from00,VERIFY_ACCEPTED
t1-0,proof_byte,939,xor01_from00,VERIFY_ACCEPTED
t1-0,proof_byte,940,xor01_from00,VERIFY_ACCEPTED
t1-0,proof_byte,941,xor01_from00,VERIFY_ACCEPTED
t1-0,proof_byte,942,xor01_from00,VERIFY_ACCEPTED
t1-0,proof_byte,943,xor01_from00,VERIFY_ACCEPTED
t1-0,proof_byte,944,xor01_from08,VERIFY_ACCEPTED
t1-0,proof_byte,945,xor01_fromf3,VERIFY_ACCEPTED
t1-0,proof_byte,946,xor01_from78,VERIFY_ACCEPTED
t1-0,proof_byte,947,xor01_from26,VERIFY_ACCEPTED
t1-0,proof_byte,948,xor01_from59,VERIFY_ACCEPTED
t1-0,proof_byte,949,xor01_from51,VERIFY_ACCEPTED
t1-0,proof_byte,950,xor01_from4a,VERIFY_ACCEPTED
t1-0,proof_byte,951,xor01_fromfa,VERIFY_ACCEPTED
t1-0,proof_byte,952,xor01_fromd3,VERIFY_ACCEPTED
t1-0,proof_byte,953,xor01_frome1,VERIFY_ACCEPTED
t1-0,proof_byte,954,xor01_from0f,VERIFY_ACCEPTED
t1-0,proof_byte,955,xor01_from12,VERIFY_ACCEPTED
t1-0,proof_byte,956,xor01_from01,VERIFY_ACCEPTED
t1-0,proof_byte,957,xor01_from6d,VERIFY_ACCEPTED
t1-0,proof_byte,958,xor01_from5d,VERIFY_ACCEPTED
t1-0,proof_byte,959,xor01_from3b,VERIFY_ACCEPTED
t1-0,proof_byte,960,xor01_from44,VERIFY_ACCEPTED
t1-0,proof_byte,961,xor01_from7a,VERIFY_ACCEPTED
t1-0,proof_byte,962,xor01_froma1,VERIFY_ACCEPTED
t1-0,proof_byte,963,xor01_fromdf,VERIFY_ACCEPTED
t1-0,proof_byte,964,xor01_from28,VERIFY_ACCEPTED
t1-0,proof_byte,965,xor01_fromfc,VERIFY_ACCEPTED
t1-0,proof_byte,966,xor01_fromce,VERIFY_ACCEPTED
t1-0,proof_byte,967,xor01_from7a,VERIFY_ACCEPTED
t1-0,proof_byte,968,xor01_from5e,VERIFY_ACCEPTED
t1-0,proof_byte,969,xor01_from71,VERIFY_ACCEPTED
t1-0,proof_byte,970,xor01_from5e,VERIFY_ACCEPTED
t1-0,proof_byte,971,xor01_frombd,VERIFY_ACCEPTED
t1-0,proof_byte,972,xor01_from1f,VERIFY_ACCEPTED
t1-0,proof_byte,973,xor01_from47,VERIFY_ACCEPTED
t1-0,proof_byte,974,xor01_from4d,VERIFY_ACCEPTED
t1-0,proof_byte,975,xor01_from8b,VERIFY_ACCEPTED
t1-0,proof_byte,976,xor01_from00,VERIFY_ACCEPTED
t1-0,proof_byte,977,xor01_from00,DESERIALIZE_REJECTED
t1-0,proof_byte,978,xor01_from13,DESERIALIZE_PANIC
t1-0,proof_byte,979,xor01_from02,DESERIALIZE_PANIC
t1-0,proof_byte,980,xor01_from00,DESERIALIZE_PANIC
t1-0,proof_byte,981,xor01_from00,DESERIALIZE_PANIC
t1-0,proof_byte,982,xor01_from00,DESERIALIZE_PANIC
t1-0,proof_byte,983,xor01_from00,DESERIALIZE_PANIC
t1-0,proof_byte,984,xor01_from00,DESERIALIZE_PANIC
t1-0,proof_byte,985,xor01_from00,DESERIALIZE_PANIC
t1-0,proof_byte,986,xor01_from00,DESERIALIZE_PANIC
t1-0,proof_byte,987,xor01_from03,DESERIALIZE_PANIC
t1-0,proof_byte,988,xor01_from00,DESERIALIZE_PANIC
t1-0,proof_byte,989,xor01_from00,DESERIALIZE_PANIC
t1-0,proof_byte,990,xor01_from00,DESERIALIZE_PANIC
t1-0,proof_byte,991,xor01_from00,DESERIALIZE_PANIC
t1-0,proof_byte,992,xor01_from00,DESERIALIZE_PANIC
t1-0,proof_byte,993,xor01_from00,DESERIALIZE_PANIC
t1-0,proof_byte,994,xor01_from00,DESERIALIZE_PANIC
t1-0,proof_byte,995,xor01_from02,DESERIALIZE_PANIC
t1-0,proof_byte,996,xor01_fromd2,VERIFY_REJECTED
t1-0,proof_byte,997,xor01_from10,VERIFY_REJECTED
t1-0,proof_byte,998,xor01_from10,VERIFY_REJECTED
t1-0,proof_byte,999,xor01_fromfa,VERIFY_REJECTED
t1-0,proof_byte,1000,xor01_froma7,VERIFY_REJECTED
t1-0,proof_byte,1001,xor01_from61,VERIFY_REJECTED
t1-0,proof_byte,1002,xor01_fromd2,VERIFY_REJECTED
t1-0,proof_byte,1003,xor01_fromc1,VERIFY_REJECTED
t1-0,proof_byte,1004,xor01_fromdb,VERIFY_REJECTED
t1-0,proof_byte,1005,xor01_fromb5,VERIFY_REJECTED
t1-0,proof_byte,1006,xor01_from50,VERIFY_REJECTED
t1-0,proof_byte,1007,xor01_from25,VERIFY_REJECTED
t1-0,proof_byte,1008,xor01_from15,VERIFY_REJECTED
t1-0,proof_byte,1009,xor01_fromff,VERIFY_REJECTED
t1-0,proof_byte,1010,xor01_from7a,VERIFY_REJECTED
t1-0,proof_byte,1011,xor01_froma0,VERIFY_REJECTED
t1-0,proof_byte,1012,xor01_fromca,VERIFY_REJECTED
t1-0,proof_byte,1013,xor01_from46,VERIFY_REJECTED
t1-0,proof_byte,1014,xor01_from4d,VERIFY_REJECTED
t1-0,proof_byte,1015,xor01_from30,VERIFY_REJECTED
t1-0,proof_byte,1016,xor01_from33,VERIFY_REJECTED
t1-0,proof_byte,1017,xor01_frombd,VERIFY_REJECTED
t1-0,proof_byte,1018,xor01_fromc9,VERIFY_REJECTED
t1-0,proof_byte,1019,xor01_from46,VERIFY_REJECTED
t1-0,proof_byte,1020,xor01_from6b,VERIFY_REJECTED
t1-0,proof_byte,1021,xor01_from24,VERIFY_REJECTED
t1-0,proof_byte,1022,xor01_from9d,VERIFY_REJECTED
t1-0,proof_byte,1023,xor01_from09,VERIFY_REJECTED
t1-0,proof_byte,1024,xor01_from19,VERIFY_REJECTED
t1-0,proof_byte,1025,xor01_from51,VERIFY_REJECTED
t1-0,proof_byte,1026,xor01_from1d,VERIFY_REJECTED
t1-0,proof_byte,1027,xor01_from0a,VERIFY_REJECTED
t1-0,proof_byte,1028,xor01_from00,DESERIALIZE_REJECTED
t1-0,proof_byte,1029,xor01_from13,DESERIALIZE_PANIC
t1-0,proof_byte,1030,xor01_from02,DESERIALIZE_PANIC
t1-0,proof_byte,1031,xor01_from00,DESERIALIZE_PANIC
t1-0,proof_byte,1032,xor01_from00,DESERIALIZE_PANIC
t1-0,proof_byte,1033,xor01_from00,DESERIALIZE_PANIC
t1-0,proof_byte,1034,xor01_from00,DESERIALIZE_PANIC
t1-0,proof_byte,1035,xor01_from00,DESERIALIZE_PANIC
t1-0,proof_byte,1036,xor01_from00,DESERIALIZE_PANIC
t1-0,proof_byte,1037,xor01_from00,DESERIALIZE_PANIC
t1-0,proof_byte,1038,xor01_from03,DESERIALIZE_PANIC
t1-0,proof_byte,1039,xor01_from00,DESERIALIZE_PANIC
t1-0,proof_byte,1040,xor01_from00,DESERIALIZE_PANIC
t1-0,proof_byte,1041,xor01_from00,DESERIALIZE_PANIC
t1-0,proof_byte,1042,xor01_from00,DESERIALIZE_PANIC
t1-0,proof_byte,1043,xor01_from00,DESERIALIZE_PANIC
t1-0,proof_byte,1044,xor01_from00,DESERIALIZE_PANIC
t1-0,proof_byte,1045,xor01_from00,DESERIALIZE_PANIC
t1-0,proof_byte,1046,xor01_from05,DESERIALIZE_PANIC
t1-0,proof_byte,1047,xor01_from22,VERIFY_REJECTED
t1-0,proof_byte,1048,xor01_from1a,VERIFY_REJECTED
t1-0,proof_byte,1049,xor01_from19,VERIFY_REJECTED
t1-0,proof_byte,1050,xor01_frome2,VERIFY_REJECTED
t1-0,proof_byte,1051,xor01_from9c,VERIFY_REJECTED
t1-0,proof_byte,1052,xor01_from17,VERIFY_REJECTED
t1-0,proof_byte,1053,xor01_fromcd,VERIFY_REJECTED
t1-0,proof_byte,1054,xor01_from7f,VERIFY_REJECTED
t1-0,proof_byte,1055,xor01_from98,VERIFY_REJECTED
t1-0,proof_byte,1056,xor01_from5b,VERIFY_REJECTED
t1-0,proof_byte,1057,xor01_from64,VERIFY_REJECTED
t1-0,proof_byte,1058,xor01_from2e,VERIFY_REJECTED
t1-0,proof_byte,1059,xor01_from00,VERIFY_REJECTED
t1-0,proof_byte,1060,xor01_fromc7,VERIFY_REJECTED
t1-0,proof_byte,1061,xor01_from3a,VERIFY_REJECTED
t1-0,proof_byte,1062,xor01_froma3,VERIFY_REJECTED
t1-0,proof_byte,1063,xor01_from95,VERIFY_REJECTED
t1-0,proof_byte,1064,xor01_from2b,VERIFY_REJECTED
t1-0,proof_byte,1065,xor01_from96,VERIFY_REJECTED
t1-0,proof_byte,1066,xor01_from27,VERIFY_REJECTED
t1-0,proof_byte,1067,xor01_from56,VERIFY_REJECTED
t1-0,proof_byte,1068,xor01_from7a,VERIFY_REJECTED
t1-0,proof_byte,1069,xor01_from4f,VERIFY_REJECTED
t1-0,proof_byte,1070,xor01_from19,VERIFY_REJECTED
t1-0,proof_byte,1071,xor01_fromc3,VERIFY_REJECTED
t1-0,proof_byte,1072,xor01_from3e,VERIFY_REJECTED
t1-0,proof_byte,1073,xor01_from1e,VERIFY_REJECTED
t1-0,proof_byte,1074,xor01_from68,VERIFY_REJECTED
t1-0,proof_byte,1075,xor01_from83,VERIFY_REJECTED
t1-0,proof_byte,1076,xor01_fromec,VERIFY_REJECTED
t1-0,proof_byte,1077,xor01_from02,VERIFY_REJECTED
t1-0,proof_byte,1078,xor01_from26,VERIFY_REJECTED
t1-0,proof_byte,1079,xor01_from00,DESERIALIZE_REJECTED
t1-0,proof_byte,1080,xor01_from13,DESERIALIZE_PANIC
t1-0,proof_byte,1081,xor01_from02,DESERIALIZE_PANIC
t1-0,proof_byte,1082,xor01_from00,DESERIALIZE_PANIC
t1-0,proof_byte,1083,xor01_from00,DESERIALIZE_PANIC
t1-0,proof_byte,1084,xor01_from00,DESERIALIZE_PANIC
t1-0,proof_byte,1085,xor01_from00,DESERIALIZE_PANIC
t1-0,proof_byte,1086,xor01_from00,DESERIALIZE_PANIC
t1-0,proof_byte,1087,xor01_from00,DESERIALIZE_PANIC
t1-0,proof_byte,1088,xor01_from00,DESERIALIZE_PANIC
t1-0,proof_byte,1089,xor01_from03,DESERIALIZE_PANIC
t1-0,proof_byte,1090,xor01_from00,DESERIALIZE_PANIC
t1-0,proof_byte,1091,xor01_from00,DESERIALIZE_PANIC
t1-0,proof_byte,1092,xor01_from00,DESERIALIZE_PANIC
t1-0,proof_byte,1093,xor01_from00,DESERIALIZE_PANIC
t1-0,proof_byte,1094,xor01_from00,DESERIALIZE_PANIC
t1-0,proof_byte,1095,xor01_from00,DESERIALIZE_PANIC
t1-0,proof_byte,1096,xor01_from00,DESERIALIZE_PANIC
t1-0,proof_byte,1097,xor01_from06,DESERIALIZE_REJECTED
t1-0,proof_byte,1098,xor01_from7c,VERIFY_REJECTED
t1-0,proof_byte,1099,xor01_from7e,VERIFY_REJECTED
t1-0,proof_byte,1100,xor01_frome4,VERIFY_REJECTED
t1-0,proof_byte,1101,xor01_frome1,VERIFY_REJECTED
t1-0,proof_byte,1102,xor01_fromdc,VERIFY_REJECTED
t1-0,proof_byte,1103,xor01_from7f,VERIFY_REJECTED
t1-0,proof_byte,1104,xor01_from40,VERIFY_REJECTED
t1-0,proof_byte,1105,xor01_fromdc,VERIFY_REJECTED
t1-0,proof_byte,1106,xor01_fromef,VERIFY_REJECTED
t1-0,proof_byte,1107,xor01_frombc,VERIFY_REJECTED
t1-0,proof_byte,1108,xor01_fromcd,VERIFY_REJECTED
t1-0,proof_byte,1109,xor01_from81,VERIFY_REJECTED
t1-0,proof_byte,1110,xor01_frome5,VERIFY_REJECTED
t1-0,proof_byte,1111,xor01_from28,VERIFY_REJECTED
t1-0,proof_byte,1112,xor01_from98,VERIFY_REJECTED
t1-0,proof_byte,1113,xor01_from8c,VERIFY_REJECTED
t1-0,proof_byte,1114,xor01_from04,VERIFY_REJECTED
t1-0,proof_byte,1115,xor01_from6b,VERIFY_REJECTED
t1-0,proof_byte,1116,xor01_fromc9,VERIFY_REJECTED
t1-0,proof_byte,1117,xor01_from44,VERIFY_REJECTED
t1-0,proof_byte,1118,xor01_from3d,VERIFY_REJECTED
t1-0,proof_byte,1119,xor01_frombc,VERIFY_REJECTED
t1-0,proof_byte,1120,xor01_from96,VERIFY_REJECTED
t1-0,proof_byte,1121,xor01_frome9,VERIFY_REJECTED
t1-0,proof_byte,1122,xor01_from45,VERIFY_REJECTED
t1-0,proof_byte,1123,xor01_from0d,VERIFY_REJECTED
t1-0,proof_byte,1124,xor01_from41,VERIFY_REJECTED
t1-0,proof_byte,1125,xor01_from33,VERIFY_REJECTED
t1-0,proof_byte,1126,xor01_froma7,VERIFY_REJECTED
t1-0,proof_byte,1127,xor01_fromf0,VERIFY_REJECTED
t1-0,proof_byte,1128,xor01_from51,VERIFY_REJECTED
t1-0,proof_byte,1129,xor01_from1a,VERIFY_REJECTED
t1-0,proof_byte,1130,xor01_from00,DESERIALIZE_REJECTED
t1-0,proof_byte,1131,xor01_from13,VERIFY_ACCEPTED
t1-0,proof_byte,1132,xor01_from02,VERIFY_ACCEPTED
t1-0,proof_byte,1133,xor01_from00,VERIFY_ACCEPTED
t1-0,proof_byte,1134,xor01_from00,VERIFY_ACCEPTED
t1-0,proof_byte,1135,xor01_from00,VERIFY_ACCEPTED
t1-0,proof_byte,1136,xor01_from00,VERIFY_ACCEPTED
t1-0,proof_byte,1137,xor01_from00,VERIFY_ACCEPTED
t1-0,proof_byte,1138,xor01_from00,VERIFY_ACCEPTED
t1-0,proof_byte,1139,xor01_from00,VERIFY_ACCEPTED
t1-0,proof_byte,1140,xor01_from03,VERIFY_ACCEPTED
t1-0,proof_byte,1141,xor01_from00,VERIFY_ACCEPTED
t1-0,proof_byte,1142,xor01_from00,VERIFY_ACCEPTED
t1-0,proof_byte,1143,xor01_from00,VERIFY_ACCEPTED
t1-0,proof_byte,1144,xor01_from00,VERIFY_ACCEPTED
t1-0,proof_byte,1145,xor01_from00,VERIFY_ACCEPTED
t1-0,proof_byte,1146,xor01_from00,VERIFY_ACCEPTED
t1-0,proof_byte,1147,xor01_from00,VERIFY_ACCEPTED
t1-0,proof_byte,1148,xor01_from08,VERIFY_ACCEPTED
t1-0,proof_byte,1149,xor01_fromf3,VERIFY_ACCEPTED
t1-0,proof_byte,1150,xor01_from78,VERIFY_ACCEPTED
t1-0,proof_byte,1151,xor01_from26,VERIFY_ACCEPTED
t1-0,proof_byte,1152,xor01_from59,VERIFY_ACCEPTED
t1-0,proof_byte,1153,xor01_from51,VERIFY_ACCEPTED
t1-0,proof_byte,1154,xor01_from4a,VERIFY_ACCEPTED
t1-0,proof_byte,1155,xor01_fromfa,VERIFY_ACCEPTED
t1-0,proof_byte,1156,xor01_fromd3,VERIFY_ACCEPTED
t1-0,proof_byte,1157,xor01_frome1,VERIFY_ACCEPTED
t1-0,proof_byte,1158,xor01_from0f,VERIFY_ACCEPTED
t1-0,proof_byte,1159,xor01_from12,VERIFY_ACCEPTED
t1-0,proof_byte,1160,xor01_from01,VERIFY_ACCEPTED
t1-0,proof_byte,1161,xor01_from6d,VERIFY_ACCEPTED
t1-0,proof_byte,1162,xor01_from5d,VERIFY_ACCEPTED
t1-0,proof_byte,1163,xor01_from3b,VERIFY_ACCEPTED
t1-0,proof_byte,1164,xor01_from44,VERIFY_ACCEPTED
t1-0,proof_byte,1165,xor01_from7a,VERIFY_ACCEPTED
t1-0,proof_byte,1166,xor01_froma1,VERIFY_ACCEPTED
t1-0,proof_byte,1167,xor01_fromdf,VERIFY_ACCEPTED
t1-0,proof_byte,1168,xor01_from28,VERIFY_ACCEPTED
t1-0,proof_byte,1169,xor01_fromfc,VERIFY_ACCEPTED
t1-0,proof_byte,1170,xor01_fromce,VERIFY_ACCEPTED
t1-0,proof_byte,1171,xor01_from7a,VERIFY_ACCEPTED
t1-0,proof_byte,1172,xor01_from5e,VERIFY_ACCEPTED
t1-0,proof_byte,1173,xor01_from71,VERIFY_ACCEPTED
t1-0,proof_byte,1174,xor01_from5e,VERIFY_ACCEPTED
t1-0,proof_byte,1175,xor01_frombd,VERIFY_ACCEPTED
t1-0,proof_byte,1176,xor01_from1f,VERIFY_ACCEPTED
t1-0,proof_byte,1177,xor01_from47,VERIFY_ACCEPTED
t1-0,proof_byte,1178,xor01_from4d,VERIFY_ACCEPTED
t1-0,proof_byte,1179,xor01_from8b,VERIFY_ACCEPTED
t1-0,proof_byte,1180,xor01_from00,VERIFY_ACCEPTED
t1-0,proof_byte,1181,xor01_from00,DESERIALIZE_REJECTED
t1-0,proof_byte,1182,xor01_from13,DESERIALIZE_PANIC
t1-0,proof_byte,1183,xor01_from02,DESERIALIZE_PANIC
t1-0,proof_byte,1184,xor01_from00,DESERIALIZE_PANIC
t1-0,proof_byte,1185,xor01_from00,DESERIALIZE_PANIC
t1-0,proof_byte,1186,xor01_from00,DESERIALIZE_PANIC
t1-0,proof_byte,1187,xor01_from00,DESERIALIZE_PANIC
t1-0,proof_byte,1188,xor01_from00,DESERIALIZE_PANIC
t1-0,proof_byte,1189,xor01_from00,DESERIALIZE_PANIC
t1-0,proof_byte,1190,xor01_from00,DESERIALIZE_PANIC
t1-0,proof_byte,1191,xor01_from04,DESERIALIZE_PANIC
t1-0,proof_byte,1192,xor01_from00,DESERIALIZE_PANIC
t1-0,proof_byte,1193,xor01_from00,DESERIALIZE_PANIC
t1-0,proof_byte,1194,xor01_from00,DESERIALIZE_PANIC
t1-0,proof_byte,1195,xor01_from00,DESERIALIZE_PANIC
t1-0,proof_byte,1196,xor01_from00,DESERIALIZE_PANIC
t1-0,proof_byte,1197,xor01_from00,DESERIALIZE_PANIC
t1-0,proof_byte,1198,xor01_from00,DESERIALIZE_PANIC
t1-0,proof_byte,1199,xor01_from02,DESERIALIZE_PANIC
t1-0,proof_byte,1200,xor01_fromc0,VERIFY_REJECTED
t1-0,proof_byte,1201,xor01_fromfb,VERIFY_REJECTED
t1-0,proof_byte,1202,xor01_fromdb,VERIFY_REJECTED
t1-0,proof_byte,1203,xor01_fromaf,VERIFY_REJECTED
t1-0,proof_byte,1204,xor01_from5e,VERIFY_REJECTED
t1-0,proof_byte,1205,xor01_from48,VERIFY_REJECTED
t1-0,proof_byte,1206,xor01_fromda,VERIFY_REJECTED
t1-0,proof_byte,1207,xor01_from7f,VERIFY_REJECTED
t1-0,proof_byte,1208,xor01_fromff,VERIFY_REJECTED
t1-0,proof_byte,1209,xor01_fromd8,VERIFY_REJECTED
t1-0,proof_byte,1210,xor01_fromef,VERIFY_REJECTED
t1-0,proof_byte,1211,xor01_fromc1,VERIFY_REJECTED
t1-0,proof_byte,1212,xor01_from43,VERIFY_REJECTED
t1-0,proof_byte,1213,xor01_from5b,VERIFY_REJECTED
t1-0,proof_byte,1214,xor01_froma5,VERIFY_REJECTED
t1-0,proof_byte,1215,xor01_fromb5,VERIFY_REJECTED
t1-0,proof_byte,1216,xor01_from9c,VERIFY_REJECTED
t1-0,proof_byte,1217,xor01_from32,VERIFY_REJECTED
t1-0,proof_byte,1218,xor01_from34,VERIFY_REJECTED
t1-0,proof_byte,1219,xor01_fromc4,VERIFY_REJECTED
t1-0,proof_byte,1220,xor01_from2a,VERIFY_REJECTED
t1-0,proof_byte,1221,xor01_from2b,VERIFY_REJECTED
t1-0,proof_byte,1222,xor01_frombb,VERIFY_REJECTED
t1-0,proof_byte,1223,xor01_from48,VERIFY_REJECTED
t1-0,proof_byte,1224,xor01_from86,VERIFY_REJECTED
t1-0,proof_byte,1225,xor01_from2d,VERIFY_REJECTED
t1-0,proof_byte,1226,xor01_from9c,VERIFY_REJECTED
t1-0,proof_byte,1227,xor01_frome6,VERIFY_REJECTED
t1-0,proof_byte,1228,xor01_from7a,VERIFY_REJECTED
t1-0,proof_byte,1229,xor01_fromec,VERIFY_REJECTED
t1-0,proof_byte,1230,xor01_fromec,VERIFY_REJECTED
t1-0,proof_byte,1231,xor01_from24,VERIFY_REJECTED
t1-0,proof_byte,1232,xor01_from00,DESERIALIZE_REJECTED
t1-0,proof_byte,1233,xor01_from13,DESERIALIZE_PANIC
t1-0,proof_byte,1234,xor01_from02,DESERIALIZE_PANIC
t1-0,proof_byte,1235,xor01_from00,DESERIALIZE_PANIC
t1-0,proof_byte,1236,xor01_from00,DESERIALIZE_PANIC
t1-0,proof_byte,1237,xor01_from00,DESERIALIZE_PANIC
t1-0,proof_byte,1238,xor01_from00,DESERIALIZE_PANIC
t1-0,proof_byte,1239,xor01_from00,DESERIALIZE_PANIC
t1-0,proof_byte,1240,xor01_from00,DESERIALIZE_PANIC
t1-0,proof_byte,1241,xor01_from00,DESERIALIZE_PANIC
t1-0,proof_byte,1242,xor01_from04,DESERIALIZE_PANIC
t1-0,proof_byte,1243,xor01_from00,DESERIALIZE_PANIC
t1-0,proof_byte,1244,xor01_from00,DESERIALIZE_PANIC
t1-0,proof_byte,1245,xor01_from00,DESERIALIZE_PANIC
t1-0,proof_byte,1246,xor01_from00,DESERIALIZE_PANIC
t1-0,proof_byte,1247,xor01_from00,DESERIALIZE_PANIC
t1-0,proof_byte,1248,xor01_from00,DESERIALIZE_PANIC
t1-0,proof_byte,1249,xor01_from00,DESERIALIZE_PANIC
t1-0,proof_byte,1250,xor01_from05,DESERIALIZE_PANIC
t1-0,proof_byte,1251,xor01_from22,VERIFY_REJECTED
t1-0,proof_byte,1252,xor01_from1a,VERIFY_REJECTED
t1-0,proof_byte,1253,xor01_from19,VERIFY_REJECTED
t1-0,proof_byte,1254,xor01_frome2,VERIFY_REJECTED
t1-0,proof_byte,1255,xor01_from9c,VERIFY_REJECTED
t1-0,proof_byte,1256,xor01_from17,VERIFY_REJECTED
t1-0,proof_byte,1257,xor01_fromcd,VERIFY_REJECTED
t1-0,proof_byte,1258,xor01_from7f,VERIFY_REJECTED
t1-0,proof_byte,1259,xor01_from98,VERIFY_REJECTED
t1-0,proof_byte,1260,xor01_from5b,VERIFY_REJECTED
t1-0,proof_byte,1261,xor01_from64,VERIFY_REJECTED
t1-0,proof_byte,1262,xor01_from2e,VERIFY_REJECTED
t1-0,proof_byte,1263,xor01_from00,VERIFY_REJECTED
t1-0,proof_byte,1264,xor01_fromc7,VERIFY_REJECTED
t1-0,proof_byte,1265,xor01_from3a,VERIFY_REJECTED
t1-0,proof_byte,1266,xor01_froma3,VERIFY_REJECTED
t1-0,proof_byte,1267,xor01_from95,VERIFY_REJECTED
t1-0,proof_byte,1268,xor01_from2b,VERIFY_REJECTED
t1-0,proof_byte,1269,xor01_from96,VERIFY_REJECTED
t1-0,proof_byte,1270,xor01_from27,VERIFY_REJECTED
t1-0,proof_byte,1271,xor01_from56,VERIFY_REJECTED
t1-0,proof_byte,1272,xor01_from7a,VERIFY_REJECTED
t1-0,proof_byte,1273,xor01_from4f,VERIFY_REJECTED
t1-0,proof_byte,1274,xor01_from19,VERIFY_REJECTED
t1-0,proof_byte,1275,xor01_fromc3,VERIFY_REJECTED
t1-0,proof_byte,1276,xor01_from3e,VERIFY_REJECTED
t1-0,proof_byte,1277,xor01_from1e,VERIFY_REJECTED
t1-0,proof_byte,1278,xor01_from68,VERIFY_REJECTED
t1-0,proof_byte,1279,xor01_from83,VERIFY_REJECTED
t1-0,proof_byte,1280,xor01_fromec,VERIFY_REJECTED
t1-0,proof_byte,1281,xor01_from02,VERIFY_REJECTED
t1-0,proof_byte,1282,xor01_from26,VERIFY_REJECTED
t1-0,proof_byte,1283,xor01_from00,DESERIALIZE_REJECTED
t1-0,proof_byte,1284,xor01_from13,DESERIALIZE_PANIC
t1-0,proof_byte,1285,xor01_from02,DESERIALIZE_PANIC
t1-0,proof_byte,1286,xor01_from00,DESERIALIZE_PANIC
t1-0,proof_byte,1287,xor01_from00,DESERIALIZE_PANIC
t1-0,proof_byte,1288,xor01_from00,DESERIALIZE_PANIC
t1-0,proof_byte,1289,xor01_from00,DESERIALIZE_PANIC
t1-0,proof_byte,1290,xor01_from00,DESERIALIZE_PANIC
t1-0,proof_byte,1291,xor01_from00,DESERIALIZE_PANIC
t1-0,proof_byte,1292,xor01_from00,DESERIALIZE_PANIC
t1-0,proof_byte,1293,xor01_from04,DESERIALIZE_PANIC
t1-0,proof_byte,1294,xor01_from00,DESERIALIZE_PANIC
t1-0,proof_byte,1295,xor01_from00,DESERIALIZE_PANIC
t1-0,proof_byte,1296,xor01_from00,DESERIALIZE_PANIC
t1-0,proof_byte,1297,xor01_from00,DESERIALIZE_PANIC
t1-0,proof_byte,1298,xor01_from00,DESERIALIZE_PANIC
t1-0,proof_byte,1299,xor01_from00,DESERIALIZE_PANIC
t1-0,proof_byte,1300,xor01_from00,DESERIALIZE_PANIC
t1-0,proof_byte,1301,xor01_from06,DESERIALIZE_REJECTED
t1-0,proof_byte,1302,xor01_from7c,VERIFY_REJECTED
t1-0,proof_byte,1303,xor01_from7e,VERIFY_REJECTED
t1-0,proof_byte,1304,xor01_frome4,VERIFY_REJECTED
t1-0,proof_byte,1305,xor01_frome1,VERIFY_REJECTED
t1-0,proof_byte,1306,xor01_fromdc,VERIFY_REJECTED
t1-0,proof_byte,1307,xor01_from7f,VERIFY_REJECTED
t1-0,proof_byte,1308,xor01_from40,VERIFY_REJECTED
t1-0,proof_byte,1309,xor01_fromdc,VERIFY_REJECTED
t1-0,proof_byte,1310,xor01_fromef,VERIFY_REJECTED
t1-0,proof_byte,1311,xor01_frombc,VERIFY_REJECTED
t1-0,proof_byte,1312,xor01_fromcd,VERIFY_REJECTED
t1-0,proof_byte,1313,xor01_from81,VERIFY_REJECTED
t1-0,proof_byte,1314,xor01_frome5,VERIFY_REJECTED
t1-0,proof_byte,1315,xor01_from28,VERIFY_REJECTED
t1-0,proof_byte,1316,xor01_from98,VERIFY_REJECTED
t1-0,proof_byte,1317,xor01_from8c,VERIFY_REJECTED
t1-0,proof_byte,1318,xor01_from04,VERIFY_REJECTED
t1-0,proof_byte,1319,xor01_from6b,VERIFY_REJECTED
t1-0,proof_byte,1320,xor01_fromc9,VERIFY_REJECTED
t1-0,proof_byte,1321,xor01_from44,VERIFY_REJECTED
t1-0,proof_byte,1322,xor01_from3d,VERIFY_REJECTED
t1-0,proof_byte,1323,xor01_frombc,VERIFY_REJECTED
t1-0,proof_byte,1324,xor01_from96,VERIFY_REJECTED
t1-0,proof_byte,1325,xor01_frome9,VERIFY_REJECTED
t1-0,proof_byte,1326,xor01_from45,VERIFY_REJECTED
t1-0,proof_byte,1327,xor01_from0d,VERIFY_REJECTED
t1-0,proof_byte,1328,xor01_from41,VERIFY_REJECTED
t1-0,proof_byte,1329,xor01_from33,VERIFY_REJECTED
t1-0,proof_byte,1330,xor01_froma7,VERIFY_REJECTED
t1-0,proof_byte,1331,xor01_fromf0,VERIFY_REJECTED
t1-0,proof_byte,1332,xor01_from51,VERIFY_REJECTED
t1-0,proof_byte,1333,xor01_from1a,VERIFY_REJECTED
t1-0,proof_byte,1334,xor01_from00,DESERIALIZE_REJECTED
t1-0,proof_byte,1335,xor01_from13,VERIFY_ACCEPTED
t1-0,proof_byte,1336,xor01_from02,VERIFY_ACCEPTED
t1-0,proof_byte,1337,xor01_from00,VERIFY_ACCEPTED
t1-0,proof_byte,1338,xor01_from00,VERIFY_ACCEPTED
t1-0,proof_byte,1339,xor01_from00,VERIFY_ACCEPTED
t1-0,proof_byte,1340,xor01_from00,VERIFY_ACCEPTED
t1-0,proof_byte,1341,xor01_from00,VERIFY_ACCEPTED
t1-0,proof_byte,1342,xor01_from00,VERIFY_ACCEPTED
t1-0,proof_byte,1343,xor01_from00,VERIFY_ACCEPTED
t1-0,proof_byte,1344,xor01_from04,VERIFY_ACCEPTED
t1-0,proof_byte,1345,xor01_from00,VERIFY_ACCEPTED
t1-0,proof_byte,1346,xor01_from00,VERIFY_ACCEPTED
t1-0,proof_byte,1347,xor01_from00,VERIFY_ACCEPTED
t1-0,proof_byte,1348,xor01_from00,VERIFY_ACCEPTED
t1-0,proof_byte,1349,xor01_from00,VERIFY_ACCEPTED
t1-0,proof_byte,1350,xor01_from00,VERIFY_ACCEPTED
t1-0,proof_byte,1351,xor01_from00,VERIFY_ACCEPTED
t1-0,proof_byte,1352,xor01_from08,VERIFY_ACCEPTED
t1-0,proof_byte,1353,xor01_fromf3,VERIFY_ACCEPTED
t1-0,proof_byte,1354,xor01_from78,VERIFY_ACCEPTED
t1-0,proof_byte,1355,xor01_from26,VERIFY_ACCEPTED
t1-0,proof_byte,1356,xor01_from59,VERIFY_ACCEPTED
t1-0,proof_byte,1357,xor01_from51,VERIFY_ACCEPTED
t1-0,proof_byte,1358,xor01_from4a,VERIFY_ACCEPTED
t1-0,proof_byte,1359,xor01_fromfa,VERIFY_ACCEPTED
t1-0,proof_byte,1360,xor01_fromd3,VERIFY_ACCEPTED
t1-0,proof_byte,1361,xor01_frome1,VERIFY_ACCEPTED
t1-0,proof_byte,1362,xor01_from0f,VERIFY_ACCEPTED
t1-0,proof_byte,1363,xor01_from12,VERIFY_ACCEPTED
t1-0,proof_byte,1364,xor01_from01,VERIFY_ACCEPTED
t1-0,proof_byte,1365,xor01_from6d,VERIFY_ACCEPTED
t1-0,proof_byte,1366,xor01_from5d,VERIFY_ACCEPTED
t1-0,proof_byte,1367,xor01_from3b,VERIFY_ACCEPTED
t1-0,proof_byte,1368,xor01_from44,VERIFY_ACCEPTED
t1-0,proof_byte,1369,xor01_from7a,VERIFY_ACCEPTED
t1-0,proof_byte,1370,xor01_froma1,VERIFY_ACCEPTED
t1-0,proof_byte,1371,xor01_fromdf,VERIFY_ACCEPTED
t1-0,proof_byte,1372,xor01_from28,VERIFY_ACCEPTED
t1-0,proof_byte,1373,xor01_fromfc,VERIFY_ACCEPTED
t1-0,proof_byte,1374,xor01_fromce,VERIFY_ACCEPTED
t1-0,proof_byte,1375,xor01_from7a,VERIFY_ACCEPTED
t1-0,proof_byte,1376,xor01_from5e,VERIFY_ACCEPTED
t1-0,proof_byte,1377,xor01_from71,VERIFY_ACCEPTED
t1-0,proof_byte,1378,xor01_from5e,VERIFY_ACCEPTED
t1-0,proof_byte,1379,xor01_frombd,VERIFY_ACCEPTED
t1-0,proof_byte,1380,xor01_from1f,VERIFY_ACCEPTED
t1-0,proof_byte,1381,xor01_from47,VERIFY_ACCEPTED
t1-0,proof_byte,1382,xor01_from4d,VERIFY_ACCEPTED
t1-0,proof_byte,1383,xor01_from8b,VERIFY_ACCEPTED
t1-0,proof_byte,1384,xor01_from00,VERIFY_ACCEPTED
t1-0,proof_byte,1385,xor01_from00,DESERIALIZE_REJECTED
t1-0,proof_byte,1386,xor01_from13,DESERIALIZE_PANIC
t1-0,proof_byte,1387,xor01_from02,DESERIALIZE_PANIC
t1-0,proof_byte,1388,xor01_from00,DESERIALIZE_PANIC
t1-0,proof_byte,1389,xor01_from00,DESERIALIZE_PANIC
t1-0,proof_byte,1390,xor01_from00,DESERIALIZE_PANIC
t1-0,proof_byte,1391,xor01_from00,DESERIALIZE_PANIC
t1-0,proof_byte,1392,xor01_from00,DESERIALIZE_PANIC
t1-0,proof_byte,1393,xor01_from00,DESERIALIZE_PANIC
t1-0,proof_byte,1394,xor01_from00,DESERIALIZE_PANIC
t1-0,proof_byte,1395,xor01_from05,DESERIALIZE_PANIC
t1-0,proof_byte,1396,xor01_from00,DESERIALIZE_PANIC
t1-0,proof_byte,1397,xor01_from00,DESERIALIZE_PANIC
t1-0,proof_byte,1398,xor01_from00,DESERIALIZE_PANIC
t1-0,proof_byte,1399,xor01_from00,DESERIALIZE_PANIC
t1-0,proof_byte,1400,xor01_from00,DESERIALIZE_PANIC
t1-0,proof_byte,1401,xor01_from00,DESERIALIZE_PANIC
t1-0,proof_byte,1402,xor01_from00,DESERIALIZE_PANIC
t1-0,proof_byte,1403,xor01_from02,DESERIALIZE_PANIC
t1-0,proof_byte,1404,xor01_from00,VERIFY_REJECTED
t1-0,proof_byte,1405,xor01_from9a,VERIFY_REJECTED
t1-0,proof_byte,1406,xor01_from1f,VERIFY_REJECTED
t1-0,proof_byte,1407,xor01_fromb8,VERIFY_REJECTED
t1-0,proof_byte,1408,xor01_from70,VERIFY_REJECTED
t1-0,proof_byte,1409,xor01_fromc7,VERIFY_REJECTED
t1-0,proof_byte,1410,xor01_fromc7,VERIFY_REJECTED
t1-0,proof_byte,1411,xor01_from1a,VERIFY_REJECTED
t1-0,proof_byte,1412,xor01_from26,VERIFY_REJECTED
t1-0,proof_byte,1413,xor01_from77,VERIFY_REJECTED
t1-0,proof_byte,1414,xor01_from88,VERIFY_REJECTED
t1-0,proof_byte,1415,xor01_from26,VERIFY_REJECTED
t1-0,proof_byte,1416,xor01_from1c,VERIFY_REJECTED
t1-0,proof_byte,1417,xor01_from3a,VERIFY_REJECTED
t1-0,proof_byte,1418,xor01_frome7,VERIFY_REJECTED
t1-0,proof_byte,1419,xor01_fromd3,VERIFY_REJECTED
t1-0,proof_byte,1420,xor01_from99,VERIFY_REJECTED
t1-0,proof_byte,1421,xor01_from0f,VERIFY_REJECTED
t1-0,proof_byte,1422,xor01_from45,VERIFY_REJECTED
t1-0,proof_byte,1423,xor01_from65,VERIFY_REJECTED
t1-0,proof_byte,1424,xor01_fromcd,VERIFY_REJECTED
t1-0,proof_byte,1425,xor01_fromf5,VERIFY_REJECTED
t1-0,proof_byte,1426,xor01_from09,VERIFY_REJECTED
t1-0,proof_byte,1427,xor01_from8e,VERIFY_REJECTED
t1-0,proof_byte,1428,xor01_from21,VERIFY_REJECTED
t1-0,proof_byte,1429,xor01_frome0,VERIFY_REJECTED
t1-0,proof_byte,1430,xor01_from42,VERIFY_REJECTED
t1-0,proof_byte,1431,xor01_from30,VERIFY_REJECTED
t1-0,proof_byte,1432,xor01_from3c,VERIFY_REJECTED
t1-0,proof_byte,1433,xor01_from0e,VERIFY_REJECTED
t1-0,proof_byte,1434,xor01_from19,VERIFY_REJECTED
t1-0,proof_byte,1435,xor01_from2b,VERIFY_REJECTED
t1-0,proof_byte,1436,xor01_from00,DESERIALIZE_REJECTED
t1-0,proof_byte,1437,xor01_from13,DESERIALIZE_PANIC
t1-0,proof_byte,1438,xor01_from02,DESERIALIZE_PANIC
t1-0,proof_byte,1439,xor01_from00,DESERIALIZE_PANIC
t1-0,proof_byte,1440,xor01_from00,DESERIALIZE_PANIC
t1-0,proof_byte,1441,xor01_from00,DESERIALIZE_PANIC
t1-0,proof_byte,1442,xor01_from00,DESERIALIZE_PANIC
t1-0,proof_byte,1443,xor01_from00,DESERIALIZE_PANIC
t1-0,proof_byte,1444,xor01_from00,DESERIALIZE_PANIC
t1-0,proof_byte,1445,xor01_from00,DESERIALIZE_PANIC
t1-0,proof_byte,1446,xor01_from05,DESERIALIZE_PANIC
t1-0,proof_byte,1447,xor01_from00,DESERIALIZE_PANIC
t1-0,proof_byte,1448,xor01_from00,DESERIALIZE_PANIC
t1-0,proof_byte,1449,xor01_from00,DESERIALIZE_PANIC
t1-0,proof_byte,1450,xor01_from00,DESERIALIZE_PANIC
t1-0,proof_byte,1451,xor01_from00,DESERIALIZE_PANIC
t1-0,proof_byte,1452,xor01_from00,DESERIALIZE_PANIC
t1-0,proof_byte,1453,xor01_from00,DESERIALIZE_PANIC
t1-0,proof_byte,1454,xor01_from05,DESERIALIZE_PANIC
t1-0,proof_byte,1455,xor01_from22,VERIFY_REJECTED
t1-0,proof_byte,1456,xor01_from1a,VERIFY_REJECTED
t1-0,proof_byte,1457,xor01_from19,VERIFY_REJECTED
t1-0,proof_byte,1458,xor01_frome2,VERIFY_REJECTED
t1-0,proof_byte,1459,xor01_from9c,VERIFY_REJECTED
t1-0,proof_byte,1460,xor01_from17,VERIFY_REJECTED
t1-0,proof_byte,1461,xor01_fromcd,VERIFY_REJECTED
t1-0,proof_byte,1462,xor01_from7f,VERIFY_REJECTED
t1-0,proof_byte,1463,xor01_from98,VERIFY_REJECTED
t1-0,proof_byte,1464,xor01_from5b,VERIFY_REJECTED
t1-0,proof_byte,1465,xor01_from64,VERIFY_REJECTED
t1-0,proof_byte,1466,xor01_from2e,VERIFY_REJECTED
t1-0,proof_byte,1467,xor01_from00,VERIFY_REJECTED
t1-0,proof_byte,1468,xor01_fromc7,VERIFY_REJECTED
t1-0,proof_byte,1469,xor01_from3a,VERIFY_REJECTED
t1-0,proof_byte,1470,xor01_froma3,VERIFY_REJECTED
t1-0,proof_byte,1471,xor01_from95,VERIFY_REJECTED
t1-0,proof_byte,1472,xor01_from2b,VERIFY_REJECTED
t1-0,proof_byte,1473,xor01_from96,VERIFY_REJECTED
t1-0,proof_byte,1474,xor01_from27,VERIFY_REJECTED
t1-0,proof_byte,1475,xor01_from56,VERIFY_REJECTED
t1-0,proof_byte,1476,xor01_from7a,VERIFY_REJECTED
t1-0,proof_byte,1477,xor01_from4f,VERIFY_REJECTED
t1-0,proof_byte,1478,xor01_from19,VERIFY_REJECTED
t1-0,proof_byte,1479,xor01_fromc3,VERIFY_REJECTED
t1-0,proof_byte,1480,xor01_from3e,VERIFY_REJECTED
t1-0,proof_byte,1481,xor01_from1e,VERIFY_REJECTED
t1-0,proof_byte,1482,xor01_from68,VERIFY_REJECTED
t1-0,proof_byte,1483,xor01_from83,VERIFY_REJECTED
t1-0,proof_byte,1484,xor01_fromec,VERIFY_REJECTED
t1-0,proof_byte,1485,xor01_from02,VERIFY_REJECTED
t1-0,proof_byte,1486,xor01_from26,VERIFY_REJECTED
t1-0,proof_byte,1487,xor01_from00,DESERIALIZE_REJECTED
t1-0,proof_byte,1488,xor01_from13,DESERIALIZE_PANIC
t1-0,proof_byte,1489,xor01_from02,DESERIALIZE_PANIC
t1-0,proof_byte,1490,xor01_from00,DESERIALIZE_PANIC
t1-0,proof_byte,1491,xor01_from00,DESERIALIZE_PANIC
t1-0,proof_byte,1492,xor01_from00,DESERIALIZE_PANIC
t1-0,proof_byte,1493,xor01_from00,DESERIALIZE_PANIC
t1-0,proof_byte,1494,xor01_from00,DESERIALIZE_PANIC
t1-0,proof_byte,1495,xor01_from00,DESERIALIZE_PANIC
t1-0,proof_byte,1496,xor01_from00,DESERIALIZE_PANIC
t1-0,proof_byte,1497,xor01_from05,DESERIALIZE_PANIC
t1-0,proof_byte,1498,xor01_from00,DESERIALIZE_PANIC
t1-0,proof_byte,1499,xor01_from00,DESERIALIZE_PANIC
t1-0,proof_byte,1500,xor01_from00,DESERIALIZE_PANIC
t1-0,proof_byte,1501,xor01_from00,DESERIALIZE_PANIC
t1-0,proof_byte,1502,xor01_from00,DESERIALIZE_PANIC
t1-0,proof_byte,1503,xor01_from00,DESERIALIZE_PANIC
t1-0,proof_byte,1504,xor01_from00,DESERIALIZE_PANIC
t1-0,proof_byte,1505,xor01_from06,DESERIALIZE_REJECTED
t1-0,proof_byte,1506,xor01_from7c,VERIFY_REJECTED
t1-0,proof_byte,1507,xor01_from7e,VERIFY_REJECTED
t1-0,proof_byte,1508,xor01_frome4,VERIFY_REJECTED
t1-0,proof_byte,1509,xor01_frome1,VERIFY_REJECTED
t1-0,proof_byte,1510,xor01_fromdc,VERIFY_REJECTED
t1-0,proof_byte,1511,xor01_from7f,VERIFY_REJECTED
t1-0,proof_byte,1512,xor01_from40,VERIFY_REJECTED
t1-0,proof_byte,1513,xor01_fromdc,VERIFY_REJECTED
t1-0,proof_byte,1514,xor01_fromef,VERIFY_REJECTED
t1-0,proof_byte,1515,xor01_frombc,VERIFY_REJECTED
t1-0,proof_byte,1516,xor01_fromcd,VERIFY_REJECTED
t1-0,proof_byte,1517,xor01_from81,VERIFY_REJECTED
t1-0,proof_byte,1518,xor01_frome5,VERIFY_REJECTED
t1-0,proof_byte,1519,xor01_from28,VERIFY_REJECTED
t1-0,proof_byte,1520,xor01_from98,VERIFY_REJECTED
t1-0,proof_byte,1521,xor01_from8c,VERIFY_REJECTED
t1-0,proof_byte,1522,xor01_from04,VERIFY_REJECTED
t1-0,proof_byte,1523,xor01_from6b,VERIFY_REJECTED
t1-0,proof_byte,1524,xor01_fromc9,VERIFY_REJECTED
t1-0,proof_byte,1525,xor01_from44,VERIFY_REJECTED
t1-0,proof_byte,1526,xor01_from3d,VERIFY_REJECTED
t1-0,proof_byte,1527,xor01_frombc,VERIFY_REJECTED
t1-0,proof_byte,1528,xor01_from96,VERIFY_REJECTED
t1-0,proof_byte,1529,xor01_frome9,VERIFY_REJECTED
t1-0,proof_byte,1530,xor01_from45,VERIFY_REJECTED
t1-0,proof_byte,1531,xor01_from0d,VERIFY_REJECTED
t1-0,proof_byte,1532,xor01_from41,VERIFY_REJECTED
t1-0,proof_byte,1533,xor01_from33,VERIFY_REJECTED
t1-0,proof_byte,1534,xor01_froma7,VERIFY_REJECTED
t1-0,proof_byte,1535,xor01_fromf0,VERIFY_REJECTED
t1-0,proof_byte,1536,xor01_from51,VERIFY_REJECTED
t1-0,proof_byte,1537,xor01_from1a,VERIFY_REJECTED
t1-0,proof_byte,1538,xor01_from00,DESERIALIZE_REJECTED
t1-0,proof_byte,1539,xor01_from13,VERIFY_ACCEPTED
t1-0,proof_byte,1540,xor01_from02,VERIFY_ACCEPTED
t1-0,proof_byte,1541,xor01_from00,VERIFY_ACCEPTED
t1-0,proof_byte,1542,xor01_from00,VERIFY_ACCEPTED
t1-0,proof_byte,1543,xor01_from00,VERIFY_ACCEPTED
t1-0,proof_byte,1544,xor01_from00,VERIFY_ACCEPTED
t1-0,proof_byte,1545,xor01_from00,VERIFY_ACCEPTED
t1-0,proof_byte,1546,xor01_from00,VERIFY_ACCEPTED
t1-0,proof_byte,1547,xor01_from00,VERIFY_ACCEPTED
t1-0,proof_byte,1548,xor01_from05,VERIFY_ACCEPTED
t1-0,proof_byte,1549,xor01_from00,VERIFY_ACCEPTED
t1-0,proof_byte,1550,xor01_from00,VERIFY_ACCEPTED
t1-0,proof_byte,1551,xor01_from00,VERIFY_ACCEPTED
t1-0,proof_byte,1552,xor01_from00,VERIFY_ACCEPTED
t1-0,proof_byte,1553,xor01_from00,VERIFY_ACCEPTED
t1-0,proof_byte,1554,xor01_from00,VERIFY_ACCEPTED
t1-0,proof_byte,1555,xor01_from00,VERIFY_ACCEPTED
t1-0,proof_byte,1556,xor01_from08,VERIFY_ACCEPTED
t1-0,proof_byte,1557,xor01_fromf3,VERIFY_ACCEPTED
t1-0,proof_byte,1558,xor01_from78,VERIFY_ACCEPTED
t1-0,proof_byte,1559,xor01_from26,VERIFY_ACCEPTED
t1-0,proof_byte,1560,xor01_from59,VERIFY_ACCEPTED
t1-0,proof_byte,1561,xor01_from51,VERIFY_ACCEPTED
t1-0,proof_byte,1562,xor01_from4a,VERIFY_ACCEPTED
t1-0,proof_byte,1563,xor01_fromfa,VERIFY_ACCEPTED
t1-0,proof_byte,1564,xor01_fromd3,VERIFY_ACCEPTED
t1-0,proof_byte,1565,xor01_frome1,VERIFY_ACCEPTED
t1-0,proof_byte,1566,xor01_from0f,VERIFY_ACCEPTED
t1-0,proof_byte,1567,xor01_from12,VERIFY_ACCEPTED
t1-0,proof_byte,1568,xor01_from01,VERIFY_ACCEPTED
t1-0,proof_byte,1569,xor01_from6d,VERIFY_ACCEPTED
t1-0,proof_byte,1570,xor01_from5d,VERIFY_ACCEPTED
t1-0,proof_byte,1571,xor01_from3b,VERIFY_ACCEPTED
t1-0,proof_byte,1572,xor01_from44,VERIFY_ACCEPTED
t1-0,proof_byte,1573,xor01_from7a,VERIFY_ACCEPTED
t1-0,proof_byte,1574,xor01_froma1,VERIFY_ACCEPTED
t1-0,proof_byte,1575,xor01_fromdf,VERIFY_ACCEPTED
t1-0,proof_byte,1576,xor01_from28,VERIFY_ACCEPTED
t1-0,proof_byte,1577,xor01_fromfc,VERIFY_ACCEPTED
t1-0,proof_byte,1578,xor01_fromce,VERIFY_ACCEPTED
t1-0,proof_byte,1579,xor01_from7a,VERIFY_ACCEPTED
t1-0,proof_byte,1580,xor01_from5e,VERIFY_ACCEPTED
t1-0,proof_byte,1581,xor01_from71,VERIFY_ACCEPTED
t1-0,proof_byte,1582,xor01_from5e,VERIFY_ACCEPTED
t1-0,proof_byte,1583,xor01_frombd,VERIFY_ACCEPTED
t1-0,proof_byte,1584,xor01_from1f,VERIFY_ACCEPTED
t1-0,proof_byte,1585,xor01_from47,VERIFY_ACCEPTED
t1-0,proof_byte,1586,xor01_from4d,VERIFY_ACCEPTED
t1-0,proof_byte,1587,xor01_from8b,VERIFY_ACCEPTED
t1-0,proof_byte,1588,xor01_from00,VERIFY_ACCEPTED
t1-0,proof_byte,1589,xor01_from00,DESERIALIZE_REJECTED
t1-0,proof_byte,1590,xor01_from13,DESERIALIZE_PANIC
t1-0,proof_byte,1591,xor01_from02,DESERIALIZE_PANIC
t1-0,proof_byte,1592,xor01_from00,DESERIALIZE_PANIC
t1-0,proof_byte,1593,xor01_from00,DESERIALIZE_PANIC
t1-0,proof_byte,1594,xor01_from00,DESERIALIZE_PANIC
t1-0,proof_byte,1595,xor01_from00,DESERIALIZE_PANIC
t1-0,proof_byte,1596,xor01_from00,DESERIALIZE_PANIC
t1-0,proof_byte,1597,xor01_from00,DESERIALIZE_PANIC
t1-0,proof_byte,1598,xor01_from00,DESERIALIZE_PANIC
t1-0,proof_byte,1599,xor01_from06,DESERIALIZE_PANIC
t1-0,proof_byte,1600,xor01_from00,DESERIALIZE_PANIC
t1-0,proof_byte,1601,xor01_from00,DESERIALIZE_PANIC
t1-0,proof_byte,1602,xor01_from00,DESERIALIZE_PANIC
t1-0,proof_byte,1603,xor01_from00,DESERIALIZE_PANIC
t1-0,proof_byte,1604,xor01_from00,DESERIALIZE_PANIC
t1-0,proof_byte,1605,xor01_from00,DESERIALIZE_PANIC
t1-0,proof_byte,1606,xor01_from00,DESERIALIZE_PANIC
t1-0,proof_byte,1607,xor01_from02,DESERIALIZE_PANIC
t1-0,proof_byte,1608,xor01_fromae,VERIFY_REJECTED
t1-0,proof_byte,1609,xor01_from9d,VERIFY_REJECTED
t1-0,proof_byte,1610,xor01_fromcf,VERIFY_REJECTED
t1-0,proof_byte,1611,xor01_from55,VERIFY_REJECTED
t1-0,proof_byte,1612,xor01_from4f,VERIFY_REJECTED
t1-0,proof_byte,1613,xor01_from60,VERIFY_REJECTED
t1-0,proof_byte,1614,xor01_from3a,VERIFY_REJECTED
t1-0,proof_byte,1615,xor01_from15,VERIFY_REJECTED
t1-0,proof_byte,1616,xor01_from9b,VERIFY_REJECTED
t1-0,proof_byte,1617,xor01_from0b,VERIFY_REJECTED
t1-0,proof_byte,1618,xor01_fromef,VERIFY_REJECTED
t1-0,proof_byte,1619,xor01_fromae,VERIFY_REJECTED
t1-0,proof_byte,1620,xor01_from0e,VERIFY_REJECTED
t1-0,proof_byte,1621,xor01_from67,VERIFY_REJECTED
t1-0,proof_byte,1622,xor01_fromb4,VERIFY_REJECTED
t1-0,proof_byte,1623,xor01_from17,VERIFY_REJECTED
t1-0,proof_byte,1624,xor01_from17,VERIFY_REJECTED
t1-0,proof_byte,1625,xor01_fromf9,VERIFY_REJECTED
t1-0,proof_byte,1626,xor01_from59,VERIFY_REJECTED
t1-0,proof_byte,1627,xor01_from6f,VERIFY_REJECTED
t1-0,proof_byte,1628,xor01_from36,VERIFY_REJECTED
t1-0,proof_byte,1629,xor01_from8f,VERIFY_REJECTED
t1-0,proof_byte,1630,xor01_from9e,VERIFY_REJECTED
t1-0,proof_byte,1631,xor01_from4a,VERIFY_REJECTED
t1-0,proof_byte,1632,xor01_from3c,VERIFY_REJECTED
t1-0,proof_byte,1633,xor01_from19,VERIFY_REJECTED
t1-0,proof_byte,1634,xor01_from47,VERIFY_REJECTED
t1-0,proof_byte,1635,xor01_from0a,VERIFY_REJECTED
t1-0,proof_byte,1636,xor01_fromad,VERIFY_REJECTED
t1-0,proof_byte,1637,xor01_fromfc,VERIFY_REJECTED
t1-0,proof_byte,1638,xor01_fromfc,VERIFY_REJECTED
t1-0,proof_byte,1639,xor01_from0e,VERIFY_REJECTED
t1-0,proof_byte,1640,xor01_from00,DESERIALIZE_REJECTED
t1-0,proof_byte,1641,xor01_from13,DESERIALIZE_PANIC
t1-0,proof_byte,1642,xor01_from02,DESERIALIZE_PANIC
t1-0,proof_byte,1643,xor01_from00,DESERIALIZE_PANIC
t1-0,proof_byte,1644,xor01_from00,DESERIALIZE_PANIC
t1-0,proof_byte,1645,xor01_from00,DESERIALIZE_PANIC
t1-0,proof_byte,1646,xor01_from00,DESERIALIZE_PANIC
t1-0,proof_byte,1647,xor01_from00,DESERIALIZE_PANIC
t1-0,proof_byte,1648,xor01_from00,DESERIALIZE_PANIC
t1-0,proof_byte,1649,xor01_from00,DESERIALIZE_PANIC
t1-0,proof_byte,1650,xor01_from06,DESERIALIZE_PANIC
t1-0,proof_byte,1651,xor01_from00,DESERIALIZE_PANIC
t1-0,proof_byte,1652,xor01_from00,DESERIALIZE_PANIC
t1-0,proof_byte,1653,xor01_from00,DESERIALIZE_PANIC
t1-0,proof_byte,1654,xor01_from00,DESERIALIZE_PANIC
t1-0,proof_byte,1655,xor01_from00,DESERIALIZE_PANIC
t1-0,proof_byte,1656,xor01_from00,DESERIALIZE_PANIC
t1-0,proof_byte,1657,xor01_from00,DESERIALIZE_PANIC
t1-0,proof_byte,1658,xor01_from05,DESERIALIZE_PANIC
t1-0,proof_byte,1659,xor01_from22,VERIFY_REJECTED
t1-0,proof_byte,1660,xor01_from1a,VERIFY_REJECTED
t1-0,proof_byte,1661,xor01_from19,VERIFY_REJECTED
t1-0,proof_byte,1662,xor01_frome2,VERIFY_REJECTED
t1-0,proof_byte,1663,xor01_from9c,VERIFY_REJECTED
t1-0,proof_byte,1664,xor01_from17,VERIFY_REJECTED
t1-0,proof_byte,1665,xor01_fromcd,VERIFY_REJECTED
t1-0,proof_byte,1666,xor01_from7f,VERIFY_REJECTED
t1-0,proof_byte,1667,xor01_from98,VERIFY_REJECTED
t1-0,proof_byte,1668,xor01_from5b,VERIFY_REJECTED
t1-0,proof_byte,1669,xor01_from64,VERIFY_REJECTED
t1-0,proof_byte,1670,xor01_from2e,VERIFY_REJECTED
t1-0,proof_byte,1671,xor01_from00,VERIFY_REJECTED
t1-0,proof_byte,1672,xor01_fromc7,VERIFY_REJECTED
t1-0,proof_byte,1673,xor01_from3a,VERIFY_REJECTED
t1-0,proof_byte,1674,xor01_froma3,VERIFY_REJECTED
t1-0,proof_byte,1675,xor01_from95,VERIFY_REJECTED
t1-0,proof_byte,1676,xor01_from2b,VERIFY_REJECTED
t1-0,proof_byte,1677,xor01_from96,VERIFY_REJECTED
t1-0,proof_byte,1678,xor01_from27,VERIFY_REJECTED
t1-0,proof_byte,1679,xor01_from56,VERIFY_REJECTED
t1-0,proof_byte,1680,xor01_from7a,VERIFY_REJECTED
t1-0,proof_byte,1681,xor01_from4f,VERIFY_REJECTED
t1-0,proof_byte,1682,xor01_from19,VERIFY_REJECTED
t1-0,proof_byte,1683,xor01_fromc3,VERIFY_REJECTED
t1-0,proof_byte,1684,xor01_from3e,VERIFY_REJECTED
t1-0,proof_byte,1685,xor01_from1e,VERIFY_REJECTED
t1-0,proof_byte,1686,xor01_from68,VERIFY_REJECTED
t1-0,proof_byte,1687,xor01_from83,VERIFY_REJECTED
t1-0,proof_byte,1688,xor01_fromec,VERIFY_REJECTED
t1-0,proof_byte,1689,xor01_from02,VERIFY_REJECTED
t1-0,proof_byte,1690,xor01_from26,VERIFY_REJECTED
t1-0,proof_byte,1691,xor01_from00,DESERIALIZE_REJECTED
t1-0,proof_byte,1692,xor01_from13,DESERIALIZE_PANIC
t1-0,proof_byte,1693,xor01_from02,DESERIALIZE_PANIC
t1-0,proof_byte,1694,xor01_from00,DESERIALIZE_PANIC
t1-0,proof_byte,1695,xor01_from00,DESERIALIZE_PANIC
t1-0,proof_byte,1696,xor01_from00,DESERIALIZE_PANIC
t1-0,proof_byte,1697,xor01_from00,DESERIALIZE_PANIC
t1-0,proof_byte,1698,xor01_from00,DESERIALIZE_PANIC
t1-0,proof_byte,1699,xor01_from00,DESERIALIZE_PANIC
t1-0,proof_byte,1700,xor01_from00,DESERIALIZE_PANIC
t1-0,proof_byte,1701,xor01_from06,DESERIALIZE_PANIC
t1-0,proof_byte,1702,xor01_from00,DESERIALIZE_PANIC
t1-0,proof_byte,1703,xor01_from00,DESERIALIZE_PANIC
t1-0,proof_byte,1704,xor01_from00,DESERIALIZE_PANIC
t1-0,proof_byte,1705,xor01_from00,DESERIALIZE_PANIC
t1-0,proof_byte,1706,xor01_from00,DESERIALIZE_PANIC
t1-0,proof_byte,1707,xor01_from00,DESERIALIZE_PANIC
t1-0,proof_byte,1708,xor01_from00,DESERIALIZE_PANIC
t1-0,proof_byte,1709,xor01_from06,DESERIALIZE_REJECTED
t1-0,proof_byte,1710,xor01_from7c,VERIFY_REJECTED
t1-0,proof_byte,1711,xor01_from7e,VERIFY_REJECTED
t1-0,proof_byte,1712,xor01_frome4,VERIFY_REJECTED
t1-0,proof_byte,1713,xor01_frome1,VERIFY_REJECTED
t1-0,proof_byte,1714,xor01_fromdc,VERIFY_REJECTED
t1-0,proof_byte,1715,xor01_from7f,VERIFY_REJECTED
t1-0,proof_byte,1716,xor01_from40,VERIFY_REJECTED
t1-0,proof_byte,1717,xor01_fromdc,VERIFY_REJECTED
t1-0,proof_byte,1718,xor01_fromef,VERIFY_REJECTED
t1-0,proof_byte,1719,xor01_frombc,VERIFY_REJECTED
t1-0,proof_byte,1720,xor01_fromcd,VERIFY_REJECTED
t1-0,proof_byte,1721,xor01_from81,VERIFY_REJECTED
t1-0,proof_byte,1722,xor01_frome5,VERIFY_REJECTED
t1-0,proof_byte,1723,xor01_from28,VERIFY_REJECTED
t1-0,proof_byte,1724,xor01_from98,VERIFY_REJECTED
t1-0,proof_byte,1725,xor01_from8c,VERIFY_REJECTED
t1-0,proof_byte,1726,xor01_from04,VERIFY_REJECTED
t1-0,proof_byte,1727,xor01_from6b,VERIFY_REJECTED
t1-0,proof_byte,1728,xor01_fromc9,VERIFY_REJECTED
t1-0,proof_byte,1729,xor01_from44,VERIFY_REJECTED
t1-0,proof_byte,1730,xor01_from3d,VERIFY_REJECTED
t1-0,proof_byte,1731,xor01_frombc,VERIFY_REJECTED
t1-0,proof_byte,1732,xor01_from96,VERIFY_REJECTED
t1-0,proof_byte,1733,xor01_frome9,VERIFY_REJECTED
t1-0,proof_byte,1734,xor01_from45,VERIFY_REJECTED
t1-0,proof_byte,1735,xor01_from0d,VERIFY_REJECTED
t1-0,proof_byte,1736,xor01_from41,VERIFY_REJECTED
t1-0,proof_byte,1737,xor01_from33,VERIFY_REJECTED
t1-0,proof_byte,1738,xor01_froma7,VERIFY_REJECTED
t1-0,proof_byte,1739,xor01_fromf0,VERIFY_REJECTED
t1-0,proof_byte,1740,xor01_from51,VERIFY_REJECTED
t1-0,proof_byte,1741,xor01_from1a,VERIFY_REJECTED
t1-0,proof_byte,1742,xor01_from00,DESERIALIZE_REJECTED
t1-0,proof_byte,1743,xor01_from13,VERIFY_ACCEPTED
t1-0,proof_byte,1744,xor01_from02,VERIFY_ACCEPTED
t1-0,proof_byte,1745,xor01_from00,VERIFY_ACCEPTED
t1-0,proof_byte,1746,xor01_from00,VERIFY_ACCEPTED
t1-0,proof_byte,1747,xor01_from00,VERIFY_ACCEPTED
t1-0,proof_byte,1748,xor01_from00,VERIFY_ACCEPTED
t1-0,proof_byte,1749,xor01_from00,VERIFY_ACCEPTED
t1-0,proof_byte,1750,xor01_from00,VERIFY_ACCEPTED
t1-0,proof_byte,1751,xor01_from00,VERIFY_ACCEPTED
t1-0,proof_byte,1752,xor01_from06,VERIFY_ACCEPTED
t1-0,proof_byte,1753,xor01_from00,VERIFY_ACCEPTED
t1-0,proof_byte,1754,xor01_from00,VERIFY_ACCEPTED
t1-0,proof_byte,1755,xor01_from00,VERIFY_ACCEPTED
t1-0,proof_byte,1756,xor01_from00,VERIFY_ACCEPTED
t1-0,proof_byte,1757,xor01_from00,VERIFY_ACCEPTED
t1-0,proof_byte,1758,xor01_from00,VERIFY_ACCEPTED
t1-0,proof_byte,1759,xor01_from00,VERIFY_ACCEPTED
t1-0,proof_byte,1760,xor01_from08,VERIFY_ACCEPTED
t1-0,proof_byte,1761,xor01_fromf3,VERIFY_ACCEPTED
t1-0,proof_byte,1762,xor01_from78,VERIFY_ACCEPTED
t1-0,proof_byte,1763,xor01_from26,VERIFY_ACCEPTED
t1-0,proof_byte,1764,xor01_from59,VERIFY_ACCEPTED
t1-0,proof_byte,1765,xor01_from51,VERIFY_ACCEPTED
t1-0,proof_byte,1766,xor01_from4a,VERIFY_ACCEPTED
t1-0,proof_byte,1767,xor01_fromfa,VERIFY_ACCEPTED
t1-0,proof_byte,1768,xor01_fromd3,VERIFY_ACCEPTED
t1-0,proof_byte,1769,xor01_frome1,VERIFY_ACCEPTED
t1-0,proof_byte,1770,xor01_from0f,VERIFY_ACCEPTED
t1-0,proof_byte,1771,xor01_from12,VERIFY_ACCEPTED
t1-0,proof_byte,1772,xor01_from01,VERIFY_ACCEPTED
t1-0,proof_byte,1773,xor01_from6d,VERIFY_ACCEPTED
t1-0,proof_byte,1774,xor01_from5d,VERIFY_ACCEPTED
t1-0,proof_byte,1775,xor01_from3b,VERIFY_ACCEPTED
t1-0,proof_byte,1776,xor01_from44,VERIFY_ACCEPTED
t1-0,proof_byte,1777,xor01_from7a,VERIFY_ACCEPTED
t1-0,proof_byte,1778,xor01_froma1,VERIFY_ACCEPTED
t1-0,proof_byte,1779,xor01_fromdf,VERIFY_ACCEPTED
t1-0,proof_byte,1780,xor01_from28,VERIFY_ACCEPTED
t1-0,proof_byte,1781,xor01_fromfc,VERIFY_ACCEPTED
t1-0,proof_byte,1782,xor01_fromce,VERIFY_ACCEPTED
t1-0,proof_byte,1783,xor01_from7a,VERIFY_ACCEPTED
t1-0,proof_byte,1784,xor01_from5e,VERIFY_ACCEPTED
t1-0,proof_byte,1785,xor01_from71,VERIFY_ACCEPTED
t1-0,proof_byte,1786,xor01_from5e,VERIFY_ACCEPTED
t1-0,proof_byte,1787,xor01_frombd,VERIFY_ACCEPTED
t1-0,proof_byte,1788,xor01_from1f,VERIFY_ACCEPTED
t1-0,proof_byte,1789,xor01_from47,VERIFY_ACCEPTED
t1-0,proof_byte,1790,xor01_from4d,VERIFY_ACCEPTED
t1-0,proof_byte,1791,xor01_from8b,VERIFY_ACCEPTED
t1-0,proof_byte,1792,xor01_from00,VERIFY_ACCEPTED
t1-0,proof_byte,1793,xor01_from00,DESERIALIZE_PANIC
t1-0,proof_byte,1794,xor01_from13,DESERIALIZE_PANIC
t1-0,proof_byte,1795,xor01_from02,DESERIALIZE_PANIC
t1-0,proof_byte,1796,xor01_from00,DESERIALIZE_PANIC
t1-0,proof_byte,1797,xor01_from00,DESERIALIZE_PANIC
t1-0,proof_byte,1798,xor01_from00,DESERIALIZE_PANIC
t1-0,proof_byte,1799,xor01_from00,DESERIALIZE_PANIC
t1-0,proof_byte,1800,xor01_from00,DESERIALIZE_PANIC
t1-0,proof_byte,1801,xor01_from00,DESERIALIZE_PANIC
t1-0,proof_byte,1802,xor01_from00,DESERIALIZE_PANIC
t1-0,proof_byte,1803,xor01_from07,DESERIALIZE_PANIC
t1-0,proof_byte,1804,xor01_from00,DESERIALIZE_PANIC
t1-0,proof_byte,1805,xor01_from00,DESERIALIZE_PANIC
t1-0,proof_byte,1806,xor01_from00,DESERIALIZE_PANIC
t1-0,proof_byte,1807,xor01_from00,DESERIALIZE_PANIC
t1-0,proof_byte,1808,xor01_from00,DESERIALIZE_PANIC
t1-0,proof_byte,1809,xor01_from00,DESERIALIZE_PANIC
t1-0,proof_byte,1810,xor01_from00,DESERIALIZE_PANIC
t1-0,proof_byte,1811,xor01_from02,DESERIALIZE_PANIC
t1-0,proof_byte,1812,xor01_fromf8,VERIFY_REJECTED
t1-0,proof_byte,1813,xor01_fromb1,VERIFY_REJECTED
t1-0,proof_byte,1814,xor01_from1b,VERIFY_REJECTED
t1-0,proof_byte,1815,xor01_froma7,VERIFY_REJECTED
t1-0,proof_byte,1816,xor01_fromba,VERIFY_REJECTED
t1-0,proof_byte,1817,xor01_fromb3,VERIFY_REJECTED
t1-0,proof_byte,1818,xor01_from40,VERIFY_REJECTED
t1-0,proof_byte,1819,xor01_from90,VERIFY_REJECTED
t1-0,proof_byte,1820,xor01_from2b,VERIFY_REJECTED
t1-0,proof_byte,1821,xor01_from0c,VERIFY_REJECTED
t1-0,proof_byte,1822,xor01_fromaf,VERIFY_REJECTED
t1-0,proof_byte,1823,xor01_from64,VERIFY_REJECTED
t1-0,proof_byte,1824,xor01_from1f,VERIFY_REJECTED
t1-0,proof_byte,1825,xor01_from5c,VERIFY_REJECTED
t1-0,proof_byte,1826,xor01_from45,VERIFY_REJECTED
t1-0,proof_byte,1827,xor01_from80,VERIFY_REJECTED
t1-0,proof_byte,1828,xor01_fromf9,VERIFY_REJECTED
t1-0,proof_byte,1829,xor01_frome1,VERIFY_REJECTED
t1-0,proof_byte,1830,xor01_fromc4,VERIFY_REJECTED
t1-0,proof_byte,1831,xor01_from0d,VERIFY_REJECTED
t1-0,proof_byte,1832,xor01_from50,VERIFY_REJECTED
t1-0,proof_byte,1833,xor01_from29,VERIFY_REJECTED
t1-0,proof_byte,1834,xor01_from55,VERIFY_REJECTED
t1-0,proof_byte,1835,xor01_from2b,VERIFY_REJECTED
t1-0,proof_byte,1836,xor01_from10,VERIFY_REJECTED
t1-0,proof_byte,1837,xor01_from1b,VERIFY_REJECTED
t1-0,proof_byte,1838,xor01_from89,VERIFY_REJECTED
t1-0,proof_byte,1839,xor01_fromd9,VERIFY_REJECTED
t1-0,proof_byte,1840,xor01_fromb3,VERIFY_REJECTED
t1-0,proof_byte,1841,xor01_fromfc,VERIFY_REJECTED
t1-0,proof_byte,1842,xor01_frome4,VERIFY_REJECTED
t1-0,proof_byte,1843,xor01_from04,VERIFY_REJECTED
t1-0,proof_byte,1844,xor01_from00,DESERIALIZE_PANIC
t1-0,proof_byte,1845,xor01_from13,DESERIALIZE_PANIC
t1-0,proof_byte,1846,xor01_from02,DESERIALIZE_PANIC
t1-0,proof_byte,1847,xor01_from00,DESERIALIZE_PANIC
t1-0,proof_byte,1848,xor01_from00,DESERIALIZE_PANIC
t1-0,proof_byte,1849,xor01_from00,DESERIALIZE_PANIC
t1-0,proof_byte,1850,xor01_from00,DESERIALIZE_PANIC
t1-0,proof_byte,1851,xor01_from00,DESERIALIZE_PANIC
t1-0,proof_byte,1852,xor01_from00,DESERIALIZE_PANIC
t1-0,proof_byte,1853,xor01_from00,DESERIALIZE_PANIC
t1-0,proof_byte,1854,xor01_from07,DESERIALIZE_PANIC
t1-0,proof_byte,1855,xor01_from00,DESERIALIZE_PANIC
t1-0,proof_byte,1856,xor01_from00,DESERIALIZE_PANIC
t1-0,proof_byte,1857,xor01_from00,DESERIALIZE_PANIC
t1-0,proof_byte,1858,xor01_from00,DESERIALIZE_PANIC
t1-0,proof_byte,1859,xor01_from00,DESERIALIZE_PANIC
t1-0,proof_byte,1860,xor01_from00,DESERIALIZE_PANIC
t1-0,proof_byte,1861,xor01_from00,DESERIALIZE_PANIC
t1-0,proof_byte,1862,xor01_from05,DESERIALIZE_PANIC
t1-0,proof_byte,1863,xor01_from22,VERIFY_REJECTED
t1-0,proof_byte,1864,xor01_from1a,VERIFY_REJECTED
t1-0,proof_byte,1865,xor01_from19,VERIFY_REJECTED
t1-0,proof_byte,1866,xor01_frome2,VERIFY_REJECTED
t1-0,proof_byte,1867,xor01_from9c,VERIFY_REJECTED
t1-0,proof_byte,1868,xor01_from17,VERIFY_REJECTED
t1-0,proof_byte,1869,xor01_fromcd,VERIFY_REJECTED
t1-0,proof_byte,1870,xor01_from7f,VERIFY_REJECTED
t1-0,proof_byte,1871,xor01_from98,VERIFY_REJECTED
t1-0,proof_byte,1872,xor01_from5b,VERIFY_REJECTED
t1-0,proof_byte,1873,xor01_from64,VERIFY_REJECTED
t1-0,proof_byte,1874,xor01_from2e,VERIFY_REJECTED
t1-0,proof_byte,1875,xor01_from00,VERIFY_REJECTED
t1-0,proof_byte,1876,xor01_fromc7,VERIFY_REJECTED
t1-0,proof_byte,1877,xor01_from3a,VERIFY_REJECTED
t1-0,proof_byte,1878,xor01_froma3,VERIFY_REJECTED
t1-0,proof_byte,1879,xor01_from95,VERIFY_REJECTED
t1-0,proof_byte,1880,xor01_from2b,VERIFY_REJECTED
t1-0,proof_byte,1881,xor01_from96,VERIFY_REJECTED
t1-0,proof_byte,1882,xor01_from27,VERIFY_REJECTED
t1-0,proof_byte,1883,xor01_from56,VERIFY_REJECTED
t1-0,proof_byte,1884,xor01_from7a,VERIFY_REJECTED
t1-0,proof_byte,1885,xor01_from4f,VERIFY_REJECTED
t1-0,proof_byte,1886,xor01_from19,VERIFY_REJECTED
t1-0,proof_byte,1887,xor01_fromc3,VERIFY_REJECTED
t1-0,proof_byte,1888,xor01_from3e,VERIFY_REJECTED
t1-0,proof_byte,1889,xor01_from1e,VERIFY_REJECTED
t1-0,proof_byte,1890,xor01_from68,VERIFY_REJECTED
t1-0,proof_byte,1891,xor01_from83,VERIFY_REJECTED
t1-0,proof_byte,1892,xor01_fromec,VERIFY_REJECTED
t1-0,proof_byte,1893,xor01_from02,VERIFY_REJECTED
t1-0,proof_byte,1894,xor01_from26,VERIFY_REJECTED
t1-0,proof_byte,1895,xor01_from00,DESERIALIZE_PANIC
t1-0,proof_byte,1896,xor01_from13,DESERIALIZE_PANIC
t1-0,proof_byte,1897,xor01_from02,DESERIALIZE_PANIC
t1-0,proof_byte,1898,xor01_from00,DESERIALIZE_PANIC
t1-0,proof_byte,1899,xor01_from00,DESERIALIZE_PANIC
t1-0,proof_byte,1900,xor01_from00,DESERIALIZE_PANIC
t1-0,proof_byte,1901,xor01_from00,DESERIALIZE_PANIC
t1-0,proof_byte,1902,xor01_from00,DESERIALIZE_PANIC
t1-0,proof_byte,1903,xor01_from00,DESERIALIZE_PANIC
t1-0,proof_byte,1904,xor01_from00,DESERIALIZE_PANIC
t1-0,proof_byte,1905,xor01_from07,DESERIALIZE_PANIC
t1-0,proof_byte,1906,xor01_from00,DESERIALIZE_PANIC
t1-0,proof_byte,1907,xor01_from00,DESERIALIZE_PANIC
t1-0,proof_byte,1908,xor01_from00,DESERIALIZE_PANIC
t1-0,proof_byte,1909,xor01_from00,DESERIALIZE_PANIC
t1-0,proof_byte,1910,xor01_from00,DESERIALIZE_PANIC
t1-0,proof_byte,1911,xor01_from00,DESERIALIZE_PANIC
t1-0,proof_byte,1912,xor01_from00,DESERIALIZE_PANIC
t1-0,proof_byte,1913,xor01_from06,DESERIALIZE_REJECTED
t1-0,proof_byte,1914,xor01_from7c,VERIFY_REJECTED
t1-0,proof_byte,1915,xor01_from7e,VERIFY_REJECTED
t1-0,proof_byte,1916,xor01_frome4,VERIFY_REJECTED
t1-0,proof_byte,1917,xor01_frome1,VERIFY_REJECTED
t1-0,proof_byte,1918,xor01_fromdc,VERIFY_REJECTED
t1-0,proof_byte,1919,xor01_from7f,VERIFY_REJECTED
t1-0,proof_byte,1920,xor01_from40,VERIFY_REJECTED
t1-0,proof_byte,1921,xor01_fromdc,VERIFY_REJECTED
t1-0,proof_byte,1922,xor01_fromef,VERIFY_REJECTED
t1-0,proof_byte,1923,xor01_frombc,VERIFY_REJECTED
t1-0,proof_byte,1924,xor01_fromcd,VERIFY_REJECTED
t1-0,proof_byte,1925,xor01_from81,VERIFY_REJECTED
t1-0,proof_byte,1926,xor01_frome5,VERIFY_REJECTED
t1-0,proof_byte,1927,xor01_from28,VERIFY_REJECTED
t1-0,proof_byte,1928,xor01_from98,VERIFY_REJECTED
t1-0,proof_byte,1929,xor01_from8c,VERIFY_REJECTED
t1-0,proof_byte,1930,xor01_from04,VERIFY_REJECTED
t1-0,proof_byte,1931,xor01_from6b,VERIFY_REJECTED
t1-0,proof_byte,1932,xor01_fromc9,VERIFY_REJECTED
t1-0,proof_byte,1933,xor01_from44,VERIFY_REJECTED
t1-0,proof_byte,1934,xor01_from3d,VERIFY_REJECTED
t1-0,proof_byte,1935,xor01_frombc,VERIFY_REJECTED
t1-0,proof_byte,1936,xor01_from96,VERIFY_REJECTED
t1-0,proof_byte,1937,xor01_frome9,VERIFY_REJECTED
t1-0,proof_byte,1938,xor01_from45,VERIFY_REJECTED
t1-0,proof_byte,1939,xor01_from0d,VERIFY_REJECTED
t1-0,proof_byte,1940,xor01_from41,VERIFY_REJECTED
t1-0,proof_byte,1941,xor01_from33,VERIFY_REJECTED
t1-0,proof_byte,1942,xor01_froma7,VERIFY_REJECTED
t1-0,proof_byte,1943,xor01_fromf0,VERIFY_REJECTED
t1-0,proof_byte,1944,xor01_from51,VERIFY_REJECTED
t1-0,proof_byte,1945,xor01_from1a,VERIFY_REJECTED
t1-0,proof_byte,1946,xor01_from00,VERIFY_ACCEPTED
t1-0,proof_byte,1947,xor01_from13,VERIFY_ACCEPTED
t1-0,proof_byte,1948,xor01_from02,VERIFY_ACCEPTED
t1-0,proof_byte,1949,xor01_from00,VERIFY_ACCEPTED
t1-0,proof_byte,1950,xor01_from00,VERIFY_ACCEPTED
t1-0,proof_byte,1951,xor01_from00,VERIFY_ACCEPTED
t1-0,proof_byte,1952,xor01_from00,VERIFY_ACCEPTED
t1-0,proof_byte,1953,xor01_from00,VERIFY_ACCEPTED
t1-0,proof_byte,1954,xor01_from00,VERIFY_ACCEPTED
t1-0,proof_byte,1955,xor01_from00,VERIFY_ACCEPTED
t1-0,proof_byte,1956,xor01_from07,VERIFY_ACCEPTED
t1-0,proof_byte,1957,xor01_from00,VERIFY_ACCEPTED
t1-0,proof_byte,1958,xor01_from00,VERIFY_ACCEPTED
t1-0,proof_byte,1959,xor01_from00,VERIFY_ACCEPTED
t1-0,proof_byte,1960,xor01_from00,VERIFY_ACCEPTED
t1-0,proof_byte,1961,xor01_from00,VERIFY_ACCEPTED
t1-0,proof_byte,1962,xor01_from00,VERIFY_ACCEPTED
t1-0,proof_byte,1963,xor01_from00,VERIFY_ACCEPTED
t1-0,proof_byte,1964,xor01_from08,VERIFY_ACCEPTED
t1-0,proof_byte,1965,xor01_fromf3,VERIFY_ACCEPTED
t1-0,proof_byte,1966,xor01_from78,VERIFY_ACCEPTED
t1-0,proof_byte,1967,xor01_from26,VERIFY_ACCEPTED
t1-0,proof_byte,1968,xor01_from59,VERIFY_ACCEPTED
t1-0,proof_byte,1969,xor01_from51,VERIFY_ACCEPTED
t1-0,proof_byte,1970,xor01_from4a,VERIFY_ACCEPTED
t1-0,proof_byte,1971,xor01_fromfa,VERIFY_ACCEPTED
t1-0,proof_byte,1972,xor01_fromd3,VERIFY_ACCEPTED
t1-0,proof_byte,1973,xor01_frome1,VERIFY_ACCEPTED
t1-0,proof_byte,1974,xor01_from0f,VERIFY_ACCEPTED
t1-0,proof_byte,1975,xor01_from12,VERIFY_ACCEPTED
t1-0,proof_byte,1976,xor01_from01,VERIFY_ACCEPTED
t1-0,proof_byte,1977,xor01_from6d,VERIFY_ACCEPTED
t1-0,proof_byte,1978,xor01_from5d,VERIFY_ACCEPTED
t1-0,proof_byte,1979,xor01_from3b,VERIFY_ACCEPTED
t1-0,proof_byte,1980,xor01_from44,VERIFY_ACCEPTED
t1-0,proof_byte,1981,xor01_from7a,VERIFY_ACCEPTED
t1-0,proof_byte,1982,xor01_froma1,VERIFY_ACCEPTED
t1-0,proof_byte,1983,xor01_fromdf,VERIFY_ACCEPTED
t1-0,proof_byte,1984,xor01_from28,VERIFY_ACCEPTED
t1-0,proof_byte,1985,xor01_fromfc,VERIFY_ACCEPTED
t1-0,proof_byte,1986,xor01_fromce,VERIFY_ACCEPTED
t1-0,proof_byte,1987,xor01_from7a,VERIFY_ACCEPTED
t1-0,proof_byte,1988,xor01_from5e,VERIFY_ACCEPTED
t1-0,proof_byte,1989,xor01_from71,VERIFY_ACCEPTED
t1-0,proof_byte,1990,xor01_from5e,VERIFY_ACCEPTED
t1-0,proof_byte,1991,xor01_frombd,VERIFY_ACCEPTED
t1-0,proof_byte,1992,xor01_from1f,VERIFY_ACCEPTED
t1-0,proof_byte,1993,xor01_from47,VERIFY_ACCEPTED
t1-0,proof_byte,1994,xor01_from4d,VERIFY_ACCEPTED
t1-0,proof_byte,1995,xor01_from8b,VERIFY_ACCEPTED
t1-0,proof_byte,1996,xor01_from00,VERIFY_ACCEPTED
t1-0,proof_byte,1997,xor01_from00,DESERIALIZE_REJECTED
t1-0,proof_byte,1998,xor01_from13,DESERIALIZE_PANIC
t1-0,proof_byte,1999,xor01_from02,DESERIALIZE_PANIC
t1-0,proof_byte,2000,xor01_from00,DESERIALIZE_PANIC
t1-0,proof_byte,2001,xor01_from00,DESERIALIZE_PANIC
t1-0,proof_byte,2002,xor01_from00,DESERIALIZE_PANIC
t1-0,proof_byte,2003,xor01_from00,DESERIALIZE_PANIC
t1-0,proof_byte,2004,xor01_from00,DESERIALIZE_PANIC
t1-0,proof_byte,2005,xor01_from00,DESERIALIZE_PANIC
t1-0,proof_byte,2006,xor01_from00,DESERIALIZE_PANIC
t1-0,proof_byte,2007,xor01_from08,DESERIALIZE_PANIC
t1-0,proof_byte,2008,xor01_from00,DESERIALIZE_PANIC
t1-0,proof_byte,2009,xor01_from00,DESERIALIZE_PANIC
t1-0,proof_byte,2010,xor01_from00,DESERIALIZE_PANIC
t1-0,proof_byte,2011,xor01_from00,DESERIALIZE_PANIC
t1-0,proof_byte,2012,xor01_from00,DESERIALIZE_PANIC
t1-0,proof_byte,2013,xor01_from00,DESERIALIZE_PANIC
t1-0,proof_byte,2014,xor01_from00,DESERIALIZE_PANIC
t1-0,proof_byte,2015,xor01_from02,DESERIALIZE_PANIC
t1-0,proof_byte,2016,xor01_from52,VERIFY_REJECTED
t1-0,proof_byte,2017,xor01_fromc9,VERIFY_REJECTED
t1-0,proof_byte,2018,xor01_fromcc,VERIFY_REJECTED
t1-0,proof_byte,2019,xor01_from47,VERIFY_REJECTED
t1-0,proof_byte,2020,xor01_fromf8,VERIFY_REJECTED
t1-0,proof_byte,2021,xor01_from33,VERIFY_REJECTED
t1-0,proof_byte,2022,xor01_fromf1,VERIFY_REJECTED
t1-0,proof_byte,2023,xor01_from97,VERIFY_REJECTED
t1-0,proof_byte,2024,xor01_frombf,VERIFY_REJECTED
t1-0,proof_byte,2025,xor01_from5a,VERIFY_REJECTED
t1-0,proof_byte,2026,xor01_froma2,VERIFY_REJECTED
t1-0,proof_byte,2027,xor01_from30,VERIFY_REJECTED
t1-0,proof_byte,2028,xor01_fromaa,VERIFY_REJECTED
t1-0,proof_byte,2029,xor01_from74,VERIFY_REJECTED
t1-0,proof_byte,2030,xor01_frome4,VERIFY_REJECTED
t1-0,proof_byte,2031,xor01_from7d,VERIFY_REJECTED
t1-0,proof_byte,2032,xor01_fromfa,VERIFY_REJECTED
t1-0,proof_byte,2033,xor01_fromac,VERIFY_REJECTED
t1-0,proof_byte,2034,xor01_from4b,VERIFY_REJECTED
t1-0,proof_byte,2035,xor01_frombe,VERIFY_REJECTED
t1-0,proof_byte,2036,xor01_from0c,VERIFY_REJECTED
t1-0,proof_byte,2037,xor01_from42,VERIFY_REJECTED
t1-0,proof_byte,2038,xor01_from5e,VERIFY_REJECTED
t1-0,proof_byte,2039,xor01_froma9,VERIFY_REJECTED
t1-0,proof_byte,2040,xor01_from06,VERIFY_REJECTED
t1-0,proof_byte,2041,xor01_from75,VERIFY_REJECTED
t1-0,proof_byte,2042,xor01_from53,VERIFY_REJECTED
t1-0,proof_byte,2043,xor01_from8b,VERIFY_REJECTED
t1-0,proof_byte,2044,xor01_from44,VERIFY_REJECTED
t1-0,proof_byte,2045,xor01_fromf2,VERIFY_REJECTED
t1-0,proof_byte,2046,xor01_from13,VERIFY_REJECTED
t1-0,proof_byte,2047,xor01_from04,VERIFY_REJECTED
t1-0,proof_byte,2048,xor01_from00,DESERIALIZE_REJECTED
t1-0,proof_byte,2049,xor01_from13,DESERIALIZE_PANIC
t1-0,proof_byte,2050,xor01_from02,DESERIALIZE_PANIC
t1-0,proof_byte,2051,xor01_from00,DESERIALIZE_PANIC
t1-0,proof_byte,2052,xor01_from00,DESERIALIZE_PANIC
t1-0,proof_byte,2053,xor01_from00,DESERIALIZE_PANIC
t1-0,proof_byte,2054,xor01_from00,DESERIALIZE_PANIC
t1-0,proof_byte,2055,xor01_from00,DESERIALIZE_PANIC
t1-0,proof_byte,2056,xor01_from00,DESERIALIZE_PANIC
t1-0,proof_byte,2057,xor01_from00,DESERIALIZE_PANIC
t1-0,proof_byte,2058,xor01_from08,DESERIALIZE_PANIC
t1-0,proof_byte,2059,xor01_from00,DESERIALIZE_PANIC
t1-0,proof_byte,2060,xor01_from00,DESERIALIZE_PANIC
t1-0,proof_byte,2061,xor01_from00,DESERIALIZE_PANIC
t1-0,proof_byte,2062,xor01_from00,DESERIALIZE_PANIC
t1-0,proof_byte,2063,xor01_from00,DESERIALIZE_PANIC
t1-0,proof_byte,2064,xor01_from00,DESERIALIZE_PANIC
t1-0,proof_byte,2065,xor01_from00,DESERIALIZE_PANIC
t1-0,proof_byte,2066,xor01_from05,DESERIALIZE_PANIC
t1-0,proof_byte,2067,xor01_from22,VERIFY_REJECTED
t1-0,proof_byte,2068,xor01_from1a,VERIFY_REJECTED
t1-0,proof_byte,2069,xor01_from19,VERIFY_REJECTED
t1-0,proof_byte,2070,xor01_frome2,VERIFY_REJECTED
t1-0,proof_byte,2071,xor01_from9c,VERIFY_REJECTED
t1-0,proof_byte,2072,xor01_from17,VERIFY_REJECTED
t1-0,proof_byte,2073,xor01_fromcd,VERIFY_REJECTED
t1-0,proof_byte,2074,xor01_from7f,VERIFY_REJECTED
t1-0,proof_byte,2075,xor01_from98,VERIFY_REJECTED
t1-0,proof_byte,2076,xor01_from5b,VERIFY_REJECTED
t1-0,proof_byte,2077,xor01_from64,VERIFY_REJECTED
t1-0,proof_byte,2078,xor01_from2e,VERIFY_REJECTED
t1-0,proof_byte,2079,xor01_from00,VERIFY_REJECTED
t1-0,proof_byte,2080,xor01_fromc7,VERIFY_REJECTED
t1-0,proof_byte,2081,xor01_from3a,VERIFY_REJECTED
t1-0,proof_byte,2082,xor01_froma3,VERIFY_REJECTED
t1-0,proof_byte,2083,xor01_from95,VERIFY_REJECTED
t1-0,proof_byte,2084,xor01_from2b,VERIFY_REJECTED
t1-0,proof_byte,2085,xor01_from96,VERIFY_REJECTED
t1-0,proof_byte,2086,xor01_from27,VERIFY_REJECTED
t1-0,proof_byte,2087,xor01_from56,VERIFY_REJECTED
t1-0,proof_byte,2088,xor01_from7a,VERIFY_REJECTED
t1-0,proof_byte,2089,xor01_from4f,VERIFY_REJECTED
t1-0,proof_byte,2090,xor01_from19,VERIFY_REJECTED
t1-0,proof_byte,2091,xor01_fromc3,VERIFY_REJECTED
t1-0,proof_byte,2092,xor01_from3e,VERIFY_REJECTED
t1-0,proof_byte,2093,xor01_from1e,VERIFY_REJECTED
t1-0,proof_byte,2094,xor01_from68,VERIFY_REJECTED
t1-0,proof_byte,2095,xor01_from83,VERIFY_REJECTED
t1-0,proof_byte,2096,xor01_fromec,VERIFY_REJECTED
t1-0,proof_byte,2097,xor01_from02,VERIFY_REJECTED
t1-0,proof_byte,2098,xor01_from26,VERIFY_REJECTED
t1-0,proof_byte,2099,xor01_from00,DESERIALIZE_REJECTED
t1-0,proof_byte,2100,xor01_from13,DESERIALIZE_PANIC
t1-0,proof_byte,2101,xor01_from02,DESERIALIZE_PANIC
t1-0,proof_byte,2102,xor01_from00,DESERIALIZE_PANIC
t1-0,proof_byte,2103,xor01_from00,DESERIALIZE_PANIC
t1-0,proof_byte,2104,xor01_from00,DESERIALIZE_PANIC
t1-0,proof_byte,2105,xor01_from00,DESERIALIZE_PANIC
t1-0,proof_byte,2106,xor01_from00,DESERIALIZE_PANIC
t1-0,proof_byte,2107,xor01_from00,DESERIALIZE_PANIC
t1-0,proof_byte,2108,xor01_from00,DESERIALIZE_PANIC
t1-0,proof_byte,2109,xor01_from08,DESERIALIZE_PANIC
t1-0,proof_byte,2110,xor01_from00,DESERIALIZE_PANIC
t1-0,proof_byte,2111,xor01_from00,DESERIALIZE_PANIC
t1-0,proof_byte,2112,xor01_from00,DESERIALIZE_PANIC
t1-0,proof_byte,2113,xor01_from00,DESERIALIZE_PANIC
t1-0,proof_byte,2114,xor01_from00,DESERIALIZE_PANIC
t1-0,proof_byte,2115,xor01_from00,DESERIALIZE_PANIC
t1-0,proof_byte,2116,xor01_from00,DESERIALIZE_PANIC
t1-0,proof_byte,2117,xor01_from06,DESERIALIZE_REJECTED
t1-0,proof_byte,2118,xor01_from7c,VERIFY_REJECTED
t1-0,proof_byte,2119,xor01_from7e,VERIFY_REJECTED
t1-0,proof_byte,2120,xor01_frome4,VERIFY_REJECTED
t1-0,proof_byte,2121,xor01_frome1,VERIFY_REJECTED
t1-0,proof_byte,2122,xor01_fromdc,VERIFY_REJECTED
t1-0,proof_byte,2123,xor01_from7f,VERIFY_REJECTED
t1-0,proof_byte,2124,xor01_from40,VERIFY_REJECTED
t1-0,proof_byte,2125,xor01_fromdc,VERIFY_REJECTED
t1-0,proof_byte,2126,xor01_fromef,VERIFY_REJECTED
t1-0,proof_byte,2127,xor01_frombc,VERIFY_REJECTED
t1-0,proof_byte,2128,xor01_fromcd,VERIFY_REJECTED
t1-0,proof_byte,2129,xor01_from81,VERIFY_REJECTED
t1-0,proof_byte,2130,xor01_frome5,VERIFY_REJECTED
t1-0,proof_byte,2131,xor01_from28,VERIFY_REJECTED
t1-0,proof_byte,2132,xor01_from98,VERIFY_REJECTED
t1-0,proof_byte,2133,xor01_from8c,VERIFY_REJECTED
t1-0,proof_byte,2134,xor01_from04,VERIFY_REJECTED
t1-0,proof_byte,2135,xor01_from6b,VERIFY_REJECTED
t1-0,proof_byte,2136,xor01_fromc9,VERIFY_REJECTED
t1-0,proof_byte,2137,xor01_from44,VERIFY_REJECTED
t1-0,proof_byte,2138,xor01_from3d,VERIFY_REJECTED
t1-0,proof_byte,2139,xor01_frombc,VERIFY_REJECTED
t1-0,proof_byte,2140,xor01_from96,VERIFY_REJECTED
t1-0,proof_byte,2141,xor01_frome9,VERIFY_REJECTED
t1-0,proof_byte,2142,xor01_from45,VERIFY_REJECTED
t1-0,proof_byte,2143,xor01_from0d,VERIFY_REJECTED
t1-0,proof_byte,2144,xor01_from41,VERIFY_REJECTED
t1-0,proof_byte,2145,xor01_from33,VERIFY_REJECTED
t1-0,proof_byte,2146,xor01_froma7,VERIFY_REJECTED
t1-0,proof_byte,2147,xor01_fromf0,VERIFY_REJECTED
t1-0,proof_byte,2148,xor01_from51,VERIFY_REJECTED
t1-0,proof_byte,2149,xor01_from1a,VERIFY_REJECTED
t1-0,proof_byte,2150,xor01_from00,DESERIALIZE_REJECTED
t1-0,proof_byte,2151,xor01_from13,VERIFY_ACCEPTED
t1-0,proof_byte,2152,xor01_from02,VERIFY_ACCEPTED
t1-0,proof_byte,2153,xor01_from00,VERIFY_ACCEPTED
t1-0,proof_byte,2154,xor01_from00,VERIFY_ACCEPTED
t1-0,proof_byte,2155,xor01_from00,VERIFY_ACCEPTED
t1-0,proof_byte,2156,xor01_from00,VERIFY_ACCEPTED
t1-0,proof_byte,2157,xor01_from00,VERIFY_ACCEPTED
t1-0,proof_byte,2158,xor01_from00,VERIFY_ACCEPTED
t1-0,proof_byte,2159,xor01_from00,VERIFY_ACCEPTED
t1-0,proof_byte,2160,xor01_from08,VERIFY_ACCEPTED
t1-0,proof_byte,2161,xor01_from00,VERIFY_ACCEPTED
t1-0,proof_byte,2162,xor01_from00,VERIFY_ACCEPTED
t1-0,proof_byte,2163,xor01_from00,VERIFY_ACCEPTED
t1-0,proof_byte,2164,xor01_from00,VERIFY_ACCEPTED
t1-0,proof_byte,2165,xor01_from00,VERIFY_ACCEPTED
t1-0,proof_byte,2166,xor01_from00,VERIFY_ACCEPTED
t1-0,proof_byte,2167,xor01_from00,VERIFY_ACCEPTED
t1-0,proof_byte,2168,xor01_from08,VERIFY_ACCEPTED
t1-0,proof_byte,2169,xor01_fromf3,VERIFY_ACCEPTED
t1-0,proof_byte,2170,xor01_from78,VERIFY_ACCEPTED
t1-0,proof_byte,2171,xor01_from26,VERIFY_ACCEPTED
t1-0,proof_byte,2172,xor01_from59,VERIFY_ACCEPTED
t1-0,proof_byte,2173,xor01_from51,VERIFY_ACCEPTED
t1-0,proof_byte,2174,xor01_from4a,VERIFY_ACCEPTED
t1-0,proof_byte,2175,xor01_fromfa,VERIFY_ACCEPTED
t1-0,proof_byte,2176,xor01_fromd3,VERIFY_ACCEPTED
t1-0,proof_byte,2177,xor01_frome1,VERIFY_ACCEPTED
t1-0,proof_byte,2178,xor01_from0f,VERIFY_ACCEPTED
t1-0,proof_byte,2179,xor01_from12,VERIFY_ACCEPTED
t1-0,proof_byte,2180,xor01_from01,VERIFY_ACCEPTED
t1-0,proof_byte,2181,xor01_from6d,VERIFY_ACCEPTED
t1-0,proof_byte,2182,xor01_from5d,VERIFY_ACCEPTED
t1-0,proof_byte,2183,xor01_from3b,VERIFY_ACCEPTED
t1-0,proof_byte,2184,xor01_from44,VERIFY_ACCEPTED
t1-0,proof_byte,2185,xor01_from7a,VERIFY_ACCEPTED
t1-0,proof_byte,2186,xor01_froma1,VERIFY_ACCEPTED
t1-0,proof_byte,2187,xor01_fromdf,VERIFY_ACCEPTED
t1-0,proof_byte,2188,xor01_from28,VERIFY_ACCEPTED
t1-0,proof_byte,2189,xor01_fromfc,VERIFY_ACCEPTED
t1-0,proof_byte,2190,xor01_fromce,VERIFY_ACCEPTED
t1-0,proof_byte,2191,xor01_from7a,VERIFY_ACCEPTED
t1-0,proof_byte,2192,xor01_from5e,VERIFY_ACCEPTED
t1-0,proof_byte,2193,xor01_from71,VERIFY_ACCEPTED
t1-0,proof_byte,2194,xor01_from5e,VERIFY_ACCEPTED
t1-0,proof_byte,2195,xor01_frombd,VERIFY_ACCEPTED
t1-0,proof_byte,2196,xor01_from1f,VERIFY_ACCEPTED
t1-0,proof_byte,2197,xor01_from47,VERIFY_ACCEPTED
t1-0,proof_byte,2198,xor01_from4d,VERIFY_ACCEPTED
t1-0,proof_byte,2199,xor01_from8b,VERIFY_ACCEPTED
t1-0,proof_byte,2200,xor01_from00,VERIFY_ACCEPTED
t1-0,proof_byte,2201,xor01_from00,DESERIALIZE_REJECTED
t1-0,proof_byte,2202,xor01_from13,DESERIALIZE_PANIC
t1-0,proof_byte,2203,xor01_from02,DESERIALIZE_PANIC
t1-0,proof_byte,2204,xor01_from00,DESERIALIZE_PANIC
t1-0,proof_byte,2205,xor01_from00,DESERIALIZE_PANIC
t1-0,proof_byte,2206,xor01_from00,DESERIALIZE_PANIC
t1-0,proof_byte,2207,xor01_from00,DESERIALIZE_PANIC
t1-0,proof_byte,2208,xor01_from00,DESERIALIZE_PANIC
t1-0,proof_byte,2209,xor01_from00,DESERIALIZE_PANIC
t1-0,proof_byte,2210,xor01_from00,DESERIALIZE_PANIC
t1-0,proof_byte,2211,xor01_from09,DESERIALIZE_PANIC
t1-0,proof_byte,2212,xor01_from00,DESERIALIZE_PANIC
t1-0,proof_byte,2213,xor01_from00,DESERIALIZE_PANIC
t1-0,proof_byte,2214,xor01_from00,DESERIALIZE_PANIC
t1-0,proof_byte,2215,xor01_from00,DESERIALIZE_PANIC
t1-0,proof_byte,2216,xor01_from00,DESERIALIZE_PANIC
t1-0,proof_byte,2217,xor01_from00,DESERIALIZE_PANIC
t1-0,proof_byte,2218,xor01_from00,DESERIALIZE_PANIC
t1-0,proof_byte,2219,xor01_from02,DESERIALIZE_PANIC
t1-0,proof_byte,2220,xor01_from35,VERIFY_REJECTED
t1-0,proof_byte,2221,xor01_from87,VERIFY_REJECTED
t1-0,proof_byte,2222,xor01_from9d,VERIFY_REJECTED
t1-0,proof_byte,2223,xor01_from59,VERIFY_REJECTED
t1-0,proof_byte,2224,xor01_frome2,VERIFY_REJECTED
t1-0,proof_byte,2225,xor01_fromab,VERIFY_REJECTED
t1-0,proof_byte,2226,xor01_fromdd,VERIFY_REJECTED
t1-0,proof_byte,2227,xor01_frome6,VERIFY_REJECTED
t1-0,proof_byte,2228,xor01_from19,VERIFY_REJECTED
t1-0,proof_byte,2229,xor01_fromd6,VERIFY_REJECTED
t1-0,proof_byte,2230,xor01_from09,VERIFY_REJECTED
t1-0,proof_byte,2231,xor01_from18,VERIFY_REJECTED
t1-0,proof_byte,2232,xor01_from56,VERIFY_REJECTED
t1-0,proof_byte,2233,xor01_from56,VERIFY_REJECTED
t1-0,proof_byte,2234,xor01_from8f,VERIFY_REJECTED
t1-0,proof_byte,2235,xor01_from51,VERIFY_REJECTED
t1-0,proof_byte,2236,xor01_from7c,VERIFY_REJECTED
t1-0,proof_byte,2237,xor01_fromd6,VERIFY_REJECTED
t1-0,proof_byte,2238,xor01_fromb5,VERIFY_REJECTED
t1-0,proof_byte,2239,xor01_fromd8,VERIFY_REJECTED
t1-0,proof_byte,2240,xor01_fromfe,VERIFY_REJECTED
t1-0,proof_byte,2241,xor01_from45,VERIFY_REJECTED
t1-0,proof_byte,2242,xor01_from9e,VERIFY_REJECTED
t1-0,proof_byte,2243,xor01_from62,VERIFY_REJECTED
t1-0,proof_byte,2244,xor01_from3e,VERIFY_REJECTED
t1-0,proof_byte,2245,xor01_frome7,VERIFY_REJECTED
t1-0,proof_byte,2246,xor01_from56,VERIFY_REJECTED
t1-0,proof_byte,2247,xor01_from66,VERIFY_REJECTED
t1-0,proof_byte,2248,xor01_from00,VERIFY_REJECTED
t1-0,proof_byte,2249,xor01_from0b,VERIFY_REJECTED
t1-0,proof_byte,2250,xor01_fromc1,VERIFY_REJECTED
t1-0,proof_byte,2251,xor01_from2d,VERIFY_REJECTED
t1-0,proof_byte,2252,xor01_from00,DESERIALIZE_REJECTED
t1-0,proof_byte,2253,xor01_from13,DESERIALIZE_PANIC
t1-0,proof_byte,2254,xor01_from02,DESERIALIZE_PANIC
t1-0,proof_byte,2255,xor01_from00,DESERIALIZE_PANIC
t1-0,proof_byte,2256,xor01_from00,DESERIALIZE_PANIC
t1-0,proof_byte,2257,xor01_from00,DESERIALIZE_PANIC
t1-0,proof_byte,2258,xor01_from00,DESERIALIZE_PANIC
t1-0,proof_byte,2259,xor01_from00,DESERIALIZE_PANIC
t1-0,proof_byte,2260,xor01_from00,DESERIALIZE_PANIC
t1-0,proof_byte,2261,xor01_from00,DESERIALIZE_PANIC
t1-0,proof_byte,2262,xor01_from09,DESERIALIZE_PANIC
t1-0,proof_byte,2263,xor01_from00,DESERIALIZE_PANIC
t1-0,proof_byte,2264,xor01_from00,DESERIALIZE_PANIC
t1-0,proof_byte,2265,xor01_from00,DESERIALIZE_PANIC
t1-0,proof_byte,2266,xor01_from00,DESERIALIZE_PANIC
t1-0,proof_byte,2267,xor01_from00,DESERIALIZE_PANIC
t1-0,proof_byte,2268,xor01_from00,DESERIALIZE_PANIC
t1-0,proof_byte,2269,xor01_from00,DESERIALIZE_PANIC
t1-0,proof_byte,2270,xor01_from05,DESERIALIZE_PANIC
t1-0,proof_byte,2271,xor01_from22,VERIFY_REJECTED
t1-0,proof_byte,2272,xor01_from1a,VERIFY_REJECTED
t1-0,proof_byte,2273,xor01_from19,VERIFY_REJECTED
t1-0,proof_byte,2274,xor01_frome2,VERIFY_REJECTED
t1-0,proof_byte,2275,xor01_from9c,VERIFY_REJECTED
t1-0,proof_byte,2276,xor01_from17,VERIFY_REJECTED
t1-0,proof_byte,2277,xor01_fromcd,VERIFY_REJECTED
t1-0,proof_byte,2278,xor01_from7f,VERIFY_REJECTED
t1-0,proof_byte,2279,xor01_from98,VERIFY_REJECTED
t1-0,proof_byte,2280,xor01_from5b,VERIFY_REJECTED
t1-0,proof_byte,2281,xor01_from64,VERIFY_REJECTED
t1-0,proof_byte,2282,xor01_from2e,VERIFY_REJECTED
t1-0,proof_byte,2283,xor01_from00,VERIFY_REJECTED
t1-0,proof_byte,2284,xor01_fromc7,VERIFY_REJECTED
t1-0,proof_byte,2285,xor01_from3a,VERIFY_REJECTED
t1-0,proof_byte,2286,xor01_froma3,VERIFY_REJECTED
t1-0,proof_byte,2287,xor01_from95,VERIFY_REJECTED
t1-0,proof_byte,2288,xor01_from2b,VERIFY_REJECTED
t1-0,proof_byte,2289,xor01_from96,VERIFY_REJECTED
t1-0,proof_byte,2290,xor01_from27,VERIFY_REJECTED
t1-0,proof_byte,2291,xor01_from56,VERIFY_REJECTED
t1-0,proof_byte,2292,xor01_from7a,VERIFY_REJECTED
t1-0,proof_byte,2293,xor01_from4f,VERIFY_REJECTED
t1-0,proof_byte,2294,xor01_from19,VERIFY_REJECTED
t1-0,proof_byte,2295,xor01_fromc3,VERIFY_REJECTED
t1-0,proof_byte,2296,xor01_from3e,VERIFY_REJECTED
t1-0,proof_byte,2297,xor01_from1e,VERIFY_REJECTED
t1-0,proof_byte,2298,xor01_from68,VERIFY_REJECTED
t1-0,proof_byte,2299,xor01_from83,VERIFY_REJECTED
t1-0,proof_byte,2300,xor01_fromec,VERIFY_REJECTED
t1-0,proof_byte,2301,xor01_from02,VERIFY_REJECTED
t1-0,proof_byte,2302,xor01_from26,VERIFY_REJECTED
t1-0,proof_byte,2303,xor01_from00,DESERIALIZE_REJECTED
t1-0,proof_byte,2304,xor01_from13,DESERIALIZE_PANIC
t1-0,proof_byte,2305,xor01_from02,DESERIALIZE_PANIC
t1-0,proof_byte,2306,xor01_from00,DESERIALIZE_PANIC
t1-0,proof_byte,2307,xor01_from00,DESERIALIZE_PANIC
t1-0,proof_byte,2308,xor01_from00,DESERIALIZE_PANIC
t1-0,proof_byte,2309,xor01_from00,DESERIALIZE_PANIC
t1-0,proof_byte,2310,xor01_from00,DESERIALIZE_PANIC
t1-0,proof_byte,2311,xor01_from00,DESERIALIZE_PANIC
t1-0,proof_byte,2312,xor01_from00,DESERIALIZE_PANIC
t1-0,proof_byte,2313,xor01_from09,DESERIALIZE_PANIC
t1-0,proof_byte,2314,xor01_from00,DESERIALIZE_PANIC
t1-0,proof_byte,2315,xor01_from00,DESERIALIZE_PANIC
t1-0,proof_byte,2316,xor01_from00,DESERIALIZE_PANIC
t1-0,proof_byte,2317,xor01_from00,DESERIALIZE_PANIC
t1-0,proof_byte,2318,xor01_from00,DESERIALIZE_PANIC
t1-0,proof_byte,2319,xor01_from00,DESERIALIZE_PANIC
t1-0,proof_byte,2320,xor01_from00,DESERIALIZE_PANIC
t1-0,proof_byte,2321,xor01_from06,DESERIALIZE_REJECTED
t1-0,proof_byte,2322,xor01_from7c,VERIFY_REJECTED
t1-0,proof_byte,2323,xor01_from7e,VERIFY_REJECTED
t1-0,proof_byte,2324,xor01_frome4,VERIFY_REJECTED
t1-0,proof_byte,2325,xor01_frome1,VERIFY_REJECTED
t1-0,proof_byte,2326,xor01_fromdc,VERIFY_REJECTED
t1-0,proof_byte,2327,xor01_from7f,VERIFY_REJECTED
t1-0,proof_byte,2328,xor01_from40,VERIFY_REJECTED
t1-0,proof_byte,2329,xor01_fromdc,VERIFY_REJECTED
t1-0,proof_byte,2330,xor01_fromef,VERIFY_REJECTED
t1-0,proof_byte,2331,xor01_frombc,VERIFY_REJECTED
t1-0,proof_byte,2332,xor01_fromcd,VERIFY_REJECTED
t1-0,proof_byte,2333,xor01_from81,VERIFY_REJECTED
t1-0,proof_byte,2334,xor01_frome5,VERIFY_REJECTED
t1-0,proof_byte,2335,xor01_from28,VERIFY_REJECTED
t1-0,proof_byte,2336,xor01_from98,VERIFY_REJECTED
t1-0,proof_byte,2337,xor01_from8c,VERIFY_REJECTED
t1-0,proof_byte,2338,xor01_from04,VERIFY_REJECTED
t1-0,proof_byte,2339,xor01_from6b,VERIFY_REJECTED
t1-0,proof_byte,2340,xor01_fromc9,VERIFY_REJECTED
t1-0,proof_byte,2341,xor01_from44,VERIFY_REJECTED
t1-0,proof_byte,2342,xor01_from3d,VERIFY_REJECTED
t1-0,proof_byte,2343,xor01_frombc,VERIFY_REJECTED
t1-0,proof_byte,2344,xor01_from96,VERIFY_REJECTED
t1-0,proof_byte,2345,xor01_frome9,VERIFY_REJECTED
t1-0,proof_byte,2346,xor01_from45,VERIFY_REJECTED
t1-0,proof_byte,2347,xor01_from0d,VERIFY_REJECTED
t1-0,proof_byte,2348,xor01_from41,VERIFY_REJECTED
t1-0,proof_byte,2349,xor01_from33,VERIFY_REJECTED
t1-0,proof_byte,2350,xor01_froma7,VERIFY_REJECTED
t1-0,proof_byte,2351,xor01_fromf0,VERIFY_REJECTED
t1-0,proof_byte,2352,xor01_from51,VERIFY_REJECTED
t1-0,proof_byte,2353,xor01_from1a,VERIFY_REJECTED
t1-0,proof_byte,2354,xor01_from00,DESERIALIZE_REJECTED
t1-0,proof_byte,2355,xor01_from13,VERIFY_ACCEPTED
t1-0,proof_byte,2356,xor01_from02,VERIFY_ACCEPTED
t1-0,proof_byte,2357,xor01_from00,VERIFY_ACCEPTED
t1-0,proof_byte,2358,xor01_from00,VERIFY_ACCEPTED
t1-0,proof_byte,2359,xor01_from00,VERIFY_ACCEPTED
t1-0,proof_byte,2360,xor01_from00,VERIFY_ACCEPTED
t1-0,proof_byte,2361,xor01_from00,VERIFY_ACCEPTED
t1-0,proof_byte,2362,xor01_from00,VERIFY_ACCEPTED
t1-0,proof_byte,2363,xor01_from00,VERIFY_ACCEPTED
t1-0,proof_byte,2364,xor01_from09,VERIFY_ACCEPTED
t1-0,proof_byte,2365,xor01_from00,VERIFY_ACCEPTED
t1-0,proof_byte,2366,xor01_from00,VERIFY_ACCEPTED
t1-0,proof_byte,2367,xor01_from00,VERIFY_ACCEPTED
t1-0,proof_byte,2368,xor01_from00,VERIFY_ACCEPTED
t1-0,proof_byte,2369,xor01_from00,VERIFY_ACCEPTED
t1-0,proof_byte,2370,xor01_from00,VERIFY_ACCEPTED
t1-0,proof_byte,2371,xor01_from00,VERIFY_ACCEPTED
t1-0,proof_byte,2372,xor01_from08,VERIFY_ACCEPTED
t1-0,proof_byte,2373,xor01_fromf3,VERIFY_ACCEPTED
t1-0,proof_byte,2374,xor01_from78,VERIFY_ACCEPTED
t1-0,proof_byte,2375,xor01_from26,VERIFY_ACCEPTED
t1-0,proof_byte,2376,xor01_from59,VERIFY_ACCEPTED
t1-0,proof_byte,2377,xor01_from51,VERIFY_ACCEPTED
t1-0,proof_byte,2378,xor01_from4a,VERIFY_ACCEPTED
t1-0,proof_byte,2379,xor01_fromfa,VERIFY_ACCEPTED
t1-0,proof_byte,2380,xor01_fromd3,VERIFY_ACCEPTED
t1-0,proof_byte,2381,xor01_frome1,VERIFY_ACCEPTED
t1-0,proof_byte,2382,xor01_from0f,VERIFY_ACCEPTED
t1-0,proof_byte,2383,xor01_from12,VERIFY_ACCEPTED
t1-0,proof_byte,2384,xor01_from01,VERIFY_ACCEPTED
t1-0,proof_byte,2385,xor01_from6d,VERIFY_ACCEPTED
t1-0,proof_byte,2386,xor01_from5d,VERIFY_ACCEPTED
t1-0,proof_byte,2387,xor01_from3b,VERIFY_ACCEPTED
t1-0,proof_byte,2388,xor01_from44,VERIFY_ACCEPTED
t1-0,proof_byte,2389,xor01_from7a,VERIFY_ACCEPTED
t1-0,proof_byte,2390,xor01_froma1,VERIFY_ACCEPTED
t1-0,proof_byte,2391,xor01_fromdf,VERIFY_ACCEPTED
t1-0,proof_byte,2392,xor01_from28,VERIFY_ACCEPTED
t1-0,proof_byte,2393,xor01_fromfc,VERIFY_ACCEPTED
t1-0,proof_byte,2394,xor01_fromce,VERIFY_ACCEPTED
t1-0,proof_byte,2395,xor01_from7a,VERIFY_ACCEPTED
t1-0,proof_byte,2396,xor01_from5e,VERIFY_ACCEPTED
t1-0,proof_byte,2397,xor01_from71,VERIFY_ACCEPTED
t1-0,proof_byte,2398,xor01_from5e,VERIFY_ACCEPTED
t1-0,proof_byte,2399,xor01_frombd,VERIFY_ACCEPTED
t1-0,proof_byte,2400,xor01_from1f,VERIFY_ACCEPTED
t1-0,proof_byte,2401,xor01_from47,VERIFY_ACCEPTED
t1-0,proof_byte,2402,xor01_from4d,VERIFY_ACCEPTED
t1-0,proof_byte,2403,xor01_from8b,VERIFY_ACCEPTED
t1-0,proof_byte,2404,xor01_from00,VERIFY_ACCEPTED
t1-0,proof_byte,2405,xor01_from00,DESERIALIZE_REJECTED
t1-0,proof_byte,2406,xor01_from13,DESERIALIZE_PANIC
t1-0,proof_byte,2407,xor01_from02,DESERIALIZE_PANIC
t1-0,proof_byte,2408,xor01_from00,DESERIALIZE_PANIC
t1-0,proof_byte,2409,xor01_from00,DESERIALIZE_PANIC
t1-0,proof_byte,2410,xor01_from00,DESERIALIZE_PANIC
t1-0,proof_byte,2411,xor01_from00,DESERIALIZE_PANIC
t1-0,proof_byte,2412,xor01_from00,DESERIALIZE_PANIC
t1-0,proof_byte,2413,xor01_from00,DESERIALIZE_PANIC
t1-0,proof_byte,2414,xor01_from00,DESERIALIZE_PANIC
t1-0,proof_byte,2415,xor01_from0a,DESERIALIZE_PANIC
t1-0,proof_byte,2416,xor01_from00,DESERIALIZE_PANIC
t1-0,proof_byte,2417,xor01_from00,DESERIALIZE_PANIC
t1-0,proof_byte,2418,xor01_from00,DESERIALIZE_PANIC
t1-0,proof_byte,2419,xor01_from00,DESERIALIZE_PANIC
t1-0,proof_byte,2420,xor01_from00,DESERIALIZE_PANIC
t1-0,proof_byte,2421,xor01_from00,DESERIALIZE_PANIC
t1-0,proof_byte,2422,xor01_from00,DESERIALIZE_PANIC
t1-0,proof_byte,2423,xor01_from02,DESERIALIZE_PANIC
t1-0,proof_byte,2424,xor01_fromff,VERIFY_REJECTED
t1-0,proof_byte,2425,xor01_fromcf,VERIFY_REJECTED
t1-0,proof_byte,2426,xor01_from09,VERIFY_REJECTED
t1-0,proof_byte,2427,xor01_from3d,VERIFY_REJECTED
t1-0,proof_byte,2428,xor01_from75,VERIFY_REJECTED
t1-0,proof_byte,2429,xor01_from7d,VERIFY_REJECTED
t1-0,proof_byte,2430,xor01_from10,VERIFY_REJECTED
t1-0,proof_byte,2431,xor01_from7b,VERIFY_REJECTED
t1-0,proof_byte,2432,xor01_fromfd,VERIFY_REJECTED
t1-0,proof_byte,2433,xor01_fromfc,VERIFY_REJECTED
t1-0,proof_byte,2434,xor01_from3e,VERIFY_REJECTED
t1-0,proof_byte,2435,xor01_from3b,VERIFY_REJECTED
t1-0,proof_byte,2436,xor01_from5b,VERIFY_REJECTED
t1-0,proof_byte,2437,xor01_fromee,VERIFY_REJECTED
t1-0,proof_byte,2438,xor01_from3c,VERIFY_REJECTED
t1-0,proof_byte,2439,xor01_from42,VERIFY_REJECTED
t1-0,proof_byte,2440,xor01_from46,VERIFY_REJECTED
t1-0,proof_byte,2441,xor01_from6d,VERIFY_REJECTED
t1-0,proof_byte,2442,xor01_from16,VERIFY_REJECTED
t1-0,proof_byte,2443,xor01_froma4,VERIFY_REJECTED
t1-0,proof_byte,2444,xor01_from2a,VERIFY_REJECTED
t1-0,proof_byte,2445,xor01_fromfc,VERIFY_REJECTED
t1-0,proof_byte,2446,xor01_from46,VERIFY_REJECTED
t1-0,proof_byte,2447,xor01_from97,VERIFY_REJECTED
t1-0,proof_byte,2448,xor01_from13,VERIFY_REJECTED
t1-0,proof_byte,2449,xor01_frombe,VERIFY_REJECTED
t1-0,proof_byte,2450,xor01_from8e,VERIFY_REJECTED
t1-0,proof_byte,2451,xor01_from63,VERIFY_REJECTED
t1-0,proof_byte,2452,xor01_from88,VERIFY_REJECTED
t1-0,proof_byte,2453,xor01_from3e,VERIFY_REJECTED
t1-0,proof_byte,2454,xor01_frome6,VERIFY_REJECTED
t1-0,proof_byte,2455,xor01_from2b,VERIFY_REJECTED
t1-0,proof_byte,2456,xor01_from00,DESERIALIZE_REJECTED
t1-0,proof_byte,2457,xor01_from13,DESERIALIZE_PANIC
t1-0,proof_byte,2458,xor01_from02,DESERIALIZE_PANIC
t1-0,proof_byte,2459,xor01_from00,DESERIALIZE_PANIC
t1-0,proof_byte,2460,xor01_from00,DESERIALIZE_PANIC
t1-0,proof_byte,2461,xor01_from00,DESERIALIZE_PANIC
t1-0,proof_byte,2462,xor01_from00,DESERIALIZE_PANIC
t1-0,proof_byte,2463,xor01_from00,DESERIALIZE_PANIC
t1-0,proof_byte,2464,xor01_from00,DESERIALIZE_PANIC
t1-0,proof_byte,2465,xor01_from00,DESERIALIZE_PANIC
t1-0,proof_byte,2466,xor01_from0a,DESERIALIZE_PANIC
t1-0,proof_byte,2467,xor01_from00,DESERIALIZE_PANIC
t1-0,proof_byte,2468,xor01_from00,DESERIALIZE_PANIC
t1-0,proof_byte,2469,xor01_from00,DESERIALIZE_PANIC
t1-0,proof_byte,2470,xor01_from00,DESERIALIZE_PANIC
t1-0,proof_byte,2471,xor01_from00,DESERIALIZE_PANIC
t1-0,proof_byte,2472,xor01_from00,DESERIALIZE_PANIC
t1-0,proof_byte,2473,xor01_from00,DESERIALIZE_PANIC
t1-0,proof_byte,2474,xor01_from05,DESERIALIZE_PANIC
t1-0,proof_byte,2475,xor01_from22,VERIFY_REJECTED
t1-0,proof_byte,2476,xor01_from1a,VERIFY_REJECTED
t1-0,proof_byte,2477,xor01_from19,VERIFY_REJECTED
t1-0,proof_byte,2478,xor01_frome2,VERIFY_REJECTED
t1-0,proof_byte,2479,xor01_from9c,VERIFY_REJECTED
t1-0,proof_byte,2480,xor01_from17,VERIFY_REJECTED
t1-0,proof_byte,2481,xor01_fromcd,VERIFY_REJECTED
t1-0,proof_byte,2482,xor01_from7f,VERIFY_REJECTED
t1-0,proof_byte,2483,xor01_from98,VERIFY_REJECTED
t1-0,proof_byte,2484,xor01_from5b,VERIFY_REJECTED
t1-0,proof_byte,2485,xor01_from64,VERIFY_REJECTED
t1-0,proof_byte,2486,xor01_from2e,VERIFY_REJECTED
t1-0,proof_byte,2487,xor01_from00,VERIFY_REJECTED
t1-0,proof_byte,2488,xor01_fromc7,VERIFY_REJECTED
t1-0,proof_byte,2489,xor01_from3a,VERIFY_REJECTED
t1-0,proof_byte,2490,xor01_froma3,VERIFY_REJECTED
t1-0,proof_byte,2491,xor01_from95,VERIFY_REJECTED
t1-0,proof_byte,2492,xor01_from2b,VERIFY_REJECTED
t1-0,proof_byte,2493,xor01_from96,VERIFY_REJECTED
t1-0,proof_byte,2494,xor01_from27,VERIFY_REJECTED
t1-0,proof_byte,2495,xor01_from56,VERIFY_REJECTED
t1-0,proof_byte,2496,xor01_from7a,VERIFY_REJECTED
t1-0,proof_byte,2497,xor01_from4f,VERIFY_REJECTED
t1-0,proof_byte,2498,xor01_from19,VERIFY_REJECTED
t1-0,proof_byte,2499,xor01_fromc3,VERIFY_REJECTED
t1-0,proof_byte,2500,xor01_from3e,VERIFY_REJECTED
t1-0,proof_byte,2501,xor01_from1e,VERIFY_REJECTED
t1-0,proof_byte,2502,xor01_from68,VERIFY_REJECTED
t1-0,proof_byte,2503,xor01_from83,VERIFY_REJECTED
t1-0,proof_byte,2504,xor01_fromec,VERIFY_REJECTED
t1-0,proof_byte,2505,xor01_from02,VERIFY_REJECTED
t1-0,proof_byte,2506,xor01_from26,VERIFY_REJECTED
t1-0,proof_byte,2507,xor01_from00,DESERIALIZE_REJECTED
t1-0,proof_byte,2508,xor01_from13,DESERIALIZE_PANIC
t1-0,proof_byte,2509,xor01_from02,DESERIALIZE_PANIC
t1-0,proof_byte,2510,xor01_from00,DESERIALIZE_PANIC
t1-0,proof_byte,2511,xor01_from00,DESERIALIZE_PANIC
t1-0,proof_byte,2512,xor01_from00,DESERIALIZE_PANIC
t1-0,proof_byte,2513,xor01_from00,DESERIALIZE_PANIC
t1-0,proof_byte,2514,xor01_from00,DESERIALIZE_PANIC
t1-0,proof_byte,2515,xor01_from00,DESERIALIZE_PANIC
t1-0,proof_byte,2516,xor01_from00,DESERIALIZE_PANIC
t1-0,proof_byte,2517,xor01_from0a,DESERIALIZE_PANIC
t1-0,proof_byte,2518,xor01_from00,DESERIALIZE_PANIC
t1-0,proof_byte,2519,xor01_from00,DESERIALIZE_PANIC
t1-0,proof_byte,2520,xor01_from00,DESERIALIZE_PANIC
t1-0,proof_byte,2521,xor01_from00,DESERIALIZE_PANIC
t1-0,proof_byte,2522,xor01_from00,DESERIALIZE_PANIC
t1-0,proof_byte,2523,xor01_from00,DESERIALIZE_PANIC
t1-0,proof_byte,2524,xor01_from00,DESERIALIZE_PANIC
t1-0,proof_byte,2525,xor01_from06,DESERIALIZE_REJECTED
t1-0,proof_byte,2526,xor01_from7c,VERIFY_REJECTED
t1-0,proof_byte,2527,xor01_from7e,VERIFY_REJECTED
t1-0,proof_byte,2528,xor01_frome4,VERIFY_REJECTED
t1-0,proof_byte,2529,xor01_frome1,VERIFY_REJECTED
t1-0,proof_byte,2530,xor01_fromdc,VERIFY_REJECTED
t1-0,proof_byte,2531,xor01_from7f,VERIFY_REJECTED
t1-0,proof_byte,2532,xor01_from40,VERIFY_REJECTED
t1-0,proof_byte,2533,xor01_fromdc,VERIFY_REJECTED
t1-0,proof_byte,2534,xor01_fromef,VERIFY_REJECTED
t1-0,proof_byte,2535,xor01_frombc,VERIFY_REJECTED
t1-0,proof_byte,2536,xor01_fromcd,VERIFY_REJECTED
t1-0,proof_byte,2537,xor01_from81,VERIFY_REJECTED
t1-0,proof_byte,2538,xor01_frome5,VERIFY_REJECTED
t1-0,proof_byte,2539,xor01_from28,VERIFY_REJECTED
t1-0,proof_byte,2540,xor01_from98,VERIFY_REJECTED
t1-0,proof_byte,2541,xor01_from8c,VERIFY_REJECTED
t1-0,proof_byte,2542,xor01_from04,VERIFY_REJECTED
t1-0,proof_byte,2543,xor01_from6b,VERIFY_REJECTED
t1-0,proof_byte,2544,xor01_fromc9,VERIFY_REJECTED
t1-0,proof_byte,2545,xor01_from44,VERIFY_REJECTED
t1-0,proof_byte,2546,xor01_from3d,VERIFY_REJECTED
t1-0,proof_byte,2547,xor01_frombc,VERIFY_REJECTED
t1-0,proof_byte,2548,xor01_from96,VERIFY_REJECTED
t1-0,proof_byte,2549,xor01_frome9,VERIFY_REJECTED
t1-0,proof_byte,2550,xor01_from45,VERIFY_REJECTED
t1-0,proof_byte,2551,xor01_from0d,VERIFY_REJECTED
t1-0,proof_byte,2552,xor01_from41,VERIFY_REJECTED
t1-0,proof_byte,2553,xor01_from33,VERIFY_REJECTED
t1-0,proof_byte,2554,xor01_froma7,VERIFY_REJECTED
t1-0,proof_byte,2555,xor01_fromf0,VERIFY_REJECTED
t1-0,proof_byte,2556,xor01_from51,VERIFY_REJECTED
t1-0,proof_byte,2557,xor01_from1a,VERIFY_REJECTED
t1-0,proof_byte,2558,xor01_from00,DESERIALIZE_REJECTED
t1-0,proof_byte,2559,xor01_from13,VERIFY_ACCEPTED
t1-0,proof_byte,2560,xor01_from02,VERIFY_ACCEPTED
t1-0,proof_byte,2561,xor01_from00,VERIFY_ACCEPTED
t1-0,proof_byte,2562,xor01_from00,VERIFY_ACCEPTED
t1-0,proof_byte,2563,xor01_from00,VERIFY_ACCEPTED
t1-0,proof_byte,2564,xor01_from00,VERIFY_ACCEPTED
t1-0,proof_byte,2565,xor01_from00,VERIFY_ACCEPTED
t1-0,proof_byte,2566,xor01_from00,VERIFY_ACCEPTED
t1-0,proof_byte,2567,xor01_from00,VERIFY_ACCEPTED
t1-0,proof_byte,2568,xor01_from0a,VERIFY_ACCEPTED
t1-0,proof_byte,2569,xor01_from00,VERIFY_ACCEPTED
t1-0,proof_byte,2570,xor01_from00,VERIFY_ACCEPTED
t1-0,proof_byte,2571,xor01_from00,VERIFY_ACCEPTED
t1-0,proof_byte,2572,xor01_from00,VERIFY_ACCEPTED
t1-0,proof_byte,2573,xor01_from00,VERIFY_ACCEPTED
t1-0,proof_byte,2574,xor01_from00,VERIFY_ACCEPTED
t1-0,proof_byte,2575,xor01_from00,VERIFY_ACCEPTED
t1-0,proof_byte,2576,xor01_from08,VERIFY_ACCEPTED
t1-0,proof_byte,2577,xor01_fromf3,VERIFY_ACCEPTED
t1-0,proof_byte,2578,xor01_from78,VERIFY_ACCEPTED
t1-0,proof_byte,2579,xor01_from26,VERIFY_ACCEPTED
t1-0,proof_byte,2580,xor01_from59,VERIFY_ACCEPTED
t1-0,proof_byte,2581,xor01_from51,VERIFY_ACCEPTED
t1-0,proof_byte,2582,xor01_from4a,VERIFY_ACCEPTED
t1-0,proof_byte,2583,xor01_fromfa,VERIFY_ACCEPTED
t1-0,proof_byte,2584,xor01_fromd3,VERIFY_ACCEPTED
t1-0,proof_byte,2585,xor01_frome1,VERIFY_ACCEPTED
t1-0,proof_byte,2586,xor01_from0f,VERIFY_ACCEPTED
t1-0,proof_byte,2587,xor01_from12,VERIFY_ACCEPTED
t1-0,proof_byte,2588,xor01_from01,VERIFY_ACCEPTED
t1-0,proof_byte,2589,xor01_from6d,VERIFY_ACCEPTED
t1-0,proof_byte,2590,xor01_from5d,VERIFY_ACCEPTED
t1-0,proof_byte,2591,xor01_from3b,VERIFY_ACCEPTED
t1-0,proof_byte,2592,xor01_from44,VERIFY_ACCEPTED
t1-0,proof_byte,2593,xor01_from7a,VERIFY_ACCEPTED
t1-0,proof_byte,2594,xor01_froma1,VERIFY_ACCEPTED
t1-0,proof_byte,2595,xor01_fromdf,VERIFY_ACCEPTED
t1-0,proof_byte,2596,xor01_from28,VERIFY_ACCEPTED
t1-0,proof_byte,2597,xor01_fromfc,VERIFY_ACCEPTED
t1-0,proof_byte,2598,xor01_fromce,VERIFY_ACCEPTED
t1-0,proof_byte,2599,xor01_from7a,VERIFY_ACCEPTED
t1-0,proof_byte,2600,xor01_from5e,VERIFY_ACCEPTED
t1-0,proof_byte,2601,xor01_from71,VERIFY_ACCEPTED
t1-0,proof_byte,2602,xor01_from5e,VERIFY_ACCEPTED
t1-0,proof_byte,2603,xor01_frombd,VERIFY_ACCEPTED
t1-0,proof_byte,2604,xor01_from1f,VERIFY_ACCEPTED
t1-0,proof_byte,2605,xor01_from47,VERIFY_ACCEPTED
t1-0,proof_byte,2606,xor01_from4d,VERIFY_ACCEPTED
t1-0,proof_byte,2607,xor01_from8b,VERIFY_ACCEPTED
t1-0,proof_byte,2608,xor01_from00,VERIFY_ACCEPTED
t1-0,proof_byte,2609,xor01_from00,DESERIALIZE_REJECTED
t1-0,proof_byte,2610,xor01_from13,DESERIALIZE_PANIC
t1-0,proof_byte,2611,xor01_from02,DESERIALIZE_PANIC
t1-0,proof_byte,2612,xor01_from00,DESERIALIZE_PANIC
t1-0,proof_byte,2613,xor01_from00,DESERIALIZE_PANIC
t1-0,proof_byte,2614,xor01_from00,DESERIALIZE_PANIC
t1-0,proof_byte,2615,xor01_from00,DESERIALIZE_PANIC
t1-0,proof_byte,2616,xor01_from00,DESERIALIZE_PANIC
t1-0,proof_byte,2617,xor01_from00,DESERIALIZE_PANIC
t1-0,proof_byte,2618,xor01_from00,DESERIALIZE_PANIC
t1-0,proof_byte,2619,xor01_from0b,DESERIALIZE_PANIC
t1-0,proof_byte,2620,xor01_from00,DESERIALIZE_PANIC
t1-0,proof_byte,2621,xor01_from00,DESERIALIZE_PANIC
t1-0,proof_byte,2622,xor01_from00,DESERIALIZE_PANIC
t1-0,proof_byte,2623,xor01_from00,DESERIALIZE_PANIC
t1-0,proof_byte,2624,xor01_from00,DESERIALIZE_PANIC
t1-0,proof_byte,2625,xor01_from00,DESERIALIZE_PANIC
t1-0,proof_byte,2626,xor01_from00,DESERIALIZE_PANIC
t1-0,proof_byte,2627,xor01_from02,DESERIALIZE_PANIC
t1-0,proof_byte,2628,xor01_from19,VERIFY_REJECTED
t1-0,proof_byte,2629,xor01_from1f,VERIFY_REJECTED
t1-0,proof_byte,2630,xor01_from38,VERIFY_REJECTED
t1-0,proof_byte,2631,xor01_fromd0,VERIFY_REJECTED
t1-0,proof_byte,2632,xor01_from54,VERIFY_REJECTED
t1-0,proof_byte,2633,xor01_from5a,VERIFY_REJECTED
t1-0,proof_byte,2634,xor01_from63,VERIFY_REJECTED
t1-0,proof_byte,2635,xor01_fromc5,VERIFY_REJECTED
t1-0,proof_byte,2636,xor01_fromed,VERIFY_REJECTED
t1-0,proof_byte,2637,xor01_from14,VERIFY_REJECTED
t1-0,proof_byte,2638,xor01_from10,VERIFY_REJECTED
t1-0,proof_byte,2639,xor01_frome9,VERIFY_REJECTED
t1-0,proof_byte,2640,xor01_from5d,VERIFY_REJECTED
t1-0,proof_byte,2641,xor01_from03,VERIFY_REJECTED
t1-0,proof_byte,2642,xor01_from60,VERIFY_REJECTED
t1-0,proof_byte,2643,xor01_from03,VERIFY_REJECTED
t1-0,proof_byte,2644,xor01_fromaf,VERIFY_REJECTED
t1-0,proof_byte,2645,xor01_frome2,VERIFY_REJECTED
t1-0,proof_byte,2646,xor01_frome1,VERIFY_REJECTED
t1-0,proof_byte,2647,xor01_frome9,VERIFY_REJECTED
t1-0,proof_byte,2648,xor01_from49,VERIFY_REJECTED
t1-0,proof_byte,2649,xor01_from12,VERIFY_REJECTED
t1-0,proof_byte,2650,xor01_from73,VERIFY_REJECTED
t1-0,proof_byte,2651,xor01_from7a,VERIFY_REJECTED
t1-0,proof_byte,2652,xor01_fromb3,VERIFY_REJECTED
t1-0,proof_byte,2653,xor01_fromc2,VERIFY_REJECTED
t1-0,proof_byte,2654,xor01_fromfc,VERIFY_REJECTED
t1-0,proof_byte,2655,xor01_fromea,VERIFY_REJECTED
t1-0,proof_byte,2656,xor01_from63,VERIFY_REJECTED
t1-0,proof_byte,2657,xor01_from5f,VERIFY_REJECTED
t1-0,proof_byte,2658,xor01_fromb9,VERIFY_REJECTED
t1-0,proof_byte,2659,xor01_from17,VERIFY_REJECTED
t1-0,proof_byte,2660,xor01_from00,DESERIALIZE_REJECTED
t1-0,proof_byte,2661,xor01_from13,DESERIALIZE_PANIC
t1-0,proof_byte,2662,xor01_from02,DESERIALIZE_PANIC
t1-0,proof_byte,2663,xor01_from00,DESERIALIZE_PANIC
t1-0,proof_byte,2664,xor01_from00,DESERIALIZE_PANIC
t1-0,proof_byte,2665,xor01_from00,DESERIALIZE_PANIC
t1-0,proof_byte,2666,xor01_from00,DESERIALIZE_PANIC
t1-0,proof_byte,2667,xor01_from00,DESERIALIZE_PANIC
t1-0,proof_byte,2668,xor01_from00,DESERIALIZE_PANIC
t1-0,proof_byte,2669,xor01_from00,DESERIALIZE_PANIC
t1-0,proof_byte,2670,xor01_from0b,DESERIALIZE_PANIC
t1-0,proof_byte,2671,xor01_from00,DESERIALIZE_PANIC
t1-0,proof_byte,2672,xor01_from00,DESERIALIZE_PANIC
t1-0,proof_byte,2673,xor01_from00,DESERIALIZE_PANIC
t1-0,proof_byte,2674,xor01_from00,DESERIALIZE_PANIC
t1-0,proof_byte,2675,xor01_from00,DESERIALIZE_PANIC
t1-0,proof_byte,2676,xor01_from00,DESERIALIZE_PANIC
t1-0,proof_byte,2677,xor01_from00,DESERIALIZE_PANIC
t1-0,proof_byte,2678,xor01_from05,DESERIALIZE_PANIC
t1-0,proof_byte,2679,xor01_from62,VERIFY_REJECTED
t1-0,proof_byte,2680,xor01_frome9,VERIFY_REJECTED
t1-0,proof_byte,2681,xor01_fromc6,VERIFY_REJECTED
t1-0,proof_byte,2682,xor01_from75,VERIFY_REJECTED
t1-0,proof_byte,2683,xor01_from73,VERIFY_REJECTED
t1-0,proof_byte,2684,xor01_frombe,VERIFY_REJECTED
t1-0,proof_byte,2685,xor01_fromde,VERIFY_REJECTED
t1-0,proof_byte,2686,xor01_from96,VERIFY_REJECTED
t1-0,proof_byte,2687,xor01_from92,VERIFY_REJECTED
t1-0,proof_byte,2688,xor01_frome8,VERIFY_REJECTED
t1-0,proof_byte,2689,xor01_fromb4,VERIFY_REJECTED
t1-0,proof_byte,2690,xor01_from6b,VERIFY_REJECTED
t1-0,proof_byte,2691,xor01_from81,VERIFY_REJECTED
t1-0,proof_byte,2692,xor01_fromce,VERIFY_REJECTED
t1-0,proof_byte,2693,xor01_frome8,VERIFY_REJECTED
t1-0,proof_byte,2694,xor01_fromb2,VERIFY_REJECTED
t1-0,proof_byte,2695,xor01_from9b,VERIFY_REJECTED
t1-0,proof_byte,2696,xor01_fromc4,VERIFY_REJECTED
t1-0,proof_byte,2697,xor01_from6f,VERIFY_REJECTED
t1-0,proof_byte,2698,xor01_from8b,VERIFY_REJECTED
t1-0,proof_byte,2699,xor01_fromab,VERIFY_REJECTED
t1-0,proof_byte,2700,xor01_from3f,VERIFY_REJECTED
t1-0,proof_byte,2701,xor01_from1c,VERIFY_REJECTED
t1-0,proof_byte,2702,xor01_from16,VERIFY_REJECTED
t1-0,proof_byte,2703,xor01_from7d,VERIFY_REJECTED
t1-0,proof_byte,2704,xor01_from00,VERIFY_REJECTED
t1-0,proof_byte,2705,xor01_from14,VERIFY_REJECTED
t1-0,proof_byte,2706,xor01_frome4,VERIFY_REJECTED
t1-0,proof_byte,2707,xor01_fromf2,VERIFY_REJECTED
t1-0,proof_byte,2708,xor01_from24,VERIFY_REJECTED
t1-0,proof_byte,2709,xor01_from20,VERIFY_REJECTED
t1-0,proof_byte,2710,xor01_from11,VERIFY_REJECTED
t1-0,proof_byte,2711,xor01_from00,DESERIALIZE_REJECTED
t1-0,proof_byte,2712,xor01_from13,DESERIALIZE_PANIC
t1-0,proof_byte,2713,xor01_from02,DESERIALIZE_PANIC
t1-0,proof_byte,2714,xor01_from00,DESERIALIZE_PANIC
t1-0,proof_byte,2715,xor01_from00,DESERIALIZE_PANIC
t1-0,proof_byte,2716,xor01_from00,DESERIALIZE_PANIC
t1-0,proof_byte,2717,xor01_from00,DESERIALIZE_PANIC
t1-0,proof_byte,2718,xor01_from00,DESERIALIZE_PANIC
t1-0,proof_byte,2719,xor01_from00,DESERIALIZE_PANIC
t1-0,proof_byte,2720,xor01_from00,DESERIALIZE_PANIC
t1-0,proof_byte,2721,xor01_from0b,DESERIALIZE_PANIC
t1-0,proof_byte,2722,xor01_from00,DESERIALIZE_PANIC
t1-0,proof_byte,2723,xor01_from00,DESERIALIZE_PANIC
t1-0,proof_byte,2724,xor01_from00,DESERIALIZE_PANIC
t1-0,proof_byte,2725,xor01_from00,DESERIALIZE_PANIC
t1-0,proof_byte,2726,xor01_from00,DESERIALIZE_PANIC
t1-0,proof_byte,2727,xor01_from00,DESERIALIZE_PANIC
t1-0,proof_byte,2728,xor01_from00,DESERIALIZE_PANIC
t1-0,proof_byte,2729,xor01_from06,DESERIALIZE_REJECTED
t1-0,proof_byte,2730,xor01_fromc7,VERIFY_REJECTED
t1-0,proof_byte,2731,xor01_from4d,VERIFY_REJECTED
t1-0,proof_byte,2732,xor01_frome3,VERIFY_REJECTED
t1-0,proof_byte,2733,xor01_from1a,VERIFY_REJECTED
t1-0,proof_byte,2734,xor01_from71,VERIFY_REJECTED
t1-0,proof_byte,2735,xor01_from7c,VERIFY_REJECTED
t1-0,proof_byte,2736,xor01_from6a,VERIFY_REJECTED
t1-0,proof_byte,2737,xor01_fromba,VERIFY_REJECTED
t1-0,proof_byte,2738,xor01_fromfc,VERIFY_REJECTED
t1-0,proof_byte,2739,xor01_fromc7,VERIFY_REJECTED
t1-0,proof_byte,2740,xor01_fromcc,VERIFY_REJECTED
t1-0,proof_byte,2741,xor01_from85,VERIFY_REJECTED
t1-0,proof_byte,2742,xor01_fromcb,VERIFY_REJECTED
t1-0,proof_byte,2743,xor01_from5d,VERIFY_REJECTED
t1-0,proof_byte,2744,xor01_from0a,VERIFY_REJECTED
t1-0,proof_byte,2745,xor01_from00,VERIFY_REJECTED
t1-0,proof_byte,2746,xor01_from77,VERIFY_REJECTED
t1-0,proof_byte,2747,xor01_from5c,VERIFY_REJECTED
t1-0,proof_byte,2748,xor01_fromdb,VERIFY_REJECTED
t1-0,proof_byte,2749,xor01_fromc6,VERIFY_REJECTED
t1-0,proof_byte,2750,xor01_from09,VERIFY_REJECTED
t1-0,proof_byte,2751,xor01_fromd7,VERIFY_REJECTED
t1-0,proof_byte,2752,xor01_from0d,VERIFY_REJECTED
t1-0,proof_byte,2753,xor01_frome8,VERIFY_REJECTED
t1-0,proof_byte,2754,xor01_fromc8,VERIFY_REJECTED
t1-0,proof_byte,2755,xor01_from5a,VERIFY_REJECTED
t1-0,proof_byte,2756,xor01_from72,VERIFY_REJECTED
t1-0,proof_byte,2757,xor01_from52,VERIFY_REJECTED
t1-0,proof_byte,2758,xor01_from7e,VERIFY_REJECTED
t1-0,proof_byte,2759,xor01_from6e,VERIFY_REJECTED
t1-0,proof_byte,2760,xor01_frome8,VERIFY_REJECTED
t1-0,proof_byte,2761,xor01_from24,VERIFY_REJECTED
t1-0,proof_byte,2762,xor01_from00,DESERIALIZE_REJECTED
t1-0,proof_byte,2763,xor01_from13,VERIFY_ACCEPTED
t1-0,proof_byte,2764,xor01_from02,VERIFY_ACCEPTED
t1-0,proof_byte,2765,xor01_from00,VERIFY_ACCEPTED
t1-0,proof_byte,2766,xor01_from00,VERIFY_ACCEPTED
t1-0,proof_byte,2767,xor01_from00,VERIFY_ACCEPTED
t1-0,proof_byte,2768,xor01_from00,VERIFY_ACCEPTED
t1-0,proof_byte,2769,xor01_from00,VERIFY_ACCEPTED
t1-0,proof_byte,2770,xor01_from00,VERIFY_ACCEPTED
t1-0,proof_byte,2771,xor01_from00,VERIFY_ACCEPTED
t1-0,proof_byte,2772,xor01_from0b,VERIFY_ACCEPTED
t1-0,proof_byte,2773,xor01_from00,VERIFY_ACCEPTED
t1-0,proof_byte,2774,xor01_from00,VERIFY_ACCEPTED
t1-0,proof_byte,2775,xor01_from00,VERIFY_ACCEPTED
t1-0,proof_byte,2776,xor01_from00,VERIFY_ACCEPTED
t1-0,proof_byte,2777,xor01_from00,VERIFY_ACCEPTED
t1-0,proof_byte,2778,xor01_from00,VERIFY_ACCEPTED
t1-0,proof_byte,2779,xor01_from00,VERIFY_ACCEPTED
t1-0,proof_byte,2780,xor01_from08,VERIFY_ACCEPTED
t1-0,proof_byte,2781,xor01_fromf3,VERIFY_ACCEPTED
t1-0,proof_byte,2782,xor01_frome1,VERIFY_ACCEPTED
t1-0,proof_byte,2783,xor01_from78,VERIFY_ACCEPTED
t1-0,proof_byte,2784,xor01_from1a,VERIFY_ACCEPTED
t1-0,proof_byte,2785,xor01_froma9,VERIFY_ACCEPTED
t1-0,proof_byte,2786,xor01_from10,VERIFY_ACCEPTED
t1-0,proof_byte,2787,xor01_from50,VERIFY_ACCEPTED
t1-0,proof_byte,2788,xor01_from62,VERIFY_ACCEPTED
t1-0,proof_byte,2789,xor01_from0d,VERIFY_ACCEPTED
t1-0,proof_byte,2790,xor01_from5e,VERIFY_ACCEPTED
t1-0,proof_byte,2791,xor01_fromb6,VERIFY_ACCEPTED
t1-0,proof_byte,2792,xor01_from03,VERIFY_ACCEPTED
t1-0,proof_byte,2793,xor01_fromc8,VERIFY_ACCEPTED
t1-0,proof_byte,2794,xor01_from42,VERIFY_ACCEPTED
t1-0,proof_byte,2795,xor01_from05,VERIFY_ACCEPTED
t1-0,proof_byte,2796,xor01_froma8,VERIFY_ACCEPTED
t1-0,proof_byte,2797,xor01_fromc7,VERIFY_ACCEPTED
t1-0,proof_byte,2798,xor01_from6f,VERIFY_ACCEPTED
t1-0,proof_byte,2799,xor01_from9d,VERIFY_ACCEPTED
t1-0,proof_byte,2800,xor01_from37,VERIFY_ACCEPTED
t1-0,proof_byte,2801,xor01_from12,VERIFY_ACCEPTED
t1-0,proof_byte,2802,xor01_from6a,VERIFY_ACCEPTED
t1-0,proof_byte,2803,xor01_from64,VERIFY_ACCEPTED
t1-0,proof_byte,2804,xor01_fromfc,VERIFY_ACCEPTED
t1-0,proof_byte,2805,xor01_fromad,VERIFY_ACCEPTED
t1-0,proof_byte,2806,xor01_fromaf,VERIFY_ACCEPTED
t1-0,proof_byte,2807,xor01_fromb0,VERIFY_ACCEPTED
t1-0,proof_byte,2808,xor01_from00,VERIFY_ACCEPTED
t1-0,proof_byte,2809,xor01_from3b,VERIFY_ACCEPTED
t1-0,proof_byte,2810,xor01_from78,VERIFY_ACCEPTED
t1-0,proof_byte,2811,xor01_from86,VERIFY_ACCEPTED
t1-0,proof_byte,2812,xor01_from08,VERIFY_ACCEPTED
t1-0,proof_byte,2813,xor01_from00,DESERIALIZE_REJECTED
t1-0,proof_byte,2814,xor01_from13,DESERIALIZE_PANIC
t1-0,proof_byte,2815,xor01_from02,DESERIALIZE_PANIC
t1-0,proof_byte,2816,xor01_from00,DESERIALIZE_PANIC
t1-0,proof_byte,2817,xor01_from00,DESERIALIZE_PANIC
t1-0,proof_byte,2818,xor01_from00,DESERIALIZE_PANIC
t1-0,proof_byte,2819,xor01_from00,DESERIALIZE_PANIC
t1-0,proof_byte,2820,xor01_from00,DESERIALIZE_PANIC
t1-0,proof_byte,2821,xor01_from00,DESERIALIZE_PANIC
t1-0,proof_byte,2822,xor01_from00,DESERIALIZE_PANIC
t1-0,proof_byte,2823,xor01_from0c,DESERIALIZE_PANIC
t1-0,proof_byte,2824,xor01_from00,DESERIALIZE_PANIC
t1-0,proof_byte,2825,xor01_from00,DESERIALIZE_PANIC
t1-0,proof_byte,2826,xor01_from00,DESERIALIZE_PANIC
t1-0,proof_byte,2827,xor01_from00,DESERIALIZE_PANIC
t1-0,proof_byte,2828,xor01_from00,DESERIALIZE_PANIC
t1-0,proof_byte,2829,xor01_from00,DESERIALIZE_PANIC
t1-0,proof_byte,2830,xor01_from00,DESERIALIZE_PANIC
t1-0,proof_byte,2831,xor01_from02,DESERIALIZE_PANIC
t1-0,proof_byte,2832,xor01_froma8,VERIFY_REJECTED
t1-0,proof_byte,2833,xor01_from6b,VERIFY_REJECTED
t1-0,proof_byte,2834,xor01_from47,VERIFY_REJECTED
t1-0,proof_byte,2835,xor01_fromf4,VERIFY_REJECTED
t1-0,proof_byte,2836,xor01_from3f,VERIFY_REJECTED
t1-0,proof_byte,2837,xor01_from8a,VERIFY_REJECTED
t1-0,proof_byte,2838,xor01_from59,VERIFY_REJECTED
t1-0,proof_byte,2839,xor01_fromdb,VERIFY_REJECTED
t1-0,proof_byte,2840,xor01_from94,VERIFY_REJECTED
t1-0,proof_byte,2841,xor01_from70,VERIFY_REJECTED
t1-0,proof_byte,2842,xor01_from19,VERIFY_REJECTED
t1-0,proof_byte,2843,xor01_from47,VERIFY_REJECTED
t1-0,proof_byte,2844,xor01_fromc8,VERIFY_REJECTED
t1-0,proof_byte,2845,xor01_from43,VERIFY_REJECTED
t1-0,proof_byte,2846,xor01_from1d,VERIFY_REJECTED
t1-0,proof_byte,2847,xor01_from0b,VERIFY_REJECTED
t1-0,proof_byte,2848,xor01_from4f,VERIFY_REJECTED
t1-0,proof_byte,2849,xor01_from2f,VERIFY_REJECTED
t1-0,proof_byte,2850,xor01_fromfb,VERIFY_REJECTED
t1-0,proof_byte,2851,xor01_fromae,VERIFY_REJECTED
t1-0,proof_byte,2852,xor01_from30,VERIFY_REJECTED
t1-0,proof_byte,2853,xor01_fromd5,VERIFY_REJECTED
t1-0,proof_byte,2854,xor01_from0e,VERIFY_REJECTED
t1-0,proof_byte,2855,xor01_from2a,VERIFY_REJECTED
t1-0,proof_byte,2856,xor01_from06,VERIFY_REJECTED
t1-0,proof_byte,2857,xor01_from8a,VERIFY_REJECTED
t1-0,proof_byte,2858,xor01_fromf8,VERIFY_REJECTED
t1-0,proof_byte,2859,xor01_from88,VERIFY_REJECTED
t1-0,proof_byte,2860,xor01_from46,VERIFY_REJECTED
t1-0,proof_byte,2861,xor01_from43,VERIFY_REJECTED
t1-0,proof_byte,2862,xor01_from06,VERIFY_REJECTED
t1-0,proof_byte,2863,xor01_from16,VERIFY_REJECTED
t1-0,proof_byte,2864,xor01_from00,DESERIALIZE_REJECTED
t1-0,proof_byte,2865,xor01_from13,DESERIALIZE_PANIC
t1-0,proof_byte,2866,xor01_from02,DESERIALIZE_PANIC
t1-0,proof_byte,2867,xor01_from00,DESERIALIZE_PANIC
t1-0,proof_byte,2868,xor01_from00,DESERIALIZE_PANIC
t1-0,proof_byte,2869,xor01_from00,DESERIALIZE_PANIC
t1-0,proof_byte,2870,xor01_from00,DESERIALIZE_PANIC
t1-0,proof_byte,2871,xor01_from00,DESERIALIZE_PANIC
t1-0,proof_byte,2872,xor01_from00,DESERIALIZE_PANIC
t1-0,proof_byte,2873,xor01_from00,DESERIALIZE_PANIC
t1-0,proof_byte,2874,xor01_from0c,DESERIALIZE_PANIC
t1-0,proof_byte,2875,xor01_from00,DESERIALIZE_PANIC
t1-0,proof_byte,2876,xor01_from00,DESERIALIZE_PANIC
t1-0,proof_byte,2877,xor01_from00,DESERIALIZE_PANIC
t1-0,proof_byte,2878,xor01_from00,DESERIALIZE_PANIC
t1-0,proof_byte,2879,xor01_from00,DESERIALIZE_PANIC
t1-0,proof_byte,2880,xor01_from00,DESERIALIZE_PANIC
t1-0,proof_byte,2881,xor01_from00,DESERIALIZE_PANIC
t1-0,proof_byte,2882,xor01_from05,DESERIALIZE_PANIC
t1-0,proof_byte,2883,xor01_fromad,VERIFY_REJECTED
t1-0,proof_byte,2884,xor01_from05,VERIFY_REJECTED
t1-0,proof_byte,2885,xor01_from36,VERIFY_REJECTED
t1-0,proof_byte,2886,xor01_from97,VERIFY_REJECTED
t1-0,proof_byte,2887,xor01_frome6,VERIFY_REJECTED
t1-0,proof_byte,2888,xor01_fromff,VERIFY_REJECTED
t1-0,proof_byte,2889,xor01_from67,VERIFY_REJECTED
t1-0,proof_byte,2890,xor01_from91,VERIFY_REJECTED
t1-0,proof_byte,2891,xor01_from14,VERIFY_REJECTED
t1-0,proof_byte,2892,xor01_fromc8,VERIFY_REJECTED
t1-0,proof_byte,2893,xor01_from76,VERIFY_REJECTED
t1-0,proof_byte,2894,xor01_from75,VERIFY_REJECTED
t1-0,proof_byte,2895,xor01_from30,VERIFY_REJECTED
t1-0,proof_byte,2896,xor01_from10,VERIFY_REJECTED
t1-0,proof_byte,2897,xor01_from22,VERIFY_REJECTED
t1-0,proof_byte,2898,xor01_fromf7,VERIFY_REJECTED
t1-0,proof_byte,2899,xor01_fromc9,VERIFY_REJECTED
t1-0,proof_byte,2900,xor01_frome4,VERIFY_REJECTED
t1-0,proof_byte,2901,xor01_from3e,VERIFY_REJECTED
t1-0,proof_byte,2902,xor01_from30,VERIFY_REJECTED
t1-0,proof_byte,2903,xor01_from19,VERIFY_REJECTED
t1-0,proof_byte,2904,xor01_from4c,VERIFY_REJECTED
t1-0,proof_byte,2905,xor01_from6e,VERIFY_REJECTED
t1-0,proof_byte,2906,xor01_from95,VERIFY_REJECTED
t1-0,proof_byte,2907,xor01_froma5,VERIFY_REJECTED
t1-0,proof_byte,2908,xor01_fromf2,VERIFY_REJECTED
t1-0,proof_byte,2909,xor01_from6e,VERIFY_REJECTED
t1-0,proof_byte,2910,xor01_from95,VERIFY_REJECTED
t1-0,proof_byte,2911,xor01_from02,VERIFY_REJECTED
t1-0,proof_byte,2912,xor01_from9f,VERIFY_REJECTED
t1-0,proof_byte,2913,xor01_from58,VERIFY_REJECTED
t1-0,proof_byte,2914,xor01_from1b,VERIFY_REJECTED
t1-0,proof_byte,2915,xor01_from00,DESERIALIZE_REJECTED
t1-0,proof_byte,2916,xor01_from13,DESERIALIZE_PANIC
t1-0,proof_byte,2917,xor01_from02,DESERIALIZE_PANIC
t1-0,proof_byte,2918,xor01_from00,DESERIALIZE_PANIC
t1-0,proof_byte,2919,xor01_from00,DESERIALIZE_PANIC
t1-0,proof_byte,2920,xor01_from00,DESERIALIZE_PANIC
t1-0,proof_byte,2921,xor01_from00,DESERIALIZE_PANIC
t1-0,proof_byte,2922,xor01_from00,DESERIALIZE_PANIC
t1-0,proof_byte,2923,xor01_from00,DESERIALIZE_PANIC
t1-0,proof_byte,2924,xor01_from00,DESERIALIZE_PANIC
t1-0,proof_byte,2925,xor01_from0c,DESERIALIZE_PANIC
t1-0,proof_byte,2926,xor01_from00,DESERIALIZE_PANIC
t1-0,proof_byte,2927,xor01_from00,DESERIALIZE_PANIC
t1-0,proof_byte,2928,xor01_from00,DESERIALIZE_PANIC
t1-0,proof_byte,2929,xor01_from00,DESERIALIZE_PANIC
t1-0,proof_byte,2930,xor01_from00,DESERIALIZE_PANIC
t1-0,proof_byte,2931,xor01_from00,DESERIALIZE_PANIC
t1-0,proof_byte,2932,xor01_from00,DESERIALIZE_PANIC
t1-0,proof_byte,2933,xor01_from06,DESERIALIZE_REJECTED
t1-0,proof_byte,2934,xor01_fromdf,VERIFY_REJECTED
t1-0,proof_byte,2935,xor01_fromd6,VERIFY_REJECTED
t1-0,proof_byte,2936,xor01_from3f,VERIFY_REJECTED
t1-0,proof_byte,2937,xor01_from98,VERIFY_REJECTED
t1-0,proof_byte,2938,xor01_from61,VERIFY_REJECTED
t1-0,proof_byte,2939,xor01_from3e,VERIFY_REJECTED
t1-0,proof_byte,2940,xor01_fromd2,VERIFY_REJECTED
t1-0,proof_byte,2941,xor01_from31,VERIFY_REJECTED
t1-0,proof_byte,2942,xor01_from02,VERIFY_REJECTED
t1-0,proof_byte,2943,xor01_fromf7,VERIFY_REJECTED
t1-0,proof_byte,2944,xor01_from8a,VERIFY_REJECTED
t1-0,proof_byte,2945,xor01_from88,VERIFY_REJECTED
t1-0,proof_byte,2946,xor01_from14,VERIFY_REJECTED
t1-0,proof_byte,2947,xor01_froma8,VERIFY_REJECTED
t1-0,proof_byte,2948,xor01_froma6,VERIFY_REJECTED
t1-0,proof_byte,2949,xor01_fromaf,VERIFY_REJECTED
t1-0,proof_byte,2950,xor01_from1d,VERIFY_REJECTED
t1-0,proof_byte,2951,xor01_from7d,VERIFY_REJECTED
t1-0,proof_byte,2952,xor01_from72,VERIFY_REJECTED
t1-0,proof_byte,2953,xor01_fromb4,VERIFY_REJECTED
t1-0,proof_byte,2954,xor01_from50,VERIFY_REJECTED
t1-0,proof_byte,2955,xor01_from9f,VERIFY_REJECTED
t1-0,proof_byte,2956,xor01_from0e,VERIFY_REJECTED
t1-0,proof_byte,2957,xor01_fromf7,VERIFY_REJECTED
t1-0,proof_byte,2958,xor01_from2d,VERIFY_REJECTED
t1-0,proof_byte,2959,xor01_from88,VERIFY_REJECTED
t1-0,proof_byte,2960,xor01_from9a,VERIFY_REJECTED
t1-0,proof_byte,2961,xor01_from5d,VERIFY_REJECTED
t1-0,proof_byte,2962,xor01_from5e,VERIFY_REJECTED
t1-0,proof_byte,2963,xor01_from85,VERIFY_REJECTED
t1-0,proof_byte,2964,xor01_from2a,VERIFY_REJECTED
t1-0,proof_byte,2965,xor01_from0c,VERIFY_REJECTED
t1-0,proof_byte,2966,xor01_from00,DESERIALIZE_REJECTED
t1-0,proof_byte,2967,xor01_from13,VERIFY_ACCEPTED
t1-0,proof_byte,2968,xor01_from02,VERIFY_ACCEPTED
t1-0,proof_byte,2969,xor01_from00,VERIFY_ACCEPTED
t1-0,proof_byte,2970,xor01_from00,VERIFY_ACCEPTED
t1-0,proof_byte,2971,xor01_from00,VERIFY_ACCEPTED
t1-0,proof_byte,2972,xor01_from00,VERIFY_ACCEPTED
t1-0,proof_byte,2973,xor01_from00,VERIFY_ACCEPTED
t1-0,proof_byte,2974,xor01_from00,VERIFY_ACCEPTED
t1-0,proof_byte,2975,xor01_from00,VERIFY_ACCEPTED
t1-0,proof_byte,2976,xor01_from0c,VERIFY_ACCEPTED
t1-0,proof_byte,2977,xor01_from00,VERIFY_ACCEPTED
t1-0,proof_byte,2978,xor01_from00,VERIFY_ACCEPTED
t1-0,proof_byte,2979,xor01_from00,VERIFY_ACCEPTED
t1-0,proof_byte,2980,xor01_from00,VERIFY_ACCEPTED
t1-0,proof_byte,2981,xor01_from00,VERIFY_ACCEPTED
t1-0,proof_byte,2982,xor01_from00,VERIFY_ACCEPTED
t1-0,proof_byte,2983,xor01_from00,VERIFY_ACCEPTED
t1-0,proof_byte,2984,xor01_from08,VERIFY_ACCEPTED
t1-0,proof_byte,2985,xor01_from01,VERIFY_ACCEPTED
t1-0,proof_byte,2986,xor01_fromf1,VERIFY_ACCEPTED
t1-0,proof_byte,2987,xor01_from79,VERIFY_ACCEPTED
t1-0,proof_byte,2988,xor01_from7e,VERIFY_ACCEPTED
t1-0,proof_byte,2989,xor01_from90,VERIFY_ACCEPTED
t1-0,proof_byte,2990,xor01_from99,VERIFY_ACCEPTED
t1-0,proof_byte,2991,xor01_from20,VERIFY_ACCEPTED
t1-0,proof_byte,2992,xor01_from98,VERIFY_ACCEPTED
t1-0,proof_byte,2993,xor01_from14,VERIFY_ACCEPTED
t1-0,proof_byte,2994,xor01_from29,VERIFY_ACCEPTED
t1-0,proof_byte,2995,xor01_froma1,VERIFY_ACCEPTED
t1-0,proof_byte,2996,xor01_fromd3,VERIFY_ACCEPTED
t1-0,proof_byte,2997,xor01_fromf2,VERIFY_ACCEPTED
t1-0,proof_byte,2998,xor01_from77,VERIFY_ACCEPTED
t1-0,proof_byte,2999,xor01_fromfb,VERIFY_ACCEPTED
t1-0,proof_byte,3000,xor01_from9f,VERIFY_ACCEPTED
t1-0,proof_byte,3001,xor01_from0c,VERIFY_ACCEPTED
t1-0,proof_byte,3002,xor01_from07,VERIFY_ACCEPTED
t1-0,proof_byte,3003,xor01_froma9,VERIFY_ACCEPTED
t1-0,proof_byte,3004,xor01_from1d,VERIFY_ACCEPTED
t1-0,proof_byte,3005,xor01_from51,VERIFY_ACCEPTED
t1-0,proof_byte,3006,xor01_frombd,VERIFY_ACCEPTED
t1-0,proof_byte,3007,xor01_from33,VERIFY_ACCEPTED
t1-0,proof_byte,3008,xor01_frome2,VERIFY_ACCEPTED
t1-0,proof_byte,3009,xor01_from02,VERIFY_ACCEPTED
t1-0,proof_byte,3010,xor01_from65,VERIFY_ACCEPTED
t1-0,proof_byte,3011,xor01_fromd8,VERIFY_ACCEPTED
t1-0,proof_byte,3012,xor01_fromc3,VERIFY_ACCEPTED
t1-0,proof_byte,3013,xor01_from95,VERIFY_ACCEPTED
t1-0,proof_byte,3014,xor01_fromaf,VERIFY_ACCEPTED
t1-0,proof_byte,3015,xor01_from7b,VERIFY_ACCEPTED
t1-0,proof_byte,3016,xor01_from20,VERIFY_ACCEPTED
t1-0,proof_byte,3017,xor01_from00,DESERIALIZE_REJECTED
t1-0,proof_byte,3018,xor01_from13,DESERIALIZE_PANIC
t1-0,proof_byte,3019,xor01_from02,DESERIALIZE_PANIC
t1-0,proof_byte,3020,xor01_from00,DESERIALIZE_PANIC
t1-0,proof_byte,3021,xor01_from00,DESERIALIZE_PANIC
t1-0,proof_byte,3022,xor01_from00,DESERIALIZE_PANIC
t1-0,proof_byte,3023,xor01_from00,DESERIALIZE_PANIC
t1-0,proof_byte,3024,xor01_from00,DESERIALIZE_PANIC
t1-0,proof_byte,3025,xor01_from00,DESERIALIZE_PANIC
t1-0,proof_byte,3026,xor01_from00,DESERIALIZE_PANIC
t1-0,proof_byte,3027,xor01_from0d,DESERIALIZE_PANIC
t1-0,proof_byte,3028,xor01_from00,DESERIALIZE_PANIC
t1-0,proof_byte,3029,xor01_from00,DESERIALIZE_PANIC
t1-0,proof_byte,3030,xor01_from00,DESERIALIZE_PANIC
t1-0,proof_byte,3031,xor01_from00,DESERIALIZE_PANIC
t1-0,proof_byte,3032,xor01_from00,DESERIALIZE_PANIC
t1-0,proof_byte,3033,xor01_from00,DESERIALIZE_PANIC
t1-0,proof_byte,3034,xor01_from00,DESERIALIZE_PANIC
t1-0,proof_byte,3035,xor01_from02,DESERIALIZE_PANIC
t1-0,proof_byte,3036,xor01_from58,VERIFY_REJECTED
t1-0,proof_byte,3037,xor01_from3c,VERIFY_REJECTED
t1-0,proof_byte,3038,xor01_from96,VERIFY_REJECTED
t1-0,proof_byte,3039,xor01_frombc,VERIFY_REJECTED
t1-0,proof_byte,3040,xor01_fromc4,VERIFY_REJECTED
t1-0,proof_byte,3041,xor01_from55,VERIFY_REJECTED
t1-0,proof_byte,3042,xor01_fromcf,VERIFY_REJECTED
t1-0,proof_byte,3043,xor01_frome3,VERIFY_REJECTED
t1-0,proof_byte,3044,xor01_from03,VERIFY_REJECTED
t1-0,proof_byte,3045,xor01_fromea,VERIFY_REJECTED
t1-0,proof_byte,3046,xor01_from8c,VERIFY_REJECTED
t1-0,proof_byte,3047,xor01_from9a,VERIFY_REJECTED
t1-0,proof_byte,3048,xor01_fromf2,VERIFY_REJECTED
t1-0,proof_byte,3049,xor01_from89,VERIFY_REJECTED
t1-0,proof_byte,3050,xor01_froma9,VERIFY_REJECTED
t1-0,proof_byte,3051,xor01_fromff,VERIFY_REJECTED
t1-0,proof_byte,3052,xor01_froma1,VERIFY_REJECTED
t1-0,proof_byte,3053,xor01_fromf4,VERIFY_REJECTED
t1-0,proof_byte,3054,xor01_from38,VERIFY_REJECTED
t1-0,proof_byte,3055,xor01_fromb8,VERIFY_REJECTED
t1-0,proof_byte,3056,xor01_frome9,VERIFY_REJECTED
t1-0,proof_byte,3057,xor01_from32,VERIFY_REJECTED
t1-0,proof_byte,3058,xor01_from3b,VERIFY_REJECTED
t1-0,proof_byte,3059,xor01_from50,VERIFY_REJECTED
t1-0,proof_byte,3060,xor01_from25,VERIFY_REJECTED
t1-0,proof_byte,3061,xor01_from11,VERIFY_REJECTED
t1-0,proof_byte,3062,xor01_from2e,VERIFY_REJECTED
t1-0,proof_byte,3063,xor01_fromb4,VERIFY_REJECTED
t1-0,proof_byte,3064,xor01_from3d,VERIFY_REJECTED
t1-0,proof_byte,3065,xor01_fromf3,VERIFY_REJECTED
t1-0,proof_byte,3066,xor01_from16,VERIFY_REJECTED
t1-0,proof_byte,3067,xor01_from27,VERIFY_REJECTED
t1-0,proof_byte,3068,xor01_from00,DESERIALIZE_REJECTED
t1-0,proof_byte,3069,xor01_from13,DESERIALIZE_PANIC
t1-0,proof_byte,3070,xor01_from02,DESERIALIZE_PANIC
t1-0,proof_byte,3071,xor01_from00,DESERIALIZE_PANIC
t1-0,proof_byte,3072,xor01_from00,DESERIALIZE_PANIC
t1-0,proof_byte,3073,xor01_from00,DESERIALIZE_PANIC
t1-0,proof_byte,3074,xor01_from00,DESERIALIZE_PANIC
t1-0,proof_byte,3075,xor01_from00,DESERIALIZE_PANIC
t1-0,proof_byte,3076,xor01_from00,DESERIALIZE_PANIC
t1-0,proof_byte,3077,xor01_from00,DESERIALIZE_PANIC
t1-0,proof_byte,3078,xor01_from0d,DESERIALIZE_PANIC
t1-0,proof_byte,3079,xor01_from00,DESERIALIZE_PANIC
t1-0,proof_byte,3080,xor01_from00,DESERIALIZE_PANIC
t1-0,proof_byte,3081,xor01_from00,DESERIALIZE_PANIC
t1-0,proof_byte,3082,xor01_from00,DESERIALIZE_PANIC
t1-0,proof_byte,3083,xor01_from00,DESERIALIZE_PANIC
t1-0,proof_byte,3084,xor01_from00,DESERIALIZE_PANIC
t1-0,proof_byte,3085,xor01_from00,DESERIALIZE_PANIC
t1-0,proof_byte,3086,xor01_from05,DESERIALIZE_PANIC
t1-0,proof_byte,3087,xor01_fromf4,VERIFY_REJECTED
t1-0,proof_byte,3088,xor01_from4f,VERIFY_REJECTED
t1-0,proof_byte,3089,xor01_fromca,VERIFY_REJECTED
t1-0,proof_byte,3090,xor01_from03,VERIFY_REJECTED
t1-0,proof_byte,3091,xor01_fromb7,VERIFY_REJECTED
t1-0,proof_byte,3092,xor01_fromb7,VERIFY_REJECTED
t1-0,proof_byte,3093,xor01_from3a,VERIFY_REJECTED
t1-0,proof_byte,3094,xor01_fromff,VERIFY_REJECTED
t1-0,proof_byte,3095,xor01_fromfa,VERIFY_REJECTED
t1-0,proof_byte,3096,xor01_from3b,VERIFY_REJECTED
t1-0,proof_byte,3097,xor01_from37,VERIFY_REJECTED
t1-0,proof_byte,3098,xor01_froma4,VERIFY_REJECTED
t1-0,proof_byte,3099,xor01_from87,VERIFY_REJECTED
t1-0,proof_byte,3100,xor01_from6c,VERIFY_REJECTED
t1-0,proof_byte,3101,xor01_from42,VERIFY_REJECTED
t1-0,proof_byte,3102,xor01_froma7,VERIFY_REJECTED
t1-0,proof_byte,3103,xor01_fromcc,VERIFY_REJECTED
t1-0,proof_byte,3104,xor01_from9f,VERIFY_REJECTED
t1-0,proof_byte,3105,xor01_from44,VERIFY_REJECTED
t1-0,proof_byte,3106,xor01_fromd9,VERIFY_REJECTED
t1-0,proof_byte,3107,xor01_from20,VERIFY_REJECTED
t1-0,proof_byte,3108,xor01_froma7,VERIFY_REJECTED
t1-0,proof_byte,3109,xor01_from28,VERIFY_REJECTED
t1-0,proof_byte,3110,xor01_from3b,VERIFY_REJECTED
t1-0,proof_byte,3111,xor01_from22,VERIFY_REJECTED
t1-0,proof_byte,3112,xor01_from3d,VERIFY_REJECTED
t1-0,proof_byte,3113,xor01_fromc9,VERIFY_REJECTED
t1-0,proof_byte,3114,xor01_from76,VERIFY_REJECTED
t1-0,proof_byte,3115,xor01_from47,VERIFY_REJECTED
t1-0,proof_byte,3116,xor01_from24,VERIFY_REJECTED
t1-0,proof_byte,3117,xor01_fromc7,VERIFY_REJECTED
t1-0,proof_byte,3118,xor01_from29,VERIFY_REJECTED
t1-0,proof_byte,3119,xor01_from00,DESERIALIZE_REJECTED
t1-0,proof_byte,3120,xor01_from13,DESERIALIZE_PANIC
t1-0,proof_byte,3121,xor01_from02,DESERIALIZE_PANIC
t1-0,proof_byte,3122,xor01_from00,DESERIALIZE_PANIC
t1-0,proof_byte,3123,xor01_from00,DESERIALIZE_PANIC
t1-0,proof_byte,3124,xor01_from00,DESERIALIZE_PANIC
t1-0,proof_byte,3125,xor01_from00,DESERIALIZE_PANIC
t1-0,proof_byte,3126,xor01_from00,DESERIALIZE_PANIC
t1-0,proof_byte,3127,xor01_from00,DESERIALIZE_PANIC
t1-0,proof_byte,3128,xor01_from00,DESERIALIZE_PANIC
t1-0,proof_byte,3129,xor01_from0d,DESERIALIZE_PANIC
t1-0,proof_byte,3130,xor01_from00,DESERIALIZE_PANIC
t1-0,proof_byte,3131,xor01_from00,DESERIALIZE_PANIC
t1-0,proof_byte,3132,xor01_from00,DESERIALIZE_PANIC
t1-0,proof_byte,3133,xor01_from00,DESERIALIZE_PANIC
t1-0,proof_byte,3134,xor01_from00,DESERIALIZE_PANIC
t1-0,proof_byte,3135,xor01_from00,DESERIALIZE_PANIC
t1-0,proof_byte,3136,xor01_from00,DESERIALIZE_PANIC
t1-0,proof_byte,3137,xor01_from06,DESERIALIZE_REJECTED
t1-0,proof_byte,3138,xor01_fromb9,VERIFY_REJECTED
t1-0,proof_byte,3139,xor01_from52,VERIFY_REJECTED
t1-0,proof_byte,3140,xor01_from31,VERIFY_REJECTED
t1-0,proof_byte,3141,xor01_from16,VERIFY_REJECTED
t1-0,proof_byte,3142,xor01_frome6,VERIFY_REJECTED
t1-0,proof_byte,3143,xor01_from05,VERIFY_REJECTED
t1-0,proof_byte,3144,xor01_fromf6,VERIFY_REJECTED
t1-0,proof_byte,3145,xor01_from08,VERIFY_REJECTED
t1-0,proof_byte,3146,xor01_from06,VERIFY_REJECTED
t1-0,proof_byte,3147,xor01_from5f,VERIFY_REJECTED
t1-0,proof_byte,3148,xor01_from03,VERIFY_REJECTED
t1-0,proof_byte,3149,xor01_fromf7,VERIFY_REJECTED
t1-0,proof_byte,3150,xor01_from1b,VERIFY_REJECTED
t1-0,proof_byte,3151,xor01_from4b,VERIFY_REJECTED
t1-0,proof_byte,3152,xor01_from6d,VERIFY_REJECTED
t1-0,proof_byte,3153,xor01_from88,VERIFY_REJECTED
t1-0,proof_byte,3154,xor01_from80,VERIFY_REJECTED
t1-0,proof_byte,3155,xor01_from05,VERIFY_REJECTED
t1-0,proof_byte,3156,xor01_fromcc,VERIFY_REJECTED
t1-0,proof_byte,3157,xor01_froma9,VERIFY_REJECTED
t1-0,proof_byte,3158,xor01_from49,VERIFY_REJECTED
t1-0,proof_byte,3159,xor01_from95,VERIFY_REJECTED
t1-0,proof_byte,3160,xor01_from6b,VERIFY_REJECTED
t1-0,proof_byte,3161,xor01_from49,VERIFY_REJECTED
t1-0,proof_byte,3162,xor01_from5c,VERIFY_REJECTED
t1-0,proof_byte,3163,xor01_fromfb,VERIFY_REJECTED
t1-0,proof_byte,3164,xor01_from59,VERIFY_REJECTED
t1-0,proof_byte,3165,xor01_fromed,VERIFY_REJECTED
t1-0,proof_byte,3166,xor01_from4d,VERIFY_REJECTED
t1-0,proof_byte,3167,xor01_from3e,VERIFY_REJECTED
t1-0,proof_byte,3168,xor01_fromdf,VERIFY_REJECTED
t1-0,proof_byte,3169,xor01_from17,VERIFY_REJECTED
t1-0,proof_byte,3170,xor01_from00,DESERIALIZE_REJECTED
t1-0,proof_byte,3171,xor01_from13,VERIFY_ACCEPTED
t1-0,proof_byte,3172,xor01_from02,VERIFY_ACCEPTED
t1-0,proof_byte,3173,xor01_from00,VERIFY_ACCEPTED
t1-0,proof_byte,3174,xor01_from00,VERIFY_ACCEPTED
t1-0,proof_byte,3175,xor01_from00,VERIFY_ACCEPTED
t1-0,proof_byte,3176,xor01_from00,VERIFY_ACCEPTED
t1-0,proof_byte,3177,xor01_from00,VERIFY_ACCEPTED
t1-0,proof_byte,3178,xor01_from00,VERIFY_ACCEPTED
t1-0,proof_byte,3179,xor01_from00,VERIFY_ACCEPTED
t1-0,proof_byte,3180,xor01_from0d,VERIFY_ACCEPTED
t1-0,proof_byte,3181,xor01_from00,VERIFY_ACCEPTED
t1-0,proof_byte,3182,xor01_from00,VERIFY_ACCEPTED
t1-0,proof_byte,3183,xor01_from00,VERIFY_ACCEPTED
t1-0,proof_byte,3184,xor01_from00,VERIFY_ACCEPTED
t1-0,proof_byte,3185,xor01_from00,VERIFY_ACCEPTED
t1-0,proof_byte,3186,xor01_from00,VERIFY_ACCEPTED
t1-0,proof_byte,3187,xor01_from00,VERIFY_ACCEPTED
t1-0,proof_byte,3188,xor01_from08,VERIFY_ACCEPTED
t1-0,proof_byte,3189,xor01_from10,VERIFY_ACCEPTED
t1-0,proof_byte,3190,xor01_fromb3,VERIFY_ACCEPTED
t1-0,proof_byte,3191,xor01_from9b,VERIFY_ACCEPTED
t1-0,proof_byte,3192,xor01_from77,VERIFY_ACCEPTED
t1-0,proof_byte,3193,xor01_fromc5,VERIFY_ACCEPTED
t1-0,proof_byte,3194,xor01_from6e,VERIFY_ACCEPTED
t1-0,proof_byte,3195,xor01_from9d,VERIFY_ACCEPTED
t1-0,proof_byte,3196,xor01_from54,VERIFY_ACCEPTED
t1-0,proof_byte,3197,xor01_fromd4,VERIFY_ACCEPTED
t1-0,proof_byte,3198,xor01_from98,VERIFY_ACCEPTED
t1-0,proof_byte,3199,xor01_from15,VERIFY_ACCEPTED
t1-0,proof_byte,3200,xor01_fromcf,VERIFY_ACCEPTED
t1-0,proof_byte,3201,xor01_from2f,VERIFY_ACCEPTED
t1-0,proof_byte,3202,xor01_from0f,VERIFY_ACCEPTED
t1-0,proof_byte,3203,xor01_frome1,VERIFY_ACCEPTED
t1-0,proof_byte,3204,xor01_from5e,VERIFY_ACCEPTED
t1-0,proof_byte,3205,xor01_fromd3,VERIFY_ACCEPTED
t1-0,proof_byte,3206,xor01_from43,VERIFY_ACCEPTED
t1-0,proof_byte,3207,xor01_from0e,VERIFY_ACCEPTED
t1-0,proof_byte,3208,xor01_fromb4,VERIFY_ACCEPTED
t1-0,proof_byte,3209,xor01_from60,VERIFY_ACCEPTED
t1-0,proof_byte,3210,xor01_from82,VERIFY_ACCEPTED
t1-0,proof_byte,3211,xor01_from62,VERIFY_ACCEPTED
t1-0,proof_byte,3212,xor01_fromd7,VERIFY_ACCEPTED
t1-0,proof_byte,3213,xor01_from4e,VERIFY_ACCEPTED
t1-0,proof_byte,3214,xor01_from17,VERIFY_ACCEPTED
t1-0,proof_byte,3215,xor01_from5c,VERIFY_ACCEPTED
t1-0,proof_byte,3216,xor01_from62,VERIFY_ACCEPTED
t1-0,proof_byte,3217,xor01_from17,VERIFY_ACCEPTED
t1-0,proof_byte,3218,xor01_from21,VERIFY_ACCEPTED
t1-0,proof_byte,3219,xor01_fromf9,VERIFY_ACCEPTED
t1-0,proof_byte,3220,xor01_from2a,VERIFY_ACCEPTED
t1-0,proof_byte,3221,xor01_from00,DESERIALIZE_REJECTED
t1-0,proof_byte,3222,xor01_from13,DESERIALIZE_PANIC
t1-0,proof_byte,3223,xor01_from02,DESERIALIZE_PANIC
t1-0,proof_byte,3224,xor01_from00,DESERIALIZE_PANIC
t1-0,proof_byte,3225,xor01_from00,DESERIALIZE_PANIC
t1-0,proof_byte,3226,xor01_from00,DESERIALIZE_PANIC
t1-0,proof_byte,3227,xor01_from00,DESERIALIZE_PANIC
t1-0,proof_byte,3228,xor01_from00,DESERIALIZE_PANIC
t1-0,proof_byte,3229,xor01_from00,DESERIALIZE_PANIC
t1-0,proof_byte,3230,xor01_from00,DESERIALIZE_PANIC
t1-0,proof_byte,3231,xor01_from0e,DESERIALIZE_PANIC
t1-0,proof_byte,3232,xor01_from00,DESERIALIZE_PANIC
t1-0,proof_byte,3233,xor01_from00,DESERIALIZE_PANIC
t1-0,proof_byte,3234,xor01_from00,DESERIALIZE_PANIC
t1-0,proof_byte,3235,xor01_from00,DESERIALIZE_PANIC
t1-0,proof_byte,3236,xor01_from00,DESERIALIZE_PANIC
t1-0,proof_byte,3237,xor01_from00,DESERIALIZE_PANIC
t1-0,proof_byte,3238,xor01_from00,DESERIALIZE_PANIC
t1-0,proof_byte,3239,xor01_from02,DESERIALIZE_PANIC
t1-0,proof_byte,3240,xor01_fromd2,VERIFY_REJECTED
t1-0,proof_byte,3241,xor01_from1e,VERIFY_REJECTED
t1-0,proof_byte,3242,xor01_fromb7,VERIFY_REJECTED
t1-0,proof_byte,3243,xor01_from91,VERIFY_REJECTED
t1-0,proof_byte,3244,xor01_from3b,VERIFY_REJECTED
t1-0,proof_byte,3245,xor01_fromf6,VERIFY_REJECTED
t1-0,proof_byte,3246,xor01_from05,VERIFY_REJECTED
t1-0,proof_byte,3247,xor01_frome6,VERIFY_REJECTED
t1-0,proof_byte,3248,xor01_from00,VERIFY_REJECTED
t1-0,proof_byte,3249,xor01_fromab,VERIFY_REJECTED
t1-0,proof_byte,3250,xor01_from82,VERIFY_REJECTED
t1-0,proof_byte,3251,xor01_from79,VERIFY_REJECTED
t1-0,proof_byte,3252,xor01_from28,VERIFY_REJECTED
t1-0,proof_byte,3253,xor01_fromfa,VERIFY_REJECTED
t1-0,proof_byte,3254,xor01_from7c,VERIFY_REJECTED
t1-0,proof_byte,3255,xor01_fromed,VERIFY_REJECTED
t1-0,proof_byte,3256,xor01_from96,VERIFY_REJECTED
t1-0,proof_byte,3257,xor01_from7b,VERIFY_REJECTED
t1-0,proof_byte,3258,xor01_from5c,VERIFY_REJECTED
t1-0,proof_byte,3259,xor01_from83,VERIFY_REJECTED
t1-0,proof_byte,3260,xor01_fromce,VERIFY_REJECTED
t1-0,proof_byte,3261,xor01_fromce,VERIFY_REJECTED
t1-0,proof_byte,3262,xor01_from84,VERIFY_REJECTED
t1-0,proof_byte,3263,xor01_frome0,VERIFY_REJECTED
t1-0,proof_byte,3264,xor01_fromb7,VERIFY_REJECTED
t1-0,proof_byte,3265,xor01_from54,VERIFY_REJECTED
t1-0,proof_byte,3266,xor01_from70,VERIFY_REJECTED
t1-0,proof_byte,3267,xor01_fromf5,VERIFY_REJECTED
t1-0,proof_byte,3268,xor01_from0b,VERIFY_REJECTED
t1-0,proof_byte,3269,xor01_fromc7,VERIFY_REJECTED
t1-0,proof_byte,3270,xor01_from28,VERIFY_REJECTED
t1-0,proof_byte,3271,xor01_from2f,VERIFY_REJECTED
t1-0,proof_byte,3272,xor01_from00,DESERIALIZE_REJECTED
t1-0,proof_byte,3273,xor01_from13,DESERIALIZE_PANIC
t1-0,proof_byte,3274,xor01_from02,DESERIALIZE_PANIC
t1-0,proof_byte,3275,xor01_from00,DESERIALIZE_PANIC
t1-0,proof_byte,3276,xor01_from00,DESERIALIZE_PANIC
t1-0,proof_byte,3277,xor01_from00,DESERIALIZE_PANIC
t1-0,proof_byte,3278,xor01_from00,DESERIALIZE_PANIC
t1-0,proof_byte,3279,xor01_from00,DESERIALIZE_PANIC
t1-0,proof_byte,3280,xor01_from00,DESERIALIZE_PANIC
t1-0,proof_byte,3281,xor01_from00,DESERIALIZE_PANIC
t1-0,proof_byte,3282,xor01_from0e,DESERIALIZE_PANIC
t1-0,proof_byte,3283,xor01_from00,DESERIALIZE_PANIC
t1-0,proof_byte,3284,xor01_from00,DESERIALIZE_PANIC
t1-0,proof_byte,3285,xor01_from00,DESERIALIZE_PANIC
t1-0,proof_byte,3286,xor01_from00,DESERIALIZE_PANIC
t1-0,proof_byte,3287,xor01_from00,DESERIALIZE_PANIC
t1-0,proof_byte,3288,xor01_from00,DESERIALIZE_PANIC
t1-0,proof_byte,3289,xor01_from00,DESERIALIZE_PANIC
t1-0,proof_byte,3290,xor01_from05,DESERIALIZE_PANIC
t1-0,proof_byte,3291,xor01_fromb1,VERIFY_REJECTED
t1-0,proof_byte,3292,xor01_fromde,VERIFY_REJECTED
t1-0,proof_byte,3293,xor01_froma7,VERIFY_REJECTED
t1-0,proof_byte,3294,xor01_from2c,VERIFY_REJECTED
t1-0,proof_byte,3295,xor01_fromf7,VERIFY_REJECTED
t1-0,proof_byte,3296,xor01_from87,VERIFY_REJECTED
t1-0,proof_byte,3297,xor01_from9a,VERIFY_REJECTED
t1-0,proof_byte,3298,xor01_from34,VERIFY_REJECTED
t1-0,proof_byte,3299,xor01_from3e,VERIFY_REJECTED
t1-0,proof_byte,3300,xor01_fromc4,VERIFY_REJECTED
t1-0,proof_byte,3301,xor01_from55,VERIFY_REJECTED
t1-0,proof_byte,3302,xor01_froma3,VERIFY_REJECTED
t1-0,proof_byte,3303,xor01_from3a,VERIFY_REJECTED
t1-0,proof_byte,3304,xor01_from56,VERIFY_REJECTED
t1-0,proof_byte,3305,xor01_fromde,VERIFY_REJECTED
t1-0,proof_byte,3306,xor01_from68,VERIFY_REJECTED
t1-0,proof_byte,3307,xor01_from76,VERIFY_REJECTED
t1-0,proof_byte,3308,xor01_from92,VERIFY_REJECTED
t1-0,proof_byte,3309,xor01_from39,VERIFY_REJECTED
t1-0,proof_byte,3310,xor01_froma1,VERIFY_REJECTED
t1-0,proof_byte,3311,xor01_from60,VERIFY_REJECTED
t1-0,proof_byte,3312,xor01_fromf7,VERIFY_REJECTED
t1-0,proof_byte,3313,xor01_from2c,VERIFY_REJECTED
t1-0,proof_byte,3314,xor01_from1c,VERIFY_REJECTED
t1-0,proof_byte,3315,xor01_from28,VERIFY_REJECTED
t1-0,proof_byte,3316,xor01_from2b,VERIFY_REJECTED
t1-0,proof_byte,3317,xor01_from65,VERIFY_REJECTED
t1-0,proof_byte,3318,xor01_from66,VERIFY_REJECTED
t1-0,proof_byte,3319,xor01_from1f,VERIFY_REJECTED
t1-0,proof_byte,3320,xor01_from77,VERIFY_REJECTED
t1-0,proof_byte,3321,xor01_from8b,VERIFY_REJECTED
t1-0,proof_byte,3322,xor01_from01,VERIFY_REJECTED
t1-0,proof_byte,3323,xor01_from00,DESERIALIZE_REJECTED
t1-0,proof_byte,3324,xor01_from13,DESERIALIZE_PANIC
t1-0,proof_byte,3325,xor01_from02,DESERIALIZE_PANIC
t1-0,proof_byte,3326,xor01_from00,DESERIALIZE_PANIC
t1-0,proof_byte,3327,xor01_from00,DESERIALIZE_PANIC
t1-0,proof_byte,3328,xor01_from00,DESERIALIZE_PANIC
t1-0,proof_byte,3329,xor01_from00,DESERIALIZE_PANIC
t1-0,proof_byte,3330,xor01_from00,DESERIALIZE_PANIC
t1-0,proof_byte,3331,xor01_from00,DESERIALIZE_PANIC
t1-0,proof_byte,3332,xor01_from00,DESERIALIZE_PANIC
t1-0,proof_byte,3333,xor01_from0e,DESERIALIZE_PANIC
t1-0,proof_byte,3334,xor01_from00,DESERIALIZE_PANIC
t1-0,proof_byte,3335,xor01_from00,DESERIALIZE_PANIC
t1-0,proof_byte,3336,xor01_from00,DESERIALIZE_PANIC
t1-0,proof_byte,3337,xor01_from00,DESERIALIZE_PANIC
t1-0,proof_byte,3338,xor01_from00,DESERIALIZE_PANIC
t1-0,proof_byte,3339,xor01_from00,DESERIALIZE_PANIC
t1-0,proof_byte,3340,xor01_from00,DESERIALIZE_PANIC
t1-0,proof_byte,3341,xor01_from06,DESERIALIZE_REJECTED
t1-0,proof_byte,3342,xor01_from6d,VERIFY_REJECTED
t1-0,proof_byte,3343,xor01_fromec,VERIFY_REJECTED
t1-0,proof_byte,3344,xor01_from2b,VERIFY_REJECTED
t1-0,proof_byte,3345,xor01_from7f,VERIFY_REJECTED
t1-0,proof_byte,3346,xor01_from65,VERIFY_REJECTED
t1-0,proof_byte,3347,xor01_from62,VERIFY_REJECTED
t1-0,proof_byte,3348,xor01_from9b,VERIFY_REJECTED
t1-0,proof_byte,3349,xor01_from0e,VERIFY_REJECTED
t1-0,proof_byte,3350,xor01_fromb3,VERIFY_REJECTED
t1-0,proof_byte,3351,xor01_from87,VERIFY_REJECTED
t1-0,proof_byte,3352,xor01_from6a,VERIFY_REJECTED
t1-0,proof_byte,3353,xor01_from16,VERIFY_REJECTED
t1-0,proof_byte,3354,xor01_from9e,VERIFY_REJECTED
t1-0,proof_byte,3355,xor01_from40,VERIFY_REJECTED
t1-0,proof_byte,3356,xor01_from3b,VERIFY_REJECTED
t1-0,proof_byte,3357,xor01_fromeb,VERIFY_REJECTED
t1-0,proof_byte,3358,xor01_from42,VERIFY_REJECTED
t1-0,proof_byte,3359,xor01_fromc3,VERIFY_REJECTED
t1-0,proof_byte,3360,xor01_fromaf,VERIFY_REJECTED
t1-0,proof_byte,3361,xor01_from40,VERIFY_REJECTED
t1-0,proof_byte,3362,xor01_fromfd,VERIFY_REJECTED
t1-0,proof_byte,3363,xor01_fromec,VERIFY_REJECTED
t1-0,proof_byte,3364,xor01_froma2,VERIFY_REJECTED
t1-0,proof_byte,3365,xor01_from37,VERIFY_REJECTED
t1-0,proof_byte,3366,xor01_from92,VERIFY_REJECTED
t1-0,proof_byte,3367,xor01_fromcc,VERIFY_REJECTED
t1-0,proof_byte,3368,xor01_from36,VERIFY_REJECTED
t1-0,proof_byte,3369,xor01_from60,VERIFY_REJECTED
t1-0,proof_byte,3370,xor01_frome3,VERIFY_REJECTED
t1-0,proof_byte,3371,xor01_froma3,VERIFY_REJECTED
t1-0,proof_byte,3372,xor01_from38,VERIFY_REJECTED
t1-0,proof_byte,3373,xor01_from1a,VERIFY_REJECTED
t1-0,proof_byte,3374,xor01_from00,DESERIALIZE_REJECTED
t1-0,proof_byte,3375,xor01_from13,VERIFY_ACCEPTED
t1-0,proof_byte,3376,xor01_from02,VERIFY_ACCEPTED
t1-0,proof_byte,3377,xor01_from00,VERIFY_ACCEPTED
t1-0,proof_byte,3378,xor01_from00,VERIFY_ACCEPTED
t1-0,proof_byte,3379,xor01_from00,VERIFY_ACCEPTED
t1-0,proof_byte,3380,xor01_from00,VERIFY_ACCEPTED
t1-0,proof_byte,3381,xor01_from00,VERIFY_ACCEPTED
t1-0,proof_byte,3382,xor01_from00,VERIFY_ACCEPTED
t1-0,proof_byte,3383,xor01_from00,VERIFY_ACCEPTED
t1-0,proof_byte,3384,xor01_from0e,VERIFY_ACCEPTED
t1-0,proof_byte,3385,xor01_from00,VERIFY_ACCEPTED
t1-0,proof_byte,3386,xor01_from00,VERIFY_ACCEPTED
t1-0,proof_byte,3387,xor01_from00,VERIFY_ACCEPTED
t1-0,proof_byte,3388,xor01_from00,VERIFY_ACCEPTED
t1-0,proof_byte,3389,xor01_from00,VERIFY_ACCEPTED
t1-0,proof_byte,3390,xor01_from00,VERIFY_ACCEPTED
t1-0,proof_byte,3391,xor01_from00,VERIFY_ACCEPTED
t1-0,proof_byte,3392,xor01_from08,VERIFY_ACCEPTED
t1-0,proof_byte,3393,xor01_fromee,VERIFY_ACCEPTED
t1-0,proof_byte,3394,xor01_fromc4,VERIFY_ACCEPTED
t1-0,proof_byte,3395,xor01_froma8,VERIFY_ACCEPTED
t1-0,proof_byte,3396,xor01_from2a,VERIFY_ACCEPTED
t1-0,proof_byte,3397,xor01_fromb2,VERIFY_ACCEPTED
t1-0,proof_byte,3398,xor01_fromb9,VERIFY_ACCEPTED
t1-0,proof_byte,3399,xor01_from00,VERIFY_ACCEPTED
t1-0,proof_byte,3400,xor01_from22,VERIFY_ACCEPTED
t1-0,proof_byte,3401,xor01_from23,VERIFY_ACCEPTED
t1-0,proof_byte,3402,xor01_from4a,VERIFY_ACCEPTED
t1-0,proof_byte,3403,xor01_from19,VERIFY_ACCEPTED
t1-0,proof_byte,3404,xor01_from7d,VERIFY_ACCEPTED
t1-0,proof_byte,3405,xor01_frome4,VERIFY_ACCEPTED
t1-0,proof_byte,3406,xor01_from5a,VERIFY_ACCEPTED
t1-0,proof_byte,3407,xor01_from31,VERIFY_ACCEPTED
t1-0,proof_byte,3408,xor01_froma2,VERIFY_ACCEPTED
t1-0,proof_byte,3409,xor01_fromed,VERIFY_ACCEPTED
t1-0,proof_byte,3410,xor01_from99,VERIFY_ACCEPTED
t1-0,proof_byte,3411,xor01_from53,VERIFY_ACCEPTED
t1-0,proof_byte,3412,xor01_from88,VERIFY_ACCEPTED
t1-0,proof_byte,3413,xor01_from4c,VERIFY_ACCEPTED
t1-0,proof_byte,3414,xor01_fromd0,VERIFY_ACCEPTED
t1-0,proof_byte,3415,xor01_fromd6,VERIFY_ACCEPTED
t1-0,proof_byte,3416,xor01_fromb8,VERIFY_ACCEPTED
t1-0,proof_byte,3417,xor01_frombb,VERIFY_ACCEPTED
t1-0,proof_byte,3418,xor01_from8f,VERIFY_ACCEPTED
t1-0,proof_byte,3419,xor01_from39,VERIFY_ACCEPTED
t1-0,proof_byte,3420,xor01_fromb0,VERIFY_ACCEPTED
t1-0,proof_byte,3421,xor01_fromdd,VERIFY_ACCEPTED
t1-0,proof_byte,3422,xor01_fromaa,VERIFY_ACCEPTED
t1-0,proof_byte,3423,xor01_from40,VERIFY_ACCEPTED
t1-0,proof_byte,3424,xor01_from19,VERIFY_ACCEPTED
t1-0,proof_byte,3425,xor01_from00,DESERIALIZE_REJECTED
t1-0,proof_byte,3426,xor01_from13,DESERIALIZE_PANIC
t1-0,proof_byte,3427,xor01_from02,DESERIALIZE_PANIC
t1-0,proof_byte,3428,xor01_from00,DESERIALIZE_PANIC
t1-0,proof_byte,3429,xor01_from00,DESERIALIZE_PANIC
t1-0,proof_byte,3430,xor01_from00,DESERIALIZE_PANIC
t1-0,proof_byte,3431,xor01_from00,DESERIALIZE_PANIC
t1-0,proof_byte,3432,xor01_from00,DESERIALIZE_PANIC
t1-0,proof_byte,3433,xor01_from00,DESERIALIZE_PANIC
t1-0,proof_byte,3434,xor01_from00,DESERIALIZE_PANIC
t1-0,proof_byte,3435,xor01_from0f,DESERIALIZE_PANIC
t1-0,proof_byte,3436,xor01_from00,DESERIALIZE_PANIC
t1-0,proof_byte,3437,xor01_from00,DESERIALIZE_PANIC
t1-0,proof_byte,3438,xor01_from00,DESERIALIZE_PANIC
t1-0,proof_byte,3439,xor01_from00,DESERIALIZE_PANIC
t1-0,proof_byte,3440,xor01_from00,DESERIALIZE_PANIC
t1-0,proof_byte,3441,xor01_from00,DESERIALIZE_PANIC
t1-0,proof_byte,3442,xor01_from00,DESERIALIZE_PANIC
t1-0,proof_byte,3443,xor01_from02,DESERIALIZE_PANIC
t1-0,proof_byte,3444,xor01_from7e,VERIFY_REJECTED
t1-0,proof_byte,3445,xor01_from0d,VERIFY_REJECTED
t1-0,proof_byte,3446,xor01_from94,VERIFY_REJECTED
t1-0,proof_byte,3447,xor01_fromb3,VERIFY_REJECTED
t1-0,proof_byte,3448,xor01_from6d,VERIFY_REJECTED
t1-0,proof_byte,3449,xor01_fromc0,VERIFY_REJECTED
t1-0,proof_byte,3450,xor01_from9c,VERIFY_REJECTED
t1-0,proof_byte,3451,xor01_from30,VERIFY_REJECTED
t1-0,proof_byte,3452,xor01_from7a,VERIFY_REJECTED
t1-0,proof_byte,3453,xor01_from5d,VERIFY_REJECTED
t1-0,proof_byte,3454,xor01_from7a,VERIFY_REJECTED
t1-0,proof_byte,3455,xor01_from23,VERIFY_REJECTED
t1-0,proof_byte,3456,xor01_fromd0,VERIFY_REJECTED
t1-0,proof_byte,3457,xor01_from3e,VERIFY_REJECTED
t1-0,proof_byte,3458,xor01_from4d,VERIFY_REJECTED
t1-0,proof_byte,3459,xor01_from9d,VERIFY_REJECTED
t1-0,proof_byte,3460,xor01_fromf5,VERIFY_REJECTED
t1-0,proof_byte,3461,xor01_from0d,VERIFY_REJECTED
t1-0,proof_byte,3462,xor01_from8e,VERIFY_REJECTED
t1-0,proof_byte,3463,xor01_from74,VERIFY_REJECTED
t1-0,proof_byte,3464,xor01_froma0,VERIFY_REJECTED
t1-0,proof_byte,3465,xor01_froma4,VERIFY_REJECTED
t1-0,proof_byte,3466,xor01_fromc8,VERIFY_REJECTED
t1-0,proof_byte,3467,xor01_from66,VERIFY_REJECTED
t1-0,proof_byte,3468,xor01_frombb,VERIFY_REJECTED
t1-0,proof_byte,3469,xor01_from96,VERIFY_REJECTED
t1-0,proof_byte,3470,xor01_from45,VERIFY_REJECTED
t1-0,proof_byte,3471,xor01_froma5,VERIFY_REJECTED
t1-0,proof_byte,3472,xor01_fromf0,VERIFY_REJECTED
t1-0,proof_byte,3473,xor01_fromac,VERIFY_REJECTED
t1-0,proof_byte,3474,xor01_from0a,VERIFY_REJECTED
t1-0,proof_byte,3475,xor01_from05,VERIFY_REJECTED
t1-0,proof_byte,3476,xor01_from00,DESERIALIZE_REJECTED
t1-0,proof_byte,3477,xor01_from13,DESERIALIZE_PANIC
t1-0,proof_byte,3478,xor01_from02,DESERIALIZE_PANIC
t1-0,proof_byte,3479,xor01_from00,DESERIALIZE_PANIC
t1-0,proof_byte,3480,xor01_from00,DESERIALIZE_PANIC
t1-0,proof_byte,3481,xor01_from00,DESERIALIZE_PANIC
t1-0,proof_byte,3482,xor01_from00,DESERIALIZE_PANIC
t1-0,proof_byte,3483,xor01_from00,DESERIALIZE_PANIC
t1-0,proof_byte,3484,xor01_from00,DESERIALIZE_PANIC
t1-0,proof_byte,3485,xor01_from00,DESERIALIZE_PANIC
t1-0,proof_byte,3486,xor01_from0f,DESERIALIZE_PANIC
t1-0,proof_byte,3487,xor01_from00,DESERIALIZE_PANIC
t1-0,proof_byte,3488,xor01_from00,DESERIALIZE_PANIC
t1-0,proof_byte,3489,xor01_from00,DESERIALIZE_PANIC
t1-0,proof_byte,3490,xor01_from00,DESERIALIZE_PANIC
t1-0,proof_byte,3491,xor01_from00,DESERIALIZE_PANIC
t1-0,proof_byte,3492,xor01_from00,DESERIALIZE_PANIC
t1-0,proof_byte,3493,xor01_from00,DESERIALIZE_PANIC
t1-0,proof_byte,3494,xor01_from05,DESERIALIZE_PANIC
t1-0,proof_byte,3495,xor01_from5f,VERIFY_REJECTED
t1-0,proof_byte,3496,xor01_from1a,VERIFY_REJECTED
t1-0,proof_byte,3497,xor01_from08,VERIFY_REJECTED
t1-0,proof_byte,3498,xor01_from69,VERIFY_REJECTED
t1-0,proof_byte,3499,xor01_fromf6,VERIFY_REJECTED
t1-0,proof_byte,3500,xor01_froma0,VERIFY_REJECTED
t1-0,proof_byte,3501,xor01_frombc,VERIFY_REJECTED
t1-0,proof_byte,3502,xor01_from5e,VERIFY_REJECTED
t1-0,proof_byte,3503,xor01_from69,VERIFY_REJECTED
t1-0,proof_byte,3504,xor01_from5b,VERIFY_REJECTED
t1-0,proof_byte,3505,xor01_from5e,VERIFY_REJECTED
t1-0,proof_byte,3506,xor01_from64,VERIFY_REJECTED
t1-0,proof_byte,3507,xor01_from15,VERIFY_REJECTED
t1-0,proof_byte,3508,xor01_froma4,VERIFY_REJECTED
t1-0,proof_byte,3509,xor01_from43,VERIFY_REJECTED
t1-0,proof_byte,3510,xor01_from47,VERIFY_REJECTED
t1-0,proof_byte,3511,xor01_fromb2,VERIFY_REJECTED
t1-0,proof_byte,3512,xor01_from0b,VERIFY_REJECTED
t1-0,proof_byte,3513,xor01_from99,VERIFY_REJECTED
t1-0,proof_byte,3514,xor01_from6d,VERIFY_REJECTED
t1-0,proof_byte,3515,xor01_from05,VERIFY_REJECTED
t1-0,proof_byte,3516,xor01_from7f,VERIFY_REJECTED
t1-0,proof_byte,3517,xor01_from2a,VERIFY_REJECTED
t1-0,proof_byte,3518,xor01_frome7,VERIFY_REJECTED
t1-0,proof_byte,3519,xor01_from1d,VERIFY_REJECTED
t1-0,proof_byte,3520,xor01_from6f,VERIFY_REJECTED
t1-0,proof_byte,3521,xor01_from84,VERIFY_REJECTED
t1-0,proof_byte,3522,xor01_from6d,VERIFY_REJECTED
t1-0,proof_byte,3523,xor01_fromff,VERIFY_REJECTED
t1-0,proof_byte,3524,xor01_fromd4,VERIFY_REJECTED
t1-0,proof_byte,3525,xor01_fromef,VERIFY_REJECTED
t1-0,proof_byte,3526,xor01_from04,VERIFY_REJECTED
t1-0,proof_byte,3527,xor01_from00,DESERIALIZE_REJECTED
t1-0,proof_byte,3528,xor01_from13,DESERIALIZE_PANIC
t1-0,proof_byte,3529,xor01_from02,DESERIALIZE_PANIC
t1-0,proof_byte,3530,xor01_from00,DESERIALIZE_PANIC
t1-0,proof_byte,3531,xor01_from00,DESERIALIZE_PANIC
t1-0,proof_byte,3532,xor01_from00,DESERIALIZE_PANIC
t1-0,proof_byte,3533,xor01_from00,DESERIALIZE_PANIC
t1-0,proof_byte,3534,xor01_from00,DESERIALIZE_PANIC
t1-0,proof_byte,3535,xor01_from00,DESERIALIZE_PANIC
t1-0,proof_byte,3536,xor01_from00,DESERIALIZE_PANIC
t1-0,proof_byte,3537,xor01_from0f,DESERIALIZE_PANIC
t1-0,proof_byte,3538,xor01_from00,DESERIALIZE_PANIC
t1-0,proof_byte,3539,xor01_from00,DESERIALIZE_PANIC
t1-0,proof_byte,3540,xor01_from00,DESERIALIZE_PANIC
t1-0,proof_byte,3541,xor01_from00,DESERIALIZE_PANIC
t1-0,proof_byte,3542,xor01_from00,DESERIALIZE_PANIC
t1-0,proof_byte,3543,xor01_from00,DESERIALIZE_PANIC
t1-0,proof_byte,3544,xor01_from00,DESERIALIZE_PANIC
t1-0,proof_byte,3545,xor01_from06,DESERIALIZE_REJECTED
t1-0,proof_byte,3546,xor01_from60,VERIFY_REJECTED
t1-0,proof_byte,3547,xor01_fromba,VERIFY_REJECTED
t1-0,proof_byte,3548,xor01_fromf0,VERIFY_REJECTED
t1-0,proof_byte,3549,xor01_from51,VERIFY_REJECTED
t1-0,proof_byte,3550,xor01_from02,VERIFY_REJECTED
t1-0,proof_byte,3551,xor01_from6b,VERIFY_REJECTED
t1-0,proof_byte,3552,xor01_from07,VERIFY_REJECTED
t1-0,proof_byte,3553,xor01_from85,VERIFY_REJECTED
t1-0,proof_byte,3554,xor01_frome7,VERIFY_REJECTED
t1-0,proof_byte,3555,xor01_from66,VERIFY_REJECTED
t1-0,proof_byte,3556,xor01_from58,VERIFY_REJECTED
t1-0,proof_byte,3557,xor01_from0c,VERIFY_REJECTED
t1-0,proof_byte,3558,xor01_from5f,VERIFY_REJECTED
t1-0,proof_byte,3559,xor01_frome2,VERIFY_REJECTED
t1-0,proof_byte,3560,xor01_frome0,VERIFY_REJECTED
t1-0,proof_byte,3561,xor01_fromdf,VERIFY_REJECTED
t1-0,proof_byte,3562,xor01_from70,VERIFY_REJECTED
t1-0,proof_byte,3563,xor01_frome7,VERIFY_REJECTED
t1-0,proof_byte,3564,xor01_fromcb,VERIFY_REJECTED
t1-0,proof_byte,3565,xor01_from19,VERIFY_REJECTED
t1-0,proof_byte,3566,xor01_from25,VERIFY_REJECTED
t1-0,proof_byte,3567,xor01_from8f,VERIFY_REJECTED
t1-0,proof_byte,3568,xor01_from85,VERIFY_REJECTED
t1-0,proof_byte,3569,xor01_from31,VERIFY_REJECTED
t1-0,proof_byte,3570,xor01_from49,VERIFY_REJECTED
t1-0,proof_byte,3571,xor01_from8c,VERIFY_REJECTED
t1-0,proof_byte,3572,xor01_fromb0,VERIFY_REJECTED
t1-0,proof_byte,3573,xor01_fromd3,VERIFY_REJECTED
t1-0,proof_byte,3574,xor01_from8d,VERIFY_REJECTED
t1-0,proof_byte,3575,xor01_from74,VERIFY_REJECTED
t1-0,proof_byte,3576,xor01_from10,VERIFY_REJECTED
t1-0,proof_byte,3577,xor01_from2d,VERIFY_REJECTED
t1-0,proof_byte,3578,xor01_from00,DESERIALIZE_REJECTED
t1-0,proof_byte,3579,xor01_from13,VERIFY_ACCEPTED
t1-0,proof_byte,3580,xor01_from02,VERIFY_ACCEPTED
t1-0,proof_byte,3581,xor01_from00,VERIFY_ACCEPTED
t1-0,proof_byte,3582,xor01_from00,VERIFY_ACCEPTED
t1-0,proof_byte,3583,xor01_from00,VERIFY_ACCEPTED
t1-0,proof_byte,3584,xor01_from00,VERIFY_ACCEPTED
t1-0,proof_byte,3585,xor01_from00,VERIFY_ACCEPTED
t1-0,proof_byte,3586,xor01_from00,VERIFY_ACCEPTED
t1-0,proof_byte,3587,xor01_from00,VERIFY_ACCEPTED
t1-0,proof_byte,3588,xor01_from0f,VERIFY_ACCEPTED
t1-0,proof_byte,3589,xor01_from00,VERIFY_ACCEPTED
t1-0,proof_byte,3590,xor01_from00,VERIFY_ACCEPTED
t1-0,proof_byte,3591,xor01_from00,VERIFY_ACCEPTED
t1-0,proof_byte,3592,xor01_from00,VERIFY_ACCEPTED
t1-0,proof_byte,3593,xor01_from00,VERIFY_ACCEPTED
t1-0,proof_byte,3594,xor01_from00,VERIFY_ACCEPTED
t1-0,proof_byte,3595,xor01_from00,VERIFY_ACCEPTED
t1-0,proof_byte,3596,xor01_from08,VERIFY_ACCEPTED
t1-0,proof_byte,3597,xor01_fromd2,VERIFY_ACCEPTED
t1-0,proof_byte,3598,xor01_from97,VERIFY_ACCEPTED
t1-0,proof_byte,3599,xor01_from2b,VERIFY_ACCEPTED
t1-0,proof_byte,3600,xor01_fromff,VERIFY_ACCEPTED
t1-0,proof_byte,3601,xor01_from67,VERIFY_ACCEPTED
t1-0,proof_byte,3602,xor01_from82,VERIFY_ACCEPTED
t1-0,proof_byte,3603,xor01_from7c,VERIFY_ACCEPTED
t1-0,proof_byte,3604,xor01_from41,VERIFY_ACCEPTED
t1-0,proof_byte,3605,xor01_from59,VERIFY_ACCEPTED
t1-0,proof_byte,3606,xor01_from8b,VERIFY_ACCEPTED
t1-0,proof_byte,3607,xor01_fromc5,VERIFY_ACCEPTED
t1-0,proof_byte,3608,xor01_from79,VERIFY_ACCEPTED
t1-0,proof_byte,3609,xor01_from66,VERIFY_ACCEPTED
t1-0,proof_byte,3610,xor01_fromd9,VERIFY_ACCEPTED
t1-0,proof_byte,3611,xor01_from66,VERIFY_ACCEPTED
t1-0,proof_byte,3612,xor01_from9a,VERIFY_ACCEPTED
t1-0,proof_byte,3613,xor01_from9a,VERIFY_ACCEPTED
t1-0,proof_byte,3614,xor01_from12,VERIFY_ACCEPTED
t1-0,proof_byte,3615,xor01_fromc6,VERIFY_ACCEPTED
t1-0,proof_byte,3616,xor01_from86,VERIFY_ACCEPTED
t1-0,proof_byte,3617,xor01_from23,VERIFY_ACCEPTED
t1-0,proof_byte,3618,xor01_from42,VERIFY_ACCEPTED
t1-0,proof_byte,3619,xor01_from77,VERIFY_ACCEPTED
t1-0,proof_byte,3620,xor01_from14,VERIFY_ACCEPTED
t1-0,proof_byte,3621,xor01_froma8,VERIFY_ACCEPTED
t1-0,proof_byte,3622,xor01_from71,VERIFY_ACCEPTED
t1-0,proof_byte,3623,xor01_from90,VERIFY_ACCEPTED
t1-0,proof_byte,3624,xor01_froma3,VERIFY_ACCEPTED
t1-0,proof_byte,3625,xor01_froma8,VERIFY_ACCEPTED
t1-0,proof_byte,3626,xor01_frome4,VERIFY_ACCEPTED
t1-0,proof_byte,3627,xor01_from0c,VERIFY_ACCEPTED
t1-0,proof_byte,3628,xor01_from02,VERIFY_ACCEPTED
t1-0,proof_byte,3629,xor01_from00,DESERIALIZE_PANIC
t1-0,proof_byte,3630,xor01_from14,DESERIALIZE_PANIC
t1-0,proof_byte,3631,xor01_from02,DESERIALIZE_PANIC
t1-0,proof_byte,3632,xor01_from00,DESERIALIZE_PANIC
t1-0,proof_byte,3633,xor01_from00,DESERIALIZE_PANIC
t1-0,proof_byte,3634,xor01_from00,DESERIALIZE_PANIC
t1-0,proof_byte,3635,xor01_from00,DESERIALIZE_PANIC
t1-0,proof_byte,3636,xor01_from00,DESERIALIZE_PANIC
t1-0,proof_byte,3637,xor01_from00,DESERIALIZE_PANIC
t1-0,proof_byte,3638,xor01_from00,DESERIALIZE_PANIC
t1-0,proof_byte,3639,xor01_from00,DESERIALIZE_PANIC
t1-0,proof_byte,3640,xor01_from00,DESERIALIZE_PANIC
t1-0,proof_byte,3641,xor01_from00,DESERIALIZE_PANIC
t1-0,proof_byte,3642,xor01_from00,DESERIALIZE_PANIC
t1-0,proof_byte,3643,xor01_from00,DESERIALIZE_PANIC
t1-0,proof_byte,3644,xor01_from00,DESERIALIZE_PANIC
t1-0,proof_byte,3645,xor01_from00,DESERIALIZE_PANIC
t1-0,proof_byte,3646,xor01_from00,DESERIALIZE_PANIC
t1-0,proof_byte,3647,xor01_from02,DESERIALIZE_PANIC
t1-0,proof_byte,3648,xor01_from82,VERIFY_REJECTED
t1-0,proof_byte,3649,xor01_from95,VERIFY_REJECTED
t1-0,proof_byte,3650,xor01_from2f,VERIFY_REJECTED
t1-0,proof_byte,3651,xor01_fromd3,VERIFY_REJECTED
t1-0,proof_byte,3652,xor01_from92,VERIFY_REJECTED
t1-0,proof_byte,3653,xor01_from61,VERIFY_REJECTED
t1-0,proof_byte,3654,xor01_fromb9,VERIFY_REJECTED
t1-0,proof_byte,3655,xor01_from4a,VERIFY_REJECTED
t1-0,proof_byte,3656,xor01_from2c,VERIFY_REJECTED
t1-0,proof_byte,3657,xor01_fromef,VERIFY_REJECTED
t1-0,proof_byte,3658,xor01_from94,VERIFY_REJECTED
t1-0,proof_byte,3659,xor01_frombf,VERIFY_REJECTED
t1-0,proof_byte,3660,xor01_frome9,VERIFY_REJECTED
t1-0,proof_byte,3661,xor01_fromcd,VERIFY_REJECTED
t1-0,proof_byte,3662,xor01_from0a,VERIFY_REJECTED
t1-0,proof_byte,3663,xor01_from42,VERIFY_REJECTED
t1-0,proof_byte,3664,xor01_from58,VERIFY_REJECTED
t1-0,proof_byte,3665,xor01_from77,VERIFY_REJECTED
t1-0,proof_byte,3666,xor01_fromc5,VERIFY_REJECTED
t1-0,proof_byte,3667,xor01_fromf4,VERIFY_REJECTED
t1-0,proof_byte,3668,xor01_froma8,VERIFY_REJECTED
t1-0,proof_byte,3669,xor01_from7a,VERIFY_REJECTED
t1-0,proof_byte,3670,xor01_from87,VERIFY_REJECTED
t1-0,proof_byte,3671,xor01_from92,VERIFY_REJECTED
t1-0,proof_byte,3672,xor01_froma7,VERIFY_REJECTED
t1-0,proof_byte,3673,xor01_from29,VERIFY_REJECTED
t1-0,proof_byte,3674,xor01_fromc8,VERIFY_REJECTED
t1-0,proof_byte,3675,xor01_from70,VERIFY_REJECTED
t1-0,proof_byte,3676,xor01_from4a,VERIFY_REJECTED
t1-0,proof_byte,3677,xor01_from3a,VERIFY_REJECTED
t1-0,proof_byte,3678,xor01_from13,VERIFY_REJECTED
t1-0,proof_byte,3679,xor01_from10,VERIFY_REJECTED
t1-0,proof_byte,3680,xor01_from00,DESERIALIZE_PANIC
t1-0,proof_byte,3681,xor01_from14,DESERIALIZE_PANIC
t1-0,proof_byte,3682,xor01_from02,DESERIALIZE_PANIC
t1-0,proof_byte,3683,xor01_from00,DESERIALIZE_PANIC
t1-0,proof_byte,3684,xor01_from00,DESERIALIZE_PANIC
t1-0,proof_byte,3685,xor01_from00,DESERIALIZE_PANIC
t1-0,proof_byte,3686,xor01_from00,DESERIALIZE_PANIC
t1-0,proof_byte,3687,xor01_from00,DESERIALIZE_PANIC
t1-0,proof_byte,3688,xor01_from00,DESERIALIZE_PANIC
t1-0,proof_byte,3689,xor01_from00,DESERIALIZE_PANIC
t1-0,proof_byte,3690,xor01_from00,DESERIALIZE_PANIC
t1-0,proof_byte,3691,xor01_from00,DESERIALIZE_PANIC
t1-0,proof_byte,3692,xor01_from00,DESERIALIZE_PANIC
t1-0,proof_byte,3693,xor01_from00,DESERIALIZE_PANIC
t1-0,proof_byte,3694,xor01_from00,DESERIALIZE_PANIC
t1-0,proof_byte,3695,xor01_from00,DESERIALIZE_PANIC
t1-0,proof_byte,3696,xor01_from00,DESERIALIZE_PANIC
t1-0,proof_byte,3697,xor01_from00,DESERIALIZE_PANIC
t1-0,proof_byte,3698,xor01_from05,DESERIALIZE_PANIC
t1-0,proof_byte,3699,xor01_from15,VERIFY_REJECTED
t1-0,proof_byte,3700,xor01_frombb,VERIFY_REJECTED
t1-0,proof_byte,3701,xor01_from47,VERIFY_REJECTED
t1-0,proof_byte,3702,xor01_from5e,VERIFY_REJECTED
t1-0,proof_byte,3703,xor01_from20,VERIFY_REJECTED
t1-0,proof_byte,3704,xor01_from83,VERIFY_REJECTED
t1-0,proof_byte,3705,xor01_froma0,VERIFY_REJECTED
t1-0,proof_byte,3706,xor01_fromfd,VERIFY_REJECTED
t1-0,proof_byte,3707,xor01_from1d,VERIFY_REJECTED
t1-0,proof_byte,3708,xor01_from07,VERIFY_REJECTED
t1-0,proof_byte,3709,xor01_fromcb,VERIFY_REJECTED
t1-0,proof_byte,3710,xor01_from82,VERIFY_REJECTED
t1-0,proof_byte,3711,xor01_from4b,VERIFY_REJECTED
t1-0,proof_byte,3712,xor01_from23,VERIFY_REJECTED
t1-0,proof_byte,3713,xor01_from9b,VERIFY_REJECTED
t1-0,proof_byte,3714,xor01_frome5,VERIFY_REJECTED
t1-0,proof_byte,3715,xor01_from05,VERIFY_REJECTED
t1-0,proof_byte,3716,xor01_from33,VERIFY_REJECTED
t1-0,proof_byte,3717,xor01_fromf9,VERIFY_REJECTED
t1-0,proof_byte,3718,xor01_from7d,VERIFY_REJECTED
t1-0,proof_byte,3719,xor01_fromba,VERIFY_REJECTED
t1-0,proof_byte,3720,xor01_fromd4,VERIFY_REJECTED
t1-0,proof_byte,3721,xor01_from99,VERIFY_REJECTED
t1-0,proof_byte,3722,xor01_froma2,VERIFY_REJECTED
t1-0,proof_byte,3723,xor01_frome6,VERIFY_REJECTED
t1-0,proof_byte,3724,xor01_frome7,VERIFY_REJECTED
t1-0,proof_byte,3725,xor01_from8b,VERIFY_REJECTED
t1-0,proof_byte,3726,xor01_fromf6,VERIFY_REJECTED
t1-0,proof_byte,3727,xor01_from6a,VERIFY_REJECTED
t1-0,proof_byte,3728,xor01_from27,VERIFY_REJECTED
t1-0,proof_byte,3729,xor01_frombd,VERIFY_REJECTED
t1-0,proof_byte,3730,xor01_from1a,VERIFY_REJECTED
t1-0,proof_byte,3731,xor01_from00,DESERIALIZE_PANIC
t1-0,proof_byte,3732,xor01_from14,DESERIALIZE_PANIC
t1-0,proof_byte,3733,xor01_from02,DESERIALIZE_PANIC
t1-0,proof_byte,3734,xor01_from00,DESERIALIZE_PANIC
t1-0,proof_byte,3735,xor01_from00,DESERIALIZE_PANIC
t1-0,proof_byte,3736,xor01_from00,DESERIALIZE_PANIC
t1-0,proof_byte,3737,xor01_from00,DESERIALIZE_PANIC
t1-0,proof_byte,3738,xor01_from00,DESERIALIZE_PANIC
t1-0,proof_byte,3739,xor01_from00,DESERIALIZE_PANIC
t1-0,proof_byte,3740,xor01_from00,DESERIALIZE_PANIC
t1-0,proof_byte,3741,xor01_from00,DESERIALIZE_PANIC
t1-0,proof_byte,3742,xor01_from00,DESERIALIZE_PANIC
t1-0,proof_byte,3743,xor01_from00,DESERIALIZE_PANIC
t1-0,proof_byte,3744,xor01_from00,DESERIALIZE_PANIC
t1-0,proof_byte,3745,xor01_from00,DESERIALIZE_PANIC
t1-0,proof_byte,3746,xor01_from00,DESERIALIZE_PANIC
t1-0,proof_byte,3747,xor01_from00,DESERIALIZE_PANIC
t1-0,proof_byte,3748,xor01_from00,DESERIALIZE_PANIC
t1-0,proof_byte,3749,xor01_from06,DESERIALIZE_REJECTED
t1-0,proof_byte,3750,xor01_fromda,VERIFY_REJECTED
t1-0,proof_byte,3751,xor01_from41,VERIFY_REJECTED
t1-0,proof_byte,3752,xor01_from03,VERIFY_REJECTED
t1-0,proof_byte,3753,xor01_fromcd,VERIFY_REJECTED
t1-0,proof_byte,3754,xor01_from65,VERIFY_REJECTED
t1-0,proof_byte,3755,xor01_from91,VERIFY_REJECTED
t1-0,proof_byte,3756,xor01_from50,VERIFY_REJECTED
t1-0,proof_byte,3757,xor01_fromb6,VERIFY_REJECTED
t1-0,proof_byte,3758,xor01_fromf6,VERIFY_REJECTED
t1-0,proof_byte,3759,xor01_fromca,VERIFY_REJECTED
t1-0,proof_byte,3760,xor01_from3a,VERIFY_REJECTED
t1-0,proof_byte,3761,xor01_from22,VERIFY_REJECTED
t1-0,proof_byte,3762,xor01_from6e,VERIFY_REJECTED
t1-0,proof_byte,3763,xor01_from81,VERIFY_REJECTED
t1-0,proof_byte,3764,xor01_fromfa,VERIFY_REJECTED
t1-0,proof_byte,3765,xor01_from95,VERIFY_REJECTED
t1-0,proof_byte,3766,xor01_fromda,VERIFY_REJECTED
t1-0,proof_byte,3767,xor01_from9b,VERIFY_REJECTED
t1-0,proof_byte,3768,xor01_from5f,VERIFY_REJECTED
t1-0,proof_byte,3769,xor01_from46,VERIFY_REJECTED
t1-0,proof_byte,3770,xor01_from6e,VERIFY_REJECTED
t1-0,proof_byte,3771,xor01_from87,VERIFY_REJECTED
t1-0,proof_byte,3772,xor01_fromb4,VERIFY_REJECTED
t1-0,proof_byte,3773,xor01_from72,VERIFY_REJECTED
t1-0,proof_byte,3774,xor01_frombe,VERIFY_REJECTED
t1-0,proof_byte,3775,xor01_from47,VERIFY_REJECTED
t1-0,proof_byte,3776,xor01_frome1,VERIFY_REJECTED
t1-0,proof_byte,3777,xor01_from27,VERIFY_REJECTED
t1-0,proof_byte,3778,xor01_from18,VERIFY_REJECTED
t1-0,proof_byte,3779,xor01_from6d,VERIFY_REJECTED
t1-0,proof_byte,3780,xor01_fromc5,VERIFY_REJECTED
t1-0,proof_byte,3781,xor01_from13,VERIFY_REJECTED
t1-0,proof_byte,3782,xor01_from00,VERIFY_ACCEPTED
t1-0,proof_byte,3783,xor01_from14,VERIFY_ACCEPTED
t1-0,proof_byte,3784,xor01_from02,VERIFY_ACCEPTED
t1-0,proof_byte,3785,xor01_from00,VERIFY_ACCEPTED
t1-0,proof_byte,3786,xor01_from00,VERIFY_ACCEPTED
t1-0,proof_byte,3787,xor01_from00,VERIFY_ACCEPTED
t1-0,proof_byte,3788,xor01_from00,VERIFY_ACCEPTED
t1-0,proof_byte,3789,xor01_from00,VERIFY_ACCEPTED
t1-0,proof_byte,3790,xor01_from00,VERIFY_ACCEPTED
t1-0,proof_byte,3791,xor01_from00,VERIFY_ACCEPTED
t1-0,proof_byte,3792,xor01_from00,VERIFY_ACCEPTED
t1-0,proof_byte,3793,xor01_from00,VERIFY_ACCEPTED
t1-0,proof_byte,3794,xor01_from00,VERIFY_ACCEPTED
t1-0,proof_byte,3795,xor01_from00,VERIFY_ACCEPTED
t1-0,proof_byte,3796,xor01_from00,VERIFY_ACCEPTED
t1-0,proof_byte,3797,xor01_from00,VERIFY_ACCEPTED
t1-0,proof_byte,3798,xor01_from00,VERIFY_ACCEPTED
t1-0,proof_byte,3799,xor01_from00,VERIFY_ACCEPTED
t1-0,proof_byte,3800,xor01_from08,VERIFY_ACCEPTED
t1-0,proof_byte,3801,xor01_fromf1,VERIFY_ACCEPTED
t1-0,proof_byte,3802,xor01_from29,VERIFY_ACCEPTED
t1-0,proof_byte,3803,xor01_from34,VERIFY_ACCEPTED
t1-0,proof_byte,3804,xor01_fromba,VERIFY_ACCEPTED
t1-0,proof_byte,3805,xor01_frombd,VERIFY_ACCEPTED
t1-0,proof_byte,3806,xor01_from3f,VERIFY_ACCEPTED
t1-0,proof_byte,3807,xor01_fromb3,VERIFY_ACCEPTED
t1-0,proof_byte,3808,xor01_from92,VERIFY_ACCEPTED
t1-0,proof_byte,3809,xor01_fromfc,VERIFY_ACCEPTED
t1-0,proof_byte,3810,xor01_from45,VERIFY_ACCEPTED
t1-0,proof_byte,3811,xor01_from0e,VERIFY_ACCEPTED
t1-0,proof_byte,3812,xor01_fromc3,VERIFY_ACCEPTED
t1-0,proof_byte,3813,xor01_from96,VERIFY_ACCEPTED
t1-0,proof_byte,3814,xor01_from25,VERIFY_ACCEPTED
t1-0,proof_byte,3815,xor01_from6d,VERIFY_ACCEPTED
t1-0,proof_byte,3816,xor01_from55,VERIFY_ACCEPTED
t1-0,proof_byte,3817,xor01_from3b,VERIFY_ACCEPTED
t1-0,proof_byte,3818,xor01_frome2,VERIFY_ACCEPTED
t1-0,proof_byte,3819,xor01_fromb3,VERIFY_ACCEPTED
t1-0,proof_byte,3820,xor01_from34,VERIFY_ACCEPTED
t1-0,proof_byte,3821,xor01_from80,VERIFY_ACCEPTED
t1-0,proof_byte,3822,xor01_from12,VERIFY_ACCEPTED
t1-0,proof_byte,3823,xor01_fromb3,VERIFY_ACCEPTED
t1-0,proof_byte,3824,xor01_from6e,VERIFY_ACCEPTED
t1-0,proof_byte,3825,xor01_fromfc,VERIFY_ACCEPTED
t1-0,proof_byte,3826,xor01_from50,VERIFY_ACCEPTED
t1-0,proof_byte,3827,xor01_from32,VERIFY_ACCEPTED
t1-0,proof_byte,3828,xor01_fromcc,VERIFY_ACCEPTED
t1-0,proof_byte,3829,xor01_fromce,VERIFY_ACCEPTED
t1-0,proof_byte,3830,xor01_from30,VERIFY_ACCEPTED
t1-0,proof_byte,3831,xor01_from51,VERIFY_ACCEPTED
t1-0,proof_byte,3832,xor01_from07,VERIFY_ACCEPTED
t1-0,proof_byte,3833,xor01_from00,DESERIALIZE_REJECTED
t1-0,proof_byte,3834,xor01_from14,DESERIALIZE_PANIC
t1-0,proof_byte,3835,xor01_from02,DESERIALIZE_PANIC
t1-0,proof_byte,3836,xor01_from00,DESERIALIZE_PANIC
t1-0,proof_byte,3837,xor01_from00,DESERIALIZE_PANIC
t1-0,proof_byte,3838,xor01_from00,DESERIALIZE_PANIC
t1-0,proof_byte,3839,xor01_from00,DESERIALIZE_PANIC
t1-0,proof_byte,3840,xor01_from00,DESERIALIZE_PANIC
t1-0,proof_byte,3841,xor01_from00,DESERIALIZE_PANIC
t1-0,proof_byte,3842,xor01_from00,DESERIALIZE_PANIC
t1-0,proof_byte,3843,xor01_from01,DESERIALIZE_PANIC
t1-0,proof_byte,3844,xor01_from00,DESERIALIZE_PANIC
t1-0,proof_byte,3845,xor01_from00,DESERIALIZE_PANIC
t1-0,proof_byte,3846,xor01_from00,DESERIALIZE_PANIC
t1-0,proof_byte,3847,xor01_from00,DESERIALIZE_PANIC
t1-0,proof_byte,3848,xor01_from00,DESERIALIZE_PANIC
t1-0,proof_byte,3849,xor01_from00,DESERIALIZE_PANIC
t1-0,proof_byte,3850,xor01_from00,DESERIALIZE_PANIC
t1-0,proof_byte,3851,xor01_from02,DESERIALIZE_PANIC
t1-0,proof_byte,3852,xor01_from29,VERIFY_REJECTED
t1-0,proof_byte,3853,xor01_from33,VERIFY_REJECTED
t1-0,proof_byte,3854,xor01_from4e,VERIFY_REJECTED
t1-0,proof_byte,3855,xor01_from98,VERIFY_REJECTED
t1-0,proof_byte,3856,xor01_from76,VERIFY_REJECTED
t1-0,proof_byte,3857,xor01_from18,VERIFY_REJECTED
t1-0,proof_byte,3858,xor01_fromc0,VERIFY_REJECTED
t1-0,proof_byte,3859,xor01_from77,VERIFY_REJECTED
t1-0,proof_byte,3860,xor01_from98,VERIFY_REJECTED
t1-0,proof_byte,3861,xor01_froma4,VERIFY_REJECTED
t1-0,proof_byte,3862,xor01_fromb5,VERIFY_REJECTED
t1-0,proof_byte,3863,xor01_fromc3,VERIFY_REJECTED
t1-0,proof_byte,3864,xor01_frome3,VERIFY_REJECTED
t1-0,proof_byte,3865,xor01_from1f,VERIFY_REJECTED
t1-0,proof_byte,3866,xor01_from36,VERIFY_REJECTED
t1-0,proof_byte,3867,xor01_from62,VERIFY_REJECTED
t1-0,proof_byte,3868,xor01_froma5,VERIFY_REJECTED
t1-0,proof_byte,3869,xor01_fromea,VERIFY_REJECTED
t1-0,proof_byte,3870,xor01_from12,VERIFY_REJECTED
t1-0,proof_byte,3871,xor01_from78,VERIFY_REJECTED
t1-0,proof_byte,3872,xor01_fromb3,VERIFY_REJECTED
t1-0,proof_byte,3873,xor01_from68,VERIFY_REJECTED
t1-0,proof_byte,3874,xor01_from63,VERIFY_REJECTED
t1-0,proof_byte,3875,xor01_fromca,VERIFY_REJECTED
t1-0,proof_byte,3876,xor01_from61,VERIFY_REJECTED
t1-0,proof_byte,3877,xor01_frome1,VERIFY_REJECTED
t1-0,proof_byte,3878,xor01_from2d,VERIFY_REJECTED
t1-0,proof_byte,3879,xor01_fromdf,VERIFY_REJECTED
t1-0,proof_byte,3880,xor01_from5c,VERIFY_REJECTED
t1-0,proof_byte,3881,xor01_frome5,VERIFY_REJECTED
t1-0,proof_byte,3882,xor01_from6b,VERIFY_REJECTED
t1-0,proof_byte,3883,xor01_from2b,VERIFY_REJECTED
t1-0,proof_byte,3884,xor01_from00,DESERIALIZE_REJECTED
t1-0,proof_byte,3885,xor01_from14,DESERIALIZE_PANIC
t1-0,proof_byte,3886,xor01_from02,DESERIALIZE_PANIC
t1-0,proof_byte,3887,xor01_from00,DESERIALIZE_PANIC
t1-0,proof_byte,3888,xor01_from00,DESERIALIZE_PANIC
t1-0,proof_byte,3889,xor01_from00,DESERIALIZE_PANIC
t1-0,proof_byte,3890,xor01_from00,DESERIALIZE_PANIC
t1-0,proof_byte,3891,xor01_from00,DESERIALIZE_PANIC
t1-0,proof_byte,3892,xor01_from00,DESERIALIZE_PANIC
t1-0,proof_byte,3893,xor01_from00,DESERIALIZE_PANIC
t1-0,proof_byte,3894,xor01_from01,DESERIALIZE_PANIC
t1-0,proof_byte,3895,xor01_from00,DESERIALIZE_PANIC
t1-0,proof_byte,3896,xor01_from00,DESERIALIZE_PANIC
t1-0,proof_byte,3897,xor01_from00,DESERIALIZE_PANIC
t1-0,proof_byte,3898,xor01_from00,DESERIALIZE_PANIC
t1-0,proof_byte,3899,xor01_from00,DESERIALIZE_PANIC
t1-0,proof_byte,3900,xor01_from00,DESERIALIZE_PANIC
t1-0,proof_byte,3901,xor01_from00,DESERIALIZE_PANIC
t1-0,proof_byte,3902,xor01_from05,DESERIALIZE_PANIC
t1-0,proof_byte,3903,xor01_from15,VERIFY_REJECTED
t1-0,proof_byte,3904,xor01_frombb,VERIFY_REJECTED
t1-0,proof_byte,3905,xor01_from47,VERIFY_REJECTED
t1-0,proof_byte,3906,xor01_from5e,VERIFY_REJECTED
t1-0,proof_byte,3907,xor01_from20,VERIFY_REJECTED
t1-0,proof_byte,3908,xor01_from83,VERIFY_REJECTED
t1-0,proof_byte,3909,xor01_froma0,VERIFY_REJECTED
t1-0,proof_byte,3910,xor01_fromfd,VERIFY_REJECTED
t1-0,proof_byte,3911,xor01_from1d,VERIFY_REJECTED
t1-0,proof_byte,3912,xor01_from07,VERIFY_REJECTED
t1-0,proof_byte,3913,xor01_fromcb,VERIFY_REJECTED
t1-0,proof_byte,3914,xor01_from82,VERIFY_REJECTED
t1-0,proof_byte,3915,xor01_from4b,VERIFY_REJECTED
t1-0,proof_byte,3916,xor01_from23,VERIFY_REJECTED
t1-0,proof_byte,3917,xor01_from9b,VERIFY_REJECTED
t1-0,proof_byte,3918,xor01_frome5,VERIFY_REJECTED
t1-0,proof_byte,3919,xor01_from05,VERIFY_REJECTED
t1-0,proof_byte,3920,xor01_from33,VERIFY_REJECTED
t1-0,proof_byte,3921,xor01_fromf9,VERIFY_REJECTED
t1-0,proof_byte,3922,xor01_from7d,VERIFY_REJECTED
t1-0,proof_byte,3923,xor01_fromba,VERIFY_REJECTED
t1-0,proof_byte,3924,xor01_fromd4,VERIFY_REJECTED
t1-0,proof_byte,3925,xor01_from99,VERIFY_REJECTED
t1-0,proof_byte,3926,xor01_froma2,VERIFY_REJECTED
t1-0,proof_byte,3927,xor01_frome6,VERIFY_REJECTED
t1-0,proof_byte,3928,xor01_frome7,VERIFY_REJECTED
t1-0,proof_byte,3929,xor01_from8b,VERIFY_REJECTED
t1-0,proof_byte,3930,xor01_fromf6,VERIFY_REJECTED
t1-0,proof_byte,3931,xor01_from6a,VERIFY_REJECTED
t1-0,proof_byte,3932,xor01_from27,VERIFY_REJECTED
t1-0,proof_byte,3933,xor01_frombd,VERIFY_REJECTED
t1-0,proof_byte,3934,xor01_from1a,VERIFY_REJECTED
t1-0,proof_byte,3935,xor01_from00,DESERIALIZE_REJECTED
t1-0,proof_byte,3936,xor01_from14,DESERIALIZE_PANIC
t1-0,proof_byte,3937,xor01_from02,DESERIALIZE_PANIC
t1-0,proof_byte,3938,xor01_from00,DESERIALIZE_PANIC
t1-0,proof_byte,3939,xor01_from00,DESERIALIZE_PANIC
t1-0,proof_byte,3940,xor01_from00,DESERIALIZE_PANIC
t1-0,proof_byte,3941,xor01_from00,DESERIALIZE_PANIC
t1-0,proof_byte,3942,xor01_from00,DESERIALIZE_PANIC
t1-0,proof_byte,3943,xor01_from00,DESERIALIZE_PANIC
t1-0,proof_byte,3944,xor01_from00,DESERIALIZE_PANIC
t1-0,proof_byte,3945,xor01_from01,DESERIALIZE_PANIC
t1-0,proof_byte,3946,xor01_from00,DESERIALIZE_PANIC
t1-0,proof_byte,3947,xor01_from00,DESERIALIZE_PANIC
t1-0,proof_byte,3948,xor01_from00,DESERIALIZE_PANIC
t1-0,proof_byte,3949,xor01_from00,DESERIALIZE_PANIC
t1-0,proof_byte,3950,xor01_from00,DESERIALIZE_PANIC
t1-0,proof_byte,3951,xor01_from00,DESERIALIZE_PANIC
t1-0,proof_byte,3952,xor01_from00,DESERIALIZE_PANIC
t1-0,proof_byte,3953,xor01_from06,DESERIALIZE_REJECTED
t1-0,proof_byte,3954,xor01_fromda,VERIFY_REJECTED
t1-0,proof_byte,3955,xor01_from41,VERIFY_REJECTED
t1-0,proof_byte,3956,xor01_from03,VERIFY_REJECTED
t1-0,proof_byte,3957,xor01_fromcd,VERIFY_REJECTED
t1-0,proof_byte,3958,xor01_from65,VERIFY_REJECTED
t1-0,proof_byte,3959,xor01_from91,VERIFY_REJECTED
t1-0,proof_byte,3960,xor01_from50,VERIFY_REJECTED
t1-0,proof_byte,3961,xor01_fromb6,VERIFY_REJECTED
t1-0,proof_byte,3962,xor01_fromf6,VERIFY_REJECTED
t1-0,proof_byte,3963,xor01_fromca,VERIFY_REJECTED
t1-0,proof_byte,3964,xor01_from3a,VERIFY_REJECTED
t1-0,proof_byte,3965,xor01_from22,VERIFY_REJECTED
t1-0,proof_byte,3966,xor01_from6e,VERIFY_REJECTED
t1-0,proof_byte,3967,xor01_from81,VERIFY_REJECTED
t1-0,proof_byte,3968,xor01_fromfa,VERIFY_REJECTED
t1-0,proof_byte,3969,xor01_from95,VERIFY_REJECTED
t1-0,proof_byte,3970,xor01_fromda,VERIFY_REJECTED
t1-0,proof_byte,3971,xor01_from9b,VERIFY_REJECTED
t1-0,proof_byte,3972,xor01_from5f,VERIFY_REJECTED
t1-0,proof_byte,3973,xor01_from46,VERIFY_REJECTED
t1-0,proof_byte,3974,xor01_from6e,VERIFY_REJECTED
t1-0,proof_byte,3975,xor01_from87,VERIFY_REJECTED
t1-0,proof_byte,3976,xor01_fromb4,VERIFY_REJECTED
t1-0,proof_byte,3977,xor01_from72,VERIFY_REJECTED
t1-0,proof_byte,3978,xor01_frombe,VERIFY_REJECTED
t1-0,proof_byte,3979,xor01_from47,VERIFY_REJECTED
t1-0,proof_byte,3980,xor01_frome1,VERIFY_REJECTED
t1-0,proof_byte,3981,xor01_from27,VERIFY_REJECTED
t1-0,proof_byte,3982,xor01_from18,VERIFY_REJECTED
t1-0,proof_byte,3983,xor01_from6d,VERIFY_REJECTED
t1-0,proof_byte,3984,xor01_fromc5,VERIFY_REJECTED
t1-0,proof_byte,3985,xor01_from13,VERIFY_REJECTED
t1-0,proof_byte,3986,xor01_from00,DESERIALIZE_REJECTED
t1-0,proof_byte,3987,xor01_from14,VERIFY_ACCEPTED
t1-0,proof_byte,3988,xor01_from02,VERIFY_ACCEPTED
t1-0,proof_byte,3989,xor01_from00,VERIFY_ACCEPTED
t1-0,proof_byte,3990,xor01_from00,VERIFY_ACCEPTED
t1-0,proof_byte,3991,xor01_from00,VERIFY_ACCEPTED
t1-0,proof_byte,3992,xor01_from00,VERIFY_ACCEPTED
t1-0,proof_byte,3993,xor01_from00,VERIFY_ACCEPTED
t1-0,proof_byte,3994,xor01_from00,VERIFY_ACCEPTED
t1-0,proof_byte,3995,xor01_from00,VERIFY_ACCEPTED
t1-0,proof_byte,3996,xor01_from01,VERIFY_ACCEPTED
t1-0,proof_byte,3997,xor01_from00,VERIFY_ACCEPTED
t1-0,proof_byte,3998,xor01_from00,VERIFY_ACCEPTED
t1-0,proof_byte,3999,xor01_from00,VERIFY_ACCEPTED
t1-0,proof_byte,4000,xor01_from00,VERIFY_ACCEPTED
t1-0,proof_byte,4001,xor01_from00,VERIFY_ACCEPTED
t1-0,proof_byte,4002,xor01_from00,VERIFY_ACCEPTED
t1-0,proof_byte,4003,xor01_from00,VERIFY_ACCEPTED
t1-0,proof_byte,4004,xor01_from08,VERIFY_ACCEPTED
t1-0,proof_byte,4005,xor01_fromf1,VERIFY_ACCEPTED
t1-0,proof_byte,4006,xor01_from29,VERIFY_ACCEPTED
t1-0,proof_byte,4007,xor01_from34,VERIFY_ACCEPTED
t1-0,proof_byte,4008,xor01_fromba,VERIFY_ACCEPTED
t1-0,proof_byte,4009,xor01_frombd,VERIFY_ACCEPTED
t1-0,proof_byte,4010,xor01_from3f,VERIFY_ACCEPTED
t1-0,proof_byte,4011,xor01_fromb3,VERIFY_ACCEPTED
t1-0,proof_byte,4012,xor01_from92,VERIFY_ACCEPTED
t1-0,proof_byte,4013,xor01_fromfc,VERIFY_ACCEPTED
t1-0,proof_byte,4014,xor01_from45,VERIFY_ACCEPTED
t1-0,proof_byte,4015,xor01_from0e,VERIFY_ACCEPTED
t1-0,proof_byte,4016,xor01_fromc3,VERIFY_ACCEPTED
t1-0,proof_byte,4017,xor01_from96,VERIFY_ACCEPTED
t1-0,proof_byte,4018,xor01_from25,VERIFY_ACCEPTED
t1-0,proof_byte,4019,xor01_from6d,VERIFY_ACCEPTED
t1-0,proof_byte,4020,xor01_from55,VERIFY_ACCEPTED
t1-0,proof_byte,4021,xor01_from3b,VERIFY_ACCEPTED
t1-0,proof_byte,4022,xor01_frome2,VERIFY_ACCEPTED
t1-0,proof_byte,4023,xor01_fromb3,VERIFY_ACCEPTED
t1-0,proof_byte,4024,xor01_from34,VERIFY_ACCEPTED
t1-0,proof_byte,4025,xor01_from80,VERIFY_ACCEPTED
t1-0,proof_byte,4026,xor01_from12,VERIFY_ACCEPTED
t1-0,proof_byte,4027,xor01_fromb3,VERIFY_ACCEPTED
t1-0,proof_byte,4028,xor01_from6e,VERIFY_ACCEPTED
t1-0,proof_byte,4029,xor01_fromfc,VERIFY_ACCEPTED
t1-0,proof_byte,4030,xor01_from50,VERIFY_ACCEPTED
t1-0,proof_byte,4031,xor01_from32,VERIFY_ACCEPTED
t1-0,proof_byte,4032,xor01_fromcc,VERIFY_ACCEPTED
t1-0,proof_byte,4033,xor01_fromce,VERIFY_ACCEPTED
t1-0,proof_byte,4034,xor01_from30,VERIFY_ACCEPTED
t1-0,proof_byte,4035,xor01_from51,VERIFY_ACCEPTED
t1-0,proof_byte,4036,xor01_from07,VERIFY_ACCEPTED
t1-0,proof_byte,4037,xor01_from00,DESERIALIZE_REJECTED
t1-0,proof_byte,4038,xor01_from14,DESERIALIZE_PANIC
t1-0,proof_byte,4039,xor01_from02,DESERIALIZE_PANIC
t1-0,proof_byte,4040,xor01_from00,DESERIALIZE_PANIC
t1-0,proof_byte,4041,xor01_from00,DESERIALIZE_PANIC
t1-0,proof_byte,4042,xor01_from00,DESERIALIZE_PANIC
t1-0,proof_byte,4043,xor01_from00,DESERIALIZE_PANIC
t1-0,proof_byte,4044,xor01_from00,DESERIALIZE_PANIC
t1-0,proof_byte,4045,xor01_from00,DESERIALIZE_PANIC
t1-0,proof_byte,4046,xor01_from00,DESERIALIZE_PANIC
t1-0,proof_byte,4047,xor01_from02,DESERIALIZE_PANIC
t1-0,proof_byte,4048,xor01_from00,DESERIALIZE_PANIC
t1-0,proof_byte,4049,xor01_from00,DESERIALIZE_PANIC
t1-0,proof_byte,4050,xor01_from00,DESERIALIZE_PANIC
t1-0,proof_byte,4051,xor01_from00,DESERIALIZE_PANIC
t1-0,proof_byte,4052,xor01_from00,DESERIALIZE_PANIC
t1-0,proof_byte,4053,xor01_from00,DESERIALIZE_PANIC
t1-0,proof_byte,4054,xor01_from00,DESERIALIZE_PANIC
t1-0,proof_byte,4055,xor01_from02,DESERIALIZE_PANIC
t1-0,proof_byte,4056,xor01_from89,VERIFY_REJECTED
t1-0,proof_byte,4057,xor01_from57,VERIFY_REJECTED
t1-0,proof_byte,4058,xor01_from4e,VERIFY_REJECTED
t1-0,proof_byte,4059,xor01_from4b,VERIFY_REJECTED
t1-0,proof_byte,4060,xor01_from14,VERIFY_REJECTED
t1-0,proof_byte,4061,xor01_from2f,VERIFY_REJECTED
t1-0,proof_byte,4062,xor01_from00,VERIFY_REJECTED
t1-0,proof_byte,4063,xor01_from4f,VERIFY_REJECTED
t1-0,proof_byte,4064,xor01_from69,VERIFY_REJECTED
t1-0,proof_byte,4065,xor01_fromce,VERIFY_REJECTED
t1-0,proof_byte,4066,xor01_from67,VERIFY_REJECTED
t1-0,proof_byte,4067,xor01_from65,VERIFY_REJECTED
t1-0,proof_byte,4068,xor01_from95,VERIFY_REJECTED
t1-0,proof_byte,4069,xor01_from03,VERIFY_REJECTED
t1-0,proof_byte,4070,xor01_from1e,VERIFY_REJECTED
t1-0,proof_byte,4071,xor01_from4f,VERIFY_REJECTED
t1-0,proof_byte,4072,xor01_from35,VERIFY_REJECTED
t1-0,proof_byte,4073,xor01_from42,VERIFY_REJECTED
t1-0,proof_byte,4074,xor01_from87,VERIFY_REJECTED
t1-0,proof_byte,4075,xor01_fromd7,VERIFY_REJECTED
t1-0,proof_byte,4076,xor01_from32,VERIFY_REJECTED
t1-0,proof_byte,4077,xor01_from23,VERIFY_REJECTED
t1-0,proof_byte,4078,xor01_from04,VERIFY_REJECTED
t1-0,proof_byte,4079,xor01_from8d,VERIFY_REJECTED
t1-0,proof_byte,4080,xor01_from9d,VERIFY_REJECTED
t1-0,proof_byte,4081,xor01_from6d,VERIFY_REJECTED
t1-0,proof_byte,4082,xor01_from88,VERIFY_REJECTED
t1-0,proof_byte,4083,xor01_fromec,VERIFY_REJECTED
t1-0,proof_byte,4084,xor01_from8f,VERIFY_REJECTED
t1-0,proof_byte,4085,xor01_fromcf,VERIFY_REJECTED
t1-0,proof_byte,4086,xor01_from7c,VERIFY_REJECTED
t1-0,proof_byte,4087,xor01_from22,VERIFY_REJECTED
t1-0,proof_byte,4088,xor01_from00,DESERIALIZE_REJECTED
t1-0,proof_byte,4089,xor01_from14,DESERIALIZE_PANIC
t1-0,proof_byte,4090,xor01_from02,DESERIALIZE_PANIC
t1-0,proof_byte,4091,xor01_from00,DESERIALIZE_PANIC
t1-0,proof_byte,4092,xor01_from00,DESERIALIZE_PANIC
t1-0,proof_byte,4093,xor01_from00,DESERIALIZE_PANIC
t1-0,proof_byte,4094,xor01_from00,DESERIALIZE_PANIC
t1-0,proof_byte,4095,xor01_from00,DESERIALIZE_PANIC
t1-0,proof_byte,4096,xor01_from00,DESERIALIZE_PANIC
t1-0,proof_byte,4097,xor01_from00,DESERIALIZE_PANIC
t1-0,proof_byte,4098,xor01_from02,DESERIALIZE_PANIC
t1-0,proof_byte,4099,xor01_from00,DESERIALIZE_PANIC
t1-0,proof_byte,4100,xor01_from00,DESERIALIZE_PANIC
t1-0,proof_byte,4101,xor01_from00,DESERIALIZE_PANIC
t1-0,proof_byte,4102,xor01_from00,DESERIALIZE_PANIC
t1-0,proof_byte,4103,xor01_from00,DESERIALIZE_PANIC
t1-0,proof_byte,4104,xor01_from00,DESERIALIZE_PANIC
t1-0,proof_byte,4105,xor01_from00,DESERIALIZE_PANIC
t1-0,proof_byte,4106,xor01_from05,DESERIALIZE_PANIC
t1-0,proof_byte,4107,xor01_from15,VERIFY_REJECTED
t1-0,proof_byte,4108,xor01_frombb,VERIFY_REJECTED
t1-0,proof_byte,4109,xor01_from47,VERIFY_REJECTED
t1-0,proof_byte,4110,xor01_from5e,VERIFY_REJECTED
t1-0,proof_byte,4111,xor01_from20,VERIFY_REJECTED
t1-0,proof_byte,4112,xor01_from83,VERIFY_REJECTED
t1-0,proof_byte,4113,xor01_froma0,VERIFY_REJECTED
t1-0,proof_byte,4114,xor01_fromfd,VERIFY_REJECTED
t1-0,proof_byte,4115,xor01_from1d,VERIFY_REJECTED
t1-0,proof_byte,4116,xor01_from07,VERIFY_REJECTED
t1-0,proof_byte,4117,xor01_fromcb,VERIFY_REJECTED
t1-0,proof_byte,4118,xor01_from82,VERIFY_REJECTED
t1-0,proof_byte,4119,xor01_from4b,VERIFY_REJECTED
t1-0,proof_byte,4120,xor01_from23,VERIFY_REJECTED
t1-0,proof_byte,4121,xor01_from9b,VERIFY_REJECTED
t1-0,proof_byte,4122,xor01_frome5,VERIFY_REJECTED
t1-0,proof_byte,4123,xor01_from05,VERIFY_REJECTED
t1-0,proof_byte,4124,xor01_from33,VERIFY_REJECTED
t1-0,proof_byte,4125,xor01_fromf9,VERIFY_REJECTED
t1-0,proof_byte,4126,xor01_from7d,VERIFY_REJECTED
t1-0,proof_byte,4127,xor01_fromba,VERIFY_REJECTED
t1-0,proof_byte,4128,xor01_fromd4,VERIFY_REJECTED
t1-0,proof_byte,4129,xor01_from99,VERIFY_REJECTED
t1-0,proof_byte,4130,xor01_froma2,VERIFY_REJECTED
t1-0,proof_byte,4131,xor01_frome6,VERIFY_REJECTED
t1-0,proof_byte,4132,xor01_frome7,VERIFY_REJECTED
t1-0,proof_byte,4133,xor01_from8b,VERIFY_REJECTED
t1-0,proof_byte,4134,xor01_fromf6,VERIFY_REJECTED
t1-0,proof_byte,4135,xor01_from6a,VERIFY_REJECTED
t1-0,proof_byte,4136,xor01_from27,VERIFY_REJECTED
t1-0,proof_byte,4137,xor01_frombd,VERIFY_REJECTED
t1-0,proof_byte,4138,xor01_from1a,VERIFY_REJECTED
t1-0,proof_byte,4139,xor01_from00,DESERIALIZE_REJECTED
t1-0,proof_byte,4140,xor01_from14,DESERIALIZE_PANIC
t1-0,proof_byte,4141,xor01_from02,DESERIALIZE_PANIC
t1-0,proof_byte,4142,xor01_from00,DESERIALIZE_PANIC
t1-0,proof_byte,4143,xor01_from00,DESERIALIZE_PANIC
t1-0,proof_byte,4144,xor01_from00,DESERIALIZE_PANIC
t1-0,proof_byte,4145,xor01_from00,DESERIALIZE_PANIC
t1-0,proof_byte,4146,xor01_from00,DESERIALIZE_PANIC
t1-0,proof_byte,4147,xor01_from00,DESERIALIZE_PANIC
t1-0,proof_byte,4148,xor01_from00,DESERIALIZE_PANIC
t1-0,proof_byte,4149,xor01_from02,DESERIALIZE_PANIC
t1-0,proof_byte,4150,xor01_from00,DESERIALIZE_PANIC
t1-0,proof_byte,4151,xor01_from00,DESERIALIZE_PANIC
t1-0,proof_byte,4152,xor01_from00,DESERIALIZE_PANIC
t1-0,proof_byte,4153,xor01_from00,DESERIALIZE_PANIC
t1-0,proof_byte,4154,xor01_from00,DESERIALIZE_PANIC
t1-0,proof_byte,4155,xor01_from00,DESERIALIZE_PANIC
t1-0,proof_byte,4156,xor01_from00,DESERIALIZE_PANIC
t1-0,proof_byte,4157,xor01_from06,DESERIALIZE_REJECTED
t1-0,proof_byte,4158,xor01_fromda,VERIFY_REJECTED
t1-0,proof_byte,4159,xor01_from41,VERIFY_REJECTED
t1-0,proof_byte,4160,xor01_from03,VERIFY_REJECTED
t1-0,proof_byte,4161,xor01_fromcd,VERIFY_REJECTED
t1-0,proof_byte,4162,xor01_from65,VERIFY_REJECTED
t1-0,proof_byte,4163,xor01_from91,VERIFY_REJECTED
t1-0,proof_byte,4164,xor01_from50,VERIFY_REJECTED
t1-0,proof_byte,4165,xor01_fromb6,VERIFY_REJECTED
t1-0,proof_byte,4166,xor01_fromf6,VERIFY_REJECTED
t1-0,proof_byte,4167,xor01_fromca,VERIFY_REJECTED
t1-0,proof_byte,4168,xor01_from3a,VERIFY_REJECTED
t1-0,proof_byte,4169,xor01_from22,VERIFY_REJECTED
t1-0,proof_byte,4170,xor01_from6e,VERIFY_REJECTED
t1-0,proof_byte,4171,xor01_from81,VERIFY_REJECTED
t1-0,proof_byte,4172,xor01_fromfa,VERIFY_REJECTED
t1-0,proof_byte,4173,xor01_from95,VERIFY_REJECTED
t1-0,proof_byte,4174,xor01_fromda,VERIFY_REJECTED
t1-0,proof_byte,4175,xor01_from9b,VERIFY_REJECTED
t1-0,proof_byte,4176,xor01_from5f,VERIFY_REJECTED
t1-0,proof_byte,4177,xor01_from46,VERIFY_REJECTED
t1-0,proof_byte,4178,xor01_from6e,VERIFY_REJECTED
t1-0,proof_byte,4179,xor01_from87,VERIFY_REJECTED
t1-0,proof_byte,4180,xor01_fromb4,VERIFY_REJECTED
t1-0,proof_byte,4181,xor01_from72,VERIFY_REJECTED
t1-0,proof_byte,4182,xor01_frombe,VERIFY_REJECTED
t1-0,proof_byte,4183,xor01_from47,VERIFY_REJECTED
t1-0,proof_byte,4184,xor01_frome1,VERIFY_REJECTED
t1-0,proof_byte,4185,xor01_from27,VERIFY_REJECTED
t1-0,proof_byte,4186,xor01_from18,VERIFY_REJECTED
t1-0,proof_byte,4187,xor01_from6d,VERIFY_REJECTED
t1-0,proof_byte,4188,xor01_fromc5,VERIFY_REJECTED
t1-0,proof_byte,4189,xor01_from13,VERIFY_REJECTED
t1-0,proof_byte,4190,xor01_from00,DESERIALIZE_REJECTED
t1-0,proof_byte,4191,xor01_from14,VERIFY_ACCEPTED
t1-0,proof_byte,4192,xor01_from02,VERIFY_ACCEPTED
t1-0,proof_byte,4193,xor01_from00,VERIFY_ACCEPTED
t1-0,proof_byte,4194,xor01_from00,VERIFY_ACCEPTED
t1-0,proof_byte,4195,xor01_from00,VERIFY_ACCEPTED
t1-0,proof_byte,4196,xor01_from00,VERIFY_ACCEPTED
t1-0,proof_byte,4197,xor01_from00,VERIFY_ACCEPTED
t1-0,proof_byte,4198,xor01_from00,VERIFY_ACCEPTED
t1-0,proof_byte,4199,xor01_from00,VERIFY_ACCEPTED
t1-0,proof_byte,4200,xor01_from02,VERIFY_ACCEPTED
t1-0,proof_byte,4201,xor01_from00,VERIFY_ACCEPTED
t1-0,proof_byte,4202,xor01_from00,VERIFY_ACCEPTED
t1-0,proof_byte,4203,xor01_from00,VERIFY_ACCEPTED
t1-0,proof_byte,4204,xor01_from00,VERIFY_ACCEPTED
t1-0,proof_byte,4205,xor01_from00,VERIFY_ACCEPTED
t1-0,proof_byte,4206,xor01_from00,VERIFY_ACCEPTED
t1-0,proof_byte,4207,xor01_from00,VERIFY_ACCEPTED
t1-0,proof_byte,4208,xor01_from08,VERIFY_ACCEPTED
t1-0,proof_byte,4209,xor01_fromf1,VERIFY_ACCEPTED
t1-0,proof_byte,4210,xor01_from29,VERIFY_ACCEPTED
t1-0,proof_byte,4211,xor01_from34,VERIFY_ACCEPTED
t1-0,proof_byte,4212,xor01_fromba,VERIFY_ACCEPTED
t1-0,proof_byte,4213,xor01_frombd,VERIFY_ACCEPTED
t1-0,proof_byte,4214,xor01_from3f,VERIFY_ACCEPTED
t1-0,proof_byte,4215,xor01_fromb3,VERIFY_ACCEPTED
t1-0,proof_byte,4216,xor01_from92,VERIFY_ACCEPTED
t1-0,proof_byte,4217,xor01_fromfc,VERIFY_ACCEPTED
t1-0,proof_byte,4218,xor01_from45,VERIFY_ACCEPTED
t1-0,proof_byte,4219,xor01_from0e,VERIFY_ACCEPTED
t1-0,proof_byte,4220,xor01_fromc3,VERIFY_ACCEPTED
t1-0,proof_byte,4221,xor01_from96,VERIFY_ACCEPTED
t1-0,proof_byte,4222,xor01_from25,VERIFY_ACCEPTED
t1-0,proof_byte,4223,xor01_from6d,VERIFY_ACCEPTED
t1-0,proof_byte,4224,xor01_from55,VERIFY_ACCEPTED
t1-0,proof_byte,4225,xor01_from3b,VERIFY_ACCEPTED
t1-0,proof_byte,4226,xor01_frome2,VERIFY_ACCEPTED
t1-0,proof_byte,4227,xor01_fromb3,VERIFY_ACCEPTED
t1-0,proof_byte,4228,xor01_from34,VERIFY_ACCEPTED
t1-0,proof_byte,4229,xor01_from80,VERIFY_ACCEPTED
t1-0,proof_byte,4230,xor01_from12,VERIFY_ACCEPTED
t1-0,proof_byte,4231,xor01_fromb3,VERIFY_ACCEPTED
t1-0,proof_byte,4232,xor01_from6e,VERIFY_ACCEPTED
t1-0,proof_byte,4233,xor01_fromfc,VERIFY_ACCEPTED
t1-0,proof_byte,4234,xor01_from50,VERIFY_ACCEPTED
t1-0,proof_byte,4235,xor01_from32,VERIFY_ACCEPTED
t1-0,proof_byte,4236,xor01_fromcc,VERIFY_ACCEPTED
t1-0,proof_byte,4237,xor01_fromce,VERIFY_ACCEPTED
t1-0,proof_byte,4238,xor01_from30,VERIFY_ACCEPTED
t1-0,proof_byte,4239,xor01_from51,VERIFY_ACCEPTED
t1-0,proof_byte,4240,xor01_from07,VERIFY_ACCEPTED
t1-0,proof_byte,4241,xor01_from00,DESERIALIZE_REJECTED
t1-0,proof_byte,4242,xor01_from14,DESERIALIZE_PANIC
t1-0,proof_byte,4243,xor01_from02,DESERIALIZE_PANIC
t1-0,proof_byte,4244,xor01_from00,DESERIALIZE_PANIC
t1-0,proof_byte,4245,xor01_from00,DESERIALIZE_PANIC
t1-0,proof_byte,4246,xor01_from00,DESERIALIZE_PANIC
t1-0,proof_byte,4247,xor01_from00,DESERIALIZE_PANIC
t1-0,proof_byte,4248,xor01_from00,DESERIALIZE_PANIC
t1-0,proof_byte,4249,xor01_from00,DESERIALIZE_PANIC
t1-0,proof_byte,4250,xor01_from00,DESERIALIZE_PANIC
t1-0,proof_byte,4251,xor01_from03,DESERIALIZE_PANIC
t1-0,proof_byte,4252,xor01_from00,DESERIALIZE_PANIC
t1-0,proof_byte,4253,xor01_from00,DESERIALIZE_PANIC
t1-0,proof_byte,4254,xor01_from00,DESERIALIZE_PANIC
t1-0,proof_byte,4255,xor01_from00,DESERIALIZE_PANIC
t1-0,proof_byte,4256,xor01_from00,DESERIALIZE_PANIC
t1-0,proof_byte,4257,xor01_from00,DESERIALIZE_PANIC
t1-0,proof_byte,4258,xor01_from00,DESERIALIZE_PANIC
t1-0,proof_byte,4259,xor01_from02,DESERIALIZE_PANIC
t1-0,proof_byte,4260,xor01_from7f,VERIFY_REJECTED
t1-0,proof_byte,4261,xor01_from3d,VERIFY_REJECTED
t1-0,proof_byte,4262,xor01_fromf9,VERIFY_REJECTED
t1-0,proof_byte,4263,xor01_from18,VERIFY_REJECTED
t1-0,proof_byte,4264,xor01_from07,VERIFY_REJECTED
t1-0,proof_byte,4265,xor01_frome4,VERIFY_REJECTED
t1-0,proof_byte,4266,xor01_frome5,VERIFY_REJECTED
t1-0,proof_byte,4267,xor01_from2d,VERIFY_REJECTED
t1-0,proof_byte,4268,xor01_fromc2,VERIFY_REJECTED
t1-0,proof_byte,4269,xor01_from72,VERIFY_REJECTED
t1-0,proof_byte,4270,xor01_from52,VERIFY_REJECTED
t1-0,proof_byte,4271,xor01_from68,VERIFY_REJECTED
t1-0,proof_byte,4272,xor01_from8a,VERIFY_REJECTED
t1-0,proof_byte,4273,xor01_fromd3,VERIFY_REJECTED
t1-0,proof_byte,4274,xor01_from3d,VERIFY_REJECTED
t1-0,proof_byte,4275,xor01_from22,VERIFY_REJECTED
t1-0,proof_byte,4276,xor01_fromc0,VERIFY_REJECTED
t1-0,proof_byte,4277,xor01_from16,VERIFY_REJECTED
t1-0,proof_byte,4278,xor01_from02,VERIFY_REJECTED
t1-0,proof_byte,4279,xor01_frome3,VERIFY_REJECTED
t1-0,proof_byte,4280,xor01_from97,VERIFY_REJECTED
t1-0,proof_byte,4281,xor01_fromab,VERIFY_REJECTED
t1-0,proof_byte,4282,xor01_from9c,VERIFY_REJECTED
t1-0,proof_byte,4283,xor01_from13,VERIFY_REJECTED
t1-0,proof_byte,4284,xor01_from41,VERIFY_REJECTED
t1-0,proof_byte,4285,xor01_from4b,VERIFY_REJECTED
t1-0,proof_byte,4286,xor01_from47,VERIFY_REJECTED
t1-0,proof_byte,4287,xor01_frome3,VERIFY_REJECTED
t1-0,proof_byte,4288,xor01_from24,VERIFY_REJECTED
t1-0,proof_byte,4289,xor01_from1c,VERIFY_REJECTED
t1-0,proof_byte,4290,xor01_fromb5,VERIFY_REJECTED
t1-0,proof_byte,4291,xor01_from0b,VERIFY_REJECTED
t1-0,proof_byte,4292,xor01_from00,DESERIALIZE_REJECTED
t1-0,proof_byte,4293,xor01_from14,DESERIALIZE_PANIC
t1-0,proof_byte,4294,xor01_from02,DESERIALIZE_PANIC
t1-0,proof_byte,4295,xor01_from00,DESERIALIZE_PANIC
t1-0,proof_byte,4296,xor01_from00,DESERIALIZE_PANIC
t1-0,proof_byte,4297,xor01_from00,DESERIALIZE_PANIC
t1-0,proof_byte,4298,xor01_from00,DESERIALIZE_PANIC
t1-0,proof_byte,4299,xor01_from00,DESERIALIZE_PANIC
t1-0,proof_byte,4300,xor01_from00,DESERIALIZE_PANIC
t1-0,proof_byte,4301,xor01_from00,DESERIALIZE_PANIC
t1-0,proof_byte,4302,xor01_from03,DESERIALIZE_PANIC
t1-0,proof_byte,4303,xor01_from00,DESERIALIZE_PANIC
t1-0,proof_byte,4304,xor01_from00,DESERIALIZE_PANIC
t1-0,proof_byte,4305,xor01_from00,DESERIALIZE_PANIC
t1-0,proof_byte,4306,xor01_from00,DESERIALIZE_PANIC
t1-0,proof_byte,4307,xor01_from00,DESERIALIZE_PANIC
t1-0,proof_byte,4308,xor01_from00,DESERIALIZE_PANIC
t1-0,proof_byte,4309,xor01_from00,DESERIALIZE_PANIC
t1-0,proof_byte,4310,xor01_from05,DESERIALIZE_PANIC
t1-0,proof_byte,4311,xor01_from15,VERIFY_REJECTED
t1-0,proof_byte,4312,xor01_frombb,VERIFY_REJECTED
t1-0,proof_byte,4313,xor01_from47,VERIFY_REJECTED
t1-0,proof_byte,4314,xor01_from5e,VERIFY_REJECTED
t1-0,proof_byte,4315,xor01_from20,VERIFY_REJECTED
t1-0,proof_byte,4316,xor01_from83,VERIFY_REJECTED
t1-0,proof_byte,4317,xor01_froma0,VERIFY_REJECTED
t1-0,proof_byte,4318,xor01_fromfd,VERIFY_REJECTED
t1-0,proof_byte,4319,xor01_from1d,VERIFY_REJECTED
t1-0,proof_byte,4320,xor01_from07,VERIFY_REJECTED
t1-0,proof_byte,4321,xor01_fromcb,VERIFY_REJECTED
t1-0,proof_byte,4322,xor01_from82,VERIFY_REJECTED
t1-0,proof_byte,4323,xor01_from4b,VERIFY_REJECTED
t1-0,proof_byte,4324,xor01_from23,VERIFY_REJECTED
t1-0,proof_byte,4325,xor01_from9b,VERIFY_REJECTED
t1-0,proof_byte,4326,xor01_frome5,VERIFY_REJECTED
t1-0,proof_byte,4327,xor01_from05,VERIFY_REJECTED
t1-0,proof_byte,4328,xor01_from33,VERIFY_REJECTED
t1-0,proof_byte,4329,xor01_fromf9,VERIFY_REJECTED
t1-0,proof_byte,4330,xor01_from7d,VERIFY_REJECTED
t1-0,proof_byte,4331,xor01_fromba,VERIFY_REJECTED
t1-0,proof_byte,4332,xor01_fromd4,VERIFY_REJECTED
t1-0,proof_byte,4333,xor01_from99,VERIFY_REJECTED
t1-0,proof_byte,4334,xor01_froma2,VERIFY_REJECTED
t1-0,proof_byte,4335,xor01_frome6,VERIFY_REJECTED
t1-0,proof_byte,4336,xor01_frome7,VERIFY_REJECTED
t1-0,proof_byte,4337,xor01_from8b,VERIFY_REJECTED
t1-0,proof_byte,4338,xor01_fromf6,VERIFY_REJECTED
t1-0,proof_byte,4339,xor01_from6a,VERIFY_REJECTED
t1-0,proof_byte,4340,xor01_from27,VERIFY_REJECTED
t1-0,proof_byte,4341,xor01_frombd,VERIFY_REJECTED
t1-0,proof_byte,4342,xor01_from1a,VERIFY_REJECTED
t1-0,proof_byte,4343,xor01_from00,DESERIALIZE_REJECTED
t1-0,proof_byte,4344,xor01_from14,DESERIALIZE_PANIC
t1-0,proof_byte,4345,xor01_from02,DESERIALIZE_PANIC
t1-0,proof_byte,4346,xor01_from00,DESERIALIZE_PANIC
t1-0,proof_byte,4347,xor01_from00,DESERIALIZE_PANIC
t1-0,proof_byte,4348,xor01_from00,DESERIALIZE_PANIC
t1-0,proof_byte,4349,xor01_from00,DESERIALIZE_PANIC
t1-0,proof_byte,4350,xor01_from00,DESERIALIZE_PANIC
t1-0,proof_byte,4351,xor01_from00,DESERIALIZE_PANIC
t1-0,proof_byte,4352,xor01_from00,DESERIALIZE_PANIC
t1-0,proof_byte,4353,xor01_from03,DESERIALIZE_PANIC
t1-0,proof_byte,4354,xor01_from00,DESERIALIZE_PANIC
t1-0,proof_byte,4355,xor01_from00,DESERIALIZE_PANIC
t1-0,proof_byte,4356,xor01_from00,DESERIALIZE_PANIC
t1-0,proof_byte,4357,xor01_from00,DESERIALIZE_PANIC
t1-0,proof_byte,4358,xor01_from00,DESERIALIZE_PANIC
t1-0,proof_byte,4359,xor01_from00,DESERIALIZE_PANIC
t1-0,proof_byte,4360,xor01_from00,DESERIALIZE_PANIC
t1-0,proof_byte,4361,xor01_from06,DESERIALIZE_REJECTED
t1-0,proof_byte,4362,xor01_fromda,VERIFY_REJECTED
t1-0,proof_byte,4363,xor01_from41,VERIFY_REJECTED
t1-0,proof_byte,4364,xor01_from03,VERIFY_REJECTED
t1-0,proof_byte,4365,xor01_fromcd,VERIFY_REJECTED
t1-0,proof_byte,4366,xor01_from65,VERIFY_REJECTED
t1-0,proof_byte,4367,xor01_from91,VERIFY_REJECTED
t1-0,proof_byte,4368,xor01_from50,VERIFY_REJECTED
t1-0,proof_byte,4369,xor01_fromb6,VERIFY_REJECTED
t1-0,proof_byte,4370,xor01_fromf6,VERIFY_REJECTED
t1-0,proof_byte,4371,xor01_fromca,VERIFY_REJECTED
t1-0,proof_byte,4372,xor01_from3a,VERIFY_REJECTED
t1-0,proof_byte,4373,xor01_from22,VERIFY_REJECTED
t1-0,proof_byte,4374,xor01_from6e,VERIFY_REJECTED
t1-0,proof_byte,4375,xor01_from81,VERIFY_REJECTED
t1-0,proof_byte,4376,xor01_fromfa,VERIFY_REJECTED
t1-0,proof_byte,4377,xor01_from95,VERIFY_REJECTED
t1-0,proof_byte,4378,xor01_fromda,VERIFY_REJECTED
t1-0,proof_byte,4379,xor01_from9b,VERIFY_REJECTED
t1-0,proof_byte,4380,xor01_from5f,VERIFY_REJECTED
t1-0,proof_byte,4381,xor01_from46,VERIFY_REJECTED
t1-0,proof_byte,4382,xor01_from6e,VERIFY_REJECTED
t1-0,proof_byte,4383,xor01_from87,VERIFY_REJECTED
t1-0,proof_byte,4384,xor01_fromb4,VERIFY_REJECTED
t1-0,proof_byte,4385,xor01_from72,VERIFY_REJECTED
t1-0,proof_byte,4386,xor01_frombe,VERIFY_REJECTED
t1-0,proof_byte,4387,xor01_from47,VERIFY_REJECTED
t1-0,proof_byte,4388,xor01_frome1,VERIFY_REJECTED
t1-0,proof_byte,4389,xor01_from27,VERIFY_REJECTED
t1-0,proof_byte,4390,xor01_from18,VERIFY_REJECTED
t1-0,proof_byte,4391,xor01_from6d,VERIFY_REJECTED
t1-0,proof_byte,4392,xor01_fromc5,VERIFY_REJECTED
t1-0,proof_byte,4393,xor01_from13,VERIFY_REJECTED
t1-0,proof_byte,4394,xor01_from00,DESERIALIZE_REJECTED
t1-0,proof_byte,4395,xor01_from14,VERIFY_ACCEPTED
t1-0,proof_byte,4396,xor01_from02,VERIFY_ACCEPTED
t1-0,proof_byte,4397,xor01_from00,VERIFY_ACCEPTED
t1-0,proof_byte,4398,xor01_from00,VERIFY_ACCEPTED
t1-0,proof_byte,4399,xor01_from00,VERIFY_ACCEPTED
t1-0,proof_byte,4400,xor01_from00,VERIFY_ACCEPTED
t1-0,proof_byte,4401,xor01_from00,VERIFY_ACCEPTED
t1-0,proof_byte,4402,xor01_from00,VERIFY_ACCEPTED
t1-0,proof_byte,4403,xor01_from00,VERIFY_ACCEPTED
t1-0,proof_byte,4404,xor01_from03,VERIFY_ACCEPTED
t1-0,proof_byte,4405,xor01_from00,VERIFY_ACCEPTED
t1-0,proof_byte,4406,xor01_from00,VERIFY_ACCEPTED
t1-0,proof_byte,4407,xor01_from00,VERIFY_ACCEPTED
t1-0,proof_byte,4408,xor01_from00,VERIFY_ACCEPTED
t1-0,proof_byte,4409,xor01_from00,VERIFY_ACCEPTED
t1-0,proof_byte,4410,xor01_from00,VERIFY_ACCEPTED
t1-0,proof_byte,4411,xor01_from00,VERIFY_ACCEPTED
t1-0,proof_byte,4412,xor01_from08,VERIFY_ACCEPTED
t1-0,proof_byte,4413,xor01_fromf1,VERIFY_ACCEPTED
t1-0,proof_byte,4414,xor01_from29,VERIFY_ACCEPTED
t1-0,proof_byte,4415,xor01_from34,VERIFY_ACCEPTED
t1-0,proof_byte,4416,xor01_fromba,VERIFY_ACCEPTED
t1-0,proof_byte,4417,xor01_frombd,VERIFY_ACCEPTED
t1-0,proof_byte,4418,xor01_from3f,VERIFY_ACCEPTED
t1-0,proof_byte,4419,xor01_fromb3,VERIFY_ACCEPTED
t1-0,proof_byte,4420,xor01_from92,VERIFY_ACCEPTED
t1-0,proof_byte,4421,xor01_fromfc,VERIFY_ACCEPTED
t1-0,proof_byte,4422,xor01_from45,VERIFY_ACCEPTED
t1-0,proof_byte,4423,xor01_from0e,VERIFY_ACCEPTED
t1-0,proof_byte,4424,xor01_fromc3,VERIFY_ACCEPTED
t1-0,proof_byte,4425,xor01_from96,VERIFY_ACCEPTED
t1-0,proof_byte,4426,xor01_from25,VERIFY_ACCEPTED
t1-0,proof_byte,4427,xor01_from6d,VERIFY_ACCEPTED
t1-0,proof_byte,4428,xor01_from55,VERIFY_ACCEPTED
t1-0,proof_byte,4429,xor01_from3b,VERIFY_ACCEPTED
t1-0,proof_byte,4430,xor01_frome2,VERIFY_ACCEPTED
t1-0,proof_byte,4431,xor01_fromb3,VERIFY_ACCEPTED
t1-0,proof_byte,4432,xor01_from34,VERIFY_ACCEPTED
t1-0,proof_byte,4433,xor01_from80,VERIFY_ACCEPTED
t1-0,proof_byte,4434,xor01_from12,VERIFY_ACCEPTED
t1-0,proof_byte,4435,xor01_fromb3,VERIFY_ACCEPTED
t1-0,proof_byte,4436,xor01_from6e,VERIFY_ACCEPTED
t1-0,proof_byte,4437,xor01_fromfc,VERIFY_ACCEPTED
t1-0,proof_byte,4438,xor01_from50,VERIFY_ACCEPTED
t1-0,proof_byte,4439,xor01_from32,VERIFY_ACCEPTED
t1-0,proof_byte,4440,xor01_fromcc,VERIFY_ACCEPTED
t1-0,proof_byte,4441,xor01_fromce,VERIFY_ACCEPTED
t1-0,proof_byte,4442,xor01_from30,VERIFY_ACCEPTED
t1-0,proof_byte,4443,xor01_from51,VERIFY_ACCEPTED
t1-0,proof_byte,4444,xor01_from07,VERIFY_ACCEPTED
t1-0,proof_byte,4445,xor01_from05,DESERIALIZE_REJECTED
t1-0,proof_byte,4446,xor01_from00,DESERIALIZE_REJECTED
t1-0,proof_byte,4447,xor01_from00,DESERIALIZE_REJECTED
t1-0,proof_byte,4448,xor01_from00,DESERIALIZE_REJECTED
t1-0,proof_byte,4449,xor01_from00,DESERIALIZE_REJECTED
t1-0,proof_byte,4450,xor01_from00,DESERIALIZE_REJECTED
t1-0,proof_byte,4451,xor01_from00,DESERIALIZE_REJECTED
t1-0,proof_byte,4452,xor01_from00,DESERIALIZE_REJECTED
t1-0,proof_byte,4453,xor01_from02,VERIFY_REJECTED
t1-0,proof_byte,4454,xor01_from00,VERIFY_REJECTED
t1-0,proof_byte,4455,xor01_from00,VERIFY_REJECTED
t1-0,proof_byte,4456,xor01_from00,VERIFY_REJECTED
t1-0,proof_byte,4457,xor01_from00,VERIFY_REJECTED
t1-0,proof_byte,4458,xor01_from00,VERIFY_REJECTED
t1-0,proof_byte,4459,xor01_from00,VERIFY_REJECTED
t1-0,proof_byte,4460,xor01_from00,VERIFY_REJECTED
t1-0,proof_byte,4461,xor01_from00,VERIFY_REJECTED
t1-0,proof_byte,4462,xor01_from48,DESERIALIZE_REJECTED
t1-0,proof_byte,4463,xor01_from00,DESERIALIZE_REJECTED
t1-0,proof_byte,4464,xor01_from00,DESERIALIZE_REJECTED
t1-0,proof_byte,4465,xor01_from00,DESERIALIZE_REJECTED
t1-0,proof_byte,4466,xor01_from00,DESERIALIZE_REJECTED
t1-0,proof_byte,4467,xor01_from00,DESERIALIZE_REJECTED
