task,family,position,detail,verdict
t1-0,none,-,honest,VERIFY_ACCEPTED
t1-0,none,-,roundtrip,VERIFY_ACCEPTED
t1-0,coverage,-,artifact_bytes=1162285 stride=64 probed=18161,INFO
t1-0,proof_byte,0,xor01_from1,VERIFY_PANIC
t1-0,proof_byte,64,xor01_from253,VERIFY_REJECTED
t1-0,proof_byte,128,xor01_from0,VERIFY_REJECTED
t1-0,proof_byte,192,xor01_from238,VERIFY_REJECTED
t1-0,proof_byte,256,xor01_from1,DESERIALIZE_REJECTED
t1-0,proof_byte,320,xor01_from168,VERIFY_REJECTED
t1-0,proof_byte,384,xor01_from59,VERIFY_REJECTED
t1-0,proof_byte,448,xor01_from115,VERIFY_REJECTED
t1-0,proof_byte,512,xor01_from85,VERIFY_REJECTED
t1-0,proof_byte,576,xor01_from67,VERIFY_REJECTED
t1-0,proof_byte,640,xor01_from143,VERIFY_REJECTED
t1-0,proof_byte,704,xor01_from85,VERIFY_REJECTED
t1-0,proof_byte,768,xor01_from28,VERIFY_REJECTED
t1-0,proof_byte,832,xor01_from125,VERIFY_REJECTED
t1-0,proof_byte,896,xor01_from0,DESERIALIZE_REJECTED
t1-0,proof_byte,960,xor01_from0,DESERIALIZE_REJECTED
t1-0,proof_byte,1024,xor01_from79,VERIFY_REJECTED
t1-0,proof_byte,1088,xor01_from3,VERIFY_REJECTED
t1-0,proof_byte,1152,xor01_from67,VERIFY_REJECTED
t1-0,proof_byte,1216,xor01_from146,VERIFY_REJECTED
t1-0,proof_byte,1280,xor01_from241,VERIFY_REJECTED
t1-0,proof_byte,1344,xor01_from17,VERIFY_REJECTED
t1-0,proof_byte,1408,xor01_from214,VERIFY_REJECTED
t1-0,proof_byte,1472,xor01_from0,DESERIALIZE_REJECTED
t1-0,proof_byte,1536,xor01_from220,VERIFY_REJECTED
t1-0,proof_byte,1600,xor01_from86,VERIFY_REJECTED
t1-0,proof_byte,1664,xor01_from167,VERIFY_REJECTED
t1-0,proof_byte,1728,xor01_from133,VERIFY_REJECTED
t1-0,proof_byte,1792,xor01_from152,VERIFY_REJECTED
t1-0,proof_byte,1856,xor01_from38,VERIFY_REJECTED
t1-0,proof_byte,1920,xor01_from40,VERIFY_REJECTED
t1-0,proof_byte,1984,xor01_from0,DESERIALIZE_REJECTED
t1-0,proof_byte,2048,xor01_from0,DESERIALIZE_REJECTED
t1-0,proof_byte,2112,xor01_from122,VERIFY_REJECTED
t1-0,proof_byte,2176,xor01_from221,VERIFY_REJECTED
t1-0,proof_byte,2240,xor01_from143,VERIFY_REJECTED
t1-0,proof_byte,2304,xor01_from193,VERIFY_REJECTED
t1-0,proof_byte,2368,xor01_from112,VERIFY_REJECTED
t1-0,proof_byte,2432,xor01_from102,VERIFY_REJECTED
t1-0,proof_byte,2496,xor01_from170,VERIFY_REJECTED
t1-0,proof_byte,2560,xor01_from0,DESERIALIZE_REJECTED
t1-0,proof_byte,2624,xor01_from185,VERIFY_REJECTED
t1-0,proof_byte,2688,xor01_from198,VERIFY_REJECTED
t1-0,proof_byte,2752,xor01_from120,VERIFY_REJECTED
t1-0,proof_byte,2816,xor01_from27,VERIFY_REJECTED
t1-0,proof_byte,2880,xor01_from134,VERIFY_REJECTED
t1-0,proof_byte,2944,xor01_from23,VERIFY_REJECTED
t1-0,proof_byte,3008,xor01_from216,VERIFY_REJECTED
t1-0,proof_byte,3072,xor01_from0,DESERIALIZE_REJECTED
t1-0,proof_byte,3136,xor01_from191,VERIFY_REJECTED
t1-0,proof_byte,3200,xor01_from166,VERIFY_REJECTED
t1-0,proof_byte,3264,xor01_from151,VERIFY_REJECTED
t1-0,proof_byte,3328,xor01_from193,VERIFY_REJECTED
t1-0,proof_byte,3392,xor01_from208,VERIFY_REJECTED
t1-0,proof_byte,3456,xor01_from253,VERIFY_REJECTED
t1-0,proof_byte,3520,xor01_from0,DESERIALIZE_REJECTED
t1-0,proof_byte,3584,xor01_from0,DESERIALIZE_REJECTED
t1-0,proof_byte,3648,xor01_from251,VERIFY_REJECTED
t1-0,proof_byte,3712,xor01_from131,VERIFY_REJECTED
t1-0,proof_byte,3776,xor01_from232,VERIFY_REJECTED
t1-0,proof_byte,3840,xor01_from104,VERIFY_REJECTED
t1-0,proof_byte,3904,xor01_from73,VERIFY_REJECTED
t1-0,proof_byte,3968,xor01_from28,VERIFY_REJECTED
t1-0,proof_byte,4032,xor01_from0,DESERIALIZE_REJECTED
t1-0,proof_byte,4096,xor01_from183,VERIFY_REJECTED
t1-0,proof_byte,4160,xor01_from25,VERIFY_REJECTED
t1-0,proof_byte,4224,xor01_from125,VERIFY_REJECTED
t1-0,proof_byte,4288,xor01_from127,VERIFY_REJECTED
t1-0,proof_byte,4352,xor01_from131,VERIFY_REJECTED
t1-0,proof_byte,4416,xor01_from170,VERIFY_REJECTED
t1-0,proof_byte,4480,xor01_from197,VERIFY_REJECTED
t1-0,proof_byte,4544,xor01_from0,DESERIALIZE_REJECTED
t1-0,proof_byte,4608,xor01_from242,VERIFY_REJECTED
t1-0,proof_byte,4672,xor01_from154,VERIFY_REJECTED
t1-0,proof_byte,4736,xor01_from243,VERIFY_REJECTED
t1-0,proof_byte,4800,xor01_from142,VERIFY_REJECTED
t1-0,proof_byte,4864,xor01_from79,VERIFY_REJECTED
t1-0,proof_byte,4928,xor01_from226,VERIFY_REJECTED
t1-0,proof_byte,4992,xor01_from11,VERIFY_REJECTED
t1-0,proof_byte,5056,xor01_from0,DESERIALIZE_REJECTED
t1-0,proof_byte,5120,xor01_from248,VERIFY_REJECTED
t1-0,proof_byte,5184,xor01_from8,VERIFY_REJECTED
t1-0,proof_byte,5248,xor01_from85,VERIFY_REJECTED
t1-0,proof_byte,5312,xor01_from85,VERIFY_REJECTED
t1-0,proof_byte,5376,xor01_from195,VERIFY_REJECTED
t1-0,proof_byte,5440,xor01_from180,VERIFY_REJECTED
t1-0,proof_byte,5504,xor01_from0,DESERIALIZE_REJECTED
t1-0,proof_byte,5568,xor01_from0,DESERIALIZE_REJECTED
t1-0,proof_byte,5632,xor01_from143,VERIFY_REJECTED
t1-0,proof_byte,5696,xor01_from218,VERIFY_REJECTED
t1-0,proof_byte,5760,xor01_from96,VERIFY_REJECTED
t1-0,proof_byte,5824,xor01_from139,VERIFY_REJECTED
t1-0,proof_byte,5888,xor01_from59,VERIFY_REJECTED
t1-0,proof_byte,5952,xor01_from32,VERIFY_REJECTED
t1-0,proof_byte,6016,xor01_from0,DESERIALIZE_REJECTED
t1-0,proof_byte,6080,xor01_from40,VERIFY_REJECTED
t1-0,proof_byte,6144,xor01_from180,VERIFY_REJECTED
t1-0,proof_byte,6208,xor01_from241,VERIFY_REJECTED
t1-0,proof_byte,6272,xor01_from178,VERIFY_REJECTED
t1-0,proof_byte,6336,xor01_from201,VERIFY_REJECTED
t1-0,proof_byte,6400,xor01_from187,VERIFY_REJECTED
t1-0,proof_byte,6464,xor01_from116,VERIFY_REJECTED
t1-0,proof_byte,6528,xor01_from0,DESERIALIZE_REJECTED
t1-0,proof_byte,6592,xor01_from252,VERIFY_REJECTED
t1-0,proof_byte,6656,xor01_from27,VERIFY_REJECTED
t1-0,proof_byte,6720,xor01_from242,VERIFY_REJECTED
t1-0,proof_byte,6784,xor01_from107,VERIFY_REJECTED
t1-0,proof_byte,6848,xor01_from166,VERIFY_REJECTED
t1-0,proof_byte,6912,xor01_from61,VERIFY_REJECTED
t1-0,proof_byte,6976,xor01_from0,DESERIALIZE_REJECTED
t1-0,proof_byte,7040,xor01_from150,VERIFY_REJECTED
t1-0,proof_byte,7104,xor01_from83,VERIFY_REJECTED
t1-0,proof_byte,7168,xor01_from97,VERIFY_REJECTED
t1-0,proof_byte,7232,xor01_from139,VERIFY_REJECTED
t1-0,proof_byte,7296,xor01_from246,VERIFY_REJECTED
t1-0,proof_byte,7360,xor01_from9,VERIFY_REJECTED
t1-0,proof_byte,7424,xor01_from227,VERIFY_REJECTED
t1-0,proof_byte,7488,xor01_from0,DESERIALIZE_REJECTED
t1-0,proof_byte,7552,xor01_from240,VERIFY_REJECTED
t1-0,proof_byte,7616,xor01_from188,VERIFY_REJECTED
t1-0,proof_byte,7680,xor01_from90,VERIFY_REJECTED
t1-0,proof_byte,7744,xor01_from205,VERIFY_REJECTED
t1-0,proof_byte,7808,xor01_from133,VERIFY_REJECTED
t1-0,proof_byte,7872,xor01_from58,VERIFY_REJECTED
t1-0,proof_byte,7936,xor01_from0,DESERIALIZE_REJECTED
t1-0,proof_byte,8000,xor01_from102,VERIFY_REJECTED
t1-0,proof_byte,8064,xor01_from171,VERIFY_REJECTED
t1-0,proof_byte,8128,xor01_from199,VERIFY_REJECTED
t1-0,proof_byte,8192,xor01_from228,VERIFY_REJECTED
t1-0,proof_byte,8256,xor01_from247,VERIFY_REJECTED
t1-0,proof_byte,8320,xor01_from53,VERIFY_REJECTED
t1-0,proof_byte,8384,xor01_from15,VERIFY_REJECTED
t1-0,proof_byte,8448,xor01_from0,DESERIALIZE_REJECTED
t1-0,proof_byte,8512,xor01_from160,VERIFY_REJECTED
t1-0,proof_byte,8576,xor01_from154,VERIFY_REJECTED
t1-0,proof_byte,8640,xor01_from53,VERIFY_REJECTED
t1-0,proof_byte,8704,xor01_from77,VERIFY_REJECTED
t1-0,proof_byte,8768,xor01_from55,VERIFY_REJECTED
t1-0,proof_byte,8832,xor01_from223,VERIFY_REJECTED
t1-0,proof_byte,8896,xor01_from0,DESERIALIZE_REJECTED
t1-0,proof_byte,8960,xor01_from62,VERIFY_REJECTED
t1-0,proof_byte,9024,xor01_from147,VERIFY_REJECTED
t1-0,proof_byte,9088,xor01_from66,VERIFY_REJECTED
t1-0,proof_byte,9152,xor01_from50,VERIFY_REJECTED
t1-0,proof_byte,9216,xor01_from3,VERIFY_REJECTED
t1-0,proof_byte,9280,xor01_from174,VERIFY_REJECTED
t1-0,proof_byte,9344,xor01_from224,VERIFY_REJECTED
t1-0,proof_byte,9408,xor01_from0,DESERIALIZE_REJECTED
t1-0,proof_byte,9472,xor01_from37,VERIFY_REJECTED
t1-0,proof_byte,9536,xor01_from186,VERIFY_REJECTED
t1-0,proof_byte,9600,xor01_from225,VERIFY_REJECTED
t1-0,proof_byte,9664,xor01_from50,VERIFY_REJECTED
t1-0,proof_byte,9728,xor01_from247,VERIFY_REJECTED
t1-0,proof_byte,9792,xor01_from57,VERIFY_REJECTED
t1-0,proof_byte,9856,xor01_from0,DESERIALIZE_REJECTED
t1-0,proof_byte,9920,xor01_from38,VERIFY_REJECTED
t1-0,proof_byte,9984,xor01_from39,VERIFY_REJECTED
t1-0,proof_byte,10048,xor01_from20,VERIFY_REJECTED
t1-0,proof_byte,10112,xor01_from171,VERIFY_REJECTED
t1-0,proof_byte,10176,xor01_from217,VERIFY_REJECTED
t1-0,proof_byte,10240,xor01_from54,VERIFY_REJECTED
t1-0,proof_byte,10304,xor01_from15,VERIFY_REJECTED
t1-0,proof_byte,10368,xor01_from0,DESERIALIZE_REJECTED
t1-0,proof_byte,10432,xor01_from170,VERIFY_REJECTED
t1-0,proof_byte,10496,xor01_from128,VERIFY_REJECTED
t1-0,proof_byte,10560,xor01_from142,VERIFY_REJECTED
t1-0,proof_byte,10624,xor01_from135,VERIFY_REJECTED
t1-0,proof_byte,10688,xor01_from126,VERIFY_REJECTED
t1-0,proof_byte,10752,xor01_from237,VERIFY_REJECTED
t1-0,proof_byte,10816,xor01_from0,DESERIALIZE_REJECTED
t1-0,proof_byte,10880,xor01_from52,VERIFY_REJECTED
t1-0,proof_byte,10944,xor01_from63,VERIFY_REJECTED
t1-0,proof_byte,11008,xor01_from13,VERIFY_REJECTED
t1-0,proof_byte,11072,xor01_from25,VERIFY_REJECTED
t1-0,proof_byte,11136,xor01_from17,VERIFY_REJECTED
t1-0,proof_byte,11200,xor01_from217,VERIFY_REJECTED
t1-0,proof_byte,11264,xor01_from150,VERIFY_REJECTED
t1-0,proof_byte,11328,xor01_from0,DESERIALIZE_REJECTED
t1-0,proof_byte,11392,xor01_from76,VERIFY_REJECTED
t1-0,proof_byte,11456,xor01_from238,VERIFY_REJECTED
t1-0,proof_byte,11520,xor01_from140,VERIFY_REJECTED
t1-0,proof_byte,11584,xor01_from219,VERIFY_REJECTED
t1-0,proof_byte,11648,xor01_from157,VERIFY_REJECTED
t1-0,proof_byte,11712,xor01_from32,VERIFY_REJECTED
t1-0,proof_byte,11776,xor01_from0,DESERIALIZE_REJECTED
t1-0,proof_byte,11840,xor01_from199,VERIFY_REJECTED
t1-0,proof_byte,11904,xor01_from23,VERIFY_REJECTED
t1-0,proof_byte,11968,xor01_from247,VERIFY_REJECTED
t1-0,proof_byte,12032,xor01_from159,VERIFY_REJECTED
t1-0,proof_byte,12096,xor01_from26,VERIFY_REJECTED
t1-0,proof_byte,12160,xor01_from187,VERIFY_REJECTED
t1-0,proof_byte,12224,xor01_from0,DESERIALIZE_REJECTED
t1-0,proof_byte,12288,xor01_from0,DESERIALIZE_REJECTED
t1-0,proof_byte,12352,xor01_from72,VERIFY_REJECTED
t1-0,proof_byte,12416,xor01_from58,VERIFY_REJECTED
t1-0,proof_byte,12480,xor01_from64,VERIFY_REJECTED
t1-0,proof_byte,12544,xor01_from236,VERIFY_REJECTED
t1-0,proof_byte,12608,xor01_from89,VERIFY_REJECTED
t1-0,proof_byte,12672,xor01_from206,VERIFY_REJECTED
t1-0,proof_byte,12736,xor01_from0,DESERIALIZE_REJECTED
t1-0,proof_byte,12800,xor01_from107,VERIFY_REJECTED
t1-0,proof_byte,12864,xor01_from192,VERIFY_REJECTED
t1-0,proof_byte,12928,xor01_from235,VERIFY_REJECTED
t1-0,proof_byte,12992,xor01_from253,VERIFY_REJECTED
t1-0,proof_byte,13056,xor01_from109,VERIFY_REJECTED
t1-0,proof_byte,13120,xor01_from208,VERIFY_REJECTED
t1-0,proof_byte,13184,xor01_from0,DESERIALIZE_REJECTED
t1-0,proof_byte,13248,xor01_from115,VERIFY_REJECTED
t1-0,proof_byte,13312,xor01_from110,VERIFY_REJECTED
t1-0,proof_byte,13376,xor01_from45,VERIFY_REJECTED
t1-0,proof_byte,13440,xor01_from101,VERIFY_REJECTED
t1-0,proof_byte,13504,xor01_from87,VERIFY_REJECTED
t1-0,proof_byte,13568,xor01_from238,VERIFY_REJECTED
t1-0,proof_byte,13632,xor01_from71,VERIFY_REJECTED
t1-0,proof_byte,13696,xor01_from238,VERIFY_REJECTED
t1-0,proof_byte,13760,xor01_from0,DESERIALIZE_REJECTED
t1-0,proof_byte,13824,xor01_from29,VERIFY_REJECTED
t1-0,proof_byte,13888,xor01_from74,VERIFY_REJECTED
t1-0,proof_byte,13952,xor01_from136,VERIFY_REJECTED
t1-0,proof_byte,14016,xor01_from236,VERIFY_REJECTED
t1-0,proof_byte,14080,xor01_from0,DESERIALIZE_REJECTED
t1-0,proof_byte,14144,xor01_from192,VERIFY_REJECTED
t1-0,proof_byte,14208,xor01_from254,VERIFY_REJECTED
t1-0,proof_byte,14272,xor01_from216,VERIFY_REJECTED
t1-0,proof_byte,14336,xor01_from122,VERIFY_REJECTED
t1-0,proof_byte,14400,xor01_from16,VERIFY_REJECTED
t1-0,proof_byte,14464,xor01_from181,VERIFY_REJECTED
t1-0,proof_byte,14528,xor01_from0,DESERIALIZE_REJECTED
t1-0,proof_byte,14592,xor01_from233,VERIFY_REJECTED
t1-0,proof_byte,14656,xor01_from97,VERIFY_REJECTED
t1-0,proof_byte,14720,xor01_from84,VERIFY_REJECTED
t1-0,proof_byte,14784,xor01_from193,VERIFY_REJECTED
t1-0,proof_byte,14848,xor01_from0,DESERIALIZE_REJECTED
t1-0,proof_byte,14912,xor01_from40,VERIFY_REJECTED
t1-0,proof_byte,14976,xor01_from223,VERIFY_REJECTED
t1-0,proof_byte,15040,xor01_from222,VERIFY_REJECTED
t1-0,proof_byte,15104,xor01_from215,VERIFY_REJECTED
t1-0,proof_byte,15168,xor01_from0,DESERIALIZE_REJECTED
t1-0,proof_byte,15232,xor01_from164,VERIFY_REJECTED
t1-0,proof_byte,15296,xor01_from116,VERIFY_REJECTED
t1-0,proof_byte,15360,xor01_from156,VERIFY_REJECTED
t1-0,proof_byte,15424,xor01_from118,VERIFY_REJECTED
t1-0,proof_byte,15488,xor01_from43,VERIFY_REJECTED
t1-0,proof_byte,15552,xor01_from15,VERIFY_REJECTED
t1-0,proof_byte,15616,xor01_from75,VERIFY_REJECTED
t1-0,proof_byte,15680,xor01_from28,VERIFY_REJECTED
t1-0,proof_byte,15744,xor01_from0,DESERIALIZE_REJECTED
t1-0,proof_byte,15808,xor01_from21,VERIFY_REJECTED
t1-0,proof_byte,15872,xor01_from159,VERIFY_REJECTED
t1-0,proof_byte,15936,xor01_from33,VERIFY_REJECTED
t1-0,proof_byte,16000,xor01_from193,VERIFY_REJECTED
t1-0,proof_byte,16064,xor01_from243,VERIFY_REJECTED
t1-0,proof_byte,16128,xor01_from72,VERIFY_REJECTED
t1-0,proof_byte,16192,xor01_from228,VERIFY_REJECTED
t1-0,proof_byte,16256,xor01_from182,VERIFY_REJECTED
t1-0,proof_byte,16320,xor01_from0,DESERIALIZE_REJECTED
t1-0,proof_byte,16384,xor01_from112,VERIFY_REJECTED
t1-0,proof_byte,16448,xor01_from44,VERIFY_REJECTED
t1-0,proof_byte,16512,xor01_from146,VERIFY_REJECTED
t1-0,proof_byte,16576,xor01_from235,VERIFY_REJECTED
t1-0,proof_byte,16640,xor01_from226,VERIFY_REJECTED
t1-0,proof_byte,16704,xor01_from51,VERIFY_REJECTED
t1-0,proof_byte,16768,xor01_from173,VERIFY_REJECTED
t1-0,proof_byte,16832,xor01_from44,VERIFY_REJECTED
t1-0,proof_byte,16896,xor01_from247,VERIFY_REJECTED
t1-0,proof_byte,16960,xor01_from133,VERIFY_REJECTED
t1-0,proof_byte,17024,xor01_from4,VERIFY_REJECTED
t1-0,proof_byte,17088,xor01_from234,VERIFY_REJECTED
t1-0,proof_byte,17152,xor01_from217,VERIFY_REJECTED
t1-0,proof_byte,17216,xor01_from133,VERIFY_REJECTED
t1-0,proof_byte,17280,xor01_from36,VERIFY_REJECTED
t1-0,proof_byte,17344,xor01_from0,DESERIALIZE_REJECTED
t1-0,proof_byte,17408,xor01_from0,DESERIALIZE_REJECTED
t1-0,proof_byte,17472,xor01_from118,VERIFY_REJECTED
t1-0,proof_byte,17536,xor01_from56,VERIFY_REJECTED
t1-0,proof_byte,17600,xor01_from6,VERIFY_REJECTED
t1-0,proof_byte,17664,xor01_from170,VERIFY_REJECTED
t1-0,proof_byte,17728,xor01_from30,VERIFY_REJECTED
t1-0,proof_byte,17792,xor01_from54,VERIFY_REJECTED
t1-0,proof_byte,17856,xor01_from13,VERIFY_REJECTED
t1-0,proof_byte,17920,xor01_from0,DESERIALIZE_REJECTED
t1-0,proof_byte,17984,xor01_from0,DESERIALIZE_REJECTED
t1-0,proof_byte,18048,xor01_from63,VERIFY_REJECTED
t1-0,proof_byte,18112,xor01_from60,VERIFY_REJECTED
t1-0,proof_byte,18176,xor01_from237,VERIFY_REJECTED
t1-0,proof_byte,18240,xor01_from124,VERIFY_REJECTED
t1-0,proof_byte,18304,xor01_from40,VERIFY_REJECTED
t1-0,proof_byte,18368,xor01_from75,VERIFY_REJECTED
t1-0,proof_byte,18432,xor01_from53,VERIFY_REJECTED
t1-0,proof_byte,18496,xor01_from0,DESERIALIZE_REJECTED
t1-0,proof_byte,18560,xor01_from74,VERIFY_REJECTED
t1-0,proof_byte,18624,xor01_from138,VERIFY_REJECTED
t1-0,proof_byte,18688,xor01_from71,VERIFY_REJECTED
t1-0,proof_byte,18752,xor01_from118,VERIFY_REJECTED
t1-0,proof_byte,18816,xor01_from140,VERIFY_REJECTED
t1-0,proof_byte,18880,xor01_from198,VERIFY_REJECTED
t1-0,proof_byte,18944,xor01_from92,VERIFY_REJECTED
t1-0,proof_byte,19008,xor01_from0,DESERIALIZE_REJECTED
t1-0,proof_byte,19072,xor01_from182,VERIFY_REJECTED
t1-0,proof_byte,19136,xor01_from100,VERIFY_REJECTED
t1-0,proof_byte,19200,xor01_from128,VERIFY_REJECTED
t1-0,proof_byte,19264,xor01_from231,VERIFY_REJECTED
t1-0,proof_byte,19328,xor01_from154,VERIFY_REJECTED
t1-0,proof_byte,19392,xor01_from255,VERIFY_REJECTED
t1-0,proof_byte,19456,xor01_from147,VERIFY_REJECTED
t1-0,proof_byte,19520,xor01_from0,DESERIALIZE_REJECTED
t1-0,proof_byte,19584,xor01_from170,VERIFY_REJECTED
t1-0,proof_byte,19648,xor01_from106,VERIFY_REJECTED
t1-0,proof_byte,19712,xor01_from151,VERIFY_REJECTED
t1-0,proof_byte,19776,xor01_from142,VERIFY_REJECTED
t1-0,proof_byte,19840,xor01_from60,VERIFY_REJECTED
t1-0,proof_byte,19904,xor01_from222,VERIFY_REJECTED
t1-0,proof_byte,19968,xor01_from248,VERIFY_REJECTED
t1-0,proof_byte,20032,xor01_from0,DESERIALIZE_REJECTED
t1-0,proof_byte,20096,xor01_from52,VERIFY_REJECTED
t1-0,proof_byte,20160,xor01_from1,VERIFY_REJECTED
t1-0,proof_byte,20224,xor01_from122,VERIFY_REJECTED
t1-0,proof_byte,20288,xor01_from186,VERIFY_REJECTED
t1-0,proof_byte,20352,xor01_from9,VERIFY_REJECTED
t1-0,proof_byte,20416,xor01_from111,VERIFY_REJECTED
t1-0,proof_byte,20480,xor01_from0,DESERIALIZE_REJECTED
t1-0,proof_byte,20544,xor01_from0,DESERIALIZE_REJECTED
t1-0,proof_byte,20608,xor01_from106,VERIFY_REJECTED
t1-0,proof_byte,20672,xor01_from107,VERIFY_REJECTED
t1-0,proof_byte,20736,xor01_from190,VERIFY_REJECTED
t1-0,proof_byte,20800,xor01_from131,VERIFY_REJECTED
t1-0,proof_byte,20864,xor01_from126,VERIFY_REJECTED
t1-0,proof_byte,20928,xor01_from216,VERIFY_REJECTED
t1-0,proof_byte,20992,xor01_from0,DESERIALIZE_REJECTED
t1-0,proof_byte,21056,xor01_from23,VERIFY_REJECTED
t1-0,proof_byte,21120,xor01_from101,VERIFY_REJECTED
t1-0,proof_byte,21184,xor01_from92,VERIFY_REJECTED
t1-0,proof_byte,21248,xor01_from166,VERIFY_REJECTED
t1-0,proof_byte,21312,xor01_from113,VERIFY_REJECTED
t1-0,proof_byte,21376,xor01_from168,VERIFY_REJECTED
t1-0,proof_byte,21440,xor01_from144,VERIFY_REJECTED
t1-0,proof_byte,21504,xor01_from0,DESERIALIZE_REJECTED
t1-0,proof_byte,21568,xor01_from46,VERIFY_REJECTED
t1-0,proof_byte,21632,xor01_from13,VERIFY_REJECTED
t1-0,proof_byte,21696,xor01_from163,VERIFY_REJECTED
t1-0,proof_byte,21760,xor01_from106,VERIFY_REJECTED
t1-0,proof_byte,21824,xor01_from106,VERIFY_REJECTED
t1-0,proof_byte,21888,xor01_from98,VERIFY_REJECTED
t1-0,proof_byte,21952,xor01_from0,DESERIALIZE_REJECTED
t1-0,proof_byte,22016,xor01_from0,DESERIALIZE_REJECTED
t1-0,proof_byte,22080,xor01_from164,VERIFY_REJECTED
t1-0,proof_byte,22144,xor01_from83,VERIFY_REJECTED
t1-0,proof_byte,22208,xor01_from21,VERIFY_REJECTED
t1-0,proof_byte,22272,xor01_from144,VERIFY_REJECTED
t1-0,proof_byte,22336,xor01_from3,VERIFY_REJECTED
t1-0,proof_byte,22400,xor01_from81,VERIFY_REJECTED
t1-0,proof_byte,22464,xor01_from0,DESERIALIZE_REJECTED
t1-0,proof_byte,22528,xor01_from138,VERIFY_REJECTED
t1-0,proof_byte,22592,xor01_from111,VERIFY_REJECTED
t1-0,proof_byte,22656,xor01_from252,VERIFY_REJECTED
t1-0,proof_byte,22720,xor01_from78,VERIFY_REJECTED
t1-0,proof_byte,22784,xor01_from171,VERIFY_REJECTED
t1-0,proof_byte,22848,xor01_from197,VERIFY_REJECTED
t1-0,proof_byte,22912,xor01_from235,VERIFY_REJECTED
t1-0,proof_byte,22976,xor01_from0,DESERIALIZE_REJECTED
t1-0,proof_byte,23040,xor01_from208,VERIFY_REJECTED
t1-0,proof_byte,23104,xor01_from154,VERIFY_REJECTED
t1-0,proof_byte,23168,xor01_from83,VERIFY_REJECTED
t1-0,proof_byte,23232,xor01_from248,VERIFY_REJECTED
t1-0,proof_byte,23296,xor01_from107,VERIFY_REJECTED
t1-0,proof_byte,23360,xor01_from223,VERIFY_REJECTED
t1-0,proof_byte,23424,xor01_from0,DESERIALIZE_REJECTED
t1-0,proof_byte,23488,xor01_from71,VERIFY_REJECTED
t1-0,proof_byte,23552,xor01_from253,VERIFY_REJECTED
t1-0,proof_byte,23616,xor01_from124,VERIFY_REJECTED
t1-0,proof_byte,23680,xor01_from182,VERIFY_REJECTED
t1-0,proof_byte,23744,xor01_from210,VERIFY_REJECTED
t1-0,proof_byte,23808,xor01_from19,VERIFY_REJECTED
t1-0,proof_byte,23872,xor01_from38,VERIFY_REJECTED
t1-0,proof_byte,23936,xor01_from0,DESERIALIZE_REJECTED
t1-0,proof_byte,24000,xor01_from124,VERIFY_REJECTED
t1-0,proof_byte,24064,xor01_from207,VERIFY_REJECTED
t1-0,proof_byte,24128,xor01_from124,VERIFY_REJECTED
t1-0,proof_byte,24192,xor01_from170,VERIFY_REJECTED
t1-0,proof_byte,24256,xor01_from171,VERIFY_REJECTED
t1-0,proof_byte,24320,xor01_from16,VERIFY_REJECTED
t1-0,proof_byte,24384,xor01_from0,DESERIALIZE_REJECTED
t1-0,proof_byte,24448,xor01_from245,VERIFY_REJECTED
t1-0,proof_byte,24512,xor01_from83,VERIFY_REJECTED
t1-0,proof_byte,24576,xor01_from170,VERIFY_REJECTED
t1-0,proof_byte,24640,xor01_from123,VERIFY_REJECTED
t1-0,proof_byte,24704,xor01_from190,VERIFY_REJECTED
t1-0,proof_byte,24768,xor01_from58,VERIFY_REJECTED
t1-0,proof_byte,24832,xor01_from74,VERIFY_REJECTED
t1-0,proof_byte,24896,xor01_from0,DESERIALIZE_REJECTED
t1-0,proof_byte,24960,xor01_from57,VERIFY_REJECTED
t1-0,proof_byte,25024,xor01_from193,VERIFY_REJECTED
t1-0,proof_byte,25088,xor01_from123,VERIFY_REJECTED
t1-0,proof_byte,25152,xor01_from139,VERIFY_REJECTED
t1-0,proof_byte,25216,xor01_from44,VERIFY_REJECTED
t1-0,proof_byte,25280,xor01_from195,VERIFY_REJECTED
t1-0,proof_byte,25344,xor01_from0,DESERIALIZE_REJECTED
t1-0,proof_byte,25408,xor01_from128,VERIFY_REJECTED
t1-0,proof_byte,25472,xor01_from105,VERIFY_REJECTED
t1-0,proof_byte,25536,xor01_from113,VERIFY_REJECTED
t1-0,proof_byte,25600,xor01_from254,VERIFY_REJECTED
t1-0,proof_byte,25664,xor01_from229,VERIFY_REJECTED
t1-0,proof_byte,25728,xor01_from155,VERIFY_REJECTED
t1-0,proof_byte,25792,xor01_from28,VERIFY_REJECTED
t1-0,proof_byte,25856,xor01_from0,DESERIALIZE_REJECTED
t1-0,proof_byte,25920,xor01_from209,VERIFY_REJECTED
t1-0,proof_byte,25984,xor01_from236,VERIFY_REJECTED
t1-0,proof_byte,26048,xor01_from47,VERIFY_REJECTED
t1-0,proof_byte,26112,xor01_from178,VERIFY_REJECTED
t1-0,proof_byte,26176,xor01_from175,VERIFY_REJECTED
t1-0,proof_byte,26240,xor01_from249,VERIFY_REJECTED
t1-0,proof_byte,26304,xor01_from0,DESERIALIZE_REJECTED
t1-0,proof_byte,26368,xor01_from64,VERIFY_REJECTED
t1-0,proof_byte,26432,xor01_from121,VERIFY_REJECTED
t1-0,proof_byte,26496,xor01_from113,VERIFY_REJECTED
t1-0,proof_byte,26560,xor01_from1,VERIFY_REJECTED
t1-0,proof_byte,26624,xor01_from224,VERIFY_REJECTED
t1-0,proof_byte,26688,xor01_from180,VERIFY_REJECTED
t1-0,proof_byte,26752,xor01_from33,VERIFY_REJECTED
t1-0,proof_byte,26816,xor01_from0,DESERIALIZE_REJECTED
t1-0,proof_byte,26880,xor01_from86,VERIFY_REJECTED
t1-0,proof_byte,26944,xor01_from180,VERIFY_REJECTED
t1-0,proof_byte,27008,xor01_from6,VERIFY_REJECTED
t1-0,proof_byte,27072,xor01_from147,VERIFY_REJECTED
t1-0,proof_byte,27136,xor01_from16,VERIFY_REJECTED
t1-0,proof_byte,27200,xor01_from217,VERIFY_REJECTED
t1-0,proof_byte,27264,xor01_from0,DESERIALIZE_REJECTED
t1-0,proof_byte,27328,xor01_from212,VERIFY_REJECTED
t1-0,proof_byte,27392,xor01_from158,VERIFY_REJECTED
t1-0,proof_byte,27456,xor01_from183,VERIFY_REJECTED
t1-0,proof_byte,27520,xor01_from176,VERIFY_REJECTED
t1-0,proof_byte,27584,xor01_from9,VERIFY_REJECTED
t1-0,proof_byte,27648,xor01_from79,VERIFY_REJECTED
t1-0,proof_byte,27712,xor01_from27,VERIFY_REJECTED
t1-0,proof_byte,27776,xor01_from0,DESERIALIZE_REJECTED
t1-0,proof_byte,27840,xor01_from154,VERIFY_REJECTED
t1-0,proof_byte,27904,xor01_from176,VERIFY_REJECTED
t1-0,proof_byte,27968,xor01_from218,VERIFY_REJECTED
t1-0,proof_byte,28032,xor01_from138,VERIFY_REJECTED
t1-0,proof_byte,28096,xor01_from235,VERIFY_REJECTED
t1-0,proof_byte,28160,xor01_from93,VERIFY_REJECTED
t1-0,proof_byte,28224,xor01_from0,DESERIALIZE_REJECTED
t1-0,proof_byte,28288,xor01_from13,VERIFY_REJECTED
t1-0,proof_byte,28352,xor01_from114,VERIFY_REJECTED
t1-0,proof_byte,28416,xor01_from10,VERIFY_REJECTED
t1-0,proof_byte,28480,xor01_from244,VERIFY_REJECTED
t1-0,proof_byte,28544,xor01_from112,VERIFY_REJECTED
t1-0,proof_byte,28608,xor01_from76,VERIFY_REJECTED
t1-0,proof_byte,28672,xor01_from0,DESERIALIZE_REJECTED
t1-0,proof_byte,28736,xor01_from116,VERIFY_REJECTED
t1-0,proof_byte,28800,xor01_from3,VERIFY_REJECTED
t1-0,proof_byte,28864,xor01_from202,VERIFY_REJECTED
t1-0,proof_byte,28928,xor01_from0,DESERIALIZE_REJECTED
t1-0,proof_byte,28992,xor01_from105,VERIFY_REJECTED
t1-0,proof_byte,29056,xor01_from35,VERIFY_REJECTED
t1-0,proof_byte,29120,xor01_from128,VERIFY_REJECTED
t1-0,proof_byte,29184,xor01_from66,VERIFY_REJECTED
t1-0,proof_byte,29248,xor01_from0,DESERIALIZE_REJECTED
t1-0,proof_byte,29312,xor01_from208,VERIFY_REJECTED
t1-0,proof_byte,29376,xor01_from48,VERIFY_REJECTED
t1-0,proof_byte,29440,xor01_from87,VERIFY_REJECTED
t1-0,proof_byte,29504,xor01_from166,VERIFY_REJECTED
t1-0,proof_byte,29568,xor01_from163,VERIFY_REJECTED
t1-0,proof_byte,29632,xor01_from198,VERIFY_REJECTED
t1-0,proof_byte,29696,xor01_from0,DESERIALIZE_REJECTED
t1-0,proof_byte,29760,xor01_from11,VERIFY_REJECTED
t1-0,proof_byte,29824,xor01_from164,VERIFY_REJECTED
t1-0,proof_byte,29888,xor01_from221,VERIFY_REJECTED
t1-0,proof_byte,29952,xor01_from29,VERIFY_REJECTED
t1-0,proof_byte,30016,xor01_from0,DESERIALIZE_REJECTED
t1-0,proof_byte,30080,xor01_from211,VERIFY_REJECTED
t1-0,proof_byte,30144,xor01_from83,VERIFY_REJECTED
t1-0,proof_byte,30208,xor01_from239,VERIFY_REJECTED
t1-0,proof_byte,30272,xor01_from78,VERIFY_REJECTED
t1-0,proof_byte,30336,xor01_from90,VERIFY_REJECTED
t1-0,proof_byte,30400,xor01_from49,VERIFY_REJECTED
t1-0,proof_byte,30464,xor01_from233,VERIFY_REJECTED
t1-0,proof_byte,30528,xor01_from82,VERIFY_REJECTED
t1-0,proof_byte,30592,xor01_from0,DESERIALIZE_REJECTED
t1-0,proof_byte,30656,xor01_from83,VERIFY_REJECTED
t1-0,proof_byte,30720,xor01_from136,VERIFY_REJECTED
t1-0,proof_byte,30784,xor01_from232,VERIFY_REJECTED
t1-0,proof_byte,30848,xor01_from176,VERIFY_REJECTED
t1-0,proof_byte,30912,xor01_from214,VERIFY_REJECTED
t1-0,proof_byte,30976,xor01_from221,VERIFY_REJECTED
t1-0,proof_byte,31040,xor01_from141,VERIFY_REJECTED
t1-0,proof_byte,31104,xor01_from183,VERIFY_REJECTED
t1-0,proof_byte,31168,xor01_from0,DESERIALIZE_REJECTED
t1-0,proof_byte,31232,xor01_from32,VERIFY_REJECTED
t1-0,proof_byte,31296,xor01_from22,VERIFY_REJECTED
t1-0,proof_byte,31360,xor01_from171,VERIFY_REJECTED
t1-0,proof_byte,31424,xor01_from237,VERIFY_REJECTED
t1-0,proof_byte,31488,xor01_from188,VERIFY_REJECTED
t1-0,proof_byte,31552,xor01_from126,VERIFY_REJECTED
t1-0,proof_byte,31616,xor01_from0,VERIFY_REJECTED
t1-0,proof_byte,31680,xor01_from0,VERIFY_REJECTED
t1-0,proof_byte,31744,xor01_from1,DESERIALIZE_REJECTED
t1-0,proof_byte,31808,xor01_from86,VERIFY_REJECTED
t1-0,proof_byte,31872,xor01_from0,DESERIALIZE_REJECTED
t1-0,proof_byte,31936,xor01_from207,VERIFY_REJECTED
t1-0,proof_byte,32000,xor01_from85,VERIFY_REJECTED
t1-0,proof_byte,32064,xor01_from155,VERIFY_REJECTED
t1-0,proof_byte,32128,xor01_from86,VERIFY_REJECTED
t1-0,proof_byte,32192,xor01_from234,VERIFY_REJECTED
t1-0,proof_byte,32256,xor01_from0,DESERIALIZE_REJECTED
t1-0,proof_byte,32320,xor01_from0,DESERIALIZE_REJECTED
t1-0,proof_byte,32384,xor01_from94,VERIFY_REJECTED
t1-0,proof_byte,32448,xor01_from228,VERIFY_REJECTED
t1-0,proof_byte,32512,xor01_from22,VERIFY_REJECTED
t1-0,proof_byte,32576,xor01_from65,VERIFY_REJECTED
t1-0,proof_byte,32640,xor01_from208,VERIFY_REJECTED
t1-0,proof_byte,32704,xor01_from148,VERIFY_REJECTED
t1-0,proof_byte,32768,xor01_from121,VERIFY_REJECTED
t1-0,proof_byte,32832,xor01_from181,VERIFY_REJECTED
t1-0,proof_byte,32896,xor01_from0,DESERIALIZE_REJECTED
t1-0,proof_byte,32960,xor01_from21,VERIFY_REJECTED
t1-0,proof_byte,33024,xor01_from250,VERIFY_REJECTED
t1-0,proof_byte,33088,xor01_from207,VERIFY_REJECTED
t1-0,proof_byte,33152,xor01_from210,VERIFY_REJECTED
t1-0,proof_byte,33216,xor01_from72,VERIFY_REJECTED
t1-0,proof_byte,33280,xor01_from100,VERIFY_REJECTED
t1-0,proof_byte,33344,xor01_from166,VERIFY_REJECTED
t1-0,proof_byte,33408,xor01_from0,DESERIALIZE_REJECTED
t1-0,proof_byte,33472,xor01_from35,VERIFY_REJECTED
t1-0,proof_byte,33536,xor01_from7,VERIFY_REJECTED
t1-0,proof_byte,33600,xor01_from246,VERIFY_REJECTED
t1-0,proof_byte,33664,xor01_from130,VERIFY_REJECTED
t1-0,proof_byte,33728,xor01_from6,VERIFY_REJECTED
t1-0,proof_byte,33792,xor01_from155,VERIFY_REJECTED
t1-0,proof_byte,33856,xor01_from91,VERIFY_REJECTED
t1-0,proof_byte,33920,xor01_from0,DESERIALIZE_REJECTED
t1-0,proof_byte,33984,xor01_from0,DESERIALIZE_REJECTED
t1-0,proof_byte,34048,xor01_from245,VERIFY_REJECTED
t1-0,proof_byte,34112,xor01_from57,VERIFY_REJECTED
t1-0,proof_byte,34176,xor01_from80,VERIFY_REJECTED
t1-0,proof_byte,34240,xor01_from246,VERIFY_REJECTED
t1-0,proof_byte,34304,xor01_from132,VERIFY_REJECTED
t1-0,proof_byte,34368,xor01_from170,VERIFY_REJECTED
t1-0,proof_byte,34432,xor01_from0,DESERIALIZE_REJECTED
t1-0,proof_byte,34496,xor01_from0,DESERIALIZE_REJECTED
t1-0,proof_byte,34560,xor01_from212,VERIFY_REJECTED
t1-0,proof_byte,34624,xor01_from67,VERIFY_REJECTED
t1-0,proof_byte,34688,xor01_from110,VERIFY_REJECTED
t1-0,proof_byte,34752,xor01_from102,VERIFY_REJECTED
t1-0,proof_byte,34816,xor01_from213,VERIFY_REJECTED
t1-0,proof_byte,34880,xor01_from74,VERIFY_REJECTED
t1-0,proof_byte,34944,xor01_from0,DESERIALIZE_REJECTED
t1-0,proof_byte,35008,xor01_from131,VERIFY_REJECTED
t1-0,proof_byte,35072,xor01_from207,VERIFY_REJECTED
t1-0,proof_byte,35136,xor01_from7,VERIFY_REJECTED
t1-0,proof_byte,35200,xor01_from17,VERIFY_REJECTED
t1-0,proof_byte,35264,xor01_from96,VERIFY_REJECTED
t1-0,proof_byte,35328,xor01_from13,VERIFY_REJECTED
t1-0,proof_byte,35392,xor01_from97,VERIFY_REJECTED
t1-0,proof_byte,35456,xor01_from0,DESERIALIZE_REJECTED
t1-0,proof_byte,35520,xor01_from3,VERIFY_REJECTED
t1-0,proof_byte,35584,xor01_from195,VERIFY_REJECTED
t1-0,proof_byte,35648,xor01_from182,VERIFY_REJECTED
t1-0,proof_byte,35712,xor01_from237,VERIFY_REJECTED
t1-0,proof_byte,35776,xor01_from107,VERIFY_REJECTED
t1-0,proof_byte,35840,xor01_from199,VERIFY_REJECTED
t1-0,proof_byte,35904,xor01_from5,VERIFY_REJECTED
t1-0,proof_byte,35968,xor01_from0,DESERIALIZE_REJECTED
t1-0,proof_byte,36032,xor01_from248,VERIFY_REJECTED
t1-0,proof_byte,36096,xor01_from19,VERIFY_REJECTED
t1-0,proof_byte,36160,xor01_from73,VERIFY_REJECTED
t1-0,proof_byte,36224,xor01_from250,VERIFY_REJECTED
t1-0,proof_byte,36288,xor01_from88,VERIFY_REJECTED
t1-0,proof_byte,36352,xor01_from170,VERIFY_REJECTED
t1-0,proof_byte,36416,xor01_from147,VERIFY_REJECTED
t1-0,proof_byte,36480,xor01_from0,DESERIALIZE_REJECTED
t1-0,proof_byte,36544,xor01_from114,VERIFY_REJECTED
t1-0,proof_byte,36608,xor01_from219,VERIFY_REJECTED
t1-0,proof_byte,36672,xor01_from124,VERIFY_REJECTED
t1-0,proof_byte,36736,xor01_from252,VERIFY_REJECTED
t1-0,proof_byte,36800,xor01_from130,VERIFY_REJECTED
t1-0,proof_byte,36864,xor01_from110,VERIFY_REJECTED
t1-0,proof_byte,36928,xor01_from0,DESERIALIZE_REJECTED
t1-0,proof_byte,36992,xor01_from154,VERIFY_REJECTED
t1-0,proof_byte,37056,xor01_from12,VERIFY_REJECTED
t1-0,proof_byte,37120,xor01_from180,VERIFY_REJECTED
t1-0,proof_byte,37184,xor01_from201,VERIFY_REJECTED
t1-0,proof_byte,37248,xor01_from95,VERIFY_REJECTED
t1-0,proof_byte,37312,xor01_from13,VERIFY_REJECTED
t1-0,proof_byte,37376,xor01_from224,VERIFY_REJECTED
t1-0,proof_byte,37440,xor01_from0,DESERIALIZE_REJECTED
t1-0,proof_byte,37504,xor01_from92,VERIFY_REJECTED
t1-0,proof_byte,37568,xor01_from93,VERIFY_REJECTED
t1-0,proof_byte,37632,xor01_from106,VERIFY_REJECTED
t1-0,proof_byte,37696,xor01_from245,VERIFY_REJECTED
t1-0,proof_byte,37760,xor01_from71,VERIFY_REJECTED
t1-0,proof_byte,37824,xor01_from0,VERIFY_REJECTED
t1-0,proof_byte,37888,xor01_from0,DESERIALIZE_REJECTED
t1-0,proof_byte,37952,xor01_from0,DESERIALIZE_REJECTED
t1-0,proof_byte,38016,xor01_from63,VERIFY_REJECTED
t1-0,proof_byte,38080,xor01_from225,VERIFY_REJECTED
t1-0,proof_byte,38144,xor01_from208,VERIFY_REJECTED
t1-0,proof_byte,38208,xor01_from125,VERIFY_REJECTED
t1-0,proof_byte,38272,xor01_from64,VERIFY_REJECTED
t1-0,proof_byte,38336,xor01_from113,VERIFY_REJECTED
t1-0,proof_byte,38400,xor01_from0,DESERIALIZE_REJECTED
t1-0,proof_byte,38464,xor01_from102,VERIFY_REJECTED
t1-0,proof_byte,38528,xor01_from218,VERIFY_REJECTED
t1-0,proof_byte,38592,xor01_from173,VERIFY_REJECTED
t1-0,proof_byte,38656,xor01_from78,VERIFY_REJECTED
t1-0,proof_byte,38720,xor01_from45,VERIFY_REJECTED
t1-0,proof_byte,38784,xor01_from175,VERIFY_REJECTED
t1-0,proof_byte,38848,xor01_from184,VERIFY_REJECTED
t1-0,proof_byte,38912,xor01_from0,DESERIALIZE_REJECTED
t1-0,proof_byte,38976,xor01_from216,VERIFY_REJECTED
t1-0,proof_byte,39040,xor01_from235,VERIFY_REJECTED
t1-0,proof_byte,39104,xor01_from32,VERIFY_REJECTED
t1-0,proof_byte,39168,xor01_from242,VERIFY_REJECTED
t1-0,proof_byte,39232,xor01_from97,VERIFY_REJECTED
t1-0,proof_byte,39296,xor01_from245,VERIFY_REJECTED
t1-0,proof_byte,39360,xor01_from0,DESERIALIZE_REJECTED
t1-0,proof_byte,39424,xor01_from195,VERIFY_REJECTED
t1-0,proof_byte,39488,xor01_from101,VERIFY_REJECTED
t1-0,proof_byte,39552,xor01_from46,VERIFY_REJECTED
t1-0,proof_byte,39616,xor01_from160,VERIFY_REJECTED
t1-0,proof_byte,39680,xor01_from13,VERIFY_REJECTED
t1-0,proof_byte,39744,xor01_from39,VERIFY_REJECTED
t1-0,proof_byte,39808,xor01_from222,VERIFY_REJECTED
t1-0,proof_byte,39872,xor01_from0,DESERIALIZE_REJECTED
t1-0,proof_byte,39936,xor01_from117,VERIFY_REJECTED
t1-0,proof_byte,40000,xor01_from33,VERIFY_REJECTED
t1-0,proof_byte,40064,xor01_from223,VERIFY_REJECTED
t1-0,proof_byte,40128,xor01_from112,VERIFY_REJECTED
t1-0,proof_byte,40192,xor01_from144,VERIFY_REJECTED
t1-0,proof_byte,40256,xor01_from112,VERIFY_REJECTED
t1-0,proof_byte,40320,xor01_from0,DESERIALIZE_REJECTED
t1-0,proof_byte,40384,xor01_from179,VERIFY_REJECTED
t1-0,proof_byte,40448,xor01_from14,VERIFY_REJECTED
t1-0,proof_byte,40512,xor01_from127,VERIFY_REJECTED
t1-0,proof_byte,40576,xor01_from129,VERIFY_REJECTED
t1-0,proof_byte,40640,xor01_from247,VERIFY_REJECTED
t1-0,proof_byte,40704,xor01_from176,VERIFY_REJECTED
t1-0,proof_byte,40768,xor01_from220,VERIFY_REJECTED
t1-0,proof_byte,40832,xor01_from179,VERIFY_REJECTED
t1-0,proof_byte,40896,xor01_from0,DESERIALIZE_REJECTED
t1-0,proof_byte,40960,xor01_from211,VERIFY_REJECTED
t1-0,proof_byte,41024,xor01_from80,VERIFY_REJECTED
t1-0,proof_byte,41088,xor01_from47,VERIFY_REJECTED
t1-0,proof_byte,41152,xor01_from193,VERIFY_REJECTED
t1-0,proof_byte,41216,xor01_from0,DESERIALIZE_REJECTED
t1-0,proof_byte,41280,xor01_from26,VERIFY_REJECTED
t1-0,proof_byte,41344,xor01_from0,DESERIALIZE_REJECTED
t1-0,proof_byte,41408,xor01_from80,VERIFY_REJECTED
t1-0,proof_byte,41472,xor01_from2,VERIFY_REJECTED
t1-0,proof_byte,41536,xor01_from233,VERIFY_REJECTED
t1-0,proof_byte,41600,xor01_from89,VERIFY_REJECTED
t1-0,proof_byte,41664,xor01_from0,DESERIALIZE_REJECTED
t1-0,proof_byte,41728,xor01_from208,VERIFY_REJECTED
t1-0,proof_byte,41792,xor01_from106,VERIFY_REJECTED
t1-0,proof_byte,41856,xor01_from243,VERIFY_REJECTED
t1-0,proof_byte,41920,xor01_from178,VERIFY_REJECTED
t1-0,proof_byte,41984,xor01_from0,DESERIALIZE_REJECTED
t1-0,proof_byte,42048,xor01_from108,VERIFY_REJECTED
t1-0,proof_byte,42112,xor01_from235,VERIFY_REJECTED
t1-0,proof_byte,42176,xor01_from96,VERIFY_REJECTED
t1-0,proof_byte,42240,xor01_from40,VERIFY_REJECTED
t1-0,proof_byte,42304,xor01_from3,VERIFY_REJECTED
t1-0,proof_byte,42368,xor01_from5,VERIFY_REJECTED
t1-0,proof_byte,42432,xor01_from165,VERIFY_REJECTED
t1-0,proof_byte,42496,xor01_from142,VERIFY_REJECTED
t1-0,proof_byte,42560,xor01_from0,DESERIALIZE_REJECTED
t1-0,proof_byte,42624,xor01_from10,VERIFY_REJECTED
t1-0,proof_byte,42688,xor01_from247,VERIFY_REJECTED
t1-0,proof_byte,42752,xor01_from100,VERIFY_REJECTED
t1-0,proof_byte,42816,xor01_from253,VERIFY_REJECTED
t1-0,proof_byte,42880,xor01_from96,VERIFY_REJECTED
t1-0,proof_byte,42944,xor01_from88,VERIFY_REJECTED
t1-0,proof_byte,43008,xor01_from0,VERIFY_REJECTED
t1-0,proof_byte,43072,xor01_from0,VERIFY_REJECTED
t1-0,proof_byte,43136,xor01_from0,DESERIALIZE_REJECTED
t1-0,proof_byte,43200,xor01_from199,VERIFY_REJECTED
t1-0,proof_byte,43264,xor01_from0,DESERIALIZE_REJECTED
t1-0,proof_byte,43328,xor01_from175,VERIFY_REJECTED
t1-0,proof_byte,43392,xor01_from34,VERIFY_REJECTED
t1-0,proof_byte,43456,xor01_from217,VERIFY_REJECTED
t1-0,proof_byte,43520,xor01_from209,VERIFY_REJECTED
t1-0,proof_byte,43584,xor01_from0,DESERIALIZE_REJECTED
t1-0,proof_byte,43648,xor01_from0,DESERIALIZE_REJECTED
t1-0,proof_byte,43712,xor01_from66,VERIFY_REJECTED
t1-0,proof_byte,43776,xor01_from233,VERIFY_REJECTED
t1-0,proof_byte,43840,xor01_from75,VERIFY_REJECTED
t1-0,proof_byte,43904,xor01_from207,VERIFY_REJECTED
t1-0,proof_byte,43968,xor01_from87,VERIFY_REJECTED
t1-0,proof_byte,44032,xor01_from255,VERIFY_REJECTED
t1-0,proof_byte,44096,xor01_from16,VERIFY_REJECTED
t1-0,proof_byte,44160,xor01_from0,DESERIALIZE_REJECTED
t1-0,proof_byte,44224,xor01_from0,DESERIALIZE_REJECTED
t1-0,proof_byte,44288,xor01_from87,VERIFY_REJECTED
t1-0,proof_byte,44352,xor01_from254,VERIFY_REJECTED
t1-0,proof_byte,44416,xor01_from194,VERIFY_REJECTED
t1-0,proof_byte,44480,xor01_from66,VERIFY_REJECTED
t1-0,proof_byte,44544,xor01_from189,VERIFY_REJECTED
t1-0,proof_byte,44608,xor01_from44,VERIFY_REJECTED
t1-0,proof_byte,44672,xor01_from31,VERIFY_REJECTED
t1-0,proof_byte,44736,xor01_from0,DESERIALIZE_REJECTED
t1-0,proof_byte,44800,xor01_from67,VERIFY_REJECTED
t1-0,proof_byte,44864,xor01_from171,VERIFY_REJECTED
t1-0,proof_byte,44928,xor01_from83,VERIFY_REJECTED
t1-0,proof_byte,44992,xor01_from104,VERIFY_REJECTED
t1-0,proof_byte,45056,xor01_from127,VERIFY_REJECTED
t1-0,proof_byte,45120,xor01_from110,VERIFY_REJECTED
t1-0,proof_byte,45184,xor01_from22,VERIFY_REJECTED
t1-0,proof_byte,45248,xor01_from0,DESERIALIZE_REJECTED
t1-0,proof_byte,45312,xor01_from150,VERIFY_REJECTED
t1-0,proof_byte,45376,xor01_from0,DESERIALIZE_REJECTED
t1-0,proof_byte,45440,xor01_from33,VERIFY_REJECTED
t1-0,proof_byte,45504,xor01_from212,VERIFY_REJECTED
t1-0,proof_byte,45568,xor01_from79,VERIFY_REJECTED
t1-0,proof_byte,45632,xor01_from25,VERIFY_REJECTED
t1-0,proof_byte,45696,xor01_from135,VERIFY_REJECTED
t1-0,proof_byte,45760,xor01_from203,VERIFY_REJECTED
t1-0,proof_byte,45824,xor01_from0,DESERIALIZE_REJECTED
t1-0,proof_byte,45888,xor01_from198,VERIFY_REJECTED
t1-0,proof_byte,45952,xor01_from0,DESERIALIZE_REJECTED
t1-0,proof_byte,46016,xor01_from226,VERIFY_REJECTED
t1-0,proof_byte,46080,xor01_from1,VERIFY_REJECTED
t1-0,proof_byte,46144,xor01_from127,VERIFY_REJECTED
t1-0,proof_byte,46208,xor01_from1,VERIFY_REJECTED
t1-0,proof_byte,46272,xor01_from114,VERIFY_REJECTED
t1-0,proof_byte,46336,xor01_from250,VERIFY_REJECTED
t1-0,proof_byte,46400,xor01_from0,VERIFY_REJECTED
t1-0,proof_byte,46464,xor01_from0,VERIFY_REJECTED
t1-0,proof_byte,46528,xor01_from1,DESERIALIZE_REJECTED
t1-0,proof_byte,46592,xor01_from92,VERIFY_REJECTED
t1-0,proof_byte,46656,xor01_from0,DESERIALIZE_REJECTED
t1-0,proof_byte,46720,xor01_from170,VERIFY_REJECTED
t1-0,proof_byte,46784,xor01_from227,VERIFY_REJECTED
t1-0,proof_byte,46848,xor01_from233,VERIFY_REJECTED
t1-0,proof_byte,46912,xor01_from200,VERIFY_REJECTED
t1-0,proof_byte,46976,xor01_from182,VERIFY_REJECTED
t1-0,proof_byte,47040,xor01_from0,DESERIALIZE_REJECTED
t1-0,proof_byte,47104,xor01_from0,DESERIALIZE_REJECTED
t1-0,proof_byte,47168,xor01_from27,VERIFY_REJECTED
t1-0,proof_byte,47232,xor01_from64,VERIFY_REJECTED
t1-0,proof_byte,47296,xor01_from194,VERIFY_REJECTED
t1-0,proof_byte,47360,xor01_from229,VERIFY_REJECTED
t1-0,proof_byte,47424,xor01_from205,VERIFY_REJECTED
t1-0,proof_byte,47488,xor01_from17,VERIFY_REJECTED
t1-0,proof_byte,47552,xor01_from104,VERIFY_REJECTED
t1-0,proof_byte,47616,xor01_from251,VERIFY_REJECTED
t1-0,proof_byte,47680,xor01_from0,DESERIALIZE_REJECTED
t1-0,proof_byte,47744,xor01_from14,VERIFY_REJECTED
t1-0,proof_byte,47808,xor01_from129,VERIFY_REJECTED
t1-0,proof_byte,47872,xor01_from204,VERIFY_REJECTED
t1-0,proof_byte,47936,xor01_from131,VERIFY_REJECTED
t1-0,proof_byte,48000,xor01_from115,VERIFY_REJECTED
t1-0,proof_byte,48064,xor01_from231,VERIFY_REJECTED
t1-0,proof_byte,48128,xor01_from248,VERIFY_REJECTED
t1-0,proof_byte,48192,xor01_from0,DESERIALIZE_REJECTED
t1-0,proof_byte,48256,xor01_from148,VERIFY_REJECTED
t1-0,proof_byte,48320,xor01_from113,VERIFY_REJECTED
t1-0,proof_byte,48384,xor01_from130,VERIFY_REJECTED
t1-0,proof_byte,48448,xor01_from205,VERIFY_REJECTED
t1-0,proof_byte,48512,xor01_from253,VERIFY_REJECTED
t1-0,proof_byte,48576,xor01_from199,VERIFY_REJECTED
t1-0,proof_byte,48640,xor01_from88,VERIFY_REJECTED
t1-0,proof_byte,48704,xor01_from0,DESERIALIZE_REJECTED
t1-0,proof_byte,48768,xor01_from0,DESERIALIZE_REJECTED
t1-0,proof_byte,48832,xor01_from136,VERIFY_REJECTED
t1-0,proof_byte,48896,xor01_from0,DESERIALIZE_REJECTED
t1-0,proof_byte,48960,xor01_from161,VERIFY_REJECTED
t1-0,proof_byte,49024,xor01_from0,DESERIALIZE_REJECTED
t1-0,proof_byte,49088,xor01_from180,VERIFY_REJECTED
t1-0,proof_byte,49152,xor01_from176,VERIFY_REJECTED
t1-0,proof_byte,49216,xor01_from154,VERIFY_REJECTED
t1-0,proof_byte,49280,xor01_from0,DESERIALIZE_REJECTED
t1-0,proof_byte,49344,xor01_from157,VERIFY_REJECTED
t1-0,proof_byte,49408,xor01_from50,VERIFY_REJECTED
t1-0,proof_byte,49472,xor01_from88,VERIFY_REJECTED
t1-0,proof_byte,49536,xor01_from45,VERIFY_REJECTED
t1-0,proof_byte,49600,xor01_from70,VERIFY_REJECTED
t1-0,proof_byte,49664,xor01_from13,VERIFY_REJECTED
t1-0,proof_byte,49728,xor01_from8,VERIFY_REJECTED
t1-0,proof_byte,49792,xor01_from0,VERIFY_REJECTED
t1-0,proof_byte,49856,xor01_from0,VERIFY_REJECTED
t1-0,proof_byte,49920,xor01_from155,VERIFY_REJECTED
t1-0,proof_byte,49984,xor01_from0,DESERIALIZE_REJECTED
t1-0,proof_byte,50048,xor01_from75,VERIFY_REJECTED
t1-0,proof_byte,50112,xor01_from22,VERIFY_REJECTED
t1-0,proof_byte,50176,xor01_from0,DESERIALIZE_REJECTED
t1-0,proof_byte,50240,xor01_from0,DESERIALIZE_REJECTED
t1-0,proof_byte,50304,xor01_from204,VERIFY_REJECTED
t1-0,proof_byte,50368,xor01_from146,VERIFY_REJECTED
t1-0,proof_byte,50432,xor01_from98,VERIFY_REJECTED
t1-0,proof_byte,50496,xor01_from216,VERIFY_REJECTED
t1-0,proof_byte,50560,xor01_from1,VERIFY_REJECTED
t1-0,proof_byte,50624,xor01_from25,VERIFY_REJECTED
t1-0,proof_byte,50688,xor01_from51,VERIFY_REJECTED
t1-0,proof_byte,50752,xor01_from26,VERIFY_REJECTED
t1-0,proof_byte,50816,xor01_from0,DESERIALIZE_REJECTED
t1-0,proof_byte,50880,xor01_from0,DESERIALIZE_REJECTED
t1-0,proof_byte,50944,xor01_from96,VERIFY_REJECTED
t1-0,proof_byte,51008,xor01_from172,VERIFY_REJECTED
t1-0,proof_byte,51072,xor01_from25,VERIFY_REJECTED
t1-0,proof_byte,51136,xor01_from193,VERIFY_REJECTED
t1-0,proof_byte,51200,xor01_from7,VERIFY_REJECTED
t1-0,proof_byte,51264,xor01_from151,VERIFY_REJECTED
t1-0,proof_byte,51328,xor01_from248,VERIFY_REJECTED
t1-0,proof_byte,51392,xor01_from0,DESERIALIZE_REJECTED
t1-0,proof_byte,51456,xor01_from118,VERIFY_REJECTED
t1-0,proof_byte,51520,xor01_from58,VERIFY_REJECTED
t1-0,proof_byte,51584,xor01_from255,VERIFY_REJECTED
t1-0,proof_byte,51648,xor01_from124,VERIFY_REJECTED
t1-0,proof_byte,51712,xor01_from40,VERIFY_REJECTED
t1-0,proof_byte,51776,xor01_from216,VERIFY_REJECTED
t1-0,proof_byte,51840,xor01_from19,VERIFY_REJECTED
t1-0,proof_byte,51904,xor01_from0,DESERIALIZE_REJECTED
t1-0,proof_byte,51968,xor01_from159,VERIFY_REJECTED
t1-0,proof_byte,52032,xor01_from189,VERIFY_REJECTED
t1-0,proof_byte,52096,xor01_from154,VERIFY_REJECTED
t1-0,proof_byte,52160,xor01_from84,VERIFY_REJECTED
t1-0,proof_byte,52224,xor01_from173,VERIFY_REJECTED
t1-0,proof_byte,52288,xor01_from237,VERIFY_REJECTED
t1-0,proof_byte,52352,xor01_from45,VERIFY_REJECTED
t1-0,proof_byte,52416,xor01_from0,DESERIALIZE_REJECTED
t1-0,proof_byte,52480,xor01_from173,VERIFY_REJECTED
t1-0,proof_byte,52544,xor01_from183,VERIFY_REJECTED
t1-0,proof_byte,52608,xor01_from82,VERIFY_REJECTED
t1-0,proof_byte,52672,xor01_from205,VERIFY_REJECTED
t1-0,proof_byte,52736,xor01_from133,VERIFY_REJECTED
t1-0,proof_byte,52800,xor01_from133,VERIFY_REJECTED
t1-0,proof_byte,52864,xor01_from175,VERIFY_REJECTED
t1-0,proof_byte,52928,xor01_from0,DESERIALIZE_REJECTED
t1-0,proof_byte,52992,xor01_from111,VERIFY_REJECTED
t1-0,proof_byte,53056,xor01_from49,VERIFY_REJECTED
t1-0,proof_byte,53120,xor01_from48,VERIFY_REJECTED
t1-0,proof_byte,53184,xor01_from67,VERIFY_REJECTED
t1-0,proof_byte,53248,xor01_from163,VERIFY_REJECTED
t1-0,proof_byte,53312,xor01_from57,VERIFY_REJECTED
t1-0,proof_byte,53376,xor01_from6,VERIFY_REJECTED
t1-0,proof_byte,53440,xor01_from0,DESERIALIZE_REJECTED
t1-0,proof_byte,53504,xor01_from224,VERIFY_REJECTED
t1-0,proof_byte,53568,xor01_from255,VERIFY_REJECTED
t1-0,proof_byte,53632,xor01_from1,VERIFY_REJECTED
t1-0,proof_byte,53696,xor01_from116,VERIFY_REJECTED
t1-0,proof_byte,53760,xor01_from221,VERIFY_REJECTED
t1-0,proof_byte,53824,xor01_from57,VERIFY_REJECTED
t1-0,proof_byte,53888,xor01_from230,VERIFY_REJECTED
t1-0,proof_byte,53952,xor01_from0,DESERIALIZE_REJECTED
t1-0,proof_byte,54016,xor01_from94,VERIFY_REJECTED
t1-0,proof_byte,54080,xor01_from81,VERIFY_REJECTED
t1-0,proof_byte,54144,xor01_from193,VERIFY_REJECTED
t1-0,proof_byte,54208,xor01_from158,VERIFY_REJECTED
t1-0,proof_byte,54272,xor01_from100,VERIFY_REJECTED
t1-0,proof_byte,54336,xor01_from12,VERIFY_REJECTED
t1-0,proof_byte,54400,xor01_from0,DESERIALIZE_REJECTED
t1-0,proof_byte,54464,xor01_from0,DESERIALIZE_REJECTED
t1-0,proof_byte,54528,xor01_from109,VERIFY_REJECTED
t1-0,proof_byte,54592,xor01_from79,VERIFY_REJECTED
t1-0,proof_byte,54656,xor01_from230,VERIFY_REJECTED
t1-0,proof_byte,54720,xor01_from226,VERIFY_REJECTED
t1-0,proof_byte,54784,xor01_from214,VERIFY_REJECTED
t1-0,proof_byte,54848,xor01_from140,VERIFY_REJECTED
t1-0,proof_byte,54912,xor01_from0,DESERIALIZE_REJECTED
t1-0,proof_byte,54976,xor01_from176,VERIFY_REJECTED
t1-0,proof_byte,55040,xor01_from209,VERIFY_REJECTED
t1-0,proof_byte,55104,xor01_from121,VERIFY_REJECTED
t1-0,proof_byte,55168,xor01_from116,VERIFY_REJECTED
t1-0,proof_byte,55232,xor01_from155,VERIFY_REJECTED
t1-0,proof_byte,55296,xor01_from61,VERIFY_REJECTED
t1-0,proof_byte,55360,xor01_from77,VERIFY_REJECTED
t1-0,proof_byte,55424,xor01_from0,DESERIALIZE_REJECTED
t1-0,proof_byte,55488,xor01_from159,VERIFY_REJECTED
t1-0,proof_byte,55552,xor01_from160,VERIFY_REJECTED
t1-0,proof_byte,55616,xor01_from219,VERIFY_REJECTED
t1-0,proof_byte,55680,xor01_from110,VERIFY_REJECTED
t1-0,proof_byte,55744,xor01_from3,VERIFY_REJECTED
t1-0,proof_byte,55808,xor01_from158,VERIFY_REJECTED
t1-0,proof_byte,55872,xor01_from0,DESERIALIZE_REJECTED
t1-0,proof_byte,55936,xor01_from65,VERIFY_REJECTED
t1-0,proof_byte,56000,xor01_from248,VERIFY_REJECTED
t1-0,proof_byte,56064,xor01_from3,VERIFY_REJECTED
t1-0,proof_byte,56128,xor01_from68,VERIFY_REJECTED
t1-0,proof_byte,56192,xor01_from238,VERIFY_REJECTED
t1-0,proof_byte,56256,xor01_from29,VERIFY_REJECTED
t1-0,proof_byte,56320,xor01_from84,VERIFY_REJECTED
t1-0,proof_byte,56384,xor01_from0,DESERIALIZE_REJECTED
t1-0,proof_byte,56448,xor01_from204,VERIFY_REJECTED
t1-0,proof_byte,56512,xor01_from121,VERIFY_REJECTED
t1-0,proof_byte,56576,xor01_from37,VERIFY_REJECTED
t1-0,proof_byte,56640,xor01_from192,VERIFY_REJECTED
t1-0,proof_byte,56704,xor01_from224,VERIFY_REJECTED
t1-0,proof_byte,56768,xor01_from251,VERIFY_REJECTED
t1-0,proof_byte,56832,xor01_from0,DESERIALIZE_REJECTED
t1-0,proof_byte,56896,xor01_from117,VERIFY_REJECTED
t1-0,proof_byte,56960,xor01_from91,VERIFY_REJECTED
t1-0,proof_byte,57024,xor01_from191,VERIFY_REJECTED
t1-0,proof_byte,57088,xor01_from236,VERIFY_REJECTED
t1-0,proof_byte,57152,xor01_from238,VERIFY_REJECTED
t1-0,proof_byte,57216,xor01_from0,DESERIALIZE_REJECTED
t1-0,proof_byte,57280,xor01_from57,VERIFY_REJECTED
t1-0,proof_byte,57344,xor01_from55,VERIFY_REJECTED
t1-0,proof_byte,57408,xor01_from252,VERIFY_REJECTED
t1-0,proof_byte,57472,xor01_from9,VERIFY_REJECTED
t1-0,proof_byte,57536,xor01_from125,VERIFY_REJECTED
t1-0,proof_byte,57600,xor01_from212,VERIFY_REJECTED
t1-0,proof_byte,57664,xor01_from188,VERIFY_REJECTED
t1-0,proof_byte,57728,xor01_from17,VERIFY_REJECTED
t1-0,proof_byte,57792,xor01_from0,DESERIALIZE_REJECTED
t1-0,proof_byte,57856,xor01_from156,VERIFY_REJECTED
t1-0,proof_byte,57920,xor01_from241,VERIFY_REJECTED
t1-0,proof_byte,57984,xor01_from220,VERIFY_REJECTED
t1-0,proof_byte,58048,xor01_from168,VERIFY_REJECTED
t1-0,proof_byte,58112,xor01_from202,VERIFY_REJECTED
t1-0,proof_byte,58176,xor01_from237,VERIFY_REJECTED
t1-0,proof_byte,58240,xor01_from226,VERIFY_REJECTED
t1-0,proof_byte,58304,xor01_from20,VERIFY_REJECTED
t1-0,proof_byte,58368,xor01_from124,VERIFY_REJECTED
t1-0,proof_byte,58432,xor01_from37,VERIFY_REJECTED
t1-0,proof_byte,58496,xor01_from175,VERIFY_REJECTED
t1-0,proof_byte,58560,xor01_from31,VERIFY_REJECTED
t1-0,proof_byte,58624,xor01_from135,VERIFY_REJECTED
t1-0,proof_byte,58688,xor01_from42,VERIFY_REJECTED
t1-0,proof_byte,58752,xor01_from0,DESERIALIZE_REJECTED
t1-0,proof_byte,58816,xor01_from0,DESERIALIZE_REJECTED
t1-0,proof_byte,58880,xor01_from63,VERIFY_REJECTED
t1-0,proof_byte,58944,xor01_from7,VERIFY_REJECTED
t1-0,proof_byte,59008,xor01_from134,VERIFY_REJECTED
t1-0,proof_byte,59072,xor01_from171,VERIFY_REJECTED
t1-0,proof_byte,59136,xor01_from23,VERIFY_REJECTED
t1-0,proof_byte,59200,xor01_from132,VERIFY_REJECTED
t1-0,proof_byte,59264,xor01_from207,VERIFY_REJECTED
t1-0,proof_byte,59328,xor01_from0,DESERIALIZE_REJECTED
t1-0,proof_byte,59392,xor01_from0,DESERIALIZE_REJECTED
t1-0,proof_byte,59456,xor01_from10,VERIFY_REJECTED
t1-0,proof_byte,59520,xor01_from85,VERIFY_REJECTED
t1-0,proof_byte,59584,xor01_from178,VERIFY_REJECTED
t1-0,proof_byte,59648,xor01_from25,VERIFY_REJECTED
t1-0,proof_byte,59712,xor01_from9,VERIFY_REJECTED
t1-0,proof_byte,59776,xor01_from231,VERIFY_REJECTED
t1-0,proof_byte,59840,xor01_from0,DESERIALIZE_REJECTED
t1-0,proof_byte,59904,xor01_from72,VERIFY_REJECTED
t1-0,proof_byte,59968,xor01_from226,VERIFY_REJECTED
t1-0,proof_byte,60032,xor01_from196,VERIFY_REJECTED
t1-0,proof_byte,60096,xor01_from245,VERIFY_REJECTED
t1-0,proof_byte,60160,xor01_from243,VERIFY_REJECTED
t1-0,proof_byte,60224,xor01_from151,VERIFY_REJECTED
t1-0,proof_byte,60288,xor01_from0,DESERIALIZE_REJECTED
t1-0,proof_byte,60352,xor01_from10,VERIFY_REJECTED
t1-0,proof_byte,60416,xor01_from171,VERIFY_REJECTED
t1-0,proof_byte,60480,xor01_from94,VERIFY_REJECTED
t1-0,proof_byte,60544,xor01_from170,VERIFY_REJECTED
t1-0,proof_byte,60608,xor01_from165,VERIFY_REJECTED
t1-0,proof_byte,60672,xor01_from245,VERIFY_REJECTED
t1-0,proof_byte,60736,xor01_from0,DESERIALIZE_REJECTED
t1-0,proof_byte,60800,xor01_from8,VERIFY_REJECTED
t1-0,proof_byte,60864,xor01_from192,VERIFY_REJECTED
t1-0,proof_byte,60928,xor01_from0,DESERIALIZE_REJECTED
t1-0,proof_byte,60992,xor01_from53,VERIFY_REJECTED
t1-0,proof_byte,61056,xor01_from48,VERIFY_REJECTED
t1-0,proof_byte,61120,xor01_from246,VERIFY_REJECTED
t1-0,proof_byte,61184,xor01_from147,VERIFY_REJECTED
t1-0,proof_byte,61248,xor01_from172,VERIFY_REJECTED
t1-0,proof_byte,61312,xor01_from70,VERIFY_REJECTED
t1-0,proof_byte,61376,xor01_from144,VERIFY_REJECTED
t1-0,proof_byte,61440,xor01_from0,DESERIALIZE_REJECTED
t1-0,proof_byte,61504,xor01_from151,VERIFY_REJECTED
t1-0,proof_byte,61568,xor01_from0,DESERIALIZE_REJECTED
t1-0,proof_byte,61632,xor01_from36,VERIFY_REJECTED
t1-0,proof_byte,61696,xor01_from175,VERIFY_REJECTED
t1-0,proof_byte,61760,xor01_from0,VERIFY_REJECTED
t1-0,proof_byte,61824,xor01_from1,DESERIALIZE_REJECTED
t1-0,proof_byte,61888,xor01_from216,VERIFY_REJECTED
t1-0,proof_byte,61952,xor01_from152,VERIFY_REJECTED
t1-0,proof_byte,62016,xor01_from0,DESERIALIZE_REJECTED
t1-0,proof_byte,62080,xor01_from127,VERIFY_REJECTED
t1-0,proof_byte,62144,xor01_from177,VERIFY_REJECTED
t1-0,proof_byte,62208,xor01_from0,DESERIALIZE_REJECTED
t1-0,proof_byte,62272,xor01_from0,DESERIALIZE_REJECTED
t1-0,proof_byte,62336,xor01_from17,VERIFY_REJECTED
t1-0,proof_byte,62400,xor01_from209,VERIFY_REJECTED
t1-0,proof_byte,62464,xor01_from16,VERIFY_REJECTED
t1-0,proof_byte,62528,xor01_from183,VERIFY_REJECTED
t1-0,proof_byte,62592,xor01_from102,VERIFY_REJECTED
t1-0,proof_byte,62656,xor01_from122,VERIFY_REJECTED
t1-0,proof_byte,62720,xor01_from129,VERIFY_REJECTED
t1-0,proof_byte,62784,xor01_from148,VERIFY_REJECTED
t1-0,proof_byte,62848,xor01_from0,DESERIALIZE_REJECTED
t1-0,proof_byte,62912,xor01_from0,DESERIALIZE_REJECTED
t1-0,proof_byte,62976,xor01_from161,VERIFY_REJECTED
t1-0,proof_byte,63040,xor01_from37,VERIFY_REJECTED
t1-0,proof_byte,63104,xor01_from230,VERIFY_REJECTED
t1-0,proof_byte,63168,xor01_from38,VERIFY_REJECTED
t1-0,proof_byte,63232,xor01_from142,VERIFY_REJECTED
t1-0,proof_byte,63296,xor01_from104,VERIFY_REJECTED
t1-0,proof_byte,63360,xor01_from248,VERIFY_REJECTED
t1-0,proof_byte,63424,xor01_from0,DESERIALIZE_REJECTED
t1-0,proof_byte,63488,xor01_from31,VERIFY_REJECTED
t1-0,proof_byte,63552,xor01_from45,VERIFY_REJECTED
t1-0,proof_byte,63616,xor01_from238,VERIFY_REJECTED
t1-0,proof_byte,63680,xor01_from3,VERIFY_REJECTED
t1-0,proof_byte,63744,xor01_from60,VERIFY_REJECTED
t1-0,proof_byte,63808,xor01_from61,VERIFY_REJECTED
t1-0,proof_byte,63872,xor01_from0,VERIFY_REJECTED
t1-0,proof_byte,63936,xor01_from0,DESERIALIZE_REJECTED
t1-0,proof_byte,64000,xor01_from36,VERIFY_REJECTED
t1-0,proof_byte,64064,xor01_from168,VERIFY_REJECTED
t1-0,proof_byte,64128,xor01_from206,VERIFY_REJECTED
t1-0,proof_byte,64192,xor01_from79,VERIFY_REJECTED
t1-0,proof_byte,64256,xor01_from170,VERIFY_REJECTED
t1-0,proof_byte,64320,xor01_from56,VERIFY_REJECTED
t1-0,proof_byte,64384,xor01_from204,VERIFY_REJECTED
t1-0,proof_byte,64448,xor01_from0,DESERIALIZE_REJECTED
t1-0,proof_byte,64512,xor01_from87,VERIFY_REJECTED
t1-0,proof_byte,64576,xor01_from162,VERIFY_REJECTED
t1-0,proof_byte,64640,xor01_from81,VERIFY_REJECTED
t1-0,proof_byte,64704,xor01_from238,VERIFY_REJECTED
t1-0,proof_byte,64768,xor01_from148,VERIFY_REJECTED
t1-0,proof_byte,64832,xor01_from95,VERIFY_REJECTED
t1-0,proof_byte,64896,xor01_from4,VERIFY_REJECTED
t1-0,proof_byte,64960,xor01_from0,DESERIALIZE_REJECTED
t1-0,proof_byte,65024,xor01_from66,VERIFY_REJECTED
t1-0,proof_byte,65088,xor01_from151,VERIFY_REJECTED
t1-0,proof_byte,65152,xor01_from81,VERIFY_REJECTED
t1-0,proof_byte,65216,xor01_from8,VERIFY_REJECTED
t1-0,proof_byte,65280,xor01_from121,VERIFY_REJECTED
t1-0,proof_byte,65344,xor01_from170,VERIFY_REJECTED
t1-0,proof_byte,65408,xor01_from215,VERIFY_REJECTED
t1-0,proof_byte,65472,xor01_from0,DESERIALIZE_REJECTED
t1-0,proof_byte,65536,xor01_from140,VERIFY_REJECTED
t1-0,proof_byte,65600,xor01_from12,VERIFY_REJECTED
t1-0,proof_byte,65664,xor01_from98,VERIFY_REJECTED
t1-0,proof_byte,65728,xor01_from102,VERIFY_REJECTED
t1-0,proof_byte,65792,xor01_from100,VERIFY_REJECTED
t1-0,proof_byte,65856,xor01_from31,VERIFY_REJECTED
t1-0,proof_byte,65920,xor01_from110,VERIFY_REJECTED
t1-0,proof_byte,65984,xor01_from0,DESERIALIZE_REJECTED
t1-0,proof_byte,66048,xor01_from250,VERIFY_REJECTED
t1-0,proof_byte,66112,xor01_from12,VERIFY_REJECTED
t1-0,proof_byte,66176,xor01_from116,VERIFY_REJECTED
t1-0,proof_byte,66240,xor01_from250,VERIFY_REJECTED
t1-0,proof_byte,66304,xor01_from228,VERIFY_REJECTED
t1-0,proof_byte,66368,xor01_from209,VERIFY_REJECTED
t1-0,proof_byte,66432,xor01_from0,DESERIALIZE_REJECTED
t1-0,proof_byte,66496,xor01_from0,DESERIALIZE_REJECTED
t1-0,proof_byte,66560,xor01_from224,VERIFY_REJECTED
t1-0,proof_byte,66624,xor01_from225,VERIFY_REJECTED
t1-0,proof_byte,66688,xor01_from161,VERIFY_REJECTED
t1-0,proof_byte,66752,xor01_from23,VERIFY_REJECTED
t1-0,proof_byte,66816,xor01_from204,VERIFY_REJECTED
t1-0,proof_byte,66880,xor01_from177,VERIFY_REJECTED
t1-0,proof_byte,66944,xor01_from0,DESERIALIZE_REJECTED
t1-0,proof_byte,67008,xor01_from236,VERIFY_REJECTED
t1-0,proof_byte,67072,xor01_from58,VERIFY_REJECTED
t1-0,proof_byte,67136,xor01_from126,VERIFY_REJECTED
t1-0,proof_byte,67200,xor01_from32,VERIFY_REJECTED
t1-0,proof_byte,67264,xor01_from133,VERIFY_REJECTED
t1-0,proof_byte,67328,xor01_from198,VERIFY_REJECTED
t1-0,proof_byte,67392,xor01_from140,VERIFY_REJECTED
t1-0,proof_byte,67456,xor01_from0,DESERIALIZE_REJECTED
t1-0,proof_byte,67520,xor01_from6,VERIFY_REJECTED
t1-0,proof_byte,67584,xor01_from176,VERIFY_REJECTED
t1-0,proof_byte,67648,xor01_from106,VERIFY_REJECTED
t1-0,proof_byte,67712,xor01_from70,VERIFY_REJECTED
t1-0,proof_byte,67776,xor01_from239,VERIFY_REJECTED
t1-0,proof_byte,67840,xor01_from5,VERIFY_REJECTED
t1-0,proof_byte,67904,xor01_from0,DESERIALIZE_REJECTED
t1-0,proof_byte,67968,xor01_from115,VERIFY_REJECTED
t1-0,proof_byte,68032,xor01_from8,VERIFY_REJECTED
t1-0,proof_byte,68096,xor01_from54,VERIFY_REJECTED
t1-0,proof_byte,68160,xor01_from137,VERIFY_REJECTED
t1-0,proof_byte,68224,xor01_from196,VERIFY_REJECTED
t1-0,proof_byte,68288,xor01_from131,VERIFY_REJECTED
t1-0,proof_byte,68352,xor01_from249,VERIFY_REJECTED
t1-0,proof_byte,68416,xor01_from0,DESERIALIZE_REJECTED
t1-0,proof_byte,68480,xor01_from177,VERIFY_REJECTED
t1-0,proof_byte,68544,xor01_from6,VERIFY_REJECTED
t1-0,proof_byte,68608,xor01_from128,VERIFY_REJECTED
t1-0,proof_byte,68672,xor01_from11,VERIFY_REJECTED
t1-0,proof_byte,68736,xor01_from74,VERIFY_REJECTED
t1-0,proof_byte,68800,xor01_from123,VERIFY_REJECTED
t1-0,proof_byte,68864,xor01_from0,DESERIALIZE_REJECTED
t1-0,proof_byte,68928,xor01_from0,DESERIALIZE_REJECTED
t1-0,proof_byte,68992,xor01_from25,VERIFY_REJECTED
t1-0,proof_byte,69056,xor01_from153,VERIFY_REJECTED
t1-0,proof_byte,69120,xor01_from185,VERIFY_REJECTED
t1-0,proof_byte,69184,xor01_from241,VERIFY_REJECTED
t1-0,proof_byte,69248,xor01_from12,VERIFY_REJECTED
t1-0,proof_byte,69312,xor01_from130,VERIFY_REJECTED
t1-0,proof_byte,69376,xor01_from0,DESERIALIZE_REJECTED
t1-0,proof_byte,69440,xor01_from239,VERIFY_REJECTED
t1-0,proof_byte,69504,xor01_from192,VERIFY_REJECTED
t1-0,proof_byte,69568,xor01_from178,VERIFY_REJECTED
t1-0,proof_byte,69632,xor01_from28,VERIFY_REJECTED
t1-0,proof_byte,69696,xor01_from210,VERIFY_REJECTED
t1-0,proof_byte,69760,xor01_from144,VERIFY_REJECTED
t1-0,proof_byte,69824,xor01_from209,VERIFY_REJECTED
t1-0,proof_byte,69888,xor01_from0,DESERIALIZE_REJECTED
t1-0,proof_byte,69952,xor01_from220,VERIFY_REJECTED
t1-0,proof_byte,70016,xor01_from15,VERIFY_REJECTED
t1-0,proof_byte,70080,xor01_from215,VERIFY_REJECTED
t1-0,proof_byte,70144,xor01_from39,VERIFY_REJECTED
t1-0,proof_byte,70208,xor01_from76,VERIFY_REJECTED
t1-0,proof_byte,70272,xor01_from47,VERIFY_REJECTED
t1-0,proof_byte,70336,xor01_from0,DESERIALIZE_REJECTED
t1-0,proof_byte,70400,xor01_from130,VERIFY_REJECTED
t1-0,proof_byte,70464,xor01_from187,VERIFY_REJECTED
t1-0,proof_byte,70528,xor01_from224,VERIFY_REJECTED
t1-0,proof_byte,70592,xor01_from114,VERIFY_REJECTED
t1-0,proof_byte,70656,xor01_from66,VERIFY_REJECTED
t1-0,proof_byte,70720,xor01_from139,VERIFY_REJECTED
t1-0,proof_byte,70784,xor01_from28,VERIFY_REJECTED
t1-0,proof_byte,70848,xor01_from0,DESERIALIZE_REJECTED
t1-0,proof_byte,70912,xor01_from123,VERIFY_REJECTED
t1-0,proof_byte,70976,xor01_from116,VERIFY_REJECTED
t1-0,proof_byte,71040,xor01_from94,VERIFY_REJECTED
t1-0,proof_byte,71104,xor01_from108,VERIFY_REJECTED
t1-0,proof_byte,71168,xor01_from121,VERIFY_REJECTED
t1-0,proof_byte,71232,xor01_from188,VERIFY_REJECTED
t1-0,proof_byte,71296,xor01_from0,DESERIALIZE_REJECTED
t1-0,proof_byte,71360,xor01_from23,VERIFY_REJECTED
t1-0,proof_byte,71424,xor01_from172,VERIFY_REJECTED
t1-0,proof_byte,71488,xor01_from230,VERIFY_REJECTED
t1-0,proof_byte,71552,xor01_from164,VERIFY_REJECTED
t1-0,proof_byte,71616,xor01_from145,VERIFY_REJECTED
t1-0,proof_byte,71680,xor01_from130,VERIFY_REJECTED
t1-0,proof_byte,71744,xor01_from0,DESERIALIZE_REJECTED
t1-0,proof_byte,71808,xor01_from0,DESERIALIZE_REJECTED
t1-0,proof_byte,71872,xor01_from209,VERIFY_REJECTED
t1-0,proof_byte,71936,xor01_from114,VERIFY_REJECTED
t1-0,proof_byte,72000,xor01_from204,VERIFY_REJECTED
t1-0,proof_byte,72064,xor01_from66,VERIFY_REJECTED
t1-0,proof_byte,72128,xor01_from173,VERIFY_REJECTED
t1-0,proof_byte,72192,xor01_from83,VERIFY_REJECTED
t1-0,proof_byte,72256,xor01_from0,DESERIALIZE_REJECTED
t1-0,proof_byte,72320,xor01_from126,VERIFY_REJECTED
t1-0,proof_byte,72384,xor01_from119,VERIFY_REJECTED
t1-0,proof_byte,72448,xor01_from81,VERIFY_REJECTED
t1-0,proof_byte,72512,xor01_from194,VERIFY_REJECTED
t1-0,proof_byte,72576,xor01_from253,VERIFY_REJECTED
t1-0,proof_byte,72640,xor01_from63,VERIFY_REJECTED
t1-0,proof_byte,72704,xor01_from0,DESERIALIZE_REJECTED
t1-0,proof_byte,72768,xor01_from226,VERIFY_REJECTED
t1-0,proof_byte,72832,xor01_from0,DESERIALIZE_REJECTED
t1-0,proof_byte,72896,xor01_from14,VERIFY_REJECTED
t1-0,proof_byte,72960,xor01_from249,VERIFY_REJECTED
t1-0,proof_byte,73024,xor01_from145,VERIFY_REJECTED
t1-0,proof_byte,73088,xor01_from129,VERIFY_REJECTED
t1-0,proof_byte,73152,xor01_from0,DESERIALIZE_REJECTED
t1-0,proof_byte,73216,xor01_from37,VERIFY_REJECTED
t1-0,proof_byte,73280,xor01_from172,VERIFY_REJECTED
t1-0,proof_byte,73344,xor01_from82,VERIFY_REJECTED
t1-0,proof_byte,73408,xor01_from44,VERIFY_REJECTED
t1-0,proof_byte,73472,xor01_from0,DESERIALIZE_REJECTED
t1-0,proof_byte,73536,xor01_from232,VERIFY_REJECTED
t1-0,proof_byte,73600,xor01_from0,DESERIALIZE_REJECTED
t1-0,proof_byte,73664,xor01_from98,VERIFY_REJECTED
t1-0,proof_byte,73728,xor01_from177,VERIFY_REJECTED
t1-0,proof_byte,73792,xor01_from179,VERIFY_REJECTED
t1-0,proof_byte,73856,xor01_from230,VERIFY_REJECTED
t1-0,proof_byte,73920,xor01_from0,DESERIALIZE_REJECTED
t1-0,proof_byte,73984,xor01_from2,VERIFY_REJECTED
t1-0,proof_byte,74048,xor01_from72,VERIFY_REJECTED
t1-0,proof_byte,74112,xor01_from18,VERIFY_REJECTED
t1-0,proof_byte,74176,xor01_from23,VERIFY_REJECTED
t1-0,proof_byte,74240,xor01_from0,DESERIALIZE_REJECTED
t1-0,proof_byte,74304,xor01_from136,VERIFY_REJECTED
t1-0,proof_byte,74368,xor01_from0,DESERIALIZE_REJECTED
t1-0,proof_byte,74432,xor01_from132,VERIFY_REJECTED
t1-0,proof_byte,74496,xor01_from216,VERIFY_REJECTED
t1-0,proof_byte,74560,xor01_from180,VERIFY_REJECTED
t1-0,proof_byte,74624,xor01_from38,VERIFY_REJECTED
t1-0,proof_byte,74688,xor01_from241,VERIFY_REJECTED
t1-0,proof_byte,74752,xor01_from248,VERIFY_REJECTED
t1-0,proof_byte,74816,xor01_from93,VERIFY_REJECTED
t1-0,proof_byte,74880,xor01_from5,VERIFY_REJECTED
t1-0,proof_byte,74944,xor01_from0,DESERIALIZE_REJECTED
t1-0,proof_byte,75008,xor01_from219,VERIFY_REJECTED
t1-0,proof_byte,75072,xor01_from7,VERIFY_REJECTED
t1-0,proof_byte,75136,xor01_from206,VERIFY_REJECTED
t1-0,proof_byte,75200,xor01_from55,VERIFY_REJECTED
t1-0,proof_byte,75264,xor01_from0,VERIFY_REJECTED
t1-0,proof_byte,75328,xor01_from96,VERIFY_REJECTED
t1-0,proof_byte,75392,xor01_from9,VERIFY_REJECTED
t1-0,proof_byte,75456,xor01_from208,VERIFY_REJECTED
t1-0,proof_byte,75520,xor01_from0,DESERIALIZE_REJECTED
t1-0,proof_byte,75584,xor01_from67,VERIFY_REJECTED
t1-0,proof_byte,75648,xor01_from252,VERIFY_REJECTED
t1-0,proof_byte,75712,xor01_from86,VERIFY_REJECTED
t1-0,proof_byte,75776,xor01_from115,VERIFY_REJECTED
t1-0,proof_byte,75840,xor01_from56,VERIFY_REJECTED
t1-0,proof_byte,75904,xor01_from206,VERIFY_REJECTED
t1-0,proof_byte,75968,xor01_from253,VERIFY_REJECTED
t1-0,proof_byte,76032,xor01_from71,VERIFY_REJECTED
t1-0,proof_byte,76096,xor01_from100,VERIFY_REJECTED
t1-0,proof_byte,76160,xor01_from248,VERIFY_REJECTED
t1-0,proof_byte,76224,xor01_from234,VERIFY_REJECTED
t1-0,proof_byte,76288,xor01_from189,VERIFY_REJECTED
t1-0,proof_byte,76352,xor01_from25,VERIFY_REJECTED
t1-0,proof_byte,76416,xor01_from168,VERIFY_REJECTED
t1-0,proof_byte,76480,xor01_from39,VERIFY_REJECTED
t1-0,proof_byte,76544,xor01_from195,VERIFY_REJECTED
t1-0,proof_byte,76608,xor01_from255,VERIFY_REJECTED
t1-0,proof_byte,76672,xor01_from10,VERIFY_REJECTED
t1-0,proof_byte,76736,xor01_from2,DESERIALIZE_REJECTED
t1-0,proof_byte,76800,xor01_from94,VERIFY_REJECTED
t1-0,proof_byte,76864,xor01_from0,DESERIALIZE_REJECTED
t1-0,proof_byte,76928,xor01_from254,VERIFY_REJECTED
t1-0,proof_byte,76992,xor01_from34,VERIFY_REJECTED
t1-0,proof_byte,77056,xor01_from247,VERIFY_REJECTED
t1-0,proof_byte,77120,xor01_from19,VERIFY_REJECTED
t1-0,proof_byte,77184,xor01_from0,DESERIALIZE_REJECTED
t1-0,proof_byte,77248,xor01_from0,DESERIALIZE_REJECTED
t1-0,proof_byte,77312,xor01_from93,VERIFY_REJECTED
t1-0,proof_byte,77376,xor01_from222,VERIFY_REJECTED
t1-0,proof_byte,77440,xor01_from143,VERIFY_REJECTED
t1-0,proof_byte,77504,xor01_from23,VERIFY_REJECTED
t1-0,proof_byte,77568,xor01_from102,VERIFY_REJECTED
t1-0,proof_byte,77632,xor01_from118,VERIFY_REJECTED
t1-0,proof_byte,77696,xor01_from34,VERIFY_REJECTED
t1-0,proof_byte,77760,xor01_from0,DESERIALIZE_REJECTED
t1-0,proof_byte,77824,xor01_from0,DESERIALIZE_REJECTED
t1-0,proof_byte,77888,xor01_from75,VERIFY_REJECTED
t1-0,proof_byte,77952,xor01_from214,VERIFY_REJECTED
t1-0,proof_byte,78016,xor01_from3,VERIFY_REJECTED
t1-0,proof_byte,78080,xor01_from50,VERIFY_REJECTED
t1-0,proof_byte,78144,xor01_from97,VERIFY_REJECTED
t1-0,proof_byte,78208,xor01_from63,VERIFY_REJECTED
t1-0,proof_byte,78272,xor01_from239,VERIFY_REJECTED
t1-0,proof_byte,78336,xor01_from0,DESERIALIZE_REJECTED
t1-0,proof_byte,78400,xor01_from23,VERIFY_REJECTED
t1-0,proof_byte,78464,xor01_from121,VERIFY_REJECTED
t1-0,proof_byte,78528,xor01_from123,VERIFY_REJECTED
t1-0,proof_byte,78592,xor01_from224,VERIFY_REJECTED
t1-0,proof_byte,78656,xor01_from55,VERIFY_REJECTED
t1-0,proof_byte,78720,xor01_from37,VERIFY_REJECTED
t1-0,proof_byte,78784,xor01_from245,VERIFY_REJECTED
t1-0,proof_byte,78848,xor01_from0,DESERIALIZE_REJECTED
t1-0,proof_byte,78912,xor01_from81,VERIFY_REJECTED
t1-0,proof_byte,78976,xor01_from248,VERIFY_REJECTED
t1-0,proof_byte,79040,xor01_from186,VERIFY_REJECTED
t1-0,proof_byte,79104,xor01_from119,VERIFY_REJECTED
t1-0,proof_byte,79168,xor01_from231,VERIFY_REJECTED
t1-0,proof_byte,79232,xor01_from110,VERIFY_REJECTED
t1-0,proof_byte,79296,xor01_from198,VERIFY_REJECTED
t1-0,proof_byte,79360,xor01_from0,DESERIALIZE_REJECTED
t1-0,proof_byte,79424,xor01_from155,VERIFY_REJECTED
t1-0,proof_byte,79488,xor01_from49,VERIFY_REJECTED
t1-0,proof_byte,79552,xor01_from225,VERIFY_REJECTED
t1-0,proof_byte,79616,xor01_from251,VERIFY_REJECTED
t1-0,proof_byte,79680,xor01_from96,VERIFY_REJECTED
t1-0,proof_byte,79744,xor01_from67,VERIFY_REJECTED
t1-0,proof_byte,79808,xor01_from34,VERIFY_REJECTED
t1-0,proof_byte,79872,xor01_from0,DESERIALIZE_REJECTED
t1-0,proof_byte,79936,xor01_from174,VERIFY_REJECTED
t1-0,proof_byte,80000,xor01_from126,VERIFY_REJECTED
t1-0,proof_byte,80064,xor01_from189,VERIFY_REJECTED
t1-0,proof_byte,80128,xor01_from152,VERIFY_REJECTED
t1-0,proof_byte,80192,xor01_from169,VERIFY_REJECTED
t1-0,proof_byte,80256,xor01_from71,VERIFY_REJECTED
t1-0,proof_byte,80320,xor01_from139,VERIFY_REJECTED
t1-0,proof_byte,80384,xor01_from0,DESERIALIZE_REJECTED
t1-0,proof_byte,80448,xor01_from126,VERIFY_REJECTED
t1-0,proof_byte,80512,xor01_from246,VERIFY_REJECTED
t1-0,proof_byte,80576,xor01_from22,VERIFY_REJECTED
t1-0,proof_byte,80640,xor01_from30,VERIFY_REJECTED
t1-0,proof_byte,80704,xor01_from84,VERIFY_REJECTED
t1-0,proof_byte,80768,xor01_from5,VERIFY_REJECTED
t1-0,proof_byte,80832,xor01_from227,VERIFY_REJECTED
t1-0,proof_byte,80896,xor01_from101,VERIFY_REJECTED
t1-0,proof_byte,80960,xor01_from0,DESERIALIZE_REJECTED
t1-0,proof_byte,81024,xor01_from227,VERIFY_REJECTED
t1-0,proof_byte,81088,xor01_from0,DESERIALIZE_REJECTED
t1-0,proof_byte,81152,xor01_from39,VERIFY_REJECTED
t1-0,proof_byte,81216,xor01_from172,VERIFY_REJECTED
t1-0,proof_byte,81280,xor01_from179,VERIFY_REJECTED
t1-0,proof_byte,81344,xor01_from54,VERIFY_REJECTED
t1-0,proof_byte,81408,xor01_from0,DESERIALIZE_REJECTED
t1-0,proof_byte,81472,xor01_from43,VERIFY_REJECTED
t1-0,proof_byte,81536,xor01_from39,VERIFY_REJECTED
t1-0,proof_byte,81600,xor01_from60,VERIFY_REJECTED
t1-0,proof_byte,81664,xor01_from175,VERIFY_REJECTED
t1-0,proof_byte,81728,xor01_from30,VERIFY_REJECTED
t1-0,proof_byte,81792,xor01_from0,DESERIALIZE_REJECTED
t1-0,proof_byte,81856,xor01_from207,VERIFY_REJECTED
t1-0,proof_byte,81920,xor01_from136,VERIFY_REJECTED
t1-0,proof_byte,81984,xor01_from169,VERIFY_REJECTED
t1-0,proof_byte,82048,xor01_from73,VERIFY_REJECTED
t1-0,proof_byte,82112,xor01_from47,VERIFY_REJECTED
t1-0,proof_byte,82176,xor01_from172,VERIFY_REJECTED
t1-0,proof_byte,82240,xor01_from0,VERIFY_REJECTED
t1-0,proof_byte,82304,xor01_from0,VERIFY_REJECTED
t1-0,proof_byte,82368,xor01_from0,DESERIALIZE_REJECTED
t1-0,proof_byte,82432,xor01_from108,VERIFY_REJECTED
t1-0,proof_byte,82496,xor01_from0,DESERIALIZE_REJECTED
t1-0,proof_byte,82560,xor01_from98,VERIFY_REJECTED
t1-0,proof_byte,82624,xor01_from63,VERIFY_REJECTED
t1-0,proof_byte,82688,xor01_from96,VERIFY_REJECTED
t1-0,proof_byte,82752,xor01_from1,VERIFY_REJECTED
t1-0,proof_byte,82816,xor01_from0,DESERIALIZE_REJECTED
t1-0,proof_byte,82880,xor01_from0,DESERIALIZE_REJECTED
t1-0,proof_byte,82944,xor01_from252,VERIFY_REJECTED
t1-0,proof_byte,83008,xor01_from127,VERIFY_REJECTED
t1-0,proof_byte,83072,xor01_from171,VERIFY_REJECTED
t1-0,proof_byte,83136,xor01_from0,VERIFY_REJECTED
t1-0,proof_byte,83200,xor01_from121,VERIFY_REJECTED
t1-0,proof_byte,83264,xor01_from32,VERIFY_REJECTED
t1-0,proof_byte,83328,xor01_from105,VERIFY_REJECTED
t1-0,proof_byte,83392,xor01_from0,DESERIALIZE_REJECTED
t1-0,proof_byte,83456,xor01_from0,DESERIALIZE_REJECTED
t1-0,proof_byte,83520,xor01_from1,VERIFY_REJECTED
t1-0,proof_byte,83584,xor01_from146,VERIFY_REJECTED
t1-0,proof_byte,83648,xor01_from3,VERIFY_REJECTED
t1-0,proof_byte,83712,xor01_from206,VERIFY_REJECTED
t1-0,proof_byte,83776,xor01_from220,VERIFY_REJECTED
t1-0,proof_byte,83840,xor01_from143,VERIFY_REJECTED
t1-0,proof_byte,83904,xor01_from75,VERIFY_REJECTED
t1-0,proof_byte,83968,xor01_from0,DESERIALIZE_REJECTED
t1-0,proof_byte,84032,xor01_from181,VERIFY_REJECTED
t1-0,proof_byte,84096,xor01_from7,VERIFY_REJECTED
t1-0,proof_byte,84160,xor01_from133,VERIFY_REJECTED
t1-0,proof_byte,84224,xor01_from106,VERIFY_REJECTED
t1-0,proof_byte,84288,xor01_from2,VERIFY_REJECTED
t1-0,proof_byte,84352,xor01_from39,VERIFY_REJECTED
t1-0,proof_byte,84416,xor01_from130,VERIFY_REJECTED
t1-0,proof_byte,84480,xor01_from0,DESERIALIZE_REJECTED
t1-0,proof_byte,84544,xor01_from165,VERIFY_REJECTED
t1-0,proof_byte,84608,xor01_from73,VERIFY_REJECTED
t1-0,proof_byte,84672,xor01_from112,VERIFY_REJECTED
t1-0,proof_byte,84736,xor01_from119,VERIFY_REJECTED
t1-0,proof_byte,84800,xor01_from15,VERIFY_REJECTED
t1-0,proof_byte,84864,xor01_from116,VERIFY_REJECTED
t1-0,proof_byte,84928,xor01_from8,VERIFY_REJECTED
t1-0,proof_byte,84992,xor01_from0,DESERIALIZE_REJECTED
t1-0,proof_byte,85056,xor01_from45,VERIFY_REJECTED
t1-0,proof_byte,85120,xor01_from149,VERIFY_REJECTED
t1-0,proof_byte,85184,xor01_from166,VERIFY_REJECTED
t1-0,proof_byte,85248,xor01_from134,VERIFY_REJECTED
t1-0,proof_byte,85312,xor01_from241,VERIFY_REJECTED
t1-0,proof_byte,85376,xor01_from72,VERIFY_REJECTED
t1-0,proof_byte,85440,xor01_from149,VERIFY_REJECTED
t1-0,proof_byte,85504,xor01_from0,DESERIALIZE_REJECTED
t1-0,proof_byte,85568,xor01_from210,VERIFY_REJECTED
t1-0,proof_byte,85632,xor01_from76,VERIFY_REJECTED
t1-0,proof_byte,85696,xor01_from220,VERIFY_REJECTED
t1-0,proof_byte,85760,xor01_from9,VERIFY_REJECTED
t1-0,proof_byte,85824,xor01_from109,VERIFY_REJECTED
t1-0,proof_byte,85888,xor01_from169,VERIFY_REJECTED
t1-0,proof_byte,85952,xor01_from110,VERIFY_REJECTED
t1-0,proof_byte,86016,xor01_from0,DESERIALIZE_REJECTED
t1-0,proof_byte,86080,xor01_from132,VERIFY_REJECTED
t1-0,proof_byte,86144,xor01_from240,VERIFY_REJECTED
t1-0,proof_byte,86208,xor01_from103,VERIFY_REJECTED
t1-0,proof_byte,86272,xor01_from244,VERIFY_REJECTED
t1-0,proof_byte,86336,xor01_from237,VERIFY_REJECTED
t1-0,proof_byte,86400,xor01_from110,VERIFY_REJECTED
t1-0,proof_byte,86464,xor01_from242,VERIFY_REJECTED
t1-0,proof_byte,86528,xor01_from0,DESERIALIZE_REJECTED
t1-0,proof_byte,86592,xor01_from85,VERIFY_REJECTED
t1-0,proof_byte,86656,xor01_from206,VERIFY_REJECTED
t1-0,proof_byte,86720,xor01_from232,VERIFY_REJECTED
t1-0,proof_byte,86784,xor01_from128,VERIFY_REJECTED
t1-0,proof_byte,86848,xor01_from219,VERIFY_REJECTED
t1-0,proof_byte,86912,xor01_from34,VERIFY_REJECTED
t1-0,proof_byte,86976,xor01_from0,DESERIALIZE_REJECTED
t1-0,proof_byte,87040,xor01_from0,DESERIALIZE_REJECTED
t1-0,proof_byte,87104,xor01_from100,VERIFY_REJECTED
t1-0,proof_byte,87168,xor01_from100,VERIFY_REJECTED
t1-0,proof_byte,87232,xor01_from221,VERIFY_REJECTED
t1-0,proof_byte,87296,xor01_from245,VERIFY_REJECTED
t1-0,proof_byte,87360,xor01_from2,VERIFY_REJECTED
t1-0,proof_byte,87424,xor01_from213,VERIFY_REJECTED
t1-0,proof_byte,87488,xor01_from0,DESERIALIZE_REJECTED
t1-0,proof_byte,87552,xor01_from55,VERIFY_REJECTED
t1-0,proof_byte,87616,xor01_from24,VERIFY_REJECTED
t1-0,proof_byte,87680,xor01_from177,VERIFY_REJECTED
t1-0,proof_byte,87744,xor01_from72,VERIFY_REJECTED
t1-0,proof_byte,87808,xor01_from115,VERIFY_REJECTED
t1-0,proof_byte,87872,xor01_from208,VERIFY_REJECTED
t1-0,proof_byte,87936,xor01_from163,VERIFY_REJECTED
t1-0,proof_byte,88000,xor01_from0,DESERIALIZE_REJECTED
t1-0,proof_byte,88064,xor01_from149,VERIFY_REJECTED
t1-0,proof_byte,88128,xor01_from71,VERIFY_REJECTED
t1-0,proof_byte,88192,xor01_from60,VERIFY_REJECTED
t1-0,proof_byte,88256,xor01_from222,VERIFY_REJECTED
t1-0,proof_byte,88320,xor01_from96,VERIFY_REJECTED
t1-0,proof_byte,88384,xor01_from243,VERIFY_REJECTED
t1-0,proof_byte,88448,xor01_from0,DESERIALIZE_REJECTED
t1-0,proof_byte,88512,xor01_from0,DESERIALIZE_REJECTED
t1-0,proof_byte,88576,xor01_from245,VERIFY_REJECTED
t1-0,proof_byte,88640,xor01_from228,VERIFY_REJECTED
t1-0,proof_byte,88704,xor01_from144,VERIFY_REJECTED
t1-0,proof_byte,88768,xor01_from22,VERIFY_REJECTED
t1-0,proof_byte,88832,xor01_from4,VERIFY_REJECTED
t1-0,proof_byte,88896,xor01_from221,VERIFY_REJECTED
t1-0,proof_byte,88960,xor01_from0,DESERIALIZE_REJECTED
t1-0,proof_byte,89024,xor01_from187,VERIFY_REJECTED
t1-0,proof_byte,89088,xor01_from180,VERIFY_REJECTED
t1-0,proof_byte,89152,xor01_from227,VERIFY_REJECTED
t1-0,proof_byte,89216,xor01_from233,VERIFY_REJECTED
t1-0,proof_byte,89280,xor01_from41,VERIFY_REJECTED
t1-0,proof_byte,89344,xor01_from164,VERIFY_REJECTED
t1-0,proof_byte,89408,xor01_from219,VERIFY_REJECTED
t1-0,proof_byte,89472,xor01_from0,DESERIALIZE_REJECTED
t1-0,proof_byte,89536,xor01_from173,VERIFY_REJECTED
t1-0,proof_byte,89600,xor01_from154,VERIFY_REJECTED
t1-0,proof_byte,89664,xor01_from116,VERIFY_REJECTED
t1-0,proof_byte,89728,xor01_from210,VERIFY_REJECTED
t1-0,proof_byte,89792,xor01_from107,VERIFY_REJECTED
t1-0,proof_byte,89856,xor01_from250,VERIFY_REJECTED
t1-0,proof_byte,89920,xor01_from0,DESERIALIZE_REJECTED
t1-0,proof_byte,89984,xor01_from126,VERIFY_REJECTED
t1-0,proof_byte,90048,xor01_from220,VERIFY_REJECTED
t1-0,proof_byte,90112,xor01_from3,VERIFY_REJECTED
t1-0,proof_byte,90176,xor01_from203,VERIFY_REJECTED
t1-0,proof_byte,90240,xor01_from73,VERIFY_REJECTED
t1-0,proof_byte,90304,xor01_from30,VERIFY_REJECTED
t1-0,proof_byte,90368,xor01_from5,VERIFY_REJECTED
t1-0,proof_byte,90432,xor01_from0,DESERIALIZE_REJECTED
t1-0,proof_byte,90496,xor01_from212,VERIFY_REJECTED
t1-0,proof_byte,90560,xor01_from63,VERIFY_REJECTED
t1-0,proof_byte,90624,xor01_from97,VERIFY_REJECTED
t1-0,proof_byte,90688,xor01_from76,VERIFY_REJECTED
t1-0,proof_byte,90752,xor01_from96,VERIFY_REJECTED
t1-0,proof_byte,90816,xor01_from126,VERIFY_REJECTED
t1-0,proof_byte,90880,xor01_from0,DESERIALIZE_REJECTED
t1-0,proof_byte,90944,xor01_from74,VERIFY_REJECTED
t1-0,proof_byte,91008,xor01_from25,VERIFY_REJECTED
t1-0,proof_byte,91072,xor01_from86,VERIFY_REJECTED
t1-0,proof_byte,91136,xor01_from175,VERIFY_REJECTED
t1-0,proof_byte,91200,xor01_from174,VERIFY_REJECTED
t1-0,proof_byte,91264,xor01_from98,VERIFY_REJECTED
t1-0,proof_byte,91328,xor01_from213,VERIFY_REJECTED
t1-0,proof_byte,91392,xor01_from0,DESERIALIZE_REJECTED
t1-0,proof_byte,91456,xor01_from142,VERIFY_REJECTED
t1-0,proof_byte,91520,xor01_from198,VERIFY_REJECTED
t1-0,proof_byte,91584,xor01_from223,VERIFY_REJECTED
t1-0,proof_byte,91648,xor01_from215,VERIFY_REJECTED
t1-0,proof_byte,91712,xor01_from46,VERIFY_REJECTED
t1-0,proof_byte,91776,xor01_from230,VERIFY_REJECTED
t1-0,proof_byte,91840,xor01_from0,DESERIALIZE_REJECTED
t1-0,proof_byte,91904,xor01_from17,VERIFY_REJECTED
t1-0,proof_byte,91968,xor01_from98,VERIFY_REJECTED
t1-0,proof_byte,92032,xor01_from176,VERIFY_REJECTED
t1-0,proof_byte,92096,xor01_from4,VERIFY_REJECTED
t1-0,proof_byte,92160,xor01_from9,VERIFY_REJECTED
t1-0,proof_byte,92224,xor01_from16,VERIFY_REJECTED
t1-0,proof_byte,92288,xor01_from74,VERIFY_REJECTED
t1-0,proof_byte,92352,xor01_from0,DESERIALIZE_REJECTED
t1-0,proof_byte,92416,xor01_from92,VERIFY_REJECTED
t1-0,proof_byte,92480,xor01_from50,VERIFY_REJECTED
t1-0,proof_byte,92544,xor01_from30,VERIFY_REJECTED
t1-0,proof_byte,92608,xor01_from230,VERIFY_REJECTED
t1-0,proof_byte,92672,xor01_from249,VERIFY_REJECTED
t1-0,proof_byte,92736,xor01_from248,VERIFY_REJECTED
t1-0,proof_byte,92800,xor01_from0,DESERIALIZE_REJECTED
t1-0,proof_byte,92864,xor01_from180,VERIFY_REJECTED
t1-0,proof_byte,92928,xor01_from127,VERIFY_REJECTED
t1-0,proof_byte,92992,xor01_from133,VERIFY_REJECTED
t1-0,proof_byte,93056,xor01_from52,VERIFY_REJECTED
t1-0,proof_byte,93120,xor01_from101,VERIFY_REJECTED
t1-0,proof_byte,93184,xor01_from176,VERIFY_REJECTED
t1-0,proof_byte,93248,xor01_from0,DESERIALIZE_REJECTED
t1-0,proof_byte,93312,xor01_from0,DESERIALIZE_REJECTED
t1-0,proof_byte,93376,xor01_from234,VERIFY_REJECTED
t1-0,proof_byte,93440,xor01_from0,DESERIALIZE_REJECTED
t1-0,proof_byte,93504,xor01_from16,VERIFY_REJECTED
t1-0,proof_byte,93568,xor01_from162,VERIFY_REJECTED
t1-0,proof_byte,93632,xor01_from132,VERIFY_REJECTED
t1-0,proof_byte,93696,xor01_from51,VERIFY_REJECTED
t1-0,proof_byte,93760,xor01_from0,DESERIALIZE_REJECTED
t1-0,proof_byte,93824,xor01_from240,VERIFY_REJECTED
t1-0,proof_byte,93888,xor01_from201,VERIFY_REJECTED
t1-0,proof_byte,93952,xor01_from184,VERIFY_REJECTED
t1-0,proof_byte,94016,xor01_from78,VERIFY_REJECTED
t1-0,proof_byte,94080,xor01_from154,VERIFY_REJECTED
t1-0,proof_byte,94144,xor01_from67,VERIFY_REJECTED
t1-0,proof_byte,94208,xor01_from0,DESERIALIZE_REJECTED
t1-0,proof_byte,94272,xor01_from30,VERIFY_REJECTED
t1-0,proof_byte,94336,xor01_from255,VERIFY_REJECTED
t1-0,proof_byte,94400,xor01_from167,VERIFY_REJECTED
t1-0,proof_byte,94464,xor01_from1,VERIFY_REJECTED
t1-0,proof_byte,94528,xor01_from0,DESERIALIZE_REJECTED
t1-0,proof_byte,94592,xor01_from20,VERIFY_REJECTED
t1-0,proof_byte,94656,xor01_from214,VERIFY_REJECTED
t1-0,proof_byte,94720,xor01_from254,VERIFY_REJECTED
t1-0,proof_byte,94784,xor01_from0,DESERIALIZE_REJECTED
t1-0,proof_byte,94848,xor01_from2,VERIFY_REJECTED
t1-0,proof_byte,94912,xor01_from168,VERIFY_REJECTED
t1-0,proof_byte,94976,xor01_from32,VERIFY_REJECTED
t1-0,proof_byte,95040,xor01_from186,VERIFY_REJECTED
t1-0,proof_byte,95104,xor01_from78,VERIFY_REJECTED
t1-0,proof_byte,95168,xor01_from174,VERIFY_REJECTED
t1-0,proof_byte,95232,xor01_from61,VERIFY_REJECTED
t1-0,proof_byte,95296,xor01_from2,VERIFY_REJECTED
t1-0,proof_byte,95360,xor01_from0,DESERIALIZE_REJECTED
t1-0,proof_byte,95424,xor01_from240,VERIFY_REJECTED
t1-0,proof_byte,95488,xor01_from41,VERIFY_REJECTED
t1-0,proof_byte,95552,xor01_from255,VERIFY_REJECTED
t1-0,proof_byte,95616,xor01_from75,VERIFY_REJECTED
t1-0,proof_byte,95680,xor01_from146,VERIFY_REJECTED
t1-0,proof_byte,95744,xor01_from150,VERIFY_REJECTED
t1-0,proof_byte,95808,xor01_from237,VERIFY_REJECTED
t1-0,proof_byte,95872,xor01_from63,VERIFY_REJECTED
t1-0,proof_byte,95936,xor01_from0,DESERIALIZE_REJECTED
t1-0,proof_byte,96000,xor01_from11,VERIFY_REJECTED
t1-0,proof_byte,96064,xor01_from123,VERIFY_REJECTED
t1-0,proof_byte,96128,xor01_from2,VERIFY_REJECTED
t1-0,proof_byte,96192,xor01_from1,DESERIALIZE_REJECTED
t1-0,proof_byte,96256,xor01_from162,VERIFY_REJECTED
t1-0,proof_byte,96320,xor01_from114,VERIFY_REJECTED
t1-0,proof_byte,96384,xor01_from253,VERIFY_REJECTED
t1-0,proof_byte,96448,xor01_from179,VERIFY_REJECTED
t1-0,proof_byte,96512,xor01_from89,VERIFY_REJECTED
t1-0,proof_byte,96576,xor01_from83,VERIFY_REJECTED
t1-0,proof_byte,96640,xor01_from12,VERIFY_REJECTED
t1-0,proof_byte,96704,xor01_from72,VERIFY_REJECTED
t1-0,proof_byte,96768,xor01_from172,VERIFY_REJECTED
t1-0,proof_byte,96832,xor01_from0,DESERIALIZE_REJECTED
t1-0,proof_byte,96896,xor01_from0,DESERIALIZE_REJECTED
t1-0,proof_byte,96960,xor01_from224,VERIFY_REJECTED
t1-0,proof_byte,97024,xor01_from179,VERIFY_REJECTED
t1-0,proof_byte,97088,xor01_from45,VERIFY_REJECTED
t1-0,proof_byte,97152,xor01_from250,VERIFY_REJECTED
t1-0,proof_byte,97216,xor01_from15,VERIFY_REJECTED
t1-0,proof_byte,97280,xor01_from53,VERIFY_REJECTED
t1-0,proof_byte,97344,xor01_from171,VERIFY_REJECTED
t1-0,proof_byte,97408,xor01_from0,DESERIALIZE_REJECTED
t1-0,proof_byte,97472,xor01_from71,VERIFY_REJECTED
t1-0,proof_byte,97536,xor01_from129,VERIFY_REJECTED
t1-0,proof_byte,97600,xor01_from91,VERIFY_REJECTED
t1-0,proof_byte,97664,xor01_from133,VERIFY_REJECTED
t1-0,proof_byte,97728,xor01_from139,VERIFY_REJECTED
t1-0,proof_byte,97792,xor01_from207,VERIFY_REJECTED
t1-0,proof_byte,97856,xor01_from101,VERIFY_REJECTED
t1-0,proof_byte,97920,xor01_from0,DESERIALIZE_REJECTED
t1-0,proof_byte,97984,xor01_from0,DESERIALIZE_REJECTED
t1-0,proof_byte,98048,xor01_from201,VERIFY_REJECTED
t1-0,proof_byte,98112,xor01_from162,VERIFY_REJECTED
t1-0,proof_byte,98176,xor01_from117,VERIFY_REJECTED
t1-0,proof_byte,98240,xor01_from98,VERIFY_REJECTED
t1-0,proof_byte,98304,xor01_from248,VERIFY_REJECTED
t1-0,proof_byte,98368,xor01_from236,VERIFY_REJECTED
t1-0,proof_byte,98432,xor01_from248,VERIFY_REJECTED
t1-0,proof_byte,98496,xor01_from0,DESERIALIZE_REJECTED
t1-0,proof_byte,98560,xor01_from145,VERIFY_REJECTED
t1-0,proof_byte,98624,xor01_from235,VERIFY_REJECTED
t1-0,proof_byte,98688,xor01_from32,VERIFY_REJECTED
t1-0,proof_byte,98752,xor01_from9,VERIFY_REJECTED
t1-0,proof_byte,98816,xor01_from132,VERIFY_REJECTED
t1-0,proof_byte,98880,xor01_from24,VERIFY_REJECTED
t1-0,proof_byte,98944,xor01_from184,VERIFY_REJECTED
t1-0,proof_byte,99008,xor01_from0,DESERIALIZE_REJECTED
t1-0,proof_byte,99072,xor01_from152,VERIFY_REJECTED
t1-0,proof_byte,99136,xor01_from216,VERIFY_REJECTED
t1-0,proof_byte,99200,xor01_from181,VERIFY_REJECTED
t1-0,proof_byte,99264,xor01_from174,VERIFY_REJECTED
t1-0,proof_byte,99328,xor01_from174,VERIFY_REJECTED
t1-0,proof_byte,99392,xor01_from151,VERIFY_REJECTED
t1-0,proof_byte,99456,xor01_from0,DESERIALIZE_REJECTED
t1-0,proof_byte,99520,xor01_from0,DESERIALIZE_REJECTED
t1-0,proof_byte,99584,xor01_from42,VERIFY_REJECTED
t1-0,proof_byte,99648,xor01_from69,VERIFY_REJECTED
t1-0,proof_byte,99712,xor01_from147,VERIFY_REJECTED
t1-0,proof_byte,99776,xor01_from128,VERIFY_REJECTED
t1-0,proof_byte,99840,xor01_from74,VERIFY_REJECTED
t1-0,proof_byte,99904,xor01_from218,VERIFY_REJECTED
t1-0,proof_byte,99968,xor01_from0,DESERIALIZE_REJECTED
t1-0,proof_byte,100032,xor01_from106,VERIFY_REJECTED
t1-0,proof_byte,100096,xor01_from55,VERIFY_REJECTED
t1-0,proof_byte,100160,xor01_from179,VERIFY_REJECTED
t1-0,proof_byte,100224,xor01_from154,VERIFY_REJECTED
t1-0,proof_byte,100288,xor01_from22,VERIFY_REJECTED
t1-0,proof_byte,100352,xor01_from152,VERIFY_REJECTED
t1-0,proof_byte,100416,xor01_from91,VERIFY_REJECTED
t1-0,proof_byte,100480,xor01_from0,DESERIALIZE_REJECTED
t1-0,proof_byte,100544,xor01_from194,VERIFY_REJECTED
t1-0,proof_byte,100608,xor01_from218,VERIFY_REJECTED
t1-0,proof_byte,100672,xor01_from87,VERIFY_REJECTED
t1-0,proof_byte,100736,xor01_from106,VERIFY_REJECTED
t1-0,proof_byte,100800,xor01_from214,VERIFY_REJECTED
t1-0,proof_byte,100864,xor01_from155,VERIFY_REJECTED
t1-0,proof_byte,100928,xor01_from193,VERIFY_REJECTED
t1-0,proof_byte,100992,xor01_from0,DESERIALIZE_REJECTED
t1-0,proof_byte,101056,xor01_from238,VERIFY_REJECTED
t1-0,proof_byte,101120,xor01_from142,VERIFY_REJECTED
t1-0,proof_byte,101184,xor01_from227,VERIFY_REJECTED
t1-0,proof_byte,101248,xor01_from23,VERIFY_REJECTED
t1-0,proof_byte,101312,xor01_from154,VERIFY_REJECTED
t1-0,proof_byte,101376,xor01_from121,VERIFY_REJECTED
t1-0,proof_byte,101440,xor01_from0,DESERIALIZE_REJECTED
t1-0,proof_byte,101504,xor01_from0,DESERIALIZE_REJECTED
t1-0,proof_byte,101568,xor01_from212,VERIFY_REJECTED
t1-0,proof_byte,101632,xor01_from34,VERIFY_REJECTED
t1-0,proof_byte,101696,xor01_from225,VERIFY_REJECTED
t1-0,proof_byte,101760,xor01_from85,VERIFY_REJECTED
t1-0,proof_byte,101824,xor01_from23,VERIFY_REJECTED
t1-0,proof_byte,101888,xor01_from136,VERIFY_REJECTED
t1-0,proof_byte,101952,xor01_from0,DESERIALIZE_REJECTED
t1-0,proof_byte,102016,xor01_from53,VERIFY_REJECTED
t1-0,proof_byte,102080,xor01_from106,VERIFY_REJECTED
t1-0,proof_byte,102144,xor01_from126,VERIFY_REJECTED
t1-0,proof_byte,102208,xor01_from158,VERIFY_REJECTED
t1-0,proof_byte,102272,xor01_from161,VERIFY_REJECTED
t1-0,proof_byte,102336,xor01_from167,VERIFY_REJECTED
t1-0,proof_byte,102400,xor01_from145,VERIFY_REJECTED
t1-0,proof_byte,102464,xor01_from0,DESERIALIZE_REJECTED
t1-0,proof_byte,102528,xor01_from237,VERIFY_REJECTED
t1-0,proof_byte,102592,xor01_from43,VERIFY_REJECTED
t1-0,proof_byte,102656,xor01_from17,VERIFY_REJECTED
t1-0,proof_byte,102720,xor01_from28,VERIFY_REJECTED
t1-0,proof_byte,102784,xor01_from144,VERIFY_REJECTED
t1-0,proof_byte,102848,xor01_from37,VERIFY_REJECTED
t1-0,proof_byte,102912,xor01_from0,DESERIALIZE_REJECTED
t1-0,proof_byte,102976,xor01_from180,VERIFY_REJECTED
t1-0,proof_byte,103040,xor01_from244,VERIFY_REJECTED
t1-0,proof_byte,103104,xor01_from9,VERIFY_REJECTED
t1-0,proof_byte,103168,xor01_from149,VERIFY_REJECTED
t1-0,proof_byte,103232,xor01_from0,DESERIALIZE_REJECTED
t1-0,proof_byte,103296,xor01_from64,VERIFY_REJECTED
t1-0,proof_byte,103360,xor01_from248,VERIFY_REJECTED
t1-0,proof_byte,103424,xor01_from20,VERIFY_REJECTED
t1-0,proof_byte,103488,xor01_from211,VERIFY_REJECTED
t1-0,proof_byte,103552,xor01_from24,VERIFY_REJECTED
t1-0,proof_byte,103616,xor01_from212,VERIFY_REJECTED
t1-0,proof_byte,103680,xor01_from215,VERIFY_REJECTED
t1-0,proof_byte,103744,xor01_from196,VERIFY_REJECTED
t1-0,proof_byte,103808,xor01_from0,DESERIALIZE_REJECTED
t1-0,proof_byte,103872,xor01_from73,VERIFY_REJECTED
t1-0,proof_byte,103936,xor01_from59,VERIFY_REJECTED
t1-0,proof_byte,104000,xor01_from248,VERIFY_REJECTED
t1-0,proof_byte,104064,xor01_from169,VERIFY_REJECTED
t1-0,proof_byte,104128,xor01_from76,VERIFY_REJECTED
t1-0,proof_byte,104192,xor01_from120,VERIFY_REJECTED
t1-0,proof_byte,104256,xor01_from0,VERIFY_REJECTED
t1-0,proof_byte,104320,xor01_from223,VERIFY_REJECTED
t1-0,proof_byte,104384,xor01_from0,DESERIALIZE_REJECTED
t1-0,proof_byte,104448,xor01_from0,DESERIALIZE_REJECTED
t1-0,proof_byte,104512,xor01_from212,VERIFY_REJECTED
t1-0,proof_byte,104576,xor01_from116,VERIFY_REJECTED
t1-0,proof_byte,104640,xor01_from145,VERIFY_REJECTED
t1-0,proof_byte,104704,xor01_from62,VERIFY_REJECTED
t1-0,proof_byte,104768,xor01_from145,VERIFY_REJECTED
t1-0,proof_byte,104832,xor01_from161,VERIFY_REJECTED
t1-0,proof_byte,104896,xor01_from8,VERIFY_REJECTED
t1-0,proof_byte,104960,xor01_from225,VERIFY_REJECTED
t1-0,proof_byte,105024,xor01_from179,VERIFY_REJECTED
t1-0,proof_byte,105088,xor01_from0,DESERIALIZE_REJECTED
t1-0,proof_byte,105152,xor01_from40,VERIFY_REJECTED
t1-0,proof_byte,105216,xor01_from158,VERIFY_REJECTED
t1-0,proof_byte,105280,xor01_from212,VERIFY_REJECTED
t1-0,proof_byte,105344,xor01_from238,VERIFY_REJECTED
t1-0,proof_byte,105408,xor01_from131,VERIFY_REJECTED
t1-0,proof_byte,105472,xor01_from78,VERIFY_REJECTED
t1-0,proof_byte,105536,xor01_from187,VERIFY_REJECTED
t1-0,proof_byte,105600,xor01_from0,DESERIALIZE_REJECTED
t1-0,proof_byte,105664,xor01_from0,DESERIALIZE_REJECTED
t1-0,proof_byte,105728,xor01_from53,VERIFY_REJECTED
t1-0,proof_byte,105792,xor01_from32,VERIFY_REJECTED
t1-0,proof_byte,105856,xor01_from202,VERIFY_REJECTED
t1-0,proof_byte,105920,xor01_from51,VERIFY_REJECTED
t1-0,proof_byte,105984,xor01_from253,VERIFY_REJECTED
t1-0,proof_byte,106048,xor01_from127,VERIFY_REJECTED
t1-0,proof_byte,106112,xor01_from16,VERIFY_REJECTED
t1-0,proof_byte,106176,xor01_from0,DESERIALIZE_REJECTED
t1-0,proof_byte,106240,xor01_from202,VERIFY_REJECTED
t1-0,proof_byte,106304,xor01_from186,VERIFY_REJECTED
t1-0,proof_byte,106368,xor01_from179,VERIFY_REJECTED
t1-0,proof_byte,106432,xor01_from62,VERIFY_REJECTED
t1-0,proof_byte,106496,xor01_from191,VERIFY_REJECTED
t1-0,proof_byte,106560,xor01_from182,VERIFY_REJECTED
t1-0,proof_byte,106624,xor01_from11,VERIFY_REJECTED
t1-0,proof_byte,106688,xor01_from0,DESERIALIZE_REJECTED
t1-0,proof_byte,106752,xor01_from244,VERIFY_REJECTED
t1-0,proof_byte,106816,xor01_from117,VERIFY_REJECTED
t1-0,proof_byte,106880,xor01_from35,VERIFY_REJECTED
t1-0,proof_byte,106944,xor01_from249,VERIFY_REJECTED
t1-0,proof_byte,107008,xor01_from16,VERIFY_REJECTED
t1-0,proof_byte,107072,xor01_from81,VERIFY_REJECTED
t1-0,proof_byte,107136,xor01_from80,VERIFY_REJECTED
t1-0,proof_byte,107200,xor01_from0,DESERIALIZE_REJECTED
t1-0,proof_byte,107264,xor01_from53,VERIFY_REJECTED
t1-0,proof_byte,107328,xor01_from165,VERIFY_REJECTED
t1-0,proof_byte,107392,xor01_from69,VERIFY_REJECTED
t1-0,proof_byte,107456,xor01_from0,VERIFY_REJECTED
t1-0,proof_byte,107520,xor01_from189,VERIFY_REJECTED
t1-0,proof_byte,107584,xor01_from161,VERIFY_REJECTED
t1-0,proof_byte,107648,xor01_from38,VERIFY_REJECTED
t1-0,proof_byte,107712,xor01_from0,DESERIALIZE_REJECTED
t1-0,proof_byte,107776,xor01_from18,VERIFY_REJECTED
t1-0,proof_byte,107840,xor01_from154,VERIFY_REJECTED
t1-0,proof_byte,107904,xor01_from145,VERIFY_REJECTED
t1-0,proof_byte,107968,xor01_from10,VERIFY_REJECTED
t1-0,proof_byte,108032,xor01_from212,VERIFY_REJECTED
t1-0,proof_byte,108096,xor01_from207,VERIFY_REJECTED
t1-0,proof_byte,108160,xor01_from0,DESERIALIZE_REJECTED
t1-0,proof_byte,108224,xor01_from0,DESERIALIZE_REJECTED
t1-0,proof_byte,108288,xor01_from21,VERIFY_REJECTED
t1-0,proof_byte,108352,xor01_from154,VERIFY_REJECTED
t1-0,proof_byte,108416,xor01_from4,VERIFY_REJECTED
t1-0,proof_byte,108480,xor01_from226,VERIFY_REJECTED
t1-0,proof_byte,108544,xor01_from116,VERIFY_REJECTED
t1-0,proof_byte,108608,xor01_from130,VERIFY_REJECTED
t1-0,proof_byte,108672,xor01_from0,DESERIALIZE_REJECTED
t1-0,proof_byte,108736,xor01_from252,VERIFY_REJECTED
t1-0,proof_byte,108800,xor01_from22,VERIFY_REJECTED
t1-0,proof_byte,108864,xor01_from150,VERIFY_REJECTED
t1-0,proof_byte,108928,xor01_from139,VERIFY_REJECTED
t1-0,proof_byte,108992,xor01_from163,VERIFY_REJECTED
t1-0,proof_byte,109056,xor01_from112,VERIFY_REJECTED
t1-0,proof_byte,109120,xor01_from47,VERIFY_REJECTED
t1-0,proof_byte,109184,xor01_from0,DESERIALIZE_REJECTED
t1-0,proof_byte,109248,xor01_from138,VERIFY_REJECTED
t1-0,proof_byte,109312,xor01_from44,VERIFY_REJECTED
t1-0,proof_byte,109376,xor01_from80,VERIFY_REJECTED
t1-0,proof_byte,109440,xor01_from29,VERIFY_REJECTED
t1-0,proof_byte,109504,xor01_from192,VERIFY_REJECTED
t1-0,proof_byte,109568,xor01_from226,VERIFY_REJECTED
t1-0,proof_byte,109632,xor01_from48,VERIFY_REJECTED
t1-0,proof_byte,109696,xor01_from0,DESERIALIZE_REJECTED
t1-0,proof_byte,109760,xor01_from122,VERIFY_REJECTED
t1-0,proof_byte,109824,xor01_from212,VERIFY_REJECTED
t1-0,proof_byte,109888,xor01_from147,VERIFY_REJECTED
t1-0,proof_byte,109952,xor01_from118,VERIFY_REJECTED
t1-0,proof_byte,110016,xor01_from39,VERIFY_REJECTED
t1-0,proof_byte,110080,xor01_from4,VERIFY_REJECTED
t1-0,proof_byte,110144,xor01_from0,DESERIALIZE_REJECTED
t1-0,proof_byte,110208,xor01_from91,VERIFY_REJECTED
t1-0,proof_byte,110272,xor01_from185,VERIFY_REJECTED
t1-0,proof_byte,110336,xor01_from232,VERIFY_REJECTED
t1-0,proof_byte,110400,xor01_from135,VERIFY_REJECTED
t1-0,proof_byte,110464,xor01_from36,VERIFY_REJECTED
t1-0,proof_byte,110528,xor01_from2,VERIFY_REJECTED
t1-0,proof_byte,110592,xor01_from209,VERIFY_REJECTED
t1-0,proof_byte,110656,xor01_from0,DESERIALIZE_REJECTED
t1-0,proof_byte,110720,xor01_from255,VERIFY_REJECTED
t1-0,proof_byte,110784,xor01_from2,VERIFY_REJECTED
t1-0,proof_byte,110848,xor01_from122,VERIFY_REJECTED
t1-0,proof_byte,110912,xor01_from196,VERIFY_REJECTED
t1-0,proof_byte,110976,xor01_from195,VERIFY_REJECTED
t1-0,proof_byte,111040,xor01_from196,VERIFY_REJECTED
t1-0,proof_byte,111104,xor01_from0,DESERIALIZE_REJECTED
t1-0,proof_byte,111168,xor01_from246,VERIFY_REJECTED
t1-0,proof_byte,111232,xor01_from91,VERIFY_REJECTED
t1-0,proof_byte,111296,xor01_from150,VERIFY_REJECTED
t1-0,proof_byte,111360,xor01_from4,VERIFY_REJECTED
t1-0,proof_byte,111424,xor01_from94,VERIFY_REJECTED
t1-0,proof_byte,111488,xor01_from92,VERIFY_REJECTED
t1-0,proof_byte,111552,xor01_from210,VERIFY_REJECTED
t1-0,proof_byte,111616,xor01_from0,DESERIALIZE_REJECTED
t1-0,proof_byte,111680,xor01_from96,VERIFY_REJECTED
t1-0,proof_byte,111744,xor01_from120,VERIFY_REJECTED
t1-0,proof_byte,111808,xor01_from169,VERIFY_REJECTED
t1-0,proof_byte,111872,xor01_from81,VERIFY_REJECTED
t1-0,proof_byte,111936,xor01_from197,VERIFY_REJECTED
t1-0,proof_byte,112000,xor01_from244,VERIFY_REJECTED
t1-0,proof_byte,112064,xor01_from0,DESERIALIZE_REJECTED
t1-0,proof_byte,112128,xor01_from0,DESERIALIZE_REJECTED
t1-0,proof_byte,112192,xor01_from192,VERIFY_REJECTED
t1-0,proof_byte,112256,xor01_from83,VERIFY_REJECTED
t1-0,proof_byte,112320,xor01_from123,VERIFY_REJECTED
t1-0,proof_byte,112384,xor01_from237,VERIFY_REJECTED
t1-0,proof_byte,112448,xor01_from167,VERIFY_REJECTED
t1-0,proof_byte,112512,xor01_from181,VERIFY_REJECTED
t1-0,proof_byte,112576,xor01_from0,DESERIALIZE_REJECTED
t1-0,proof_byte,112640,xor01_from240,VERIFY_REJECTED
t1-0,proof_byte,112704,xor01_from13,VERIFY_REJECTED
t1-0,proof_byte,112768,xor01_from83,VERIFY_REJECTED
t1-0,proof_byte,112832,xor01_from106,VERIFY_REJECTED
t1-0,proof_byte,112896,xor01_from125,VERIFY_REJECTED
t1-0,proof_byte,112960,xor01_from10,VERIFY_REJECTED
t1-0,proof_byte,113024,xor01_from0,DESERIALIZE_REJECTED
t1-0,proof_byte,113088,xor01_from0,DESERIALIZE_REJECTED
t1-0,proof_byte,113152,xor01_from157,VERIFY_REJECTED
t1-0,proof_byte,113216,xor01_from155,VERIFY_REJECTED
t1-0,proof_byte,113280,xor01_from106,VERIFY_REJECTED
t1-0,proof_byte,113344,xor01_from33,VERIFY_REJECTED
t1-0,proof_byte,113408,xor01_from44,VERIFY_REJECTED
t1-0,proof_byte,113472,xor01_from228,VERIFY_REJECTED
t1-0,proof_byte,113536,xor01_from0,DESERIALIZE_REJECTED
t1-0,proof_byte,113600,xor01_from166,VERIFY_REJECTED
t1-0,proof_byte,113664,xor01_from25,VERIFY_REJECTED
t1-0,proof_byte,113728,xor01_from120,VERIFY_REJECTED
t1-0,proof_byte,113792,xor01_from121,VERIFY_REJECTED
t1-0,proof_byte,113856,xor01_from73,VERIFY_REJECTED
t1-0,proof_byte,113920,xor01_from0,VERIFY_REJECTED
t1-0,proof_byte,113984,xor01_from0,DESERIALIZE_REJECTED
t1-0,proof_byte,114048,xor01_from116,VERIFY_REJECTED
t1-0,proof_byte,114112,xor01_from0,DESERIALIZE_REJECTED
t1-0,proof_byte,114176,xor01_from126,VERIFY_REJECTED
t1-0,proof_byte,114240,xor01_from239,VERIFY_REJECTED
t1-0,proof_byte,114304,xor01_from109,VERIFY_REJECTED
t1-0,proof_byte,114368,xor01_from23,VERIFY_REJECTED
t1-0,proof_byte,114432,xor01_from4,VERIFY_REJECTED
t1-0,proof_byte,114496,xor01_from196,VERIFY_REJECTED
t1-0,proof_byte,114560,xor01_from174,VERIFY_REJECTED
t1-0,proof_byte,114624,xor01_from0,DESERIALIZE_REJECTED
t1-0,proof_byte,114688,xor01_from130,VERIFY_REJECTED
t1-0,proof_byte,114752,xor01_from17,VERIFY_REJECTED
t1-0,proof_byte,114816,xor01_from144,VERIFY_REJECTED
t1-0,proof_byte,114880,xor01_from87,VERIFY_REJECTED
t1-0,proof_byte,114944,xor01_from12,VERIFY_REJECTED
t1-0,proof_byte,115008,xor01_from214,VERIFY_REJECTED
t1-0,proof_byte,115072,xor01_from19,VERIFY_REJECTED
t1-0,proof_byte,115136,xor01_from216,VERIFY_REJECTED
t1-0,proof_byte,115200,xor01_from0,DESERIALIZE_REJECTED
t1-0,proof_byte,115264,xor01_from53,VERIFY_REJECTED
t1-0,proof_byte,115328,xor01_from5,VERIFY_REJECTED
t1-0,proof_byte,115392,xor01_from93,VERIFY_REJECTED
t1-0,proof_byte,115456,xor01_from129,VERIFY_REJECTED
t1-0,proof_byte,115520,xor01_from165,VERIFY_REJECTED
t1-0,proof_byte,115584,xor01_from26,VERIFY_REJECTED
t1-0,proof_byte,115648,xor01_from0,DESERIALIZE_REJECTED
t1-0,proof_byte,115712,xor01_from0,DESERIALIZE_REJECTED
t1-0,proof_byte,115776,xor01_from199,VERIFY_REJECTED
t1-0,proof_byte,115840,xor01_from130,VERIFY_REJECTED
t1-0,proof_byte,115904,xor01_from234,VERIFY_REJECTED
t1-0,proof_byte,115968,xor01_from164,VERIFY_REJECTED
t1-0,proof_byte,116032,xor01_from98,VERIFY_REJECTED
t1-0,proof_byte,116096,xor01_from0,DESERIALIZE_REJECTED
t1-0,proof_byte,116160,xor01_from19,VERIFY_REJECTED
t1-0,proof_byte,116224,xor01_from65,VERIFY_REJECTED
t1-0,proof_byte,116288,xor01_from218,VERIFY_REJECTED
t1-0,proof_byte,116352,xor01_from0,VERIFY_REJECTED
t1-0,proof_byte,116416,xor01_from0,VERIFY_PANIC
t1-0,proof_byte,116480,xor01_from0,VERIFY_REJECTED
t1-0,proof_byte,116544,xor01_from0,DESERIALIZE_REJECTED
t1-0,proof_byte,116608,xor01_from22,VERIFY_REJECTED
t1-0,proof_byte,116672,xor01_from2,DESERIALIZE_REJECTED
t1-0,proof_byte,116736,xor01_from225,VERIFY_REJECTED
t1-0,proof_byte,116800,xor01_from0,DESERIALIZE_REJECTED
t1-0,proof_byte,116864,xor01_from165,VERIFY_REJECTED
t1-0,proof_byte,116928,xor01_from136,VERIFY_REJECTED
t1-0,proof_byte,116992,xor01_from38,VERIFY_REJECTED
t1-0,proof_byte,117056,xor01_from173,VERIFY_REJECTED
t1-0,proof_byte,117120,xor01_from0,DESERIALIZE_REJECTED
t1-0,proof_byte,117184,xor01_from0,DESERIALIZE_REJECTED
t1-0,proof_byte,117248,xor01_from147,VERIFY_REJECTED
t1-0,proof_byte,117312,xor01_from148,VERIFY_REJECTED
t1-0,proof_byte,117376,xor01_from46,VERIFY_REJECTED
t1-0,proof_byte,117440,xor01_from138,VERIFY_REJECTED
t1-0,proof_byte,117504,xor01_from58,VERIFY_REJECTED
t1-0,proof_byte,117568,xor01_from92,VERIFY_REJECTED
t1-0,proof_byte,117632,xor01_from91,VERIFY_REJECTED
t1-0,proof_byte,117696,xor01_from0,DESERIALIZE_REJECTED
t1-0,proof_byte,117760,xor01_from28,VERIFY_REJECTED
t1-0,proof_byte,117824,xor01_from68,VERIFY_REJECTED
t1-0,proof_byte,117888,xor01_from72,VERIFY_REJECTED
t1-0,proof_byte,117952,xor01_from92,VERIFY_REJECTED
t1-0,proof_byte,118016,xor01_from109,VERIFY_REJECTED
t1-0,proof_byte,118080,xor01_from54,VERIFY_REJECTED
t1-0,proof_byte,118144,xor01_from126,VERIFY_REJECTED
t1-0,proof_byte,118208,xor01_from160,VERIFY_REJECTED
t1-0,proof_byte,118272,xor01_from0,DESERIALIZE_REJECTED
t1-0,proof_byte,118336,xor01_from144,VERIFY_REJECTED
t1-0,proof_byte,118400,xor01_from214,VERIFY_REJECTED
t1-0,proof_byte,118464,xor01_from236,VERIFY_REJECTED
t1-0,proof_byte,118528,xor01_from0,DESERIALIZE_REJECTED
t1-0,proof_byte,118592,xor01_from0,DESERIALIZE_REJECTED
t1-0,proof_byte,118656,xor01_from122,VERIFY_REJECTED
t1-0,proof_byte,118720,xor01_from211,VERIFY_REJECTED
t1-0,proof_byte,118784,xor01_from2,VERIFY_REJECTED
t1-0,proof_byte,118848,xor01_from222,VERIFY_REJECTED
t1-0,proof_byte,118912,xor01_from226,VERIFY_REJECTED
t1-0,proof_byte,118976,xor01_from6,VERIFY_REJECTED
t1-0,proof_byte,119040,xor01_from58,VERIFY_REJECTED
t1-0,proof_byte,119104,xor01_from95,VERIFY_REJECTED
t1-0,proof_byte,119168,xor01_from30,VERIFY_REJECTED
t1-0,proof_byte,119232,xor01_from0,DESERIALIZE_REJECTED
t1-0,proof_byte,119296,xor01_from145,VERIFY_REJECTED
t1-0,proof_byte,119360,xor01_from91,VERIFY_REJECTED
t1-0,proof_byte,119424,xor01_from82,VERIFY_REJECTED
t1-0,proof_byte,119488,xor01_from6,VERIFY_REJECTED
t1-0,proof_byte,119552,xor01_from87,VERIFY_REJECTED
t1-0,proof_byte,119616,xor01_from243,VERIFY_REJECTED
t1-0,proof_byte,119680,xor01_from221,VERIFY_REJECTED
t1-0,proof_byte,119744,xor01_from0,DESERIALIZE_REJECTED
t1-0,proof_byte,119808,xor01_from0,DESERIALIZE_REJECTED
t1-0,proof_byte,119872,xor01_from108,VERIFY_REJECTED
t1-0,proof_byte,119936,xor01_from182,VERIFY_REJECTED
t1-0,proof_byte,120000,xor01_from221,VERIFY_REJECTED
t1-0,proof_byte,120064,xor01_from108,VERIFY_REJECTED
t1-0,proof_byte,120128,xor01_from140,VERIFY_REJECTED
t1-0,proof_byte,120192,xor01_from225,VERIFY_REJECTED
t1-0,proof_byte,120256,xor01_from230,VERIFY_REJECTED
t1-0,proof_byte,120320,xor01_from0,DESERIALIZE_REJECTED
t1-0,proof_byte,120384,xor01_from11,VERIFY_REJECTED
t1-0,proof_byte,120448,xor01_from0,VERIFY_REJECTED
t1-0,proof_byte,120512,xor01_from243,VERIFY_REJECTED
t1-0,proof_byte,120576,xor01_from41,VERIFY_REJECTED
t1-0,proof_byte,120640,xor01_from0,DESERIALIZE_REJECTED
t1-0,proof_byte,120704,xor01_from0,DESERIALIZE_REJECTED
t1-0,proof_byte,120768,xor01_from208,VERIFY_REJECTED
t1-0,proof_byte,120832,xor01_from107,VERIFY_REJECTED
t1-0,proof_byte,120896,xor01_from209,VERIFY_REJECTED
t1-0,proof_byte,120960,xor01_from111,VERIFY_REJECTED
t1-0,proof_byte,121024,xor01_from136,VERIFY_REJECTED
t1-0,proof_byte,121088,xor01_from154,VERIFY_REJECTED
t1-0,proof_byte,121152,xor01_from228,VERIFY_REJECTED
t1-0,proof_byte,121216,xor01_from227,VERIFY_REJECTED
t1-0,proof_byte,121280,xor01_from43,VERIFY_REJECTED
t1-0,proof_byte,121344,xor01_from0,DESERIALIZE_REJECTED
t1-0,proof_byte,121408,xor01_from143,VERIFY_REJECTED
t1-0,proof_byte,121472,xor01_from206,VERIFY_REJECTED
t1-0,proof_byte,121536,xor01_from61,VERIFY_REJECTED
t1-0,proof_byte,121600,xor01_from5,VERIFY_REJECTED
t1-0,proof_byte,121664,xor01_from102,VERIFY_REJECTED
t1-0,proof_byte,121728,xor01_from94,VERIFY_REJECTED
t1-0,proof_byte,121792,xor01_from90,VERIFY_REJECTED
t1-0,proof_byte,121856,xor01_from0,DESERIALIZE_REJECTED
t1-0,proof_byte,121920,xor01_from0,DESERIALIZE_REJECTED
t1-0,proof_byte,121984,xor01_from248,VERIFY_REJECTED
t1-0,proof_byte,122048,xor01_from242,VERIFY_REJECTED
t1-0,proof_byte,122112,xor01_from99,VERIFY_REJECTED
t1-0,proof_byte,122176,xor01_from178,VERIFY_REJECTED
t1-0,proof_byte,122240,xor01_from83,VERIFY_REJECTED
t1-0,proof_byte,122304,xor01_from8,VERIFY_REJECTED
t1-0,proof_byte,122368,xor01_from124,VERIFY_REJECTED
t1-0,proof_byte,122432,xor01_from0,DESERIALIZE_REJECTED
t1-0,proof_byte,122496,xor01_from52,VERIFY_REJECTED
t1-0,proof_byte,122560,xor01_from87,VERIFY_REJECTED
t1-0,proof_byte,122624,xor01_from214,VERIFY_REJECTED
t1-0,proof_byte,122688,xor01_from37,VERIFY_REJECTED
t1-0,proof_byte,122752,xor01_from220,VERIFY_REJECTED
t1-0,proof_byte,122816,xor01_from26,VERIFY_REJECTED
t1-0,proof_byte,122880,xor01_from4,VERIFY_REJECTED
t1-0,proof_byte,122944,xor01_from0,DESERIALIZE_REJECTED
t1-0,proof_byte,123008,xor01_from207,VERIFY_REJECTED
t1-0,proof_byte,123072,xor01_from46,VERIFY_REJECTED
t1-0,proof_byte,123136,xor01_from236,VERIFY_REJECTED
t1-0,proof_byte,123200,xor01_from61,VERIFY_REJECTED
t1-0,proof_byte,123264,xor01_from153,VERIFY_REJECTED
t1-0,proof_byte,123328,xor01_from124,VERIFY_REJECTED
t1-0,proof_byte,123392,xor01_from10,VERIFY_REJECTED
t1-0,proof_byte,123456,xor01_from0,DESERIALIZE_REJECTED
t1-0,proof_byte,123520,xor01_from153,VERIFY_REJECTED
t1-0,proof_byte,123584,xor01_from198,VERIFY_REJECTED
t1-0,proof_byte,123648,xor01_from152,VERIFY_REJECTED
t1-0,proof_byte,123712,xor01_from208,VERIFY_REJECTED
t1-0,proof_byte,123776,xor01_from122,VERIFY_REJECTED
t1-0,proof_byte,123840,xor01_from85,VERIFY_REJECTED
t1-0,proof_byte,123904,xor01_from162,VERIFY_REJECTED
t1-0,proof_byte,123968,xor01_from0,DESERIALIZE_REJECTED
t1-0,proof_byte,124032,xor01_from133,VERIFY_REJECTED
t1-0,proof_byte,124096,xor01_from101,VERIFY_REJECTED
t1-0,proof_byte,124160,xor01_from112,VERIFY_REJECTED
t1-0,proof_byte,124224,xor01_from243,VERIFY_REJECTED
t1-0,proof_byte,124288,xor01_from231,VERIFY_REJECTED
t1-0,proof_byte,124352,xor01_from35,VERIFY_REJECTED
t1-0,proof_byte,124416,xor01_from0,DESERIALIZE_REJECTED
t1-0,proof_byte,124480,xor01_from0,DESERIALIZE_REJECTED
t1-0,proof_byte,124544,xor01_from48,VERIFY_REJECTED
t1-0,proof_byte,124608,xor01_from119,VERIFY_REJECTED
t1-0,proof_byte,124672,xor01_from43,VERIFY_REJECTED
t1-0,proof_byte,124736,xor01_from38,VERIFY_REJECTED
t1-0,proof_byte,124800,xor01_from70,VERIFY_REJECTED
t1-0,proof_byte,124864,xor01_from162,VERIFY_REJECTED
t1-0,proof_byte,124928,xor01_from0,DESERIALIZE_REJECTED
t1-0,proof_byte,124992,xor01_from226,VERIFY_REJECTED
t1-0,proof_byte,125056,xor01_from85,VERIFY_REJECTED
t1-0,proof_byte,125120,xor01_from241,VERIFY_REJECTED
t1-0,proof_byte,125184,xor01_from110,VERIFY_REJECTED
t1-0,proof_byte,125248,xor01_from249,VERIFY_REJECTED
t1-0,proof_byte,125312,xor01_from75,VERIFY_REJECTED
t1-0,proof_byte,125376,xor01_from156,VERIFY_REJECTED
t1-0,proof_byte,125440,xor01_from0,DESERIALIZE_REJECTED
t1-0,proof_byte,125504,xor01_from89,VERIFY_REJECTED
t1-0,proof_byte,125568,xor01_from79,VERIFY_REJECTED
t1-0,proof_byte,125632,xor01_from107,VERIFY_REJECTED
t1-0,proof_byte,125696,xor01_from44,VERIFY_REJECTED
t1-0,proof_byte,125760,xor01_from1,VERIFY_REJECTED
t1-0,proof_byte,125824,xor01_from238,VERIFY_REJECTED
t1-0,proof_byte,125888,xor01_from25,VERIFY_REJECTED
t1-0,proof_byte,125952,xor01_from0,DESERIALIZE_REJECTED
t1-0,proof_byte,126016,xor01_from196,VERIFY_REJECTED
t1-0,proof_byte,126080,xor01_from147,VERIFY_REJECTED
t1-0,proof_byte,126144,xor01_from86,VERIFY_REJECTED
t1-0,proof_byte,126208,xor01_from225,VERIFY_REJECTED
t1-0,proof_byte,126272,xor01_from77,VERIFY_REJECTED
t1-0,proof_byte,126336,xor01_from138,VERIFY_REJECTED
t1-0,proof_byte,126400,xor01_from0,DESERIALIZE_REJECTED
t1-0,proof_byte,126464,xor01_from30,VERIFY_REJECTED
t1-0,proof_byte,126528,xor01_from110,VERIFY_REJECTED
t1-0,proof_byte,126592,xor01_from52,VERIFY_REJECTED
t1-0,proof_byte,126656,xor01_from153,VERIFY_REJECTED
t1-0,proof_byte,126720,xor01_from171,VERIFY_REJECTED
t1-0,proof_byte,126784,xor01_from35,VERIFY_REJECTED
t1-0,proof_byte,126848,xor01_from234,VERIFY_REJECTED
t1-0,proof_byte,126912,xor01_from0,DESERIALIZE_REJECTED
t1-0,proof_byte,126976,xor01_from240,VERIFY_REJECTED
t1-0,proof_byte,127040,xor01_from115,VERIFY_REJECTED
t1-0,proof_byte,127104,xor01_from200,VERIFY_REJECTED
t1-0,proof_byte,127168,xor01_from104,VERIFY_REJECTED
t1-0,proof_byte,127232,xor01_from128,VERIFY_REJECTED
t1-0,proof_byte,127296,xor01_from38,VERIFY_REJECTED
t1-0,proof_byte,127360,xor01_from0,DESERIALIZE_REJECTED
t1-0,proof_byte,127424,xor01_from202,VERIFY_REJECTED
t1-0,proof_byte,127488,xor01_from0,DESERIALIZE_REJECTED
t1-0,proof_byte,127552,xor01_from215,VERIFY_REJECTED
t1-0,proof_byte,127616,xor01_from20,VERIFY_REJECTED
t1-0,proof_byte,127680,xor01_from219,VERIFY_REJECTED
t1-0,proof_byte,127744,xor01_from36,VERIFY_REJECTED
t1-0,proof_byte,127808,xor01_from0,DESERIALIZE_REJECTED
t1-0,proof_byte,127872,xor01_from139,VERIFY_REJECTED
t1-0,proof_byte,127936,xor01_from20,VERIFY_REJECTED
t1-0,proof_byte,128000,xor01_from181,VERIFY_REJECTED
t1-0,proof_byte,128064,xor01_from0,DESERIALIZE_REJECTED
t1-0,proof_byte,128128,xor01_from90,VERIFY_REJECTED
t1-0,proof_byte,128192,xor01_from240,VERIFY_REJECTED
t1-0,proof_byte,128256,xor01_from88,VERIFY_REJECTED
t1-0,proof_byte,128320,xor01_from59,VERIFY_REJECTED
t1-0,proof_byte,128384,xor01_from226,VERIFY_REJECTED
t1-0,proof_byte,128448,xor01_from115,VERIFY_REJECTED
t1-0,proof_byte,128512,xor01_from133,VERIFY_REJECTED
t1-0,proof_byte,128576,xor01_from205,VERIFY_REJECTED
t1-0,proof_byte,128640,xor01_from0,DESERIALIZE_REJECTED
t1-0,proof_byte,128704,xor01_from124,VERIFY_REJECTED
t1-0,proof_byte,128768,xor01_from249,VERIFY_REJECTED
t1-0,proof_byte,128832,xor01_from149,VERIFY_REJECTED
t1-0,proof_byte,128896,xor01_from231,VERIFY_REJECTED
t1-0,proof_byte,128960,xor01_from218,VERIFY_REJECTED
t1-0,proof_byte,129024,xor01_from184,VERIFY_REJECTED
t1-0,proof_byte,129088,xor01_from0,VERIFY_REJECTED
t1-0,proof_byte,129152,xor01_from0,VERIFY_REJECTED
t1-0,proof_byte,129216,xor01_from0,DESERIALIZE_REJECTED
t1-0,proof_byte,129280,xor01_from81,VERIFY_REJECTED
t1-0,proof_byte,129344,xor01_from0,DESERIALIZE_REJECTED
t1-0,proof_byte,129408,xor01_from191,VERIFY_REJECTED
t1-0,proof_byte,129472,xor01_from12,VERIFY_REJECTED
t1-0,proof_byte,129536,xor01_from33,VERIFY_REJECTED
t1-0,proof_byte,129600,xor01_from148,VERIFY_REJECTED
t1-0,proof_byte,129664,xor01_from0,DESERIALIZE_REJECTED
t1-0,proof_byte,129728,xor01_from0,DESERIALIZE_REJECTED
t1-0,proof_byte,129792,xor01_from4,VERIFY_REJECTED
t1-0,proof_byte,129856,xor01_from106,VERIFY_REJECTED
t1-0,proof_byte,129920,xor01_from157,VERIFY_REJECTED
t1-0,proof_byte,129984,xor01_from36,VERIFY_REJECTED
t1-0,proof_byte,130048,xor01_from148,VERIFY_REJECTED
t1-0,proof_byte,130112,xor01_from173,VERIFY_REJECTED
t1-0,proof_byte,130176,xor01_from224,VERIFY_REJECTED
t1-0,proof_byte,130240,xor01_from0,DESERIALIZE_REJECTED
t1-0,proof_byte,130304,xor01_from0,DESERIALIZE_REJECTED
t1-0,proof_byte,130368,xor01_from90,VERIFY_REJECTED
t1-0,proof_byte,130432,xor01_from8,VERIFY_REJECTED
t1-0,proof_byte,130496,xor01_from152,VERIFY_REJECTED
t1-0,proof_byte,130560,xor01_from246,VERIFY_REJECTED
t1-0,proof_byte,130624,xor01_from132,VERIFY_REJECTED
t1-0,proof_byte,130688,xor01_from206,VERIFY_REJECTED
t1-0,proof_byte,130752,xor01_from17,VERIFY_REJECTED
t1-0,proof_byte,130816,xor01_from42,VERIFY_REJECTED
t1-0,proof_byte,130880,xor01_from125,VERIFY_REJECTED
t1-0,proof_byte,130944,xor01_from0,DESERIALIZE_REJECTED
t1-0,proof_byte,131008,xor01_from88,VERIFY_REJECTED
t1-0,proof_byte,131072,xor01_from219,VERIFY_REJECTED
t1-0,proof_byte,131136,xor01_from66,VERIFY_REJECTED
t1-0,proof_byte,131200,xor01_from154,VERIFY_REJECTED
t1-0,proof_byte,131264,xor01_from10,VERIFY_REJECTED
t1-0,proof_byte,131328,xor01_from255,VERIFY_REJECTED
t1-0,proof_byte,131392,xor01_from35,VERIFY_REJECTED
t1-0,proof_byte,131456,xor01_from2,DESERIALIZE_REJECTED
t1-0,proof_byte,131520,xor01_from34,VERIFY_REJECTED
t1-0,proof_byte,131584,xor01_from0,DESERIALIZE_REJECTED
t1-0,proof_byte,131648,xor01_from252,VERIFY_REJECTED
t1-0,proof_byte,131712,xor01_from32,VERIFY_REJECTED
t1-0,proof_byte,131776,xor01_from183,VERIFY_REJECTED
t1-0,proof_byte,131840,xor01_from137,VERIFY_REJECTED
t1-0,proof_byte,131904,xor01_from0,DESERIALIZE_REJECTED
t1-0,proof_byte,131968,xor01_from0,DESERIALIZE_REJECTED
t1-0,proof_byte,132032,xor01_from219,VERIFY_REJECTED
t1-0,proof_byte,132096,xor01_from154,VERIFY_REJECTED
t1-0,proof_byte,132160,xor01_from114,VERIFY_REJECTED
t1-0,proof_byte,132224,xor01_from86,VERIFY_REJECTED
t1-0,proof_byte,132288,xor01_from246,VERIFY_REJECTED
t1-0,proof_byte,132352,xor01_from164,VERIFY_REJECTED
t1-0,proof_byte,132416,xor01_from113,VERIFY_REJECTED
t1-0,proof_byte,132480,xor01_from0,DESERIALIZE_REJECTED
t1-0,proof_byte,132544,xor01_from0,DESERIALIZE_REJECTED
t1-0,proof_byte,132608,xor01_from167,VERIFY_REJECTED
t1-0,proof_byte,132672,xor01_from49,VERIFY_REJECTED
t1-0,proof_byte,132736,xor01_from21,VERIFY_REJECTED
t1-0,proof_byte,132800,xor01_from224,VERIFY_REJECTED
t1-0,proof_byte,132864,xor01_from93,VERIFY_REJECTED
t1-0,proof_byte,132928,xor01_from18,VERIFY_REJECTED
t1-0,proof_byte,132992,xor01_from198,VERIFY_REJECTED
t1-0,proof_byte,133056,xor01_from0,DESERIALIZE_REJECTED
t1-0,proof_byte,133120,xor01_from132,VERIFY_REJECTED
t1-0,proof_byte,133184,xor01_from46,VERIFY_REJECTED
t1-0,proof_byte,133248,xor01_from85,VERIFY_REJECTED
t1-0,proof_byte,133312,xor01_from177,VERIFY_REJECTED
t1-0,proof_byte,133376,xor01_from50,VERIFY_REJECTED
t1-0,proof_byte,133440,xor01_from104,VERIFY_REJECTED
t1-0,proof_byte,133504,xor01_from124,VERIFY_REJECTED
t1-0,proof_byte,133568,xor01_from0,DESERIALIZE_REJECTED
t1-0,proof_byte,133632,xor01_from89,VERIFY_REJECTED
t1-0,proof_byte,133696,xor01_from238,VERIFY_REJECTED
t1-0,proof_byte,133760,xor01_from118,VERIFY_REJECTED
t1-0,proof_byte,133824,xor01_from213,VERIFY_REJECTED
t1-0,proof_byte,133888,xor01_from195,VERIFY_REJECTED
t1-0,proof_byte,133952,xor01_from112,VERIFY_REJECTED
t1-0,proof_byte,134016,xor01_from75,VERIFY_REJECTED
t1-0,proof_byte,134080,xor01_from0,DESERIALIZE_REJECTED
t1-0,proof_byte,134144,xor01_from148,VERIFY_REJECTED
t1-0,proof_byte,134208,xor01_from0,DESERIALIZE_REJECTED
t1-0,proof_byte,134272,xor01_from59,VERIFY_REJECTED
t1-0,proof_byte,134336,xor01_from212,VERIFY_REJECTED
t1-0,proof_byte,134400,xor01_from151,VERIFY_REJECTED
t1-0,proof_byte,134464,xor01_from10,VERIFY_REJECTED
t1-0,proof_byte,134528,xor01_from215,VERIFY_REJECTED
t1-0,proof_byte,134592,xor01_from150,VERIFY_REJECTED
t1-0,proof_byte,134656,xor01_from0,DESERIALIZE_REJECTED
t1-0,proof_byte,134720,xor01_from224,VERIFY_REJECTED
t1-0,proof_byte,134784,xor01_from0,DESERIALIZE_REJECTED
t1-0,proof_byte,134848,xor01_from224,VERIFY_REJECTED
t1-0,proof_byte,134912,xor01_from73,VERIFY_REJECTED
t1-0,proof_byte,134976,xor01_from226,VERIFY_REJECTED
t1-0,proof_byte,135040,xor01_from203,VERIFY_REJECTED
t1-0,proof_byte,135104,xor01_from167,VERIFY_REJECTED
t1-0,proof_byte,135168,xor01_from81,VERIFY_REJECTED
t1-0,proof_byte,135232,xor01_from122,VERIFY_REJECTED
t1-0,proof_byte,135296,xor01_from0,DESERIALIZE_REJECTED
t1-0,proof_byte,135360,xor01_from27,VERIFY_REJECTED
t1-0,proof_byte,135424,xor01_from181,VERIFY_REJECTED
t1-0,proof_byte,135488,xor01_from63,VERIFY_REJECTED
t1-0,proof_byte,135552,xor01_from126,VERIFY_REJECTED
t1-0,proof_byte,135616,xor01_from121,VERIFY_REJECTED
t1-0,proof_byte,135680,xor01_from202,VERIFY_REJECTED
t1-0,proof_byte,135744,xor01_from61,VERIFY_REJECTED
t1-0,proof_byte,135808,xor01_from185,VERIFY_REJECTED
t1-0,proof_byte,135872,xor01_from9,VERIFY_REJECTED
t1-0,proof_byte,135936,xor01_from99,VERIFY_REJECTED
t1-0,proof_byte,136000,xor01_from146,VERIFY_REJECTED
t1-0,proof_byte,136064,xor01_from59,VERIFY_REJECTED
t1-0,proof_byte,136128,xor01_from35,VERIFY_REJECTED
t1-0,proof_byte,136192,xor01_from0,DESERIALIZE_REJECTED
t1-0,proof_byte,136256,xor01_from0,DESERIALIZE_REJECTED
t1-0,proof_byte,136320,xor01_from45,VERIFY_REJECTED
t1-0,proof_byte,136384,xor01_from177,VERIFY_REJECTED
t1-0,proof_byte,136448,xor01_from48,VERIFY_REJECTED
t1-0,proof_byte,136512,xor01_from36,VERIFY_REJECTED
t1-0,proof_byte,136576,xor01_from182,VERIFY_REJECTED
t1-0,proof_byte,136640,xor01_from109,VERIFY_REJECTED
t1-0,proof_byte,136704,xor01_from119,VERIFY_REJECTED
t1-0,proof_byte,136768,xor01_from0,DESERIALIZE_REJECTED
t1-0,proof_byte,136832,xor01_from233,VERIFY_REJECTED
t1-0,proof_byte,136896,xor01_from235,VERIFY_REJECTED
t1-0,proof_byte,136960,xor01_from30,VERIFY_REJECTED
t1-0,proof_byte,137024,xor01_from152,VERIFY_REJECTED
t1-0,proof_byte,137088,xor01_from148,VERIFY_REJECTED
t1-0,proof_byte,137152,xor01_from226,VERIFY_REJECTED
t1-0,proof_byte,137216,xor01_from192,VERIFY_REJECTED
t1-0,proof_byte,137280,xor01_from0,DESERIALIZE_REJECTED
t1-0,proof_byte,137344,xor01_from0,DESERIALIZE_REJECTED
t1-0,proof_byte,137408,xor01_from156,VERIFY_REJECTED
t1-0,proof_byte,137472,xor01_from249,VERIFY_REJECTED
t1-0,proof_byte,137536,xor01_from85,VERIFY_REJECTED
t1-0,proof_byte,137600,xor01_from104,VERIFY_REJECTED
t1-0,proof_byte,137664,xor01_from169,VERIFY_REJECTED
t1-0,proof_byte,137728,xor01_from14,VERIFY_REJECTED
t1-0,proof_byte,137792,xor01_from106,VERIFY_REJECTED
t1-0,proof_byte,137856,xor01_from0,DESERIALIZE_REJECTED
t1-0,proof_byte,137920,xor01_from219,VERIFY_REJECTED
t1-0,proof_byte,137984,xor01_from2,VERIFY_REJECTED
t1-0,proof_byte,138048,xor01_from53,VERIFY_REJECTED
t1-0,proof_byte,138112,xor01_from2,VERIFY_REJECTED
t1-0,proof_byte,138176,xor01_from108,VERIFY_REJECTED
t1-0,proof_byte,138240,xor01_from33,VERIFY_REJECTED
t1-0,proof_byte,138304,xor01_from244,VERIFY_REJECTED
t1-0,proof_byte,138368,xor01_from0,DESERIALIZE_REJECTED
t1-0,proof_byte,138432,xor01_from22,VERIFY_REJECTED
t1-0,proof_byte,138496,xor01_from199,VERIFY_REJECTED
t1-0,proof_byte,138560,xor01_from61,VERIFY_REJECTED
t1-0,proof_byte,138624,xor01_from79,VERIFY_REJECTED
t1-0,proof_byte,138688,xor01_from134,VERIFY_REJECTED
t1-0,proof_byte,138752,xor01_from120,VERIFY_REJECTED
t1-0,proof_byte,138816,xor01_from0,DESERIALIZE_REJECTED
t1-0,proof_byte,138880,xor01_from0,DESERIALIZE_REJECTED
t1-0,proof_byte,138944,xor01_from255,VERIFY_REJECTED
t1-0,proof_byte,139008,xor01_from160,VERIFY_REJECTED
t1-0,proof_byte,139072,xor01_from114,VERIFY_REJECTED
t1-0,proof_byte,139136,xor01_from85,VERIFY_REJECTED
t1-0,proof_byte,139200,xor01_from221,VERIFY_REJECTED
t1-0,proof_byte,139264,xor01_from96,VERIFY_REJECTED
t1-0,proof_byte,139328,xor01_from0,DESERIALIZE_REJECTED
t1-0,proof_byte,139392,xor01_from105,VERIFY_REJECTED
t1-0,proof_byte,139456,xor01_from179,VERIFY_REJECTED
t1-0,proof_byte,139520,xor01_from66,VERIFY_REJECTED
t1-0,proof_byte,139584,xor01_from7,VERIFY_REJECTED
t1-0,proof_byte,139648,xor01_from104,VERIFY_REJECTED
t1-0,proof_byte,139712,xor01_from155,VERIFY_REJECTED
t1-0,proof_byte,139776,xor01_from95,VERIFY_REJECTED
t1-0,proof_byte,139840,xor01_from0,DESERIALIZE_REJECTED
t1-0,proof_byte,139904,xor01_from88,VERIFY_REJECTED
t1-0,proof_byte,139968,xor01_from242,VERIFY_REJECTED
t1-0,proof_byte,140032,xor01_from139,VERIFY_REJECTED
t1-0,proof_byte,140096,xor01_from10,VERIFY_REJECTED
t1-0,proof_byte,140160,xor01_from79,VERIFY_REJECTED
t1-0,proof_byte,140224,xor01_from83,VERIFY_REJECTED
t1-0,proof_byte,140288,xor01_from19,VERIFY_REJECTED
t1-0,proof_byte,140352,xor01_from0,DESERIALIZE_REJECTED
t1-0,proof_byte,140416,xor01_from49,VERIFY_REJECTED
t1-0,proof_byte,140480,xor01_from89,VERIFY_REJECTED
t1-0,proof_byte,140544,xor01_from187,VERIFY_REJECTED
t1-0,proof_byte,140608,xor01_from187,VERIFY_REJECTED
t1-0,proof_byte,140672,xor01_from89,VERIFY_REJECTED
t1-0,proof_byte,140736,xor01_from75,VERIFY_REJECTED
t1-0,proof_byte,140800,xor01_from0,DESERIALIZE_REJECTED
t1-0,proof_byte,140864,xor01_from0,DESERIALIZE_REJECTED
t1-0,proof_byte,140928,xor01_from31,VERIFY_REJECTED
t1-0,proof_byte,140992,xor01_from146,VERIFY_REJECTED
t1-0,proof_byte,141056,xor01_from248,VERIFY_REJECTED
t1-0,proof_byte,141120,xor01_from88,VERIFY_REJECTED
t1-0,proof_byte,141184,xor01_from19,VERIFY_REJECTED
t1-0,proof_byte,141248,xor01_from228,VERIFY_REJECTED
t1-0,proof_byte,141312,xor01_from0,DESERIALIZE_REJECTED
t1-0,proof_byte,141376,xor01_from206,VERIFY_REJECTED
t1-0,proof_byte,141440,xor01_from61,VERIFY_REJECTED
t1-0,proof_byte,141504,xor01_from157,VERIFY_REJECTED
t1-0,proof_byte,141568,xor01_from169,VERIFY_REJECTED
t1-0,proof_byte,141632,xor01_from135,VERIFY_REJECTED
t1-0,proof_byte,141696,xor01_from203,VERIFY_REJECTED
t1-0,proof_byte,141760,xor01_from92,VERIFY_REJECTED
t1-0,proof_byte,141824,xor01_from0,DESERIALIZE_REJECTED
t1-0,proof_byte,141888,xor01_from117,VERIFY_REJECTED
t1-0,proof_byte,141952,xor01_from179,VERIFY_REJECTED
t1-0,proof_byte,142016,xor01_from7,VERIFY_REJECTED
t1-0,proof_byte,142080,xor01_from19,VERIFY_REJECTED
t1-0,proof_byte,142144,xor01_from165,VERIFY_REJECTED
t1-0,proof_byte,142208,xor01_from47,VERIFY_REJECTED
t1-0,proof_byte,142272,xor01_from0,DESERIALIZE_REJECTED
t1-0,proof_byte,142336,xor01_from74,VERIFY_REJECTED
t1-0,proof_byte,142400,xor01_from221,VERIFY_REJECTED
t1-0,proof_byte,142464,xor01_from130,VERIFY_REJECTED
t1-0,proof_byte,142528,xor01_from154,VERIFY_REJECTED
t1-0,proof_byte,142592,xor01_from203,VERIFY_REJECTED
t1-0,proof_byte,142656,xor01_from147,VERIFY_REJECTED
t1-0,proof_byte,142720,xor01_from178,VERIFY_REJECTED
t1-0,proof_byte,142784,xor01_from0,DESERIALIZE_REJECTED
t1-0,proof_byte,142848,xor01_from247,VERIFY_REJECTED
t1-0,proof_byte,142912,xor01_from34,VERIFY_REJECTED
t1-0,proof_byte,142976,xor01_from47,VERIFY_REJECTED
t1-0,proof_byte,143040,xor01_from53,VERIFY_REJECTED
t1-0,proof_byte,143104,xor01_from202,VERIFY_REJECTED
t1-0,proof_byte,143168,xor01_from82,VERIFY_REJECTED
t1-0,proof_byte,143232,xor01_from0,DESERIALIZE_REJECTED
t1-0,proof_byte,143296,xor01_from228,VERIFY_REJECTED
t1-0,proof_byte,143360,xor01_from17,VERIFY_REJECTED
t1-0,proof_byte,143424,xor01_from162,VERIFY_REJECTED
t1-0,proof_byte,143488,xor01_from117,VERIFY_REJECTED
t1-0,proof_byte,143552,xor01_from12,VERIFY_REJECTED
t1-0,proof_byte,143616,xor01_from202,VERIFY_REJECTED
t1-0,proof_byte,143680,xor01_from190,VERIFY_REJECTED
t1-0,proof_byte,143744,xor01_from0,DESERIALIZE_REJECTED
t1-0,proof_byte,143808,xor01_from115,VERIFY_REJECTED
t1-0,proof_byte,143872,xor01_from117,VERIFY_REJECTED
t1-0,proof_byte,143936,xor01_from181,VERIFY_REJECTED
t1-0,proof_byte,144000,xor01_from56,VERIFY_REJECTED
t1-0,proof_byte,144064,xor01_from222,VERIFY_REJECTED
t1-0,proof_byte,144128,xor01_from120,VERIFY_REJECTED
t1-0,proof_byte,144192,xor01_from0,DESERIALIZE_REJECTED
t1-0,proof_byte,144256,xor01_from209,VERIFY_REJECTED
t1-0,proof_byte,144320,xor01_from68,VERIFY_REJECTED
t1-0,proof_byte,144384,xor01_from139,VERIFY_REJECTED
t1-0,proof_byte,144448,xor01_from206,VERIFY_REJECTED
t1-0,proof_byte,144512,xor01_from229,VERIFY_REJECTED
t1-0,proof_byte,144576,xor01_from91,VERIFY_REJECTED
t1-0,proof_byte,144640,xor01_from84,VERIFY_REJECTED
t1-0,proof_byte,144704,xor01_from0,DESERIALIZE_REJECTED
t1-0,proof_byte,144768,xor01_from226,VERIFY_REJECTED
t1-0,proof_byte,144832,xor01_from112,VERIFY_REJECTED
t1-0,proof_byte,144896,xor01_from62,VERIFY_REJECTED
t1-0,proof_byte,144960,xor01_from15,VERIFY_REJECTED
t1-0,proof_byte,145024,xor01_from173,VERIFY_REJECTED
t1-0,proof_byte,145088,xor01_from181,VERIFY_REJECTED
t1-0,proof_byte,145152,xor01_from0,DESERIALIZE_REJECTED
t1-0,proof_byte,145216,xor01_from95,VERIFY_REJECTED
t1-0,proof_byte,145280,xor01_from12,VERIFY_REJECTED
t1-0,proof_byte,145344,xor01_from146,VERIFY_REJECTED
t1-0,proof_byte,145408,xor01_from197,VERIFY_REJECTED
t1-0,proof_byte,145472,xor01_from97,VERIFY_REJECTED
t1-0,proof_byte,145536,xor01_from177,VERIFY_REJECTED
t1-0,proof_byte,145600,xor01_from133,VERIFY_REJECTED
t1-0,proof_byte,145664,xor01_from0,DESERIALIZE_REJECTED
t1-0,proof_byte,145728,xor01_from36,VERIFY_REJECTED
t1-0,proof_byte,145792,xor01_from151,VERIFY_REJECTED
t1-0,proof_byte,145856,xor01_from181,VERIFY_REJECTED
t1-0,proof_byte,145920,xor01_from151,VERIFY_REJECTED
t1-0,proof_byte,145984,xor01_from140,VERIFY_REJECTED
t1-0,proof_byte,146048,xor01_from88,VERIFY_REJECTED
t1-0,proof_byte,146112,xor01_from0,DESERIALIZE_REJECTED
t1-0,proof_byte,146176,xor01_from245,VERIFY_REJECTED
t1-0,proof_byte,146240,xor01_from175,VERIFY_REJECTED
t1-0,proof_byte,146304,xor01_from6,VERIFY_REJECTED
t1-0,proof_byte,146368,xor01_from74,VERIFY_REJECTED
t1-0,proof_byte,146432,xor01_from251,VERIFY_REJECTED
t1-0,proof_byte,146496,xor01_from107,VERIFY_REJECTED
t1-0,proof_byte,146560,xor01_from114,VERIFY_REJECTED
t1-0,proof_byte,146624,xor01_from0,DESERIALIZE_REJECTED
t1-0,proof_byte,146688,xor01_from105,VERIFY_REJECTED
t1-0,proof_byte,146752,xor01_from118,VERIFY_REJECTED
t1-0,proof_byte,146816,xor01_from17,VERIFY_REJECTED
t1-0,proof_byte,146880,xor01_from105,VERIFY_REJECTED
t1-0,proof_byte,146944,xor01_from49,VERIFY_REJECTED
t1-0,proof_byte,147008,xor01_from201,VERIFY_REJECTED
t1-0,proof_byte,147072,xor01_from0,DESERIALIZE_REJECTED
t1-0,proof_byte,147136,xor01_from248,VERIFY_REJECTED
t1-0,proof_byte,147200,xor01_from47,VERIFY_REJECTED
t1-0,proof_byte,147264,xor01_from196,VERIFY_REJECTED
t1-0,proof_byte,147328,xor01_from219,VERIFY_REJECTED
t1-0,proof_byte,147392,xor01_from186,VERIFY_REJECTED
t1-0,proof_byte,147456,xor01_from157,VERIFY_REJECTED
t1-0,proof_byte,147520,xor01_from0,DESERIALIZE_REJECTED
t1-0,proof_byte,147584,xor01_from0,DESERIALIZE_REJECTED
t1-0,proof_byte,147648,xor01_from164,VERIFY_REJECTED
t1-0,proof_byte,147712,xor01_from0,DESERIALIZE_REJECTED
t1-0,proof_byte,147776,xor01_from22,VERIFY_REJECTED
t1-0,proof_byte,147840,xor01_from61,VERIFY_REJECTED
t1-0,proof_byte,147904,xor01_from13,VERIFY_REJECTED
t1-0,proof_byte,147968,xor01_from61,VERIFY_REJECTED
t1-0,proof_byte,148032,xor01_from0,DESERIALIZE_REJECTED
t1-0,proof_byte,148096,xor01_from151,VERIFY_REJECTED
t1-0,proof_byte,148160,xor01_from8,VERIFY_REJECTED
t1-0,proof_byte,148224,xor01_from115,VERIFY_REJECTED
t1-0,proof_byte,148288,xor01_from107,VERIFY_REJECTED
t1-0,proof_byte,148352,xor01_from13,VERIFY_REJECTED
t1-0,proof_byte,148416,xor01_from51,VERIFY_REJECTED
t1-0,proof_byte,148480,xor01_from0,DESERIALIZE_REJECTED
t1-0,proof_byte,148544,xor01_from220,VERIFY_REJECTED
t1-0,proof_byte,148608,xor01_from54,VERIFY_REJECTED
t1-0,proof_byte,148672,xor01_from86,VERIFY_REJECTED
t1-0,proof_byte,148736,xor01_from94,VERIFY_REJECTED
t1-0,proof_byte,148800,xor01_from0,DESERIALIZE_REJECTED
t1-0,proof_byte,148864,xor01_from218,VERIFY_REJECTED
t1-0,proof_byte,148928,xor01_from85,VERIFY_REJECTED
t1-0,proof_byte,148992,xor01_from13,VERIFY_REJECTED
t1-0,proof_byte,149056,xor01_from0,DESERIALIZE_REJECTED
t1-0,proof_byte,149120,xor01_from158,VERIFY_REJECTED
t1-0,proof_byte,149184,xor01_from30,VERIFY_REJECTED
t1-0,proof_byte,149248,xor01_from199,VERIFY_REJECTED
t1-0,proof_byte,149312,xor01_from129,VERIFY_REJECTED
t1-0,proof_byte,149376,xor01_from68,VERIFY_REJECTED
t1-0,proof_byte,149440,xor01_from51,VERIFY_REJECTED
t1-0,proof_byte,149504,xor01_from18,VERIFY_REJECTED
t1-0,proof_byte,149568,xor01_from180,VERIFY_REJECTED
t1-0,proof_byte,149632,xor01_from0,DESERIALIZE_REJECTED
t1-0,proof_byte,149696,xor01_from42,VERIFY_REJECTED
t1-0,proof_byte,149760,xor01_from22,VERIFY_REJECTED
t1-0,proof_byte,149824,xor01_from112,VERIFY_REJECTED
t1-0,proof_byte,149888,xor01_from11,VERIFY_REJECTED
t1-0,proof_byte,149952,xor01_from118,VERIFY_REJECTED
t1-0,proof_byte,150016,xor01_from180,VERIFY_REJECTED
t1-0,proof_byte,150080,xor01_from76,VERIFY_REJECTED
t1-0,proof_byte,150144,xor01_from221,VERIFY_REJECTED
t1-0,proof_byte,150208,xor01_from0,DESERIALIZE_REJECTED
t1-0,proof_byte,150272,xor01_from182,VERIFY_REJECTED
t1-0,proof_byte,150336,xor01_from149,VERIFY_REJECTED
t1-0,proof_byte,150400,xor01_from38,VERIFY_REJECTED
t1-0,proof_byte,150464,xor01_from55,VERIFY_REJECTED
t1-0,proof_byte,150528,xor01_from2,DESERIALIZE_REJECTED
t1-0,proof_byte,150592,xor01_from117,VERIFY_REJECTED
t1-0,proof_byte,150656,xor01_from70,VERIFY_REJECTED
t1-0,proof_byte,150720,xor01_from0,DESERIALIZE_REJECTED
t1-0,proof_byte,150784,xor01_from0,DESERIALIZE_REJECTED
t1-0,proof_byte,150848,xor01_from0,DESERIALIZE_REJECTED
t1-0,proof_byte,150912,xor01_from0,DESERIALIZE_REJECTED
t1-0,proof_byte,150976,xor01_from132,VERIFY_REJECTED
t1-0,proof_byte,151040,xor01_from200,VERIFY_REJECTED
t1-0,proof_byte,151104,xor01_from150,VERIFY_REJECTED
t1-0,proof_byte,151168,xor01_from197,VERIFY_REJECTED
t1-0,proof_byte,151232,xor01_from54,VERIFY_REJECTED
t1-0,proof_byte,151296,xor01_from9,VERIFY_REJECTED
t1-0,proof_byte,151360,xor01_from204,VERIFY_REJECTED
t1-0,proof_byte,151424,xor01_from154,VERIFY_REJECTED
t1-0,proof_byte,151488,xor01_from0,DESERIALIZE_REJECTED
t1-0,proof_byte,151552,xor01_from12,VERIFY_REJECTED
t1-0,proof_byte,151616,xor01_from56,VERIFY_REJECTED
t1-0,proof_byte,151680,xor01_from183,VERIFY_REJECTED
t1-0,proof_byte,151744,xor01_from84,VERIFY_REJECTED
t1-0,proof_byte,151808,xor01_from60,VERIFY_REJECTED
t1-0,proof_byte,151872,xor01_from224,VERIFY_REJECTED
t1-0,proof_byte,151936,xor01_from182,VERIFY_REJECTED
t1-0,proof_byte,152000,xor01_from163,VERIFY_REJECTED
t1-0,proof_byte,152064,xor01_from0,DESERIALIZE_REJECTED
t1-0,proof_byte,152128,xor01_from255,VERIFY_REJECTED
t1-0,proof_byte,152192,xor01_from209,VERIFY_REJECTED
t1-0,proof_byte,152256,xor01_from199,VERIFY_REJECTED
t1-0,proof_byte,152320,xor01_from135,VERIFY_REJECTED
t1-0,proof_byte,152384,xor01_from200,VERIFY_REJECTED
t1-0,proof_byte,152448,xor01_from203,VERIFY_REJECTED
t1-0,proof_byte,152512,xor01_from236,VERIFY_REJECTED
t1-0,proof_byte,152576,xor01_from0,DESERIALIZE_REJECTED
t1-0,proof_byte,152640,xor01_from180,VERIFY_REJECTED
t1-0,proof_byte,152704,xor01_from134,VERIFY_REJECTED
t1-0,proof_byte,152768,xor01_from157,VERIFY_REJECTED
t1-0,proof_byte,152832,xor01_from140,VERIFY_REJECTED
t1-0,proof_byte,152896,xor01_from121,VERIFY_REJECTED
t1-0,proof_byte,152960,xor01_from135,VERIFY_REJECTED
t1-0,proof_byte,153024,xor01_from117,VERIFY_REJECTED
t1-0,proof_byte,153088,xor01_from0,DESERIALIZE_REJECTED
t1-0,proof_byte,153152,xor01_from190,VERIFY_REJECTED
t1-0,proof_byte,153216,xor01_from241,VERIFY_REJECTED
t1-0,proof_byte,153280,xor01_from95,VERIFY_REJECTED
t1-0,proof_byte,153344,xor01_from238,VERIFY_REJECTED
t1-0,proof_byte,153408,xor01_from144,VERIFY_REJECTED
t1-0,proof_byte,153472,xor01_from192,VERIFY_REJECTED
t1-0,proof_byte,153536,xor01_from31,VERIFY_REJECTED
t1-0,proof_byte,153600,xor01_from0,DESERIALIZE_REJECTED
t1-0,proof_byte,153664,xor01_from181,VERIFY_REJECTED
t1-0,proof_byte,153728,xor01_from132,VERIFY_REJECTED
t1-0,proof_byte,153792,xor01_from124,VERIFY_REJECTED
t1-0,proof_byte,153856,xor01_from52,VERIFY_REJECTED
t1-0,proof_byte,153920,xor01_from204,VERIFY_REJECTED
t1-0,proof_byte,153984,xor01_from198,VERIFY_REJECTED
t1-0,proof_byte,154048,xor01_from159,VERIFY_REJECTED
t1-0,proof_byte,154112,xor01_from0,DESERIALIZE_REJECTED
t1-0,proof_byte,154176,xor01_from204,VERIFY_REJECTED
t1-0,proof_byte,154240,xor01_from190,VERIFY_REJECTED
t1-0,proof_byte,154304,xor01_from31,VERIFY_REJECTED
t1-0,proof_byte,154368,xor01_from20,VERIFY_REJECTED
t1-0,proof_byte,154432,xor01_from134,VERIFY_REJECTED
t1-0,proof_byte,154496,xor01_from170,VERIFY_REJECTED
t1-0,proof_byte,154560,xor01_from25,VERIFY_REJECTED
t1-0,proof_byte,154624,xor01_from0,DESERIALIZE_REJECTED
t1-0,proof_byte,154688,xor01_from151,VERIFY_REJECTED
t1-0,proof_byte,154752,xor01_from36,VERIFY_REJECTED
t1-0,proof_byte,154816,xor01_from252,VERIFY_REJECTED
t1-0,proof_byte,154880,xor01_from80,VERIFY_REJECTED
t1-0,proof_byte,154944,xor01_from10,VERIFY_REJECTED
t1-0,proof_byte,155008,xor01_from49,VERIFY_REJECTED
t1-0,proof_byte,155072,xor01_from0,DESERIALIZE_REJECTED
t1-0,proof_byte,155136,xor01_from76,VERIFY_REJECTED
t1-0,proof_byte,155200,xor01_from254,VERIFY_REJECTED
t1-0,proof_byte,155264,xor01_from243,VERIFY_REJECTED
t1-0,proof_byte,155328,xor01_from227,VERIFY_REJECTED
t1-0,proof_byte,155392,xor01_from89,VERIFY_REJECTED
t1-0,proof_byte,155456,xor01_from126,VERIFY_REJECTED
t1-0,proof_byte,155520,xor01_from208,VERIFY_REJECTED
t1-0,proof_byte,155584,xor01_from0,DESERIALIZE_REJECTED
t1-0,proof_byte,155648,xor01_from254,VERIFY_REJECTED
t1-0,proof_byte,155712,xor01_from199,VERIFY_REJECTED
t1-0,proof_byte,155776,xor01_from9,VERIFY_REJECTED
t1-0,proof_byte,155840,xor01_from214,VERIFY_REJECTED
t1-0,proof_byte,155904,xor01_from177,VERIFY_REJECTED
t1-0,proof_byte,155968,xor01_from159,VERIFY_REJECTED
t1-0,proof_byte,156032,xor01_from13,VERIFY_REJECTED
t1-0,proof_byte,156096,xor01_from0,DESERIALIZE_REJECTED
t1-0,proof_byte,156160,xor01_from55,VERIFY_REJECTED
t1-0,proof_byte,156224,xor01_from24,VERIFY_REJECTED
t1-0,proof_byte,156288,xor01_from96,VERIFY_REJECTED
t1-0,proof_byte,156352,xor01_from148,VERIFY_REJECTED
t1-0,proof_byte,156416,xor01_from44,VERIFY_REJECTED
t1-0,proof_byte,156480,xor01_from144,VERIFY_REJECTED
t1-0,proof_byte,156544,xor01_from0,DESERIALIZE_REJECTED
t1-0,proof_byte,156608,xor01_from250,VERIFY_REJECTED
t1-0,proof_byte,156672,xor01_from26,VERIFY_REJECTED
t1-0,proof_byte,156736,xor01_from50,VERIFY_REJECTED
t1-0,proof_byte,156800,xor01_from189,VERIFY_REJECTED
t1-0,proof_byte,156864,xor01_from227,VERIFY_REJECTED
t1-0,proof_byte,156928,xor01_from22,VERIFY_REJECTED
t1-0,proof_byte,156992,xor01_from203,VERIFY_REJECTED
t1-0,proof_byte,157056,xor01_from0,DESERIALIZE_REJECTED
t1-0,proof_byte,157120,xor01_from219,VERIFY_REJECTED
t1-0,proof_byte,157184,xor01_from67,VERIFY_REJECTED
t1-0,proof_byte,157248,xor01_from142,VERIFY_REJECTED
t1-0,proof_byte,157312,xor01_from133,VERIFY_REJECTED
t1-0,proof_byte,157376,xor01_from74,VERIFY_REJECTED
t1-0,proof_byte,157440,xor01_from191,VERIFY_REJECTED
t1-0,proof_byte,157504,xor01_from0,DESERIALIZE_REJECTED
t1-0,proof_byte,157568,xor01_from0,DESERIALIZE_REJECTED
t1-0,proof_byte,157632,xor01_from102,VERIFY_REJECTED
t1-0,proof_byte,157696,xor01_from0,DESERIALIZE_REJECTED
t1-0,proof_byte,157760,xor01_from108,VERIFY_REJECTED
t1-0,proof_byte,157824,xor01_from217,VERIFY_REJECTED
t1-0,proof_byte,157888,xor01_from51,VERIFY_REJECTED
t1-0,proof_byte,157952,xor01_from116,VERIFY_REJECTED
t1-0,proof_byte,158016,xor01_from0,DESERIALIZE_REJECTED
t1-0,proof_byte,158080,xor01_from206,VERIFY_REJECTED
t1-0,proof_byte,158144,xor01_from0,DESERIALIZE_REJECTED
t1-0,proof_byte,158208,xor01_from111,VERIFY_REJECTED
t1-0,proof_byte,158272,xor01_from128,VERIFY_REJECTED
t1-0,proof_byte,158336,xor01_from254,VERIFY_REJECTED
t1-0,proof_byte,158400,xor01_from182,VERIFY_REJECTED
t1-0,proof_byte,158464,xor01_from0,DESERIALIZE_REJECTED
t1-0,proof_byte,158528,xor01_from235,VERIFY_REJECTED
t1-0,proof_byte,158592,xor01_from200,VERIFY_REJECTED
t1-0,proof_byte,158656,xor01_from68,VERIFY_REJECTED
t1-0,proof_byte,158720,xor01_from192,VERIFY_REJECTED
t1-0,proof_byte,158784,xor01_from0,DESERIALIZE_REJECTED
t1-0,proof_byte,158848,xor01_from155,VERIFY_REJECTED
t1-0,proof_byte,158912,xor01_from40,VERIFY_REJECTED
t1-0,proof_byte,158976,xor01_from221,VERIFY_REJECTED
t1-0,proof_byte,159040,xor01_from200,VERIFY_REJECTED
t1-0,proof_byte,159104,xor01_from134,VERIFY_REJECTED
t1-0,proof_byte,159168,xor01_from104,VERIFY_REJECTED
t1-0,proof_byte,159232,xor01_from108,VERIFY_REJECTED
t1-0,proof_byte,159296,xor01_from32,VERIFY_REJECTED
t1-0,proof_byte,159360,xor01_from0,DESERIALIZE_REJECTED
t1-0,proof_byte,159424,xor01_from230,VERIFY_REJECTED
t1-0,proof_byte,159488,xor01_from7,VERIFY_REJECTED
t1-0,proof_byte,159552,xor01_from83,VERIFY_REJECTED
t1-0,proof_byte,159616,xor01_from83,VERIFY_REJECTED
t1-0,proof_byte,159680,xor01_from0,VERIFY_REJECTED
t1-0,proof_byte,159744,xor01_from0,DESERIALIZE_REJECTED
t1-0,proof_byte,159808,xor01_from108,VERIFY_REJECTED
t1-0,proof_byte,159872,xor01_from141,VERIFY_REJECTED
t1-0,proof_byte,159936,xor01_from0,DESERIALIZE_REJECTED
t1-0,proof_byte,160000,xor01_from0,DESERIALIZE_REJECTED
t1-0,proof_byte,160064,xor01_from0,DESERIALIZE_REJECTED
t1-0,proof_byte,160128,xor01_from0,DESERIALIZE_REJECTED
t1-0,proof_byte,160192,xor01_from144,VERIFY_REJECTED
t1-0,proof_byte,160256,xor01_from91,VERIFY_REJECTED
t1-0,proof_byte,160320,xor01_from26,VERIFY_REJECTED
t1-0,proof_byte,160384,xor01_from11,VERIFY_REJECTED
t1-0,proof_byte,160448,xor01_from60,VERIFY_REJECTED
t1-0,proof_byte,160512,xor01_from223,VERIFY_REJECTED
t1-0,proof_byte,160576,xor01_from196,VERIFY_REJECTED
t1-0,proof_byte,160640,xor01_from123,VERIFY_REJECTED
t1-0,proof_byte,160704,xor01_from0,DESERIALIZE_REJECTED
t1-0,proof_byte,160768,xor01_from243,VERIFY_REJECTED
t1-0,proof_byte,160832,xor01_from10,VERIFY_REJECTED
t1-0,proof_byte,160896,xor01_from47,VERIFY_REJECTED
t1-0,proof_byte,160960,xor01_from152,VERIFY_REJECTED
t1-0,proof_byte,161024,xor01_from132,VERIFY_REJECTED
t1-0,proof_byte,161088,xor01_from165,VERIFY_REJECTED
t1-0,proof_byte,161152,xor01_from90,VERIFY_REJECTED
t1-0,proof_byte,161216,xor01_from38,VERIFY_REJECTED
t1-0,proof_byte,161280,xor01_from0,DESERIALIZE_REJECTED
t1-0,proof_byte,161344,xor01_from65,VERIFY_REJECTED
t1-0,proof_byte,161408,xor01_from241,VERIFY_REJECTED
t1-0,proof_byte,161472,xor01_from76,VERIFY_REJECTED
t1-0,proof_byte,161536,xor01_from88,VERIFY_REJECTED
t1-0,proof_byte,161600,xor01_from75,VERIFY_REJECTED
t1-0,proof_byte,161664,xor01_from225,VERIFY_REJECTED
t1-0,proof_byte,161728,xor01_from250,VERIFY_REJECTED
t1-0,proof_byte,161792,xor01_from0,DESERIALIZE_REJECTED
t1-0,proof_byte,161856,xor01_from99,VERIFY_REJECTED
t1-0,proof_byte,161920,xor01_from243,VERIFY_REJECTED
t1-0,proof_byte,161984,xor01_from62,VERIFY_REJECTED
t1-0,proof_byte,162048,xor01_from218,VERIFY_REJECTED
t1-0,proof_byte,162112,xor01_from53,VERIFY_REJECTED
t1-0,proof_byte,162176,xor01_from244,VERIFY_REJECTED
t1-0,proof_byte,162240,xor01_from90,VERIFY_REJECTED
t1-0,proof_byte,162304,xor01_from0,DESERIALIZE_REJECTED
t1-0,proof_byte,162368,xor01_from126,VERIFY_REJECTED
t1-0,proof_byte,162432,xor01_from120,VERIFY_REJECTED
t1-0,proof_byte,162496,xor01_from157,VERIFY_REJECTED
t1-0,proof_byte,162560,xor01_from249,VERIFY_REJECTED
t1-0,proof_byte,162624,xor01_from130,VERIFY_REJECTED
t1-0,proof_byte,162688,xor01_from248,VERIFY_REJECTED
t1-0,proof_byte,162752,xor01_from168,VERIFY_REJECTED
t1-0,proof_byte,162816,xor01_from0,DESERIALIZE_REJECTED
t1-0,proof_byte,162880,xor01_from76,VERIFY_REJECTED
t1-0,proof_byte,162944,xor01_from69,VERIFY_REJECTED
t1-0,proof_byte,163008,xor01_from106,VERIFY_REJECTED
t1-0,proof_byte,163072,xor01_from79,VERIFY_REJECTED
t1-0,proof_byte,163136,xor01_from0,VERIFY_REJECTED
t1-0,proof_byte,163200,xor01_from183,VERIFY_REJECTED
t1-0,proof_byte,163264,xor01_from58,VERIFY_REJECTED
t1-0,proof_byte,163328,xor01_from8,VERIFY_REJECTED
t1-0,proof_byte,163392,xor01_from0,DESERIALIZE_REJECTED
t1-0,proof_byte,163456,xor01_from246,VERIFY_REJECTED
t1-0,proof_byte,163520,xor01_from0,DESERIALIZE_REJECTED
t1-0,proof_byte,163584,xor01_from251,VERIFY_REJECTED
t1-0,proof_byte,163648,xor01_from237,VERIFY_REJECTED
t1-0,proof_byte,163712,xor01_from27,VERIFY_REJECTED
t1-0,proof_byte,163776,xor01_from13,VERIFY_REJECTED
t1-0,proof_byte,163840,xor01_from0,DESERIALIZE_REJECTED
t1-0,proof_byte,163904,xor01_from136,VERIFY_REJECTED
t1-0,proof_byte,163968,xor01_from19,VERIFY_REJECTED
t1-0,proof_byte,164032,xor01_from113,VERIFY_REJECTED
t1-0,proof_byte,164096,xor01_from138,VERIFY_REJECTED
t1-0,proof_byte,164160,xor01_from83,VERIFY_REJECTED
t1-0,proof_byte,164224,xor01_from141,VERIFY_REJECTED
t1-0,proof_byte,164288,xor01_from0,DESERIALIZE_REJECTED
t1-0,proof_byte,164352,xor01_from145,VERIFY_REJECTED
t1-0,proof_byte,164416,xor01_from8,VERIFY_REJECTED
t1-0,proof_byte,164480,xor01_from130,VERIFY_REJECTED
t1-0,proof_byte,164544,xor01_from221,VERIFY_REJECTED
t1-0,proof_byte,164608,xor01_from2,DESERIALIZE_REJECTED
t1-0,proof_byte,164672,xor01_from23,VERIFY_REJECTED
t1-0,proof_byte,164736,xor01_from144,VERIFY_REJECTED
t1-0,proof_byte,164800,xor01_from0,DESERIALIZE_REJECTED
t1-0,proof_byte,164864,xor01_from0,DESERIALIZE_REJECTED
t1-0,proof_byte,164928,xor01_from0,DESERIALIZE_REJECTED
t1-0,proof_byte,164992,xor01_from0,DESERIALIZE_REJECTED
t1-0,proof_byte,165056,xor01_from4,VERIFY_REJECTED
t1-0,proof_byte,165120,xor01_from178,VERIFY_REJECTED
t1-0,proof_byte,165184,xor01_from116,VERIFY_REJECTED
t1-0,proof_byte,165248,xor01_from168,VERIFY_REJECTED
t1-0,proof_byte,165312,xor01_from203,VERIFY_REJECTED
t1-0,proof_byte,165376,xor01_from229,VERIFY_REJECTED
t1-0,proof_byte,165440,xor01_from182,VERIFY_REJECTED
t1-0,proof_byte,165504,xor01_from43,VERIFY_REJECTED
t1-0,proof_byte,165568,xor01_from0,DESERIALIZE_REJECTED
t1-0,proof_byte,165632,xor01_from64,VERIFY_REJECTED
t1-0,proof_byte,165696,xor01_from189,VERIFY_REJECTED
t1-0,proof_byte,165760,xor01_from22,VERIFY_REJECTED
t1-0,proof_byte,165824,xor01_from192,VERIFY_REJECTED
t1-0,proof_byte,165888,xor01_from23,VERIFY_REJECTED
t1-0,proof_byte,165952,xor01_from7,VERIFY_REJECTED
t1-0,proof_byte,166016,xor01_from218,VERIFY_REJECTED
t1-0,proof_byte,166080,xor01_from236,VERIFY_REJECTED
t1-0,proof_byte,166144,xor01_from0,DESERIALIZE_REJECTED
t1-0,proof_byte,166208,xor01_from100,VERIFY_REJECTED
t1-0,proof_byte,166272,xor01_from227,VERIFY_REJECTED
t1-0,proof_byte,166336,xor01_from130,VERIFY_REJECTED
t1-0,proof_byte,166400,xor01_from145,VERIFY_REJECTED
t1-0,proof_byte,166464,xor01_from215,VERIFY_REJECTED
t1-0,proof_byte,166528,xor01_from246,VERIFY_REJECTED
t1-0,proof_byte,166592,xor01_from70,VERIFY_REJECTED
t1-0,proof_byte,166656,xor01_from0,DESERIALIZE_REJECTED
t1-0,proof_byte,166720,xor01_from201,VERIFY_REJECTED
t1-0,proof_byte,166784,xor01_from36,VERIFY_REJECTED
t1-0,proof_byte,166848,xor01_from107,VERIFY_REJECTED
t1-0,proof_byte,166912,xor01_from204,VERIFY_REJECTED
t1-0,proof_byte,166976,xor01_from147,VERIFY_REJECTED
t1-0,proof_byte,167040,xor01_from57,VERIFY_REJECTED
t1-0,proof_byte,167104,xor01_from220,VERIFY_REJECTED
t1-0,proof_byte,167168,xor01_from0,DESERIALIZE_REJECTED
t1-0,proof_byte,167232,xor01_from101,VERIFY_REJECTED
t1-0,proof_byte,167296,xor01_from199,VERIFY_REJECTED
t1-0,proof_byte,167360,xor01_from123,VERIFY_REJECTED
t1-0,proof_byte,167424,xor01_from84,VERIFY_REJECTED
t1-0,proof_byte,167488,xor01_from4,VERIFY_REJECTED
t1-0,proof_byte,167552,xor01_from5,VERIFY_REJECTED
t1-0,proof_byte,167616,xor01_from236,VERIFY_REJECTED
t1-0,proof_byte,167680,xor01_from0,DESERIALIZE_REJECTED
t1-0,proof_byte,167744,xor01_from52,VERIFY_REJECTED
t1-0,proof_byte,167808,xor01_from28,VERIFY_REJECTED
t1-0,proof_byte,167872,xor01_from246,VERIFY_REJECTED
t1-0,proof_byte,167936,xor01_from180,VERIFY_REJECTED
t1-0,proof_byte,168000,xor01_from248,VERIFY_REJECTED
t1-0,proof_byte,168064,xor01_from242,VERIFY_REJECTED
t1-0,proof_byte,168128,xor01_from86,VERIFY_REJECTED
t1-0,proof_byte,168192,xor01_from0,DESERIALIZE_REJECTED
t1-0,proof_byte,168256,xor01_from129,VERIFY_REJECTED
t1-0,proof_byte,168320,xor01_from204,VERIFY_REJECTED
t1-0,proof_byte,168384,xor01_from24,VERIFY_REJECTED
t1-0,proof_byte,168448,xor01_from162,VERIFY_REJECTED
t1-0,proof_byte,168512,xor01_from81,VERIFY_REJECTED
t1-0,proof_byte,168576,xor01_from142,VERIFY_REJECTED
t1-0,proof_byte,168640,xor01_from131,VERIFY_REJECTED
t1-0,proof_byte,168704,xor01_from0,DESERIALIZE_REJECTED
t1-0,proof_byte,168768,xor01_from139,VERIFY_REJECTED
t1-0,proof_byte,168832,xor01_from182,VERIFY_REJECTED
t1-0,proof_byte,168896,xor01_from53,VERIFY_REJECTED
t1-0,proof_byte,168960,xor01_from129,VERIFY_REJECTED
t1-0,proof_byte,169024,xor01_from58,VERIFY_REJECTED
t1-0,proof_byte,169088,xor01_from159,VERIFY_REJECTED
t1-0,proof_byte,169152,xor01_from0,DESERIALIZE_REJECTED
t1-0,proof_byte,169216,xor01_from9,VERIFY_REJECTED
t1-0,proof_byte,169280,xor01_from74,VERIFY_REJECTED
t1-0,proof_byte,169344,xor01_from186,VERIFY_REJECTED
t1-0,proof_byte,169408,xor01_from91,VERIFY_REJECTED
t1-0,proof_byte,169472,xor01_from247,VERIFY_REJECTED
t1-0,proof_byte,169536,xor01_from197,VERIFY_REJECTED
t1-0,proof_byte,169600,xor01_from204,VERIFY_REJECTED
t1-0,proof_byte,169664,xor01_from0,DESERIALIZE_REJECTED
t1-0,proof_byte,169728,xor01_from197,VERIFY_REJECTED
t1-0,proof_byte,169792,xor01_from74,VERIFY_REJECTED
t1-0,proof_byte,169856,xor01_from7,VERIFY_REJECTED
t1-0,proof_byte,169920,xor01_from230,VERIFY_REJECTED
t1-0,proof_byte,169984,xor01_from198,VERIFY_REJECTED
t1-0,proof_byte,170048,xor01_from23,VERIFY_REJECTED
t1-0,proof_byte,170112,xor01_from46,VERIFY_REJECTED
t1-0,proof_byte,170176,xor01_from0,DESERIALIZE_REJECTED
t1-0,proof_byte,170240,xor01_from134,VERIFY_REJECTED
t1-0,proof_byte,170304,xor01_from186,VERIFY_REJECTED
t1-0,proof_byte,170368,xor01_from146,VERIFY_REJECTED
t1-0,proof_byte,170432,xor01_from1,VERIFY_REJECTED
t1-0,proof_byte,170496,xor01_from111,VERIFY_REJECTED
t1-0,proof_byte,170560,xor01_from86,VERIFY_REJECTED
t1-0,proof_byte,170624,xor01_from0,DESERIALIZE_REJECTED
t1-0,proof_byte,170688,xor01_from6,VERIFY_REJECTED
t1-0,proof_byte,170752,xor01_from168,VERIFY_REJECTED
t1-0,proof_byte,170816,xor01_from5,VERIFY_REJECTED
t1-0,proof_byte,170880,xor01_from209,VERIFY_REJECTED
t1-0,proof_byte,170944,xor01_from185,VERIFY_REJECTED
t1-0,proof_byte,171008,xor01_from43,VERIFY_REJECTED
t1-0,proof_byte,171072,xor01_from16,VERIFY_REJECTED
t1-0,proof_byte,171136,xor01_from0,DESERIALIZE_REJECTED
t1-0,proof_byte,171200,xor01_from194,VERIFY_REJECTED
t1-0,proof_byte,171264,xor01_from170,VERIFY_REJECTED
t1-0,proof_byte,171328,xor01_from182,VERIFY_REJECTED
t1-0,proof_byte,171392,xor01_from248,VERIFY_REJECTED
t1-0,proof_byte,171456,xor01_from194,VERIFY_REJECTED
t1-0,proof_byte,171520,xor01_from240,VERIFY_REJECTED
t1-0,proof_byte,171584,xor01_from0,DESERIALIZE_REJECTED
t1-0,proof_byte,171648,xor01_from0,DESERIALIZE_REJECTED
t1-0,proof_byte,171712,xor01_from100,VERIFY_REJECTED
t1-0,proof_byte,171776,xor01_from41,VERIFY_REJECTED
t1-0,proof_byte,171840,xor01_from215,VERIFY_REJECTED
t1-0,proof_byte,171904,xor01_from25,VERIFY_REJECTED
t1-0,proof_byte,171968,xor01_from213,VERIFY_REJECTED
t1-0,proof_byte,172032,xor01_from66,VERIFY_REJECTED
t1-0,proof_byte,172096,xor01_from0,DESERIALIZE_REJECTED
t1-0,proof_byte,172160,xor01_from218,VERIFY_REJECTED
t1-0,proof_byte,172224,xor01_from102,VERIFY_REJECTED
t1-0,proof_byte,172288,xor01_from161,VERIFY_REJECTED
t1-0,proof_byte,172352,xor01_from95,VERIFY_REJECTED
t1-0,proof_byte,172416,xor01_from218,VERIFY_REJECTED
t1-0,proof_byte,172480,xor01_from113,VERIFY_REJECTED
t1-0,proof_byte,172544,xor01_from0,DESERIALIZE_REJECTED
t1-0,proof_byte,172608,xor01_from0,DESERIALIZE_REJECTED
t1-0,proof_byte,172672,xor01_from192,VERIFY_REJECTED
t1-0,proof_byte,172736,xor01_from57,VERIFY_REJECTED
t1-0,proof_byte,172800,xor01_from155,VERIFY_REJECTED
t1-0,proof_byte,172864,xor01_from79,VERIFY_REJECTED
t1-0,proof_byte,172928,xor01_from20,VERIFY_REJECTED
t1-0,proof_byte,172992,xor01_from22,VERIFY_REJECTED
t1-0,proof_byte,173056,xor01_from0,DESERIALIZE_REJECTED
t1-0,proof_byte,173120,xor01_from12,VERIFY_REJECTED
t1-0,proof_byte,173184,xor01_from192,VERIFY_REJECTED
t1-0,proof_byte,173248,xor01_from210,VERIFY_REJECTED
t1-0,proof_byte,173312,xor01_from192,VERIFY_REJECTED
t1-0,proof_byte,173376,xor01_from122,VERIFY_REJECTED
t1-0,proof_byte,173440,xor01_from102,VERIFY_REJECTED
t1-0,proof_byte,173504,xor01_from0,DESERIALIZE_REJECTED
t1-0,proof_byte,173568,xor01_from0,DESERIALIZE_REJECTED
t1-0,proof_byte,173632,xor01_from156,VERIFY_REJECTED
t1-0,proof_byte,173696,xor01_from137,VERIFY_REJECTED
t1-0,proof_byte,173760,xor01_from43,VERIFY_REJECTED
t1-0,proof_byte,173824,xor01_from41,VERIFY_REJECTED
t1-0,proof_byte,173888,xor01_from2,VERIFY_REJECTED
t1-0,proof_byte,173952,xor01_from217,VERIFY_REJECTED
t1-0,proof_byte,174016,xor01_from0,DESERIALIZE_REJECTED
t1-0,proof_byte,174080,xor01_from110,VERIFY_REJECTED
t1-0,proof_byte,174144,xor01_from161,VERIFY_REJECTED
t1-0,proof_byte,174208,xor01_from125,VERIFY_REJECTED
t1-0,proof_byte,174272,xor01_from187,VERIFY_REJECTED
t1-0,proof_byte,174336,xor01_from208,VERIFY_REJECTED
t1-0,proof_byte,174400,xor01_from155,VERIFY_REJECTED
t1-0,proof_byte,174464,xor01_from0,DESERIALIZE_REJECTED
t1-0,proof_byte,174528,xor01_from0,DESERIALIZE_REJECTED
t1-0,proof_byte,174592,xor01_from199,VERIFY_REJECTED
t1-0,proof_byte,174656,xor01_from0,DESERIALIZE_REJECTED
t1-0,proof_byte,174720,xor01_from173,VERIFY_REJECTED
t1-0,proof_byte,174784,xor01_from194,VERIFY_REJECTED
t1-0,proof_byte,174848,xor01_from80,VERIFY_REJECTED
t1-0,proof_byte,174912,xor01_from242,VERIFY_REJECTED
t1-0,proof_byte,174976,xor01_from0,DESERIALIZE_REJECTED
t1-0,proof_byte,175040,xor01_from30,VERIFY_REJECTED
t1-0,proof_byte,175104,xor01_from172,VERIFY_REJECTED
t1-0,proof_byte,175168,xor01_from249,VERIFY_REJECTED
t1-0,proof_byte,175232,xor01_from211,VERIFY_REJECTED
t1-0,proof_byte,175296,xor01_from215,VERIFY_REJECTED
t1-0,proof_byte,175360,xor01_from5,VERIFY_REJECTED
t1-0,proof_byte,175424,xor01_from0,DESERIALIZE_REJECTED
t1-0,proof_byte,175488,xor01_from20,VERIFY_REJECTED
t1-0,proof_byte,175552,xor01_from220,VERIFY_REJECTED
t1-0,proof_byte,175616,xor01_from223,VERIFY_REJECTED
t1-0,proof_byte,175680,xor01_from196,VERIFY_REJECTED
t1-0,proof_byte,175744,xor01_from0,DESERIALIZE_REJECTED
t1-0,proof_byte,175808,xor01_from75,VERIFY_REJECTED
t1-0,proof_byte,175872,xor01_from10,VERIFY_REJECTED
t1-0,proof_byte,175936,xor01_from236,VERIFY_REJECTED
t1-0,proof_byte,176000,xor01_from120,VERIFY_REJECTED
t1-0,proof_byte,176064,xor01_from90,VERIFY_REJECTED
t1-0,proof_byte,176128,xor01_from0,DESERIALIZE_REJECTED
t1-0,proof_byte,176192,xor01_from16,VERIFY_REJECTED
t1-0,proof_byte,176256,xor01_from44,VERIFY_REJECTED
t1-0,proof_byte,176320,xor01_from163,VERIFY_REJECTED
t1-0,proof_byte,176384,xor01_from166,VERIFY_REJECTED
t1-0,proof_byte,176448,xor01_from82,VERIFY_REJECTED
t1-0,proof_byte,176512,xor01_from209,VERIFY_REJECTED
t1-0,proof_byte,176576,xor01_from192,VERIFY_REJECTED
t1-0,proof_byte,176640,xor01_from192,VERIFY_REJECTED
t1-0,proof_byte,176704,xor01_from0,DESERIALIZE_REJECTED
t1-0,proof_byte,176768,xor01_from130,VERIFY_REJECTED
t1-0,proof_byte,176832,xor01_from222,VERIFY_REJECTED
t1-0,proof_byte,176896,xor01_from169,VERIFY_REJECTED
t1-0,proof_byte,176960,xor01_from110,VERIFY_REJECTED
t1-0,proof_byte,177024,xor01_from246,VERIFY_REJECTED
t1-0,proof_byte,177088,xor01_from0,VERIFY_REJECTED
t1-0,proof_byte,177152,xor01_from0,VERIFY_REJECTED
t1-0,proof_byte,177216,xor01_from0,DESERIALIZE_REJECTED
t1-0,proof_byte,177280,xor01_from62,VERIFY_REJECTED
t1-0,proof_byte,177344,xor01_from212,VERIFY_REJECTED
t1-0,proof_byte,177408,xor01_from136,VERIFY_REJECTED
t1-0,proof_byte,177472,xor01_from119,VERIFY_REJECTED
t1-0,proof_byte,177536,xor01_from97,VERIFY_REJECTED
t1-0,proof_byte,177600,xor01_from0,DESERIALIZE_REJECTED
t1-0,proof_byte,177664,xor01_from0,DESERIALIZE_REJECTED
t1-0,proof_byte,177728,xor01_from22,VERIFY_REJECTED
t1-0,proof_byte,177792,xor01_from70,VERIFY_REJECTED
t1-0,proof_byte,177856,xor01_from69,VERIFY_REJECTED
t1-0,proof_byte,177920,xor01_from121,VERIFY_REJECTED
t1-0,proof_byte,177984,xor01_from240,VERIFY_REJECTED
t1-0,proof_byte,178048,xor01_from231,VERIFY_REJECTED
t1-0,proof_byte,178112,xor01_from191,VERIFY_REJECTED
t1-0,proof_byte,178176,xor01_from52,VERIFY_REJECTED
t1-0,proof_byte,178240,xor01_from0,DESERIALIZE_REJECTED
t1-0,proof_byte,178304,xor01_from195,VERIFY_REJECTED
t1-0,proof_byte,178368,xor01_from10,VERIFY_REJECTED
t1-0,proof_byte,178432,xor01_from17,VERIFY_REJECTED
t1-0,proof_byte,178496,xor01_from185,VERIFY_REJECTED
t1-0,proof_byte,178560,xor01_from11,VERIFY_REJECTED
t1-0,proof_byte,178624,xor01_from98,VERIFY_REJECTED
t1-0,proof_byte,178688,xor01_from100,VERIFY_REJECTED
t1-0,proof_byte,178752,xor01_from0,DESERIALIZE_REJECTED
t1-0,proof_byte,178816,xor01_from140,VERIFY_REJECTED
t1-0,proof_byte,178880,xor01_from74,VERIFY_REJECTED
t1-0,proof_byte,178944,xor01_from180,VERIFY_REJECTED
t1-0,proof_byte,179008,xor01_from105,VERIFY_REJECTED
t1-0,proof_byte,179072,xor01_from191,VERIFY_REJECTED
t1-0,proof_byte,179136,xor01_from136,VERIFY_REJECTED
t1-0,proof_byte,179200,xor01_from140,VERIFY_REJECTED
t1-0,proof_byte,179264,xor01_from0,DESERIALIZE_REJECTED
t1-0,proof_byte,179328,xor01_from0,DESERIALIZE_REJECTED
t1-0,proof_byte,179392,xor01_from76,VERIFY_REJECTED
t1-0,proof_byte,179456,xor01_from86,VERIFY_REJECTED
t1-0,proof_byte,179520,xor01_from185,VERIFY_REJECTED
t1-0,proof_byte,179584,xor01_from91,VERIFY_REJECTED
t1-0,proof_byte,179648,xor01_from99,VERIFY_REJECTED
t1-0,proof_byte,179712,xor01_from112,VERIFY_REJECTED
t1-0,proof_byte,179776,xor01_from0,DESERIALIZE_REJECTED
t1-0,proof_byte,179840,xor01_from0,DESERIALIZE_REJECTED
t1-0,proof_byte,179904,xor01_from22,VERIFY_REJECTED
t1-0,proof_byte,179968,xor01_from44,VERIFY_REJECTED
t1-0,proof_byte,180032,xor01_from84,VERIFY_REJECTED
t1-0,proof_byte,180096,xor01_from4,VERIFY_REJECTED
t1-0,proof_byte,180160,xor01_from167,VERIFY_REJECTED
t1-0,proof_byte,180224,xor01_from26,VERIFY_REJECTED
t1-0,proof_byte,180288,xor01_from0,DESERIALIZE_REJECTED
t1-0,proof_byte,180352,xor01_from28,VERIFY_REJECTED
t1-0,proof_byte,180416,xor01_from169,VERIFY_REJECTED
t1-0,proof_byte,180480,xor01_from128,VERIFY_REJECTED
t1-0,proof_byte,180544,xor01_from17,VERIFY_REJECTED
t1-0,proof_byte,180608,xor01_from47,VERIFY_REJECTED
t1-0,proof_byte,180672,xor01_from248,VERIFY_REJECTED
t1-0,proof_byte,180736,xor01_from157,VERIFY_REJECTED
t1-0,proof_byte,180800,xor01_from0,DESERIALIZE_REJECTED
t1-0,proof_byte,180864,xor01_from54,VERIFY_REJECTED
t1-0,proof_byte,180928,xor01_from141,VERIFY_REJECTED
t1-0,proof_byte,180992,xor01_from201,VERIFY_REJECTED
t1-0,proof_byte,181056,xor01_from201,VERIFY_REJECTED
t1-0,proof_byte,181120,xor01_from189,VERIFY_REJECTED
t1-0,proof_byte,181184,xor01_from68,VERIFY_REJECTED
t1-0,proof_byte,181248,xor01_from45,VERIFY_REJECTED
t1-0,proof_byte,181312,xor01_from0,DESERIALIZE_REJECTED
t1-0,proof_byte,181376,xor01_from209,VERIFY_REJECTED
t1-0,proof_byte,181440,xor01_from0,VERIFY_REJECTED
t1-0,proof_byte,181504,xor01_from51,VERIFY_REJECTED
t1-0,proof_byte,181568,xor01_from12,VERIFY_REJECTED
t1-0,proof_byte,181632,xor01_from86,VERIFY_REJECTED
t1-0,proof_byte,181696,xor01_from100,VERIFY_REJECTED
t1-0,proof_byte,181760,xor01_from227,VERIFY_REJECTED
t1-0,proof_byte,181824,xor01_from0,DESERIALIZE_REJECTED
t1-0,proof_byte,181888,xor01_from56,VERIFY_REJECTED
t1-0,proof_byte,181952,xor01_from187,VERIFY_REJECTED
t1-0,proof_byte,182016,xor01_from140,VERIFY_REJECTED
t1-0,proof_byte,182080,xor01_from16,VERIFY_REJECTED
t1-0,proof_byte,182144,xor01_from152,VERIFY_REJECTED
t1-0,proof_byte,182208,xor01_from192,VERIFY_REJECTED
t1-0,proof_byte,182272,xor01_from0,DESERIALIZE_REJECTED
t1-0,proof_byte,182336,xor01_from214,VERIFY_REJECTED
t1-0,proof_byte,182400,xor01_from251,VERIFY_REJECTED
t1-0,proof_byte,182464,xor01_from105,VERIFY_REJECTED
t1-0,proof_byte,182528,xor01_from117,VERIFY_REJECTED
t1-0,proof_byte,182592,xor01_from69,VERIFY_REJECTED
t1-0,proof_byte,182656,xor01_from35,VERIFY_REJECTED
t1-0,proof_byte,182720,xor01_from138,VERIFY_REJECTED
t1-0,proof_byte,182784,xor01_from0,DESERIALIZE_REJECTED
t1-0,proof_byte,182848,xor01_from9,VERIFY_REJECTED
t1-0,proof_byte,182912,xor01_from136,VERIFY_REJECTED
t1-0,proof_byte,182976,xor01_from127,VERIFY_REJECTED
t1-0,proof_byte,183040,xor01_from34,VERIFY_REJECTED
t1-0,proof_byte,183104,xor01_from153,VERIFY_REJECTED
t1-0,proof_byte,183168,xor01_from190,VERIFY_REJECTED
t1-0,proof_byte,183232,xor01_from0,DESERIALIZE_REJECTED
t1-0,proof_byte,183296,xor01_from29,VERIFY_REJECTED
t1-0,proof_byte,183360,xor01_from18,VERIFY_REJECTED
t1-0,proof_byte,183424,xor01_from15,VERIFY_REJECTED
t1-0,proof_byte,183488,xor01_from0,DESERIALIZE_REJECTED
t1-0,proof_byte,183552,xor01_from149,VERIFY_REJECTED
t1-0,proof_byte,183616,xor01_from231,VERIFY_REJECTED
t1-0,proof_byte,183680,xor01_from50,VERIFY_REJECTED
t1-0,proof_byte,183744,xor01_from40,VERIFY_REJECTED
t1-0,proof_byte,183808,xor01_from0,DESERIALIZE_REJECTED
t1-0,proof_byte,183872,xor01_from0,VERIFY_REJECTED
t1-0,proof_byte,183936,xor01_from0,DESERIALIZE_REJECTED
t1-0,proof_byte,184000,xor01_from16,VERIFY_REJECTED
t1-0,proof_byte,184064,xor01_from155,VERIFY_REJECTED
t1-0,proof_byte,184128,xor01_from234,VERIFY_REJECTED
t1-0,proof_byte,184192,xor01_from169,VERIFY_REJECTED
t1-0,proof_byte,184256,xor01_from192,VERIFY_REJECTED
t1-0,proof_byte,184320,xor01_from0,DESERIALIZE_REJECTED
t1-0,proof_byte,184384,xor01_from0,DESERIALIZE_REJECTED
t1-0,proof_byte,184448,xor01_from200,VERIFY_REJECTED
t1-0,proof_byte,184512,xor01_from2,VERIFY_REJECTED
t1-0,proof_byte,184576,xor01_from168,VERIFY_REJECTED
t1-0,proof_byte,184640,xor01_from150,VERIFY_REJECTED
t1-0,proof_byte,184704,xor01_from30,VERIFY_REJECTED
t1-0,proof_byte,184768,xor01_from254,VERIFY_REJECTED
t1-0,proof_byte,184832,xor01_from191,VERIFY_REJECTED
t1-0,proof_byte,184896,xor01_from8,VERIFY_REJECTED
t1-0,proof_byte,184960,xor01_from0,DESERIALIZE_REJECTED
t1-0,proof_byte,185024,xor01_from213,VERIFY_REJECTED
t1-0,proof_byte,185088,xor01_from133,VERIFY_REJECTED
t1-0,proof_byte,185152,xor01_from192,VERIFY_REJECTED
t1-0,proof_byte,185216,xor01_from162,VERIFY_REJECTED
t1-0,proof_byte,185280,xor01_from236,VERIFY_REJECTED
t1-0,proof_byte,185344,xor01_from7,VERIFY_REJECTED
t1-0,proof_byte,185408,xor01_from81,VERIFY_REJECTED
t1-0,proof_byte,185472,xor01_from0,DESERIALIZE_REJECTED
t1-0,proof_byte,185536,xor01_from186,VERIFY_REJECTED
t1-0,proof_byte,185600,xor01_from207,VERIFY_REJECTED
t1-0,proof_byte,185664,xor01_from84,VERIFY_REJECTED
t1-0,proof_byte,185728,xor01_from114,VERIFY_REJECTED
t1-0,proof_byte,185792,xor01_from203,VERIFY_REJECTED
t1-0,proof_byte,185856,xor01_from20,VERIFY_REJECTED
t1-0,proof_byte,185920,xor01_from99,VERIFY_REJECTED
t1-0,proof_byte,185984,xor01_from0,DESERIALIZE_REJECTED
t1-0,proof_byte,186048,xor01_from0,DESERIALIZE_REJECTED
t1-0,proof_byte,186112,xor01_from199,VERIFY_REJECTED
t1-0,proof_byte,186176,xor01_from96,VERIFY_REJECTED
t1-0,proof_byte,186240,xor01_from49,VERIFY_REJECTED
t1-0,proof_byte,186304,xor01_from89,VERIFY_REJECTED
t1-0,proof_byte,186368,xor01_from26,VERIFY_REJECTED
t1-0,proof_byte,186432,xor01_from217,VERIFY_REJECTED
t1-0,proof_byte,186496,xor01_from0,DESERIALIZE_REJECTED
t1-0,proof_byte,186560,xor01_from0,DESERIALIZE_REJECTED
t1-0,proof_byte,186624,xor01_from249,VERIFY_REJECTED
t1-0,proof_byte,186688,xor01_from133,VERIFY_REJECTED
t1-0,proof_byte,186752,xor01_from132,VERIFY_REJECTED
t1-0,proof_byte,186816,xor01_from203,VERIFY_REJECTED
t1-0,proof_byte,186880,xor01_from34,VERIFY_REJECTED
t1-0,proof_byte,186944,xor01_from251,VERIFY_REJECTED
t1-0,proof_byte,187008,xor01_from0,DESERIALIZE_REJECTED
t1-0,proof_byte,187072,xor01_from59,VERIFY_REJECTED
t1-0,proof_byte,187136,xor01_from63,VERIFY_REJECTED
t1-0,proof_byte,187200,xor01_from194,VERIFY_REJECTED
t1-0,proof_byte,187264,xor01_from234,VERIFY_REJECTED
t1-0,proof_byte,187328,xor01_from198,VERIFY_REJECTED
t1-0,proof_byte,187392,xor01_from31,VERIFY_REJECTED
t1-0,proof_byte,187456,xor01_from109,VERIFY_REJECTED
t1-0,proof_byte,187520,xor01_from0,DESERIALIZE_REJECTED
t1-0,proof_byte,187584,xor01_from204,VERIFY_REJECTED
t1-0,proof_byte,187648,xor01_from15,VERIFY_REJECTED
t1-0,proof_byte,187712,xor01_from180,VERIFY_REJECTED
t1-0,proof_byte,187776,xor01_from66,VERIFY_REJECTED
t1-0,proof_byte,187840,xor01_from177,VERIFY_REJECTED
t1-0,proof_byte,187904,xor01_from125,VERIFY_REJECTED
t1-0,proof_byte,187968,xor01_from147,VERIFY_REJECTED
t1-0,proof_byte,188032,xor01_from0,DESERIALIZE_REJECTED
t1-0,proof_byte,188096,xor01_from99,VERIFY_REJECTED
t1-0,proof_byte,188160,xor01_from105,VERIFY_REJECTED
t1-0,proof_byte,188224,xor01_from120,VERIFY_REJECTED
t1-0,proof_byte,188288,xor01_from37,VERIFY_REJECTED
t1-0,proof_byte,188352,xor01_from79,VERIFY_REJECTED
t1-0,proof_byte,188416,xor01_from38,VERIFY_REJECTED
t1-0,proof_byte,188480,xor01_from131,VERIFY_REJECTED
t1-0,proof_byte,188544,xor01_from0,DESERIALIZE_REJECTED
t1-0,proof_byte,188608,xor01_from249,VERIFY_REJECTED
t1-0,proof_byte,188672,xor01_from166,VERIFY_REJECTED
t1-0,proof_byte,188736,xor01_from193,VERIFY_REJECTED
t1-0,proof_byte,188800,xor01_from35,VERIFY_REJECTED
t1-0,proof_byte,188864,xor01_from188,VERIFY_REJECTED
t1-0,proof_byte,188928,xor01_from5,VERIFY_REJECTED
t1-0,proof_byte,188992,xor01_from0,DESERIALIZE_REJECTED
t1-0,proof_byte,189056,xor01_from14,VERIFY_REJECTED
t1-0,proof_byte,189120,xor01_from193,VERIFY_REJECTED
t1-0,proof_byte,189184,xor01_from90,VERIFY_REJECTED
t1-0,proof_byte,189248,xor01_from135,VERIFY_REJECTED
t1-0,proof_byte,189312,xor01_from116,VERIFY_REJECTED
t1-0,proof_byte,189376,xor01_from20,VERIFY_REJECTED
t1-0,proof_byte,189440,xor01_from42,VERIFY_REJECTED
t1-0,proof_byte,189504,xor01_from0,DESERIALIZE_REJECTED
t1-0,proof_byte,189568,xor01_from212,VERIFY_REJECTED
t1-0,proof_byte,189632,xor01_from44,VERIFY_REJECTED
t1-0,proof_byte,189696,xor01_from246,VERIFY_REJECTED
t1-0,proof_byte,189760,xor01_from14,VERIFY_REJECTED
t1-0,proof_byte,189824,xor01_from155,VERIFY_REJECTED
t1-0,proof_byte,189888,xor01_from118,VERIFY_REJECTED
t1-0,proof_byte,189952,xor01_from0,DESERIALIZE_REJECTED
t1-0,proof_byte,190016,xor01_from0,DESERIALIZE_REJECTED
t1-0,proof_byte,190080,xor01_from186,VERIFY_REJECTED
t1-0,proof_byte,190144,xor01_from38,VERIFY_REJECTED
t1-0,proof_byte,190208,xor01_from167,VERIFY_REJECTED
t1-0,proof_byte,190272,xor01_from33,VERIFY_REJECTED
t1-0,proof_byte,190336,xor01_from59,VERIFY_REJECTED
t1-0,proof_byte,190400,xor01_from185,VERIFY_REJECTED
t1-0,proof_byte,190464,xor01_from0,DESERIALIZE_REJECTED
t1-0,proof_byte,190528,xor01_from16,VERIFY_REJECTED
t1-0,proof_byte,190592,xor01_from212,VERIFY_REJECTED
t1-0,proof_byte,190656,xor01_from248,VERIFY_REJECTED
t1-0,proof_byte,190720,xor01_from55,VERIFY_REJECTED
t1-0,proof_byte,190784,xor01_from96,VERIFY_REJECTED
t1-0,proof_byte,190848,xor01_from0,VERIFY_REJECTED
t1-0,proof_byte,190912,xor01_from0,VERIFY_REJECTED
t1-0,proof_byte,190976,xor01_from0,VERIFY_REJECTED
t1-0,proof_byte,191040,xor01_from0,DESERIALIZE_REJECTED
t1-0,proof_byte,191104,xor01_from94,VERIFY_REJECTED
t1-0,proof_byte,191168,xor01_from133,VERIFY_REJECTED
t1-0,proof_byte,191232,xor01_from173,VERIFY_REJECTED
t1-0,proof_byte,191296,xor01_from229,VERIFY_REJECTED
t1-0,proof_byte,191360,xor01_from0,VERIFY_REJECTED
t1-0,proof_byte,191424,xor01_from0,VERIFY_REJECTED
t1-0,proof_byte,191488,xor01_from0,VERIFY_REJECTED
t1-0,proof_byte,191552,xor01_from0,VERIFY_REJECTED
t1-0,proof_byte,191616,xor01_from0,DESERIALIZE_REJECTED
t1-0,proof_byte,191680,xor01_from4,VERIFY_REJECTED
t1-0,proof_byte,191744,xor01_from209,VERIFY_REJECTED
t1-0,proof_byte,191808,xor01_from8,VERIFY_REJECTED
t1-0,proof_byte,191872,xor01_from230,VERIFY_REJECTED
t1-0,proof_byte,191936,xor01_from0,DESERIALIZE_REJECTED
t1-0,proof_byte,192000,xor01_from212,VERIFY_REJECTED
t1-0,proof_byte,192064,xor01_from128,VERIFY_REJECTED
t1-0,proof_byte,192128,xor01_from0,DESERIALIZE_REJECTED
t1-0,proof_byte,192192,xor01_from0,DESERIALIZE_REJECTED
t1-0,proof_byte,192256,xor01_from212,VERIFY_REJECTED
t1-0,proof_byte,192320,xor01_from237,VERIFY_REJECTED
t1-0,proof_byte,192384,xor01_from82,VERIFY_REJECTED
t1-0,proof_byte,192448,xor01_from15,VERIFY_REJECTED
t1-0,proof_byte,192512,xor01_from135,VERIFY_REJECTED
t1-0,proof_byte,192576,xor01_from88,VERIFY_REJECTED
t1-0,proof_byte,192640,xor01_from211,VERIFY_REJECTED
t1-0,proof_byte,192704,xor01_from183,VERIFY_REJECTED
t1-0,proof_byte,192768,xor01_from31,VERIFY_REJECTED
t1-0,proof_byte,192832,xor01_from0,DESERIALIZE_REJECTED
t1-0,proof_byte,192896,xor01_from191,VERIFY_REJECTED
t1-0,proof_byte,192960,xor01_from69,VERIFY_REJECTED
t1-0,proof_byte,193024,xor01_from221,VERIFY_REJECTED
t1-0,proof_byte,193088,xor01_from139,VERIFY_REJECTED
t1-0,proof_byte,193152,xor01_from168,VERIFY_REJECTED
t1-0,proof_byte,193216,xor01_from150,VERIFY_REJECTED
t1-0,proof_byte,193280,xor01_from39,VERIFY_REJECTED
t1-0,proof_byte,193344,xor01_from0,DESERIALIZE_REJECTED
t1-0,proof_byte,193408,xor01_from0,DESERIALIZE_REJECTED
t1-0,proof_byte,193472,xor01_from157,VERIFY_REJECTED
t1-0,proof_byte,193536,xor01_from191,VERIFY_REJECTED
t1-0,proof_byte,193600,xor01_from201,VERIFY_REJECTED
t1-0,proof_byte,193664,xor01_from105,VERIFY_REJECTED
t1-0,proof_byte,193728,xor01_from71,VERIFY_REJECTED
t1-0,proof_byte,193792,xor01_from157,VERIFY_REJECTED
t1-0,proof_byte,193856,xor01_from243,VERIFY_REJECTED
t1-0,proof_byte,193920,xor01_from0,DESERIALIZE_REJECTED
t1-0,proof_byte,193984,xor01_from214,VERIFY_REJECTED
t1-0,proof_byte,194048,xor01_from247,VERIFY_REJECTED
t1-0,proof_byte,194112,xor01_from67,VERIFY_REJECTED
t1-0,proof_byte,194176,xor01_from188,VERIFY_REJECTED
t1-0,proof_byte,194240,xor01_from244,VERIFY_REJECTED
t1-0,proof_byte,194304,xor01_from141,VERIFY_REJECTED
t1-0,proof_byte,194368,xor01_from231,VERIFY_REJECTED
t1-0,proof_byte,194432,xor01_from0,DESERIALIZE_REJECTED
t1-0,proof_byte,194496,xor01_from99,VERIFY_REJECTED
t1-0,proof_byte,194560,xor01_from188,VERIFY_REJECTED
t1-0,proof_byte,194624,xor01_from229,VERIFY_REJECTED
t1-0,proof_byte,194688,xor01_from163,VERIFY_REJECTED
t1-0,proof_byte,194752,xor01_from244,VERIFY_REJECTED
t1-0,proof_byte,194816,xor01_from63,VERIFY_REJECTED
t1-0,proof_byte,194880,xor01_from23,VERIFY_REJECTED
t1-0,proof_byte,194944,xor01_from0,DESERIALIZE_REJECTED
t1-0,proof_byte,195008,xor01_from121,VERIFY_REJECTED
t1-0,proof_byte,195072,xor01_from69,VERIFY_REJECTED
t1-0,proof_byte,195136,xor01_from95,VERIFY_REJECTED
t1-0,proof_byte,195200,xor01_from174,VERIFY_REJECTED
t1-0,proof_byte,195264,xor01_from0,VERIFY_REJECTED
t1-0,proof_byte,195328,xor01_from80,VERIFY_REJECTED
t1-0,proof_byte,195392,xor01_from230,VERIFY_REJECTED
t1-0,proof_byte,195456,xor01_from0,DESERIALIZE_REJECTED
t1-0,proof_byte,195520,xor01_from94,VERIFY_REJECTED
t1-0,proof_byte,195584,xor01_from139,VERIFY_REJECTED
t1-0,proof_byte,195648,xor01_from95,VERIFY_REJECTED
t1-0,proof_byte,195712,xor01_from228,VERIFY_REJECTED
t1-0,proof_byte,195776,xor01_from218,VERIFY_REJECTED
t1-0,proof_byte,195840,xor01_from153,VERIFY_REJECTED
t1-0,proof_byte,195904,xor01_from0,DESERIALIZE_REJECTED
t1-0,proof_byte,195968,xor01_from0,DESERIALIZE_REJECTED
t1-0,proof_byte,196032,xor01_from126,VERIFY_REJECTED
t1-0,proof_byte,196096,xor01_from99,VERIFY_REJECTED
t1-0,proof_byte,196160,xor01_from226,VERIFY_REJECTED
t1-0,proof_byte,196224,xor01_from164,VERIFY_REJECTED
t1-0,proof_byte,196288,xor01_from221,VERIFY_REJECTED
t1-0,proof_byte,196352,xor01_from185,VERIFY_REJECTED
t1-0,proof_byte,196416,xor01_from0,DESERIALIZE_REJECTED
t1-0,proof_byte,196480,xor01_from42,VERIFY_REJECTED
t1-0,proof_byte,196544,xor01_from12,VERIFY_REJECTED
t1-0,proof_byte,196608,xor01_from222,VERIFY_REJECTED
t1-0,proof_byte,196672,xor01_from61,VERIFY_REJECTED
t1-0,proof_byte,196736,xor01_from92,VERIFY_REJECTED
t1-0,proof_byte,196800,xor01_from111,VERIFY_REJECTED
t1-0,proof_byte,196864,xor01_from89,VERIFY_REJECTED
t1-0,proof_byte,196928,xor01_from0,DESERIALIZE_REJECTED
t1-0,proof_byte,196992,xor01_from253,VERIFY_REJECTED
t1-0,proof_byte,197056,xor01_from121,VERIFY_REJECTED
t1-0,proof_byte,197120,xor01_from59,VERIFY_REJECTED
t1-0,proof_byte,197184,xor01_from58,VERIFY_REJECTED
t1-0,proof_byte,197248,xor01_from32,VERIFY_REJECTED
t1-0,proof_byte,197312,xor01_from55,VERIFY_REJECTED
t1-0,proof_byte,197376,xor01_from230,VERIFY_REJECTED
t1-0,proof_byte,197440,xor01_from0,DESERIALIZE_REJECTED
t1-0,proof_byte,197504,xor01_from172,VERIFY_REJECTED
t1-0,proof_byte,197568,xor01_from244,VERIFY_REJECTED
t1-0,proof_byte,197632,xor01_from50,VERIFY_REJECTED
t1-0,proof_byte,197696,xor01_from109,VERIFY_REJECTED
t1-0,proof_byte,197760,xor01_from182,VERIFY_REJECTED
t1-0,proof_byte,197824,xor01_from232,VERIFY_REJECTED
t1-0,proof_byte,197888,xor01_from0,DESERIALIZE_REJECTED
t1-0,proof_byte,197952,xor01_from192,VERIFY_REJECTED
t1-0,proof_byte,198016,xor01_from154,VERIFY_REJECTED
t1-0,proof_byte,198080,xor01_from157,VERIFY_REJECTED
t1-0,proof_byte,198144,xor01_from207,VERIFY_REJECTED
t1-0,proof_byte,198208,xor01_from115,VERIFY_REJECTED
t1-0,proof_byte,198272,xor01_from44,VERIFY_REJECTED
t1-0,proof_byte,198336,xor01_from58,VERIFY_REJECTED
t1-0,proof_byte,198400,xor01_from0,DESERIALIZE_REJECTED
t1-0,proof_byte,198464,xor01_from98,VERIFY_REJECTED
t1-0,proof_byte,198528,xor01_from55,VERIFY_REJECTED
t1-0,proof_byte,198592,xor01_from51,VERIFY_REJECTED
t1-0,proof_byte,198656,xor01_from135,VERIFY_REJECTED
t1-0,proof_byte,198720,xor01_from250,VERIFY_REJECTED
t1-0,proof_byte,198784,xor01_from16,VERIFY_REJECTED
t1-0,proof_byte,198848,xor01_from0,DESERIALIZE_REJECTED
t1-0,proof_byte,198912,xor01_from103,VERIFY_REJECTED
t1-0,proof_byte,198976,xor01_from227,VERIFY_REJECTED
t1-0,proof_byte,199040,xor01_from247,VERIFY_REJECTED
t1-0,proof_byte,199104,xor01_from133,VERIFY_REJECTED
t1-0,proof_byte,199168,xor01_from49,VERIFY_REJECTED
t1-0,proof_byte,199232,xor01_from116,VERIFY_REJECTED
t1-0,proof_byte,199296,xor01_from29,VERIFY_REJECTED
t1-0,proof_byte,199360,xor01_from0,DESERIALIZE_REJECTED
t1-0,proof_byte,199424,xor01_from55,VERIFY_REJECTED
t1-0,proof_byte,199488,xor01_from77,VERIFY_REJECTED
t1-0,proof_byte,199552,xor01_from148,VERIFY_REJECTED
t1-0,proof_byte,199616,xor01_from136,VERIFY_REJECTED
t1-0,proof_byte,199680,xor01_from48,VERIFY_REJECTED
t1-0,proof_byte,199744,xor01_from134,VERIFY_REJECTED
t1-0,proof_byte,199808,xor01_from0,DESERIALIZE_REJECTED
t1-0,proof_byte,199872,xor01_from0,DESERIALIZE_REJECTED
t1-0,proof_byte,199936,xor01_from40,VERIFY_REJECTED
t1-0,proof_byte,200000,xor01_from66,VERIFY_REJECTED
t1-0,proof_byte,200064,xor01_from6,VERIFY_REJECTED
t1-0,proof_byte,200128,xor01_from227,VERIFY_REJECTED
t1-0,proof_byte,200192,xor01_from116,VERIFY_REJECTED
t1-0,proof_byte,200256,xor01_from126,VERIFY_REJECTED
t1-0,proof_byte,200320,xor01_from0,DESERIALIZE_REJECTED
t1-0,proof_byte,200384,xor01_from4,VERIFY_REJECTED
t1-0,proof_byte,200448,xor01_from35,VERIFY_REJECTED
t1-0,proof_byte,200512,xor01_from29,VERIFY_REJECTED
t1-0,proof_byte,200576,xor01_from30,VERIFY_REJECTED
t1-0,proof_byte,200640,xor01_from233,VERIFY_REJECTED
t1-0,proof_byte,200704,xor01_from136,VERIFY_REJECTED
t1-0,proof_byte,200768,xor01_from0,DESERIALIZE_REJECTED
t1-0,proof_byte,200832,xor01_from0,DESERIALIZE_REJECTED
t1-0,proof_byte,200896,xor01_from239,VERIFY_REJECTED
t1-0,proof_byte,200960,xor01_from4,VERIFY_REJECTED
t1-0,proof_byte,201024,xor01_from249,VERIFY_REJECTED
t1-0,proof_byte,201088,xor01_from116,VERIFY_REJECTED
t1-0,proof_byte,201152,xor01_from147,VERIFY_REJECTED
t1-0,proof_byte,201216,xor01_from241,VERIFY_REJECTED
t1-0,proof_byte,201280,xor01_from0,DESERIALIZE_REJECTED
t1-0,proof_byte,201344,xor01_from190,VERIFY_REJECTED
t1-0,proof_byte,201408,xor01_from137,VERIFY_REJECTED
t1-0,proof_byte,201472,xor01_from135,VERIFY_REJECTED
t1-0,proof_byte,201536,xor01_from157,VERIFY_REJECTED
t1-0,proof_byte,201600,xor01_from240,VERIFY_REJECTED
t1-0,proof_byte,201664,xor01_from34,VERIFY_REJECTED
t1-0,proof_byte,201728,xor01_from0,DESERIALIZE_REJECTED
t1-0,proof_byte,201792,xor01_from198,VERIFY_REJECTED
t1-0,proof_byte,201856,xor01_from56,VERIFY_REJECTED
t1-0,proof_byte,201920,xor01_from14,VERIFY_REJECTED
t1-0,proof_byte,201984,xor01_from218,VERIFY_REJECTED
t1-0,proof_byte,202048,xor01_from214,VERIFY_REJECTED
t1-0,proof_byte,202112,xor01_from176,VERIFY_REJECTED
t1-0,proof_byte,202176,xor01_from177,VERIFY_REJECTED
t1-0,proof_byte,202240,xor01_from0,DESERIALIZE_REJECTED
t1-0,proof_byte,202304,xor01_from193,VERIFY_REJECTED
t1-0,proof_byte,202368,xor01_from253,VERIFY_REJECTED
t1-0,proof_byte,202432,xor01_from127,VERIFY_REJECTED
t1-0,proof_byte,202496,xor01_from117,VERIFY_REJECTED
t1-0,proof_byte,202560,xor01_from134,VERIFY_REJECTED
t1-0,proof_byte,202624,xor01_from93,VERIFY_REJECTED
t1-0,proof_byte,202688,xor01_from0,DESERIALIZE_REJECTED
t1-0,proof_byte,202752,xor01_from118,VERIFY_REJECTED
t1-0,proof_byte,202816,xor01_from140,VERIFY_REJECTED
t1-0,proof_byte,202880,xor01_from151,VERIFY_REJECTED
t1-0,proof_byte,202944,xor01_from53,VERIFY_REJECTED
t1-0,proof_byte,203008,xor01_from51,VERIFY_REJECTED
t1-0,proof_byte,203072,xor01_from124,VERIFY_REJECTED
t1-0,proof_byte,203136,xor01_from212,VERIFY_REJECTED
t1-0,proof_byte,203200,xor01_from0,DESERIALIZE_REJECTED
t1-0,proof_byte,203264,xor01_from221,VERIFY_REJECTED
t1-0,proof_byte,203328,xor01_from202,VERIFY_REJECTED
t1-0,proof_byte,203392,xor01_from108,VERIFY_REJECTED
t1-0,proof_byte,203456,xor01_from181,VERIFY_REJECTED
t1-0,proof_byte,203520,xor01_from104,VERIFY_REJECTED
t1-0,proof_byte,203584,xor01_from140,VERIFY_REJECTED
t1-0,proof_byte,203648,xor01_from0,DESERIALIZE_REJECTED
t1-0,proof_byte,203712,xor01_from42,VERIFY_REJECTED
t1-0,proof_byte,203776,xor01_from74,VERIFY_REJECTED
t1-0,proof_byte,203840,xor01_from46,VERIFY_REJECTED
t1-0,proof_byte,203904,xor01_from192,VERIFY_REJECTED
t1-0,proof_byte,203968,xor01_from230,VERIFY_REJECTED
t1-0,proof_byte,204032,xor01_from49,VERIFY_REJECTED
t1-0,proof_byte,204096,xor01_from0,DESERIALIZE_REJECTED
t1-0,proof_byte,204160,xor01_from64,VERIFY_REJECTED
t1-0,proof_byte,204224,xor01_from0,VERIFY_REJECTED
t1-0,proof_byte,204288,xor01_from3,VERIFY_REJECTED
t1-0,proof_byte,204352,xor01_from255,VERIFY_REJECTED
t1-0,proof_byte,204416,xor01_from0,DESERIALIZE_REJECTED
t1-0,proof_byte,204480,xor01_from104,VERIFY_REJECTED
t1-0,proof_byte,204544,xor01_from76,VERIFY_REJECTED
t1-0,proof_byte,204608,xor01_from11,VERIFY_REJECTED
t1-0,proof_byte,204672,xor01_from197,VERIFY_REJECTED
t1-0,proof_byte,204736,xor01_from0,DESERIALIZE_REJECTED
t1-0,proof_byte,204800,xor01_from75,VERIFY_REJECTED
t1-0,proof_byte,204864,xor01_from0,DESERIALIZE_REJECTED
t1-0,proof_byte,204928,xor01_from123,VERIFY_REJECTED
t1-0,proof_byte,204992,xor01_from140,VERIFY_REJECTED
t1-0,proof_byte,205056,xor01_from194,VERIFY_REJECTED
t1-0,proof_byte,205120,xor01_from32,VERIFY_REJECTED
t1-0,proof_byte,205184,xor01_from0,DESERIALIZE_REJECTED
t1-0,proof_byte,205248,xor01_from35,VERIFY_REJECTED
t1-0,proof_byte,205312,xor01_from203,VERIFY_REJECTED
t1-0,proof_byte,205376,xor01_from182,VERIFY_REJECTED
t1-0,proof_byte,205440,xor01_from184,VERIFY_REJECTED
t1-0,proof_byte,205504,xor01_from0,DESERIALIZE_REJECTED
t1-0,proof_byte,205568,xor01_from68,VERIFY_REJECTED
t1-0,proof_byte,205632,xor01_from148,VERIFY_REJECTED
t1-0,proof_byte,205696,xor01_from37,VERIFY_REJECTED
t1-0,proof_byte,205760,xor01_from146,VERIFY_REJECTED
t1-0,proof_byte,205824,xor01_from10,VERIFY_REJECTED
t1-0,proof_byte,205888,xor01_from173,VERIFY_REJECTED
t1-0,proof_byte,205952,xor01_from0,DESERIALIZE_REJECTED
t1-0,proof_byte,206016,xor01_from218,VERIFY_REJECTED
t1-0,proof_byte,206080,xor01_from24,VERIFY_REJECTED
t1-0,proof_byte,206144,xor01_from35,VERIFY_REJECTED
t1-0,proof_byte,206208,xor01_from227,VERIFY_REJECTED
t1-0,proof_byte,206272,xor01_from16,VERIFY_REJECTED
t1-0,proof_byte,206336,xor01_from210,VERIFY_REJECTED
t1-0,proof_byte,206400,xor01_from179,VERIFY_REJECTED
t1-0,proof_byte,206464,xor01_from41,VERIFY_REJECTED
t1-0,proof_byte,206528,xor01_from0,DESERIALIZE_REJECTED
t1-0,proof_byte,206592,xor01_from150,VERIFY_REJECTED
t1-0,proof_byte,206656,xor01_from141,VERIFY_REJECTED
t1-0,proof_byte,206720,xor01_from109,VERIFY_REJECTED
t1-0,proof_byte,206784,xor01_from141,VERIFY_REJECTED
t1-0,proof_byte,206848,xor01_from203,VERIFY_REJECTED
t1-0,proof_byte,206912,xor01_from255,VERIFY_REJECTED
t1-0,proof_byte,206976,xor01_from52,VERIFY_REJECTED
t1-0,proof_byte,207040,xor01_from2,DESERIALIZE_REJECTED
t1-0,proof_byte,207104,xor01_from117,VERIFY_REJECTED
t1-0,proof_byte,207168,xor01_from0,DESERIALIZE_REJECTED
t1-0,proof_byte,207232,xor01_from83,VERIFY_REJECTED
t1-0,proof_byte,207296,xor01_from6,VERIFY_REJECTED
t1-0,proof_byte,207360,xor01_from43,VERIFY_REJECTED
t1-0,proof_byte,207424,xor01_from88,VERIFY_REJECTED
t1-0,proof_byte,207488,xor01_from0,DESERIALIZE_REJECTED
t1-0,proof_byte,207552,xor01_from0,DESERIALIZE_REJECTED
t1-0,proof_byte,207616,xor01_from255,VERIFY_REJECTED
t1-0,proof_byte,207680,xor01_from65,VERIFY_REJECTED
t1-0,proof_byte,207744,xor01_from161,VERIFY_REJECTED
t1-0,proof_byte,207808,xor01_from204,VERIFY_REJECTED
t1-0,proof_byte,207872,xor01_from175,VERIFY_REJECTED
t1-0,proof_byte,207936,xor01_from72,VERIFY_REJECTED
t1-0,proof_byte,208000,xor01_from210,VERIFY_REJECTED
t1-0,proof_byte,208064,xor01_from0,DESERIALIZE_REJECTED
t1-0,proof_byte,208128,xor01_from0,DESERIALIZE_REJECTED
t1-0,proof_byte,208192,xor01_from211,VERIFY_REJECTED
t1-0,proof_byte,208256,xor01_from50,VERIFY_REJECTED
t1-0,proof_byte,208320,xor01_from195,VERIFY_REJECTED
t1-0,proof_byte,208384,xor01_from3,VERIFY_REJECTED
t1-0,proof_byte,208448,xor01_from163,VERIFY_REJECTED
t1-0,proof_byte,208512,xor01_from50,VERIFY_REJECTED
t1-0,proof_byte,208576,xor01_from51,VERIFY_REJECTED
t1-0,proof_byte,208640,xor01_from0,DESERIALIZE_REJECTED
t1-0,proof_byte,208704,xor01_from103,VERIFY_REJECTED
t1-0,proof_byte,208768,xor01_from33,VERIFY_REJECTED
t1-0,proof_byte,208832,xor01_from221,VERIFY_REJECTED
t1-0,proof_byte,208896,xor01_from18,VERIFY_REJECTED
t1-0,proof_byte,208960,xor01_from167,VERIFY_REJECTED
t1-0,proof_byte,209024,xor01_from92,VERIFY_REJECTED
t1-0,proof_byte,209088,xor01_from93,VERIFY_REJECTED
t1-0,proof_byte,209152,xor01_from0,DESERIALIZE_REJECTED
t1-0,proof_byte,209216,xor01_from249,VERIFY_REJECTED
t1-0,proof_byte,209280,xor01_from64,VERIFY_REJECTED
t1-0,proof_byte,209344,xor01_from145,VERIFY_REJECTED
t1-0,proof_byte,209408,xor01_from97,VERIFY_REJECTED
t1-0,proof_byte,209472,xor01_from236,VERIFY_REJECTED
t1-0,proof_byte,209536,xor01_from250,VERIFY_REJECTED
t1-0,proof_byte,209600,xor01_from166,VERIFY_REJECTED
t1-0,proof_byte,209664,xor01_from0,DESERIALIZE_REJECTED
t1-0,proof_byte,209728,xor01_from231,VERIFY_REJECTED
t1-0,proof_byte,209792,xor01_from48,VERIFY_REJECTED
t1-0,proof_byte,209856,xor01_from119,VERIFY_REJECTED
t1-0,proof_byte,209920,xor01_from187,VERIFY_REJECTED
t1-0,proof_byte,209984,xor01_from127,VERIFY_REJECTED
t1-0,proof_byte,210048,xor01_from101,VERIFY_REJECTED
t1-0,proof_byte,210112,xor01_from255,VERIFY_REJECTED
t1-0,proof_byte,210176,xor01_from0,DESERIALIZE_REJECTED
t1-0,proof_byte,210240,xor01_from234,VERIFY_REJECTED
t1-0,proof_byte,210304,xor01_from12,VERIFY_REJECTED
t1-0,proof_byte,210368,xor01_from160,VERIFY_REJECTED
t1-0,proof_byte,210432,xor01_from48,VERIFY_REJECTED
t1-0,proof_byte,210496,xor01_from0,VERIFY_REJECTED
t1-0,proof_byte,210560,xor01_from151,VERIFY_REJECTED
t1-0,proof_byte,210624,xor01_from91,VERIFY_REJECTED
t1-0,proof_byte,210688,xor01_from0,DESERIALIZE_REJECTED
t1-0,proof_byte,210752,xor01_from5,VERIFY_REJECTED
t1-0,proof_byte,210816,xor01_from235,VERIFY_REJECTED
t1-0,proof_byte,210880,xor01_from241,VERIFY_REJECTED
t1-0,proof_byte,210944,xor01_from115,VERIFY_REJECTED
t1-0,proof_byte,211008,xor01_from8,VERIFY_REJECTED
t1-0,proof_byte,211072,xor01_from110,VERIFY_REJECTED
t1-0,proof_byte,211136,xor01_from96,VERIFY_REJECTED
t1-0,proof_byte,211200,xor01_from0,DESERIALIZE_REJECTED
t1-0,proof_byte,211264,xor01_from113,VERIFY_REJECTED
t1-0,proof_byte,211328,xor01_from254,VERIFY_REJECTED
t1-0,proof_byte,211392,xor01_from14,VERIFY_REJECTED
t1-0,proof_byte,211456,xor01_from186,VERIFY_REJECTED
t1-0,proof_byte,211520,xor01_from4,VERIFY_REJECTED
t1-0,proof_byte,211584,xor01_from164,VERIFY_REJECTED
t1-0,proof_byte,211648,xor01_from0,DESERIALIZE_REJECTED
t1-0,proof_byte,211712,xor01_from0,DESERIALIZE_REJECTED
t1-0,proof_byte,211776,xor01_from117,VERIFY_REJECTED
t1-0,proof_byte,211840,xor01_from72,VERIFY_REJECTED
t1-0,proof_byte,211904,xor01_from177,VERIFY_REJECTED
t1-0,proof_byte,211968,xor01_from53,VERIFY_REJECTED
t1-0,proof_byte,212032,xor01_from52,VERIFY_REJECTED
t1-0,proof_byte,212096,xor01_from145,VERIFY_REJECTED
t1-0,proof_byte,212160,xor01_from0,DESERIALIZE_REJECTED
t1-0,proof_byte,212224,xor01_from16,VERIFY_REJECTED
t1-0,proof_byte,212288,xor01_from71,VERIFY_REJECTED
t1-0,proof_byte,212352,xor01_from215,VERIFY_REJECTED
t1-0,proof_byte,212416,xor01_from188,VERIFY_REJECTED
t1-0,proof_byte,212480,xor01_from107,VERIFY_REJECTED
t1-0,proof_byte,212544,xor01_from95,VERIFY_REJECTED
t1-0,proof_byte,212608,xor01_from115,VERIFY_REJECTED
t1-0,proof_byte,212672,xor01_from0,DESERIALIZE_REJECTED
t1-0,proof_byte,212736,xor01_from182,VERIFY_REJECTED
t1-0,proof_byte,212800,xor01_from174,VERIFY_REJECTED
t1-0,proof_byte,212864,xor01_from144,VERIFY_REJECTED
t1-0,proof_byte,212928,xor01_from195,VERIFY_REJECTED
t1-0,proof_byte,212992,xor01_from11,VERIFY_REJECTED
t1-0,proof_byte,213056,xor01_from246,VERIFY_REJECTED
t1-0,proof_byte,213120,xor01_from0,DESERIALIZE_REJECTED
t1-0,proof_byte,213184,xor01_from0,DESERIALIZE_REJECTED
t1-0,proof_byte,213248,xor01_from213,VERIFY_REJECTED
t1-0,proof_byte,213312,xor01_from19,VERIFY_REJECTED
t1-0,proof_byte,213376,xor01_from170,VERIFY_REJECTED
t1-0,proof_byte,213440,xor01_from10,VERIFY_REJECTED
t1-0,proof_byte,213504,xor01_from15,VERIFY_REJECTED
t1-0,proof_byte,213568,xor01_from65,VERIFY_REJECTED
t1-0,proof_byte,213632,xor01_from0,DESERIALIZE_REJECTED
t1-0,proof_byte,213696,xor01_from194,VERIFY_REJECTED
t1-0,proof_byte,213760,xor01_from34,VERIFY_REJECTED
t1-0,proof_byte,213824,xor01_from1,VERIFY_REJECTED
t1-0,proof_byte,213888,xor01_from27,VERIFY_REJECTED
t1-0,proof_byte,213952,xor01_from26,VERIFY_REJECTED
t1-0,proof_byte,214016,xor01_from75,VERIFY_REJECTED
t1-0,proof_byte,214080,xor01_from122,VERIFY_REJECTED
t1-0,proof_byte,214144,xor01_from0,DESERIALIZE_REJECTED
t1-0,proof_byte,214208,xor01_from97,VERIFY_REJECTED
t1-0,proof_byte,214272,xor01_from42,VERIFY_REJECTED
t1-0,proof_byte,214336,xor01_from182,VERIFY_REJECTED
t1-0,proof_byte,214400,xor01_from150,VERIFY_REJECTED
t1-0,proof_byte,214464,xor01_from150,VERIFY_REJECTED
t1-0,proof_byte,214528,xor01_from13,VERIFY_REJECTED
t1-0,proof_byte,214592,xor01_from0,DESERIALIZE_REJECTED
t1-0,proof_byte,214656,xor01_from254,VERIFY_REJECTED
t1-0,proof_byte,214720,xor01_from79,VERIFY_REJECTED
t1-0,proof_byte,214784,xor01_from165,VERIFY_REJECTED
t1-0,proof_byte,214848,xor01_from47,VERIFY_REJECTED
t1-0,proof_byte,214912,xor01_from70,VERIFY_REJECTED
t1-0,proof_byte,214976,xor01_from173,VERIFY_REJECTED
t1-0,proof_byte,215040,xor01_from27,VERIFY_REJECTED
t1-0,proof_byte,215104,xor01_from0,DESERIALIZE_REJECTED
t1-0,proof_byte,215168,xor01_from155,VERIFY_REJECTED
t1-0,proof_byte,215232,xor01_from230,VERIFY_REJECTED
t1-0,proof_byte,215296,xor01_from109,VERIFY_REJECTED
t1-0,proof_byte,215360,xor01_from43,VERIFY_REJECTED
t1-0,proof_byte,215424,xor01_from82,VERIFY_REJECTED
t1-0,proof_byte,215488,xor01_from47,VERIFY_REJECTED
t1-0,proof_byte,215552,xor01_from0,DESERIALIZE_REJECTED
t1-0,proof_byte,215616,xor01_from229,VERIFY_REJECTED
t1-0,proof_byte,215680,xor01_from11,VERIFY_REJECTED
t1-0,proof_byte,215744,xor01_from36,VERIFY_REJECTED
t1-0,proof_byte,215808,xor01_from115,VERIFY_REJECTED
t1-0,proof_byte,215872,xor01_from142,VERIFY_REJECTED
t1-0,proof_byte,215936,xor01_from251,VERIFY_REJECTED
t1-0,proof_byte,216000,xor01_from247,VERIFY_REJECTED
t1-0,proof_byte,216064,xor01_from0,DESERIALIZE_REJECTED
t1-0,proof_byte,216128,xor01_from97,VERIFY_REJECTED
t1-0,proof_byte,216192,xor01_from15,VERIFY_REJECTED
t1-0,proof_byte,216256,xor01_from114,VERIFY_REJECTED
t1-0,proof_byte,216320,xor01_from32,VERIFY_REJECTED
t1-0,proof_byte,216384,xor01_from0,DESERIALIZE_REJECTED
t1-0,proof_byte,216448,xor01_from219,VERIFY_REJECTED
t1-0,proof_byte,216512,xor01_from0,DESERIALIZE_REJECTED
t1-0,proof_byte,216576,xor01_from255,VERIFY_REJECTED
t1-0,proof_byte,216640,xor01_from22,VERIFY_REJECTED
t1-0,proof_byte,216704,xor01_from96,VERIFY_REJECTED
t1-0,proof_byte,216768,xor01_from242,VERIFY_REJECTED
t1-0,proof_byte,216832,xor01_from0,DESERIALIZE_REJECTED
t1-0,proof_byte,216896,xor01_from133,VERIFY_REJECTED
t1-0,proof_byte,216960,xor01_from248,VERIFY_REJECTED
t1-0,proof_byte,217024,xor01_from247,VERIFY_REJECTED
t1-0,proof_byte,217088,xor01_from42,VERIFY_REJECTED
t1-0,proof_byte,217152,xor01_from251,VERIFY_REJECTED
t1-0,proof_byte,217216,xor01_from135,VERIFY_REJECTED
t1-0,proof_byte,217280,xor01_from237,VERIFY_REJECTED
t1-0,proof_byte,217344,xor01_from0,DESERIALIZE_REJECTED
t1-0,proof_byte,217408,xor01_from50,VERIFY_REJECTED
t1-0,proof_byte,217472,xor01_from143,VERIFY_REJECTED
t1-0,proof_byte,217536,xor01_from38,VERIFY_REJECTED
t1-0,proof_byte,217600,xor01_from152,VERIFY_REJECTED
t1-0,proof_byte,217664,xor01_from158,VERIFY_REJECTED
t1-0,proof_byte,217728,xor01_from185,VERIFY_REJECTED
t1-0,proof_byte,217792,xor01_from43,VERIFY_REJECTED
t1-0,proof_byte,217856,xor01_from52,VERIFY_REJECTED
t1-0,proof_byte,217920,xor01_from0,DESERIALIZE_REJECTED
t1-0,proof_byte,217984,xor01_from178,VERIFY_REJECTED
t1-0,proof_byte,218048,xor01_from158,VERIFY_REJECTED
t1-0,proof_byte,218112,xor01_from199,VERIFY_REJECTED
t1-0,proof_byte,218176,xor01_from236,VERIFY_REJECTED
t1-0,proof_byte,218240,xor01_from91,VERIFY_REJECTED
t1-0,proof_byte,218304,xor01_from0,VERIFY_REJECTED
t1-0,proof_byte,218368,xor01_from0,VERIFY_REJECTED
t1-0,proof_byte,218432,xor01_from249,VERIFY_REJECTED
t1-0,proof_byte,218496,xor01_from0,DESERIALIZE_REJECTED
t1-0,proof_byte,218560,xor01_from0,DESERIALIZE_REJECTED
t1-0,proof_byte,218624,xor01_from206,VERIFY_REJECTED
t1-0,proof_byte,218688,xor01_from136,VERIFY_REJECTED
t1-0,proof_byte,218752,xor01_from143,VERIFY_REJECTED
t1-0,proof_byte,218816,xor01_from165,VERIFY_REJECTED
t1-0,proof_byte,218880,xor01_from193,VERIFY_REJECTED
t1-0,proof_byte,218944,xor01_from152,VERIFY_REJECTED
t1-0,proof_byte,219008,xor01_from44,VERIFY_REJECTED
t1-0,proof_byte,219072,xor01_from71,VERIFY_REJECTED
t1-0,proof_byte,219136,xor01_from124,VERIFY_REJECTED
t1-0,proof_byte,219200,xor01_from0,DESERIALIZE_REJECTED
t1-0,proof_byte,219264,xor01_from90,VERIFY_REJECTED
t1-0,proof_byte,219328,xor01_from203,VERIFY_REJECTED
t1-0,proof_byte,219392,xor01_from112,VERIFY_REJECTED
t1-0,proof_byte,219456,xor01_from5,VERIFY_REJECTED
t1-0,proof_byte,219520,xor01_from97,VERIFY_REJECTED
t1-0,proof_byte,219584,xor01_from34,VERIFY_REJECTED
t1-0,proof_byte,219648,xor01_from9,VERIFY_REJECTED
t1-0,proof_byte,219712,xor01_from0,DESERIALIZE_REJECTED
t1-0,proof_byte,219776,xor01_from0,DESERIALIZE_REJECTED
t1-0,proof_byte,219840,xor01_from59,VERIFY_REJECTED
t1-0,proof_byte,219904,xor01_from83,VERIFY_REJECTED
t1-0,proof_byte,219968,xor01_from88,VERIFY_REJECTED
t1-0,proof_byte,220032,xor01_from2,VERIFY_REJECTED
t1-0,proof_byte,220096,xor01_from234,VERIFY_REJECTED
t1-0,proof_byte,220160,xor01_from245,VERIFY_REJECTED
t1-0,proof_byte,220224,xor01_from56,VERIFY_REJECTED
t1-0,proof_byte,220288,xor01_from0,DESERIALIZE_REJECTED
t1-0,proof_byte,220352,xor01_from207,VERIFY_REJECTED
t1-0,proof_byte,220416,xor01_from238,VERIFY_REJECTED
t1-0,proof_byte,220480,xor01_from97,VERIFY_REJECTED
t1-0,proof_byte,220544,xor01_from169,VERIFY_REJECTED
t1-0,proof_byte,220608,xor01_from52,VERIFY_REJECTED
t1-0,proof_byte,220672,xor01_from107,VERIFY_REJECTED
t1-0,proof_byte,220736,xor01_from112,VERIFY_REJECTED
t1-0,proof_byte,220800,xor01_from0,DESERIALIZE_REJECTED
t1-0,proof_byte,220864,xor01_from210,VERIFY_REJECTED
t1-0,proof_byte,220928,xor01_from218,VERIFY_REJECTED
t1-0,proof_byte,220992,xor01_from82,VERIFY_REJECTED
t1-0,proof_byte,221056,xor01_from77,VERIFY_REJECTED
t1-0,proof_byte,221120,xor01_from84,VERIFY_REJECTED
t1-0,proof_byte,221184,xor01_from217,VERIFY_REJECTED
t1-0,proof_byte,221248,xor01_from10,VERIFY_REJECTED
t1-0,proof_byte,221312,xor01_from0,DESERIALIZE_REJECTED
t1-0,proof_byte,221376,xor01_from194,VERIFY_REJECTED
t1-0,proof_byte,221440,xor01_from253,VERIFY_REJECTED
t1-0,proof_byte,221504,xor01_from22,VERIFY_REJECTED
t1-0,proof_byte,221568,xor01_from102,VERIFY_REJECTED
t1-0,proof_byte,221632,xor01_from69,VERIFY_REJECTED
t1-0,proof_byte,221696,xor01_from90,VERIFY_REJECTED
t1-0,proof_byte,221760,xor01_from13,VERIFY_REJECTED
t1-0,proof_byte,221824,xor01_from0,DESERIALIZE_REJECTED
t1-0,proof_byte,221888,xor01_from197,VERIFY_REJECTED
t1-0,proof_byte,221952,xor01_from185,VERIFY_REJECTED
t1-0,proof_byte,222016,xor01_from39,VERIFY_REJECTED
t1-0,proof_byte,222080,xor01_from115,VERIFY_REJECTED
t1-0,proof_byte,222144,xor01_from171,VERIFY_REJECTED
t1-0,proof_byte,222208,xor01_from205,VERIFY_REJECTED
t1-0,proof_byte,222272,xor01_from0,DESERIALIZE_REJECTED
t1-0,proof_byte,222336,xor01_from0,DESERIALIZE_REJECTED
t1-0,proof_byte,222400,xor01_from118,VERIFY_REJECTED
t1-0,proof_byte,222464,xor01_from102,VERIFY_REJECTED
t1-0,proof_byte,222528,xor01_from73,VERIFY_REJECTED
t1-0,proof_byte,222592,xor01_from212,VERIFY_REJECTED
t1-0,proof_byte,222656,xor01_from70,VERIFY_REJECTED
t1-0,proof_byte,222720,xor01_from49,VERIFY_REJECTED
t1-0,proof_byte,222784,xor01_from0,DESERIALIZE_REJECTED
t1-0,proof_byte,222848,xor01_from96,VERIFY_REJECTED
t1-0,proof_byte,222912,xor01_from233,VERIFY_REJECTED
t1-0,proof_byte,222976,xor01_from109,VERIFY_REJECTED
t1-0,proof_byte,223040,xor01_from56,VERIFY_REJECTED
t1-0,proof_byte,223104,xor01_from205,VERIFY_REJECTED
t1-0,proof_byte,223168,xor01_from30,VERIFY_REJECTED
t1-0,proof_byte,223232,xor01_from100,VERIFY_REJECTED
t1-0,proof_byte,223296,xor01_from0,DESERIALIZE_REJECTED
t1-0,proof_byte,223360,xor01_from115,VERIFY_REJECTED
t1-0,proof_byte,223424,xor01_from116,VERIFY_REJECTED
t1-0,proof_byte,223488,xor01_from56,VERIFY_REJECTED
t1-0,proof_byte,223552,xor01_from139,VERIFY_REJECTED
t1-0,proof_byte,223616,xor01_from251,VERIFY_REJECTED
t1-0,proof_byte,223680,xor01_from238,VERIFY_REJECTED
t1-0,proof_byte,223744,xor01_from117,VERIFY_REJECTED
t1-0,proof_byte,223808,xor01_from0,DESERIALIZE_REJECTED
t1-0,proof_byte,223872,xor01_from8,VERIFY_REJECTED
t1-0,proof_byte,223936,xor01_from7,VERIFY_REJECTED
t1-0,proof_byte,224000,xor01_from49,VERIFY_REJECTED
t1-0,proof_byte,224064,xor01_from111,VERIFY_REJECTED
t1-0,proof_byte,224128,xor01_from15,VERIFY_REJECTED
t1-0,proof_byte,224192,xor01_from233,VERIFY_REJECTED
t1-0,proof_byte,224256,xor01_from0,DESERIALIZE_REJECTED
t1-0,proof_byte,224320,xor01_from12,VERIFY_REJECTED
t1-0,proof_byte,224384,xor01_from121,VERIFY_REJECTED
t1-0,proof_byte,224448,xor01_from89,VERIFY_REJECTED
t1-0,proof_byte,224512,xor01_from116,VERIFY_REJECTED
t1-0,proof_byte,224576,xor01_from240,VERIFY_REJECTED
t1-0,proof_byte,224640,xor01_from220,VERIFY_REJECTED
t1-0,proof_byte,224704,xor01_from231,VERIFY_REJECTED
t1-0,proof_byte,224768,xor01_from0,DESERIALIZE_REJECTED
t1-0,proof_byte,224832,xor01_from201,VERIFY_REJECTED
t1-0,proof_byte,224896,xor01_from86,VERIFY_REJECTED
t1-0,proof_byte,224960,xor01_from197,VERIFY_REJECTED
t1-0,proof_byte,225024,xor01_from158,VERIFY_REJECTED
t1-0,proof_byte,225088,xor01_from241,VERIFY_REJECTED
t1-0,proof_byte,225152,xor01_from118,VERIFY_REJECTED
t1-0,proof_byte,225216,xor01_from0,DESERIALIZE_REJECTED
t1-0,proof_byte,225280,xor01_from107,VERIFY_REJECTED
t1-0,proof_byte,225344,xor01_from0,DESERIALIZE_REJECTED
t1-0,proof_byte,225408,xor01_from37,VERIFY_REJECTED
t1-0,proof_byte,225472,xor01_from131,VERIFY_REJECTED
t1-0,proof_byte,225536,xor01_from251,VERIFY_REJECTED
t1-0,proof_byte,225600,xor01_from35,VERIFY_REJECTED
t1-0,proof_byte,225664,xor01_from153,VERIFY_REJECTED
t1-0,proof_byte,225728,xor01_from233,VERIFY_REJECTED
t1-0,proof_byte,225792,xor01_from64,VERIFY_REJECTED
t1-0,proof_byte,225856,xor01_from0,DESERIALIZE_REJECTED
t1-0,proof_byte,225920,xor01_from237,VERIFY_REJECTED
t1-0,proof_byte,225984,xor01_from154,VERIFY_REJECTED
t1-0,proof_byte,226048,xor01_from161,VERIFY_REJECTED
t1-0,proof_byte,226112,xor01_from63,VERIFY_REJECTED
t1-0,proof_byte,226176,xor01_from212,VERIFY_REJECTED
t1-0,proof_byte,226240,xor01_from78,VERIFY_REJECTED
t1-0,proof_byte,226304,xor01_from2,VERIFY_REJECTED
t1-0,proof_byte,226368,xor01_from70,VERIFY_REJECTED
t1-0,proof_byte,226432,xor01_from0,VERIFY_REJECTED
t1-0,proof_byte,226496,xor01_from222,VERIFY_REJECTED
t1-0,proof_byte,226560,xor01_from0,DESERIALIZE_REJECTED
t1-0,proof_byte,226624,xor01_from108,VERIFY_REJECTED
t1-0,proof_byte,226688,xor01_from82,VERIFY_REJECTED
t1-0,proof_byte,226752,xor01_from59,VERIFY_REJECTED
t1-0,proof_byte,226816,xor01_from148,VERIFY_REJECTED
t1-0,proof_byte,226880,xor01_from0,DESERIALIZE_REJECTED
t1-0,proof_byte,226944,xor01_from0,DESERIALIZE_REJECTED
t1-0,proof_byte,227008,xor01_from183,VERIFY_REJECTED
t1-0,proof_byte,227072,xor01_from130,VERIFY_REJECTED
t1-0,proof_byte,227136,xor01_from230,VERIFY_REJECTED
t1-0,proof_byte,227200,xor01_from59,VERIFY_REJECTED
t1-0,proof_byte,227264,xor01_from99,VERIFY_REJECTED
t1-0,proof_byte,227328,xor01_from203,VERIFY_REJECTED
t1-0,proof_byte,227392,xor01_from159,VERIFY_REJECTED
t1-0,proof_byte,227456,xor01_from0,DESERIALIZE_REJECTED
t1-0,proof_byte,227520,xor01_from0,DESERIALIZE_REJECTED
t1-0,proof_byte,227584,xor01_from145,VERIFY_REJECTED
t1-0,proof_byte,227648,xor01_from220,VERIFY_REJECTED
t1-0,proof_byte,227712,xor01_from79,VERIFY_REJECTED
t1-0,proof_byte,227776,xor01_from67,VERIFY_REJECTED
t1-0,proof_byte,227840,xor01_from66,VERIFY_REJECTED
t1-0,proof_byte,227904,xor01_from200,VERIFY_REJECTED
t1-0,proof_byte,227968,xor01_from107,VERIFY_REJECTED
t1-0,proof_byte,228032,xor01_from0,DESERIALIZE_REJECTED
t1-0,proof_byte,228096,xor01_from2,VERIFY_REJECTED
t1-0,proof_byte,228160,xor01_from186,VERIFY_REJECTED
t1-0,proof_byte,228224,xor01_from235,VERIFY_REJECTED
t1-0,proof_byte,228288,xor01_from119,VERIFY_REJECTED
t1-0,proof_byte,228352,xor01_from81,VERIFY_REJECTED
t1-0,proof_byte,228416,xor01_from58,VERIFY_REJECTED
t1-0,proof_byte,228480,xor01_from84,VERIFY_REJECTED
t1-0,proof_byte,228544,xor01_from0,DESERIALIZE_REJECTED
t1-0,proof_byte,228608,xor01_from52,VERIFY_REJECTED
t1-0,proof_byte,228672,xor01_from95,VERIFY_REJECTED
t1-0,proof_byte,228736,xor01_from147,VERIFY_REJECTED
t1-0,proof_byte,228800,xor01_from77,VERIFY_REJECTED
t1-0,proof_byte,228864,xor01_from38,VERIFY_REJECTED
t1-0,proof_byte,228928,xor01_from119,VERIFY_REJECTED
t1-0,proof_byte,228992,xor01_from111,VERIFY_REJECTED
t1-0,proof_byte,229056,xor01_from0,DESERIALIZE_REJECTED
t1-0,proof_byte,229120,xor01_from112,VERIFY_REJECTED
t1-0,proof_byte,229184,xor01_from84,VERIFY_REJECTED
t1-0,proof_byte,229248,xor01_from24,VERIFY_REJECTED
t1-0,proof_byte,229312,xor01_from92,VERIFY_REJECTED
t1-0,proof_byte,229376,xor01_from28,VERIFY_REJECTED
t1-0,proof_byte,229440,xor01_from220,VERIFY_REJECTED
t1-0,proof_byte,229504,xor01_from176,VERIFY_REJECTED
t1-0,proof_byte,229568,xor01_from0,DESERIALIZE_REJECTED
t1-0,proof_byte,229632,xor01_from168,VERIFY_REJECTED
t1-0,proof_byte,229696,xor01_from42,VERIFY_REJECTED
t1-0,proof_byte,229760,xor01_from0,DESERIALIZE_REJECTED
t1-0,proof_byte,229824,xor01_from36,VERIFY_REJECTED
t1-0,proof_byte,229888,xor01_from9,VERIFY_REJECTED
t1-0,proof_byte,229952,xor01_from34,VERIFY_REJECTED
t1-0,proof_byte,230016,xor01_from34,VERIFY_REJECTED
t1-0,proof_byte,230080,xor01_from85,VERIFY_REJECTED
t1-0,proof_byte,230144,xor01_from113,VERIFY_REJECTED
t1-0,proof_byte,230208,xor01_from102,VERIFY_REJECTED
t1-0,proof_byte,230272,xor01_from225,VERIFY_REJECTED
t1-0,proof_byte,230336,xor01_from0,DESERIALIZE_REJECTED
t1-0,proof_byte,230400,xor01_from77,VERIFY_REJECTED
t1-0,proof_byte,230464,xor01_from209,VERIFY_REJECTED
t1-0,proof_byte,230528,xor01_from168,VERIFY_REJECTED
t1-0,proof_byte,230592,xor01_from0,DESERIALIZE_REJECTED
t1-0,proof_byte,230656,xor01_from0,DESERIALIZE_REJECTED
t1-0,proof_byte,230720,xor01_from194,VERIFY_REJECTED
t1-0,proof_byte,230784,xor01_from250,VERIFY_REJECTED
t1-0,proof_byte,230848,xor01_from108,VERIFY_REJECTED
t1-0,proof_byte,230912,xor01_from110,VERIFY_REJECTED
t1-0,proof_byte,230976,xor01_from122,VERIFY_REJECTED
t1-0,proof_byte,231040,xor01_from32,VERIFY_REJECTED
t1-0,proof_byte,231104,xor01_from225,VERIFY_REJECTED
t1-0,proof_byte,231168,xor01_from64,VERIFY_REJECTED
t1-0,proof_byte,231232,xor01_from194,VERIFY_REJECTED
t1-0,proof_byte,231296,xor01_from0,DESERIALIZE_REJECTED
t1-0,proof_byte,231360,xor01_from197,VERIFY_REJECTED
t1-0,proof_byte,231424,xor01_from36,VERIFY_REJECTED
t1-0,proof_byte,231488,xor01_from215,VERIFY_REJECTED
t1-0,proof_byte,231552,xor01_from111,VERIFY_REJECTED
t1-0,proof_byte,231616,xor01_from27,VERIFY_REJECTED
t1-0,proof_byte,231680,xor01_from246,VERIFY_REJECTED
t1-0,proof_byte,231744,xor01_from6,VERIFY_REJECTED
t1-0,proof_byte,231808,xor01_from0,DESERIALIZE_REJECTED
t1-0,proof_byte,231872,xor01_from0,DESERIALIZE_REJECTED
t1-0,proof_byte,231936,xor01_from87,VERIFY_REJECTED
t1-0,proof_byte,232000,xor01_from94,VERIFY_REJECTED
t1-0,proof_byte,232064,xor01_from34,VERIFY_REJECTED
t1-0,proof_byte,232128,xor01_from102,VERIFY_REJECTED
t1-0,proof_byte,232192,xor01_from240,VERIFY_REJECTED
t1-0,proof_byte,232256,xor01_from133,VERIFY_REJECTED
t1-0,proof_byte,232320,xor01_from9,VERIFY_REJECTED
t1-0,proof_byte,232384,xor01_from0,DESERIALIZE_REJECTED
t1-0,proof_byte,232448,xor01_from11,VERIFY_REJECTED
t1-0,proof_byte,232512,xor01_from52,VERIFY_REJECTED
t1-0,proof_byte,232576,xor01_from210,VERIFY_REJECTED
t1-0,proof_byte,232640,xor01_from22,VERIFY_REJECTED
t1-0,proof_byte,232704,xor01_from89,VERIFY_REJECTED
t1-0,proof_byte,232768,xor01_from219,VERIFY_REJECTED
t1-0,proof_byte,232832,xor01_from240,VERIFY_REJECTED
t1-0,proof_byte,232896,xor01_from0,DESERIALIZE_REJECTED
t1-0,proof_byte,232960,xor01_from231,VERIFY_REJECTED
t1-0,proof_byte,233024,xor01_from240,VERIFY_REJECTED
t1-0,proof_byte,233088,xor01_from78,VERIFY_REJECTED
t1-0,proof_byte,233152,xor01_from136,VERIFY_REJECTED
t1-0,proof_byte,233216,xor01_from235,VERIFY_REJECTED
t1-0,proof_byte,233280,xor01_from100,VERIFY_REJECTED
t1-0,proof_byte,233344,xor01_from189,VERIFY_REJECTED
t1-0,proof_byte,233408,xor01_from0,DESERIALIZE_REJECTED
t1-0,proof_byte,233472,xor01_from238,VERIFY_REJECTED
t1-0,proof_byte,233536,xor01_from205,VERIFY_REJECTED
t1-0,proof_byte,233600,xor01_from147,VERIFY_REJECTED
t1-0,proof_byte,233664,xor01_from51,VERIFY_REJECTED
t1-0,proof_byte,233728,xor01_from217,VERIFY_REJECTED
t1-0,proof_byte,233792,xor01_from119,VERIFY_REJECTED
t1-0,proof_byte,233856,xor01_from41,VERIFY_REJECTED
t1-0,proof_byte,233920,xor01_from0,DESERIALIZE_REJECTED
t1-0,proof_byte,233984,xor01_from232,VERIFY_REJECTED
t1-0,proof_byte,234048,xor01_from74,VERIFY_REJECTED
t1-0,proof_byte,234112,xor01_from83,VERIFY_REJECTED
t1-0,proof_byte,234176,xor01_from75,VERIFY_REJECTED
t1-0,proof_byte,234240,xor01_from28,VERIFY_REJECTED
t1-0,proof_byte,234304,xor01_from126,VERIFY_REJECTED
t1-0,proof_byte,234368,xor01_from0,DESERIALIZE_REJECTED
t1-0,proof_byte,234432,xor01_from228,VERIFY_REJECTED
t1-0,proof_byte,234496,xor01_from197,VERIFY_REJECTED
t1-0,proof_byte,234560,xor01_from9,VERIFY_REJECTED
t1-0,proof_byte,234624,xor01_from0,DESERIALIZE_REJECTED
t1-0,proof_byte,234688,xor01_from71,VERIFY_REJECTED
t1-0,proof_byte,234752,xor01_from234,VERIFY_REJECTED
t1-0,proof_byte,234816,xor01_from100,VERIFY_REJECTED
t1-0,proof_byte,234880,xor01_from223,VERIFY_REJECTED
t1-0,proof_byte,234944,xor01_from0,DESERIALIZE_REJECTED
t1-0,proof_byte,235008,xor01_from0,DESERIALIZE_REJECTED
t1-0,proof_byte,235072,xor01_from0,DESERIALIZE_REJECTED
t1-0,proof_byte,235136,xor01_from0,DESERIALIZE_REJECTED
t1-0,proof_byte,235200,xor01_from217,VERIFY_REJECTED
t1-0,proof_byte,235264,xor01_from81,VERIFY_REJECTED
t1-0,proof_byte,235328,xor01_from224,VERIFY_REJECTED
t1-0,proof_byte,235392,xor01_from171,VERIFY_REJECTED
t1-0,proof_byte,235456,xor01_from205,VERIFY_REJECTED
t1-0,proof_byte,235520,xor01_from12,VERIFY_REJECTED
t1-0,proof_byte,235584,xor01_from21,VERIFY_REJECTED
t1-0,proof_byte,235648,xor01_from187,VERIFY_REJECTED
t1-0,proof_byte,235712,xor01_from0,DESERIALIZE_REJECTED
t1-0,proof_byte,235776,xor01_from247,VERIFY_REJECTED
t1-0,proof_byte,235840,xor01_from0,DESERIALIZE_REJECTED
t1-0,proof_byte,235904,xor01_from179,VERIFY_REJECTED
t1-0,proof_byte,235968,xor01_from154,VERIFY_REJECTED
t1-0,proof_byte,236032,xor01_from214,VERIFY_REJECTED
t1-0,proof_byte,236096,xor01_from63,VERIFY_REJECTED
t1-0,proof_byte,236160,xor01_from27,VERIFY_REJECTED
t1-0,proof_byte,236224,xor01_from160,VERIFY_REJECTED
t1-0,proof_byte,236288,xor01_from235,VERIFY_REJECTED
t1-0,proof_byte,236352,xor01_from244,VERIFY_REJECTED
t1-0,proof_byte,236416,xor01_from156,VERIFY_REJECTED
t1-0,proof_byte,236480,xor01_from10,VERIFY_REJECTED
t1-0,proof_byte,236544,xor01_from224,VERIFY_REJECTED
t1-0,proof_byte,236608,xor01_from46,VERIFY_REJECTED
t1-0,proof_byte,236672,xor01_from15,VERIFY_REJECTED
t1-0,proof_byte,236736,xor01_from158,VERIFY_REJECTED
t1-0,proof_byte,236800,xor01_from0,DESERIALIZE_REJECTED
t1-0,proof_byte,236864,xor01_from0,DESERIALIZE_REJECTED
t1-0,proof_byte,236928,xor01_from255,VERIFY_REJECTED
t1-0,proof_byte,236992,xor01_from118,VERIFY_REJECTED
t1-0,proof_byte,237056,xor01_from51,VERIFY_REJECTED
t1-0,proof_byte,237120,xor01_from152,VERIFY_REJECTED
t1-0,proof_byte,237184,xor01_from120,VERIFY_REJECTED
t1-0,proof_byte,237248,xor01_from145,VERIFY_REJECTED
t1-0,proof_byte,237312,xor01_from96,VERIFY_REJECTED
t1-0,proof_byte,237376,xor01_from181,VERIFY_REJECTED
t1-0,proof_byte,237440,xor01_from0,VERIFY_REJECTED
t1-0,proof_byte,237504,xor01_from19,VERIFY_REJECTED
t1-0,proof_byte,237568,xor01_from0,DESERIALIZE_REJECTED
t1-0,proof_byte,237632,xor01_from212,VERIFY_REJECTED
t1-0,proof_byte,237696,xor01_from109,VERIFY_REJECTED
t1-0,proof_byte,237760,xor01_from118,VERIFY_REJECTED
t1-0,proof_byte,237824,xor01_from185,VERIFY_REJECTED
t1-0,proof_byte,237888,xor01_from248,VERIFY_REJECTED
t1-0,proof_byte,237952,xor01_from75,VERIFY_REJECTED
t1-0,proof_byte,238016,xor01_from0,DESERIALIZE_REJECTED
t1-0,proof_byte,238080,xor01_from0,DESERIALIZE_REJECTED
t1-0,proof_byte,238144,xor01_from122,VERIFY_REJECTED
t1-0,proof_byte,238208,xor01_from147,VERIFY_REJECTED
t1-0,proof_byte,238272,xor01_from126,VERIFY_REJECTED
t1-0,proof_byte,238336,xor01_from164,VERIFY_REJECTED
t1-0,proof_byte,238400,xor01_from145,VERIFY_REJECTED
t1-0,proof_byte,238464,xor01_from146,VERIFY_REJECTED
t1-0,proof_byte,238528,xor01_from169,VERIFY_REJECTED
t1-0,proof_byte,238592,xor01_from231,VERIFY_REJECTED
t1-0,proof_byte,238656,xor01_from225,VERIFY_REJECTED
t1-0,proof_byte,238720,xor01_from0,DESERIALIZE_REJECTED
t1-0,proof_byte,238784,xor01_from186,VERIFY_REJECTED
t1-0,proof_byte,238848,xor01_from18,VERIFY_REJECTED
t1-0,proof_byte,238912,xor01_from203,VERIFY_REJECTED
t1-0,proof_byte,238976,xor01_from174,VERIFY_REJECTED
t1-0,proof_byte,239040,xor01_from190,VERIFY_REJECTED
t1-0,proof_byte,239104,xor01_from4,VERIFY_REJECTED
t1-0,proof_byte,239168,xor01_from167,VERIFY_REJECTED
t1-0,proof_byte,239232,xor01_from0,DESERIALIZE_REJECTED
t1-0,proof_byte,239296,xor01_from0,DESERIALIZE_REJECTED
t1-0,proof_byte,239360,xor01_from51,VERIFY_REJECTED
t1-0,proof_byte,239424,xor01_from66,VERIFY_REJECTED
t1-0,proof_byte,239488,xor01_from132,VERIFY_REJECTED
t1-0,proof_byte,239552,xor01_from169,VERIFY_REJECTED
t1-0,proof_byte,239616,xor01_from63,VERIFY_REJECTED
t1-0,proof_byte,239680,xor01_from10,VERIFY_REJECTED
t1-0,proof_byte,239744,xor01_from0,VERIFY_REJECTED
t1-0,proof_byte,239808,xor01_from0,DESERIALIZE_REJECTED
t1-0,proof_byte,239872,xor01_from57,VERIFY_REJECTED
t1-0,proof_byte,239936,xor01_from222,VERIFY_REJECTED
t1-0,proof_byte,240000,xor01_from235,VERIFY_REJECTED
t1-0,proof_byte,240064,xor01_from65,VERIFY_REJECTED
t1-0,proof_byte,240128,xor01_from157,VERIFY_REJECTED
t1-0,proof_byte,240192,xor01_from230,VERIFY_REJECTED
t1-0,proof_byte,240256,xor01_from40,VERIFY_REJECTED
t1-0,proof_byte,240320,xor01_from0,DESERIALIZE_REJECTED
t1-0,proof_byte,240384,xor01_from46,VERIFY_REJECTED
t1-0,proof_byte,240448,xor01_from174,VERIFY_REJECTED
t1-0,proof_byte,240512,xor01_from85,VERIFY_REJECTED
t1-0,proof_byte,240576,xor01_from187,VERIFY_REJECTED
t1-0,proof_byte,240640,xor01_from250,VERIFY_REJECTED
t1-0,proof_byte,240704,xor01_from228,VERIFY_REJECTED
t1-0,proof_byte,240768,xor01_from105,VERIFY_REJECTED
t1-0,proof_byte,240832,xor01_from0,DESERIALIZE_REJECTED
t1-0,proof_byte,240896,xor01_from197,VERIFY_REJECTED
t1-0,proof_byte,240960,xor01_from208,VERIFY_REJECTED
t1-0,proof_byte,241024,xor01_from196,VERIFY_REJECTED
t1-0,proof_byte,241088,xor01_from247,VERIFY_REJECTED
t1-0,proof_byte,241152,xor01_from2,VERIFY_REJECTED
t1-0,proof_byte,241216,xor01_from61,VERIFY_REJECTED
t1-0,proof_byte,241280,xor01_from55,VERIFY_REJECTED
t1-0,proof_byte,241344,xor01_from0,DESERIALIZE_REJECTED
t1-0,proof_byte,241408,xor01_from157,VERIFY_REJECTED
t1-0,proof_byte,241472,xor01_from138,VERIFY_REJECTED
t1-0,proof_byte,241536,xor01_from138,VERIFY_REJECTED
t1-0,proof_byte,241600,xor01_from24,VERIFY_REJECTED
t1-0,proof_byte,241664,xor01_from26,VERIFY_REJECTED
t1-0,proof_byte,241728,xor01_from57,VERIFY_REJECTED
t1-0,proof_byte,241792,xor01_from0,DESERIALIZE_REJECTED
t1-0,proof_byte,241856,xor01_from0,DESERIALIZE_REJECTED
t1-0,proof_byte,241920,xor01_from227,VERIFY_REJECTED
t1-0,proof_byte,241984,xor01_from156,VERIFY_REJECTED
t1-0,proof_byte,242048,xor01_from51,VERIFY_REJECTED
t1-0,proof_byte,242112,xor01_from177,VERIFY_REJECTED
t1-0,proof_byte,242176,xor01_from240,VERIFY_REJECTED
t1-0,proof_byte,242240,xor01_from54,VERIFY_REJECTED
t1-0,proof_byte,242304,xor01_from0,DESERIALIZE_REJECTED
t1-0,proof_byte,242368,xor01_from174,VERIFY_REJECTED
t1-0,proof_byte,242432,xor01_from121,VERIFY_REJECTED
t1-0,proof_byte,242496,xor01_from239,VERIFY_REJECTED
t1-0,proof_byte,242560,xor01_from229,VERIFY_REJECTED
t1-0,proof_byte,242624,xor01_from249,VERIFY_REJECTED
t1-0,proof_byte,242688,xor01_from171,VERIFY_REJECTED
t1-0,proof_byte,242752,xor01_from176,VERIFY_REJECTED
t1-0,proof_byte,242816,xor01_from0,DESERIALIZE_REJECTED
t1-0,proof_byte,242880,xor01_from128,VERIFY_REJECTED
t1-0,proof_byte,242944,xor01_from85,VERIFY_REJECTED
t1-0,proof_byte,243008,xor01_from194,VERIFY_REJECTED
t1-0,proof_byte,243072,xor01_from67,VERIFY_REJECTED
t1-0,proof_byte,243136,xor01_from222,VERIFY_REJECTED
t1-0,proof_byte,243200,xor01_from220,VERIFY_REJECTED
t1-0,proof_byte,243264,xor01_from155,VERIFY_REJECTED
t1-0,proof_byte,243328,xor01_from0,DESERIALIZE_REJECTED
t1-0,proof_byte,243392,xor01_from179,VERIFY_REJECTED
t1-0,proof_byte,243456,xor01_from163,VERIFY_REJECTED
t1-0,proof_byte,243520,xor01_from105,VERIFY_REJECTED
t1-0,proof_byte,243584,xor01_from19,VERIFY_REJECTED
t1-0,proof_byte,243648,xor01_from134,VERIFY_REJECTED
t1-0,proof_byte,243712,xor01_from59,VERIFY_REJECTED
t1-0,proof_byte,243776,xor01_from0,DESERIALIZE_REJECTED
t1-0,proof_byte,243840,xor01_from147,VERIFY_REJECTED
t1-0,proof_byte,243904,xor01_from134,VERIFY_REJECTED
t1-0,proof_byte,243968,xor01_from130,VERIFY_REJECTED
t1-0,proof_byte,244032,xor01_from78,VERIFY_REJECTED
t1-0,proof_byte,244096,xor01_from237,VERIFY_REJECTED
t1-0,proof_byte,244160,xor01_from155,VERIFY_REJECTED
t1-0,proof_byte,244224,xor01_from159,VERIFY_REJECTED
t1-0,proof_byte,244288,xor01_from0,DESERIALIZE_REJECTED
t1-0,proof_byte,244352,xor01_from60,VERIFY_REJECTED
t1-0,proof_byte,244416,xor01_from226,VERIFY_REJECTED
t1-0,proof_byte,244480,xor01_from128,VERIFY_REJECTED
t1-0,proof_byte,244544,xor01_from44,VERIFY_REJECTED
t1-0,proof_byte,244608,xor01_from186,VERIFY_REJECTED
t1-0,proof_byte,244672,xor01_from214,VERIFY_REJECTED
t1-0,proof_byte,244736,xor01_from0,DESERIALIZE_REJECTED
t1-0,proof_byte,244800,xor01_from64,VERIFY_REJECTED
t1-0,proof_byte,244864,xor01_from0,DESERIALIZE_REJECTED
t1-0,proof_byte,244928,xor01_from44,VERIFY_REJECTED
t1-0,proof_byte,244992,xor01_from115,VERIFY_REJECTED
t1-0,proof_byte,245056,xor01_from18,VERIFY_REJECTED
t1-0,proof_byte,245120,xor01_from65,VERIFY_REJECTED
t1-0,proof_byte,245184,xor01_from0,DESERIALIZE_REJECTED
t1-0,proof_byte,245248,xor01_from119,VERIFY_REJECTED
t1-0,proof_byte,245312,xor01_from163,VERIFY_REJECTED
t1-0,proof_byte,245376,xor01_from6,VERIFY_REJECTED
t1-0,proof_byte,245440,xor01_from77,VERIFY_REJECTED
t1-0,proof_byte,245504,xor01_from223,VERIFY_REJECTED
t1-0,proof_byte,245568,xor01_from23,VERIFY_REJECTED
t1-0,proof_byte,245632,xor01_from0,DESERIALIZE_REJECTED
t1-0,proof_byte,245696,xor01_from10,VERIFY_REJECTED
t1-0,proof_byte,245760,xor01_from52,VERIFY_REJECTED
t1-0,proof_byte,245824,xor01_from222,VERIFY_REJECTED
t1-0,proof_byte,245888,xor01_from31,VERIFY_REJECTED
t1-0,proof_byte,245952,xor01_from103,VERIFY_REJECTED
t1-0,proof_byte,246016,xor01_from191,VERIFY_REJECTED
t1-0,proof_byte,246080,xor01_from136,VERIFY_REJECTED
t1-0,proof_byte,246144,xor01_from0,DESERIALIZE_REJECTED
t1-0,proof_byte,246208,xor01_from252,VERIFY_REJECTED
t1-0,proof_byte,246272,xor01_from25,VERIFY_REJECTED
t1-0,proof_byte,246336,xor01_from155,VERIFY_REJECTED
t1-0,proof_byte,246400,xor01_from28,VERIFY_REJECTED
t1-0,proof_byte,246464,xor01_from8,VERIFY_REJECTED
t1-0,proof_byte,246528,xor01_from34,VERIFY_REJECTED
t1-0,proof_byte,246592,xor01_from99,VERIFY_REJECTED
t1-0,proof_byte,246656,xor01_from243,VERIFY_REJECTED
t1-0,proof_byte,246720,xor01_from0,DESERIALIZE_REJECTED
t1-0,proof_byte,246784,xor01_from138,VERIFY_REJECTED
t1-0,proof_byte,246848,xor01_from168,VERIFY_REJECTED
t1-0,proof_byte,246912,xor01_from16,VERIFY_REJECTED
t1-0,proof_byte,246976,xor01_from234,VERIFY_REJECTED
t1-0,proof_byte,247040,xor01_from0,DESERIALIZE_REJECTED
t1-0,proof_byte,247104,xor01_from218,VERIFY_REJECTED
t1-0,proof_byte,247168,xor01_from213,VERIFY_REJECTED
t1-0,proof_byte,247232,xor01_from0,DESERIALIZE_REJECTED
t1-0,proof_byte,247296,xor01_from0,DESERIALIZE_REJECTED
t1-0,proof_byte,247360,xor01_from89,VERIFY_REJECTED
t1-0,proof_byte,247424,xor01_from15,VERIFY_REJECTED
t1-0,proof_byte,247488,xor01_from135,VERIFY_REJECTED
t1-0,proof_byte,247552,xor01_from235,VERIFY_REJECTED
t1-0,proof_byte,247616,xor01_from252,VERIFY_REJECTED
t1-0,proof_byte,247680,xor01_from136,VERIFY_REJECTED
t1-0,proof_byte,247744,xor01_from234,VERIFY_REJECTED
t1-0,proof_byte,247808,xor01_from45,VERIFY_REJECTED
t1-0,proof_byte,247872,xor01_from0,DESERIALIZE_REJECTED
t1-0,proof_byte,247936,xor01_from87,VERIFY_REJECTED
t1-0,proof_byte,248000,xor01_from0,DESERIALIZE_REJECTED
t1-0,proof_byte,248064,xor01_from114,VERIFY_REJECTED
t1-0,proof_byte,248128,xor01_from189,VERIFY_REJECTED
t1-0,proof_byte,248192,xor01_from148,VERIFY_REJECTED
t1-0,proof_byte,248256,xor01_from255,VERIFY_REJECTED
t1-0,proof_byte,248320,xor01_from63,VERIFY_REJECTED
t1-0,proof_byte,248384,xor01_from2,DESERIALIZE_REJECTED
t1-0,proof_byte,248448,xor01_from225,VERIFY_REJECTED
t1-0,proof_byte,248512,xor01_from0,DESERIALIZE_REJECTED
t1-0,proof_byte,248576,xor01_from66,VERIFY_REJECTED
t1-0,proof_byte,248640,xor01_from67,VERIFY_REJECTED
t1-0,proof_byte,248704,xor01_from50,VERIFY_REJECTED
t1-0,proof_byte,248768,xor01_from226,VERIFY_REJECTED
t1-0,proof_byte,248832,xor01_from0,DESERIALIZE_REJECTED
t1-0,proof_byte,248896,xor01_from0,DESERIALIZE_REJECTED
t1-0,proof_byte,248960,xor01_from73,VERIFY_REJECTED
t1-0,proof_byte,249024,xor01_from205,VERIFY_REJECTED
t1-0,proof_byte,249088,xor01_from24,VERIFY_REJECTED
t1-0,proof_byte,249152,xor01_from240,VERIFY_REJECTED
t1-0,proof_byte,249216,xor01_from226,VERIFY_REJECTED
t1-0,proof_byte,249280,xor01_from36,VERIFY_REJECTED
t1-0,proof_byte,249344,xor01_from184,VERIFY_REJECTED
t1-0,proof_byte,249408,xor01_from0,DESERIALIZE_REJECTED
t1-0,proof_byte,249472,xor01_from0,DESERIALIZE_REJECTED
t1-0,proof_byte,249536,xor01_from114,VERIFY_REJECTED
t1-0,proof_byte,249600,xor01_from199,VERIFY_REJECTED
t1-0,proof_byte,249664,xor01_from179,VERIFY_REJECTED
t1-0,proof_byte,249728,xor01_from195,VERIFY_REJECTED
t1-0,proof_byte,249792,xor01_from111,VERIFY_REJECTED
t1-0,proof_byte,249856,xor01_from250,VERIFY_REJECTED
t1-0,proof_byte,249920,xor01_from52,VERIFY_REJECTED
t1-0,proof_byte,249984,xor01_from0,DESERIALIZE_REJECTED
t1-0,proof_byte,250048,xor01_from9,VERIFY_REJECTED
t1-0,proof_byte,250112,xor01_from113,VERIFY_REJECTED
t1-0,proof_byte,250176,xor01_from15,VERIFY_REJECTED
t1-0,proof_byte,250240,xor01_from34,VERIFY_REJECTED
t1-0,proof_byte,250304,xor01_from62,VERIFY_REJECTED
t1-0,proof_byte,250368,xor01_from130,VERIFY_REJECTED
t1-0,proof_byte,250432,xor01_from27,VERIFY_REJECTED
t1-0,proof_byte,250496,xor01_from0,DESERIALIZE_REJECTED
t1-0,proof_byte,250560,xor01_from28,VERIFY_REJECTED
t1-0,proof_byte,250624,xor01_from29,VERIFY_REJECTED
t1-0,proof_byte,250688,xor01_from26,VERIFY_REJECTED
t1-0,proof_byte,250752,xor01_from16,VERIFY_REJECTED
t1-0,proof_byte,250816,xor01_from100,VERIFY_REJECTED
t1-0,proof_byte,250880,xor01_from102,VERIFY_REJECTED
t1-0,proof_byte,250944,xor01_from123,VERIFY_REJECTED
t1-0,proof_byte,251008,xor01_from0,DESERIALIZE_REJECTED
t1-0,proof_byte,251072,xor01_from184,VERIFY_REJECTED
t1-0,proof_byte,251136,xor01_from221,VERIFY_REJECTED
t1-0,proof_byte,251200,xor01_from222,VERIFY_REJECTED
t1-0,proof_byte,251264,xor01_from131,VERIFY_REJECTED
t1-0,proof_byte,251328,xor01_from60,VERIFY_REJECTED
t1-0,proof_byte,251392,xor01_from120,VERIFY_REJECTED
t1-0,proof_byte,251456,xor01_from89,VERIFY_REJECTED
t1-0,proof_byte,251520,xor01_from0,DESERIALIZE_REJECTED
t1-0,proof_byte,251584,xor01_from204,VERIFY_REJECTED
t1-0,proof_byte,251648,xor01_from234,VERIFY_REJECTED
t1-0,proof_byte,251712,xor01_from90,VERIFY_REJECTED
t1-0,proof_byte,251776,xor01_from19,VERIFY_REJECTED
t1-0,proof_byte,251840,xor01_from134,VERIFY_REJECTED
t1-0,proof_byte,251904,xor01_from110,VERIFY_REJECTED
t1-0,proof_byte,251968,xor01_from171,VERIFY_REJECTED
t1-0,proof_byte,252032,xor01_from0,DESERIALIZE_REJECTED
t1-0,proof_byte,252096,xor01_from39,VERIFY_REJECTED
t1-0,proof_byte,252160,xor01_from72,VERIFY_REJECTED
t1-0,proof_byte,252224,xor01_from113,VERIFY_REJECTED
t1-0,proof_byte,252288,xor01_from90,VERIFY_REJECTED
t1-0,proof_byte,252352,xor01_from17,VERIFY_REJECTED
t1-0,proof_byte,252416,xor01_from85,VERIFY_REJECTED
t1-0,proof_byte,252480,xor01_from162,VERIFY_REJECTED
t1-0,proof_byte,252544,xor01_from0,DESERIALIZE_REJECTED
t1-0,proof_byte,252608,xor01_from30,VERIFY_REJECTED
t1-0,proof_byte,252672,xor01_from225,VERIFY_REJECTED
t1-0,proof_byte,252736,xor01_from210,VERIFY_REJECTED
t1-0,proof_byte,252800,xor01_from131,VERIFY_REJECTED
t1-0,proof_byte,252864,xor01_from253,VERIFY_REJECTED
t1-0,proof_byte,252928,xor01_from71,VERIFY_REJECTED
t1-0,proof_byte,252992,xor01_from0,DESERIALIZE_REJECTED
t1-0,proof_byte,253056,xor01_from0,DESERIALIZE_REJECTED
t1-0,proof_byte,253120,xor01_from239,VERIFY_REJECTED
t1-0,proof_byte,253184,xor01_from143,VERIFY_REJECTED
t1-0,proof_byte,253248,xor01_from242,VERIFY_REJECTED
t1-0,proof_byte,253312,xor01_from234,VERIFY_REJECTED
t1-0,proof_byte,253376,xor01_from206,VERIFY_REJECTED
t1-0,proof_byte,253440,xor01_from201,VERIFY_REJECTED
t1-0,proof_byte,253504,xor01_from0,DESERIALIZE_REJECTED
t1-0,proof_byte,253568,xor01_from247,VERIFY_REJECTED
t1-0,proof_byte,253632,xor01_from205,VERIFY_REJECTED
t1-0,proof_byte,253696,xor01_from16,VERIFY_REJECTED
t1-0,proof_byte,253760,xor01_from87,VERIFY_REJECTED
t1-0,proof_byte,253824,xor01_from241,VERIFY_REJECTED
t1-0,proof_byte,253888,xor01_from85,VERIFY_REJECTED
t1-0,proof_byte,253952,xor01_from208,VERIFY_REJECTED
t1-0,proof_byte,254016,xor01_from0,DESERIALIZE_REJECTED
t1-0,proof_byte,254080,xor01_from141,VERIFY_REJECTED
t1-0,proof_byte,254144,xor01_from18,VERIFY_REJECTED
t1-0,proof_byte,254208,xor01_from18,VERIFY_REJECTED
t1-0,proof_byte,254272,xor01_from33,VERIFY_REJECTED
t1-0,proof_byte,254336,xor01_from130,VERIFY_REJECTED
t1-0,proof_byte,254400,xor01_from147,VERIFY_REJECTED
t1-0,proof_byte,254464,xor01_from0,DESERIALIZE_REJECTED
t1-0,proof_byte,254528,xor01_from0,DESERIALIZE_REJECTED
t1-0,proof_byte,254592,xor01_from133,VERIFY_REJECTED
t1-0,proof_byte,254656,xor01_from237,VERIFY_REJECTED
t1-0,proof_byte,254720,xor01_from209,VERIFY_REJECTED
t1-0,proof_byte,254784,xor01_from221,VERIFY_REJECTED
t1-0,proof_byte,254848,xor01_from69,VERIFY_REJECTED
t1-0,proof_byte,254912,xor01_from66,VERIFY_REJECTED
t1-0,proof_byte,254976,xor01_from0,DESERIALIZE_REJECTED
t1-0,proof_byte,255040,xor01_from3,VERIFY_REJECTED
t1-0,proof_byte,255104,xor01_from182,VERIFY_REJECTED
t1-0,proof_byte,255168,xor01_from70,VERIFY_REJECTED
t1-0,proof_byte,255232,xor01_from29,VERIFY_REJECTED
t1-0,proof_byte,255296,xor01_from218,VERIFY_REJECTED
t1-0,proof_byte,255360,xor01_from107,VERIFY_REJECTED
t1-0,proof_byte,255424,xor01_from12,VERIFY_REJECTED
t1-0,proof_byte,255488,xor01_from0,DESERIALIZE_REJECTED
t1-0,proof_byte,255552,xor01_from227,VERIFY_REJECTED
t1-0,proof_byte,255616,xor01_from156,VERIFY_REJECTED
t1-0,proof_byte,255680,xor01_from234,VERIFY_REJECTED
t1-0,proof_byte,255744,xor01_from147,VERIFY_REJECTED
t1-0,proof_byte,255808,xor01_from246,VERIFY_REJECTED
t1-0,proof_byte,255872,xor01_from196,VERIFY_REJECTED
t1-0,proof_byte,255936,xor01_from0,DESERIALIZE_REJECTED
t1-0,proof_byte,256000,xor01_from87,VERIFY_REJECTED
t1-0,proof_byte,256064,xor01_from14,VERIFY_REJECTED
t1-0,proof_byte,256128,xor01_from95,VERIFY_REJECTED
t1-0,proof_byte,256192,xor01_from200,VERIFY_REJECTED
t1-0,proof_byte,256256,xor01_from13,VERIFY_REJECTED
t1-0,proof_byte,256320,xor01_from75,VERIFY_REJECTED
t1-0,proof_byte,256384,xor01_from192,VERIFY_REJECTED
t1-0,proof_byte,256448,xor01_from0,DESERIALIZE_REJECTED
t1-0,proof_byte,256512,xor01_from21,VERIFY_REJECTED
t1-0,proof_byte,256576,xor01_from47,VERIFY_REJECTED
t1-0,proof_byte,256640,xor01_from12,VERIFY_REJECTED
t1-0,proof_byte,256704,xor01_from209,VERIFY_REJECTED
t1-0,proof_byte,256768,xor01_from188,VERIFY_REJECTED
t1-0,proof_byte,256832,xor01_from167,VERIFY_REJECTED
t1-0,proof_byte,256896,xor01_from0,DESERIALIZE_REJECTED
t1-0,proof_byte,256960,xor01_from225,VERIFY_REJECTED
t1-0,proof_byte,257024,xor01_from155,VERIFY_REJECTED
t1-0,proof_byte,257088,xor01_from65,VERIFY_REJECTED
t1-0,proof_byte,257152,xor01_from116,VERIFY_REJECTED
t1-0,proof_byte,257216,xor01_from194,VERIFY_REJECTED
t1-0,proof_byte,257280,xor01_from68,VERIFY_REJECTED
t1-0,proof_byte,257344,xor01_from185,VERIFY_REJECTED
t1-0,proof_byte,257408,xor01_from0,DESERIALIZE_REJECTED
t1-0,proof_byte,257472,xor01_from75,VERIFY_REJECTED
t1-0,proof_byte,257536,xor01_from73,VERIFY_REJECTED
t1-0,proof_byte,257600,xor01_from40,VERIFY_REJECTED
t1-0,proof_byte,257664,xor01_from166,VERIFY_REJECTED
t1-0,proof_byte,257728,xor01_from0,DESERIALIZE_REJECTED
t1-0,proof_byte,257792,xor01_from227,VERIFY_REJECTED
t1-0,proof_byte,257856,xor01_from0,DESERIALIZE_REJECTED
t1-0,proof_byte,257920,xor01_from71,VERIFY_REJECTED
t1-0,proof_byte,257984,xor01_from154,VERIFY_REJECTED
t1-0,proof_byte,258048,xor01_from86,VERIFY_REJECTED
t1-0,proof_byte,258112,xor01_from49,VERIFY_REJECTED
t1-0,proof_byte,258176,xor01_from0,DESERIALIZE_REJECTED
t1-0,proof_byte,258240,xor01_from213,VERIFY_REJECTED
t1-0,proof_byte,258304,xor01_from232,VERIFY_REJECTED
t1-0,proof_byte,258368,xor01_from22,VERIFY_REJECTED
t1-0,proof_byte,258432,xor01_from38,VERIFY_REJECTED
t1-0,proof_byte,258496,xor01_from189,VERIFY_REJECTED
t1-0,proof_byte,258560,xor01_from87,VERIFY_REJECTED
t1-0,proof_byte,258624,xor01_from211,VERIFY_REJECTED
t1-0,proof_byte,258688,xor01_from0,DESERIALIZE_REJECTED
t1-0,proof_byte,258752,xor01_from32,VERIFY_REJECTED
t1-0,proof_byte,258816,xor01_from24,VERIFY_REJECTED
t1-0,proof_byte,258880,xor01_from135,VERIFY_REJECTED
t1-0,proof_byte,258944,xor01_from35,VERIFY_REJECTED
t1-0,proof_byte,259008,xor01_from55,VERIFY_REJECTED
t1-0,proof_byte,259072,xor01_from255,VERIFY_REJECTED
t1-0,proof_byte,259136,xor01_from61,VERIFY_REJECTED
t1-0,proof_byte,259200,xor01_from181,VERIFY_REJECTED
t1-0,proof_byte,259264,xor01_from0,DESERIALIZE_REJECTED
t1-0,proof_byte,259328,xor01_from67,VERIFY_REJECTED
t1-0,proof_byte,259392,xor01_from173,VERIFY_REJECTED
t1-0,proof_byte,259456,xor01_from251,VERIFY_REJECTED
t1-0,proof_byte,259520,xor01_from109,VERIFY_REJECTED
t1-0,proof_byte,259584,xor01_from65,VERIFY_REJECTED
t1-0,proof_byte,259648,xor01_from0,VERIFY_REJECTED
t1-0,proof_byte,259712,xor01_from0,VERIFY_REJECTED
t1-0,proof_byte,259776,xor01_from0,DESERIALIZE_REJECTED
t1-0,proof_byte,259840,xor01_from52,VERIFY_REJECTED
t1-0,proof_byte,259904,xor01_from0,DESERIALIZE_REJECTED
t1-0,proof_byte,259968,xor01_from1,VERIFY_REJECTED
t1-0,proof_byte,260032,xor01_from252,VERIFY_REJECTED
t1-0,proof_byte,260096,xor01_from0,DESERIALIZE_REJECTED
t1-0,proof_byte,260160,xor01_from0,DESERIALIZE_REJECTED
t1-0,proof_byte,260224,xor01_from6,VERIFY_REJECTED
t1-0,proof_byte,260288,xor01_from190,VERIFY_REJECTED
t1-0,proof_byte,260352,xor01_from227,VERIFY_REJECTED
t1-0,proof_byte,260416,xor01_from89,VERIFY_REJECTED
t1-0,proof_byte,260480,xor01_from125,VERIFY_REJECTED
t1-0,proof_byte,260544,xor01_from239,VERIFY_REJECTED
t1-0,proof_byte,260608,xor01_from232,VERIFY_REJECTED
t1-0,proof_byte,260672,xor01_from153,VERIFY_REJECTED
t1-0,proof_byte,260736,xor01_from0,DESERIALIZE_REJECTED
t1-0,proof_byte,260800,xor01_from0,DESERIALIZE_REJECTED
t1-0,proof_byte,260864,xor01_from104,VERIFY_REJECTED
t1-0,proof_byte,260928,xor01_from20,VERIFY_REJECTED
t1-0,proof_byte,260992,xor01_from250,VERIFY_REJECTED
t1-0,proof_byte,261056,xor01_from54,VERIFY_REJECTED
t1-0,proof_byte,261120,xor01_from205,VERIFY_REJECTED
t1-0,proof_byte,261184,xor01_from232,VERIFY_REJECTED
t1-0,proof_byte,261248,xor01_from248,VERIFY_REJECTED
t1-0,proof_byte,261312,xor01_from0,DESERIALIZE_REJECTED
t1-0,proof_byte,261376,xor01_from68,VERIFY_REJECTED
t1-0,proof_byte,261440,xor01_from0,DESERIALIZE_REJECTED
t1-0,proof_byte,261504,xor01_from5,VERIFY_REJECTED
t1-0,proof_byte,261568,xor01_from0,DESERIALIZE_REJECTED
t1-0,proof_byte,261632,xor01_from85,VERIFY_REJECTED
t1-0,proof_byte,261696,xor01_from220,VERIFY_REJECTED
t1-0,proof_byte,261760,xor01_from46,VERIFY_REJECTED
t1-0,proof_byte,261824,xor01_from20,VERIFY_REJECTED
t1-0,proof_byte,261888,xor01_from188,VERIFY_REJECTED
t1-0,proof_byte,261952,xor01_from0,VERIFY_REJECTED
t1-0,proof_byte,262016,xor01_from0,VERIFY_REJECTED
t1-0,proof_byte,262080,xor01_from1,DESERIALIZE_REJECTED
t1-0,proof_byte,262144,xor01_from74,VERIFY_REJECTED
t1-0,proof_byte,262208,xor01_from0,DESERIALIZE_REJECTED
t1-0,proof_byte,262272,xor01_from245,VERIFY_REJECTED
t1-0,proof_byte,262336,xor01_from72,VERIFY_REJECTED
t1-0,proof_byte,262400,xor01_from51,VERIFY_REJECTED
t1-0,proof_byte,262464,xor01_from18,VERIFY_REJECTED
t1-0,proof_byte,262528,xor01_from79,VERIFY_REJECTED
t1-0,proof_byte,262592,xor01_from0,DESERIALIZE_REJECTED
t1-0,proof_byte,262656,xor01_from0,DESERIALIZE_REJECTED
t1-0,proof_byte,262720,xor01_from220,VERIFY_REJECTED
t1-0,proof_byte,262784,xor01_from52,VERIFY_REJECTED
t1-0,proof_byte,262848,xor01_from130,VERIFY_REJECTED
t1-0,proof_byte,262912,xor01_from47,VERIFY_REJECTED
t1-0,proof_byte,262976,xor01_from33,VERIFY_REJECTED
t1-0,proof_byte,263040,xor01_from109,VERIFY_REJECTED
t1-0,proof_byte,263104,xor01_from89,VERIFY_REJECTED
t1-0,proof_byte,263168,xor01_from251,VERIFY_REJECTED
t1-0,proof_byte,263232,xor01_from0,DESERIALIZE_REJECTED
t1-0,proof_byte,263296,xor01_from254,VERIFY_REJECTED
t1-0,proof_byte,263360,xor01_from232,VERIFY_REJECTED
t1-0,proof_byte,263424,xor01_from100,VERIFY_REJECTED
t1-0,proof_byte,263488,xor01_from228,VERIFY_REJECTED
t1-0,proof_byte,263552,xor01_from42,VERIFY_REJECTED
t1-0,proof_byte,263616,xor01_from197,VERIFY_REJECTED
t1-0,proof_byte,263680,xor01_from77,VERIFY_REJECTED
t1-0,proof_byte,263744,xor01_from0,DESERIALIZE_REJECTED
t1-0,proof_byte,263808,xor01_from139,VERIFY_REJECTED
t1-0,proof_byte,263872,xor01_from163,VERIFY_REJECTED
t1-0,proof_byte,263936,xor01_from75,VERIFY_REJECTED
t1-0,proof_byte,264000,xor01_from61,VERIFY_REJECTED
t1-0,proof_byte,264064,xor01_from9,VERIFY_REJECTED
t1-0,proof_byte,264128,xor01_from146,VERIFY_REJECTED
t1-0,proof_byte,264192,xor01_from201,VERIFY_REJECTED
t1-0,proof_byte,264256,xor01_from0,DESERIALIZE_REJECTED
t1-0,proof_byte,264320,xor01_from0,DESERIALIZE_REJECTED
t1-0,proof_byte,264384,xor01_from20,VERIFY_REJECTED
t1-0,proof_byte,264448,xor01_from22,VERIFY_REJECTED
t1-0,proof_byte,264512,xor01_from229,VERIFY_REJECTED
t1-0,proof_byte,264576,xor01_from100,VERIFY_REJECTED
t1-0,proof_byte,264640,xor01_from203,VERIFY_REJECTED
t1-0,proof_byte,264704,xor01_from253,VERIFY_REJECTED
t1-0,proof_byte,264768,xor01_from0,DESERIALIZE_REJECTED
t1-0,proof_byte,264832,xor01_from0,DESERIALIZE_REJECTED
t1-0,proof_byte,264896,xor01_from207,VERIFY_REJECTED
t1-0,proof_byte,264960,xor01_from66,VERIFY_REJECTED
t1-0,proof_byte,265024,xor01_from236,VERIFY_REJECTED
t1-0,proof_byte,265088,xor01_from102,VERIFY_REJECTED
t1-0,proof_byte,265152,xor01_from185,VERIFY_REJECTED
t1-0,proof_byte,265216,xor01_from62,VERIFY_REJECTED
t1-0,proof_byte,265280,xor01_from0,DESERIALIZE_REJECTED
t1-0,proof_byte,265344,xor01_from130,VERIFY_REJECTED
t1-0,proof_byte,265408,xor01_from201,VERIFY_REJECTED
t1-0,proof_byte,265472,xor01_from159,VERIFY_REJECTED
t1-0,proof_byte,265536,xor01_from181,VERIFY_REJECTED
t1-0,proof_byte,265600,xor01_from244,VERIFY_REJECTED
t1-0,proof_byte,265664,xor01_from182,VERIFY_REJECTED
t1-0,proof_byte,265728,xor01_from173,VERIFY_REJECTED
t1-0,proof_byte,265792,xor01_from0,DESERIALIZE_REJECTED
t1-0,proof_byte,265856,xor01_from13,VERIFY_REJECTED
t1-0,proof_byte,265920,xor01_from115,VERIFY_REJECTED
t1-0,proof_byte,265984,xor01_from148,VERIFY_REJECTED
t1-0,proof_byte,266048,xor01_from90,VERIFY_REJECTED
t1-0,proof_byte,266112,xor01_from98,VERIFY_REJECTED
t1-0,proof_byte,266176,xor01_from117,VERIFY_REJECTED
t1-0,proof_byte,266240,xor01_from215,VERIFY_REJECTED
t1-0,proof_byte,266304,xor01_from0,DESERIALIZE_REJECTED
t1-0,proof_byte,266368,xor01_from113,VERIFY_REJECTED
t1-0,proof_byte,266432,xor01_from173,VERIFY_REJECTED
t1-0,proof_byte,266496,xor01_from92,VERIFY_REJECTED
t1-0,proof_byte,266560,xor01_from32,VERIFY_REJECTED
t1-0,proof_byte,266624,xor01_from220,VERIFY_REJECTED
t1-0,proof_byte,266688,xor01_from25,VERIFY_REJECTED
t1-0,proof_byte,266752,xor01_from0,DESERIALIZE_REJECTED
t1-0,proof_byte,266816,xor01_from222,VERIFY_REJECTED
t1-0,proof_byte,266880,xor01_from222,VERIFY_REJECTED
t1-0,proof_byte,266944,xor01_from187,VERIFY_REJECTED
t1-0,proof_byte,267008,xor01_from235,VERIFY_REJECTED
t1-0,proof_byte,267072,xor01_from0,DESERIALIZE_REJECTED
t1-0,proof_byte,267136,xor01_from216,VERIFY_REJECTED
t1-0,proof_byte,267200,xor01_from0,DESERIALIZE_REJECTED
t1-0,proof_byte,267264,xor01_from81,VERIFY_REJECTED
t1-0,proof_byte,267328,xor01_from154,VERIFY_REJECTED
t1-0,proof_byte,267392,xor01_from172,VERIFY_REJECTED
t1-0,proof_byte,267456,xor01_from133,VERIFY_REJECTED
t1-0,proof_byte,267520,xor01_from0,DESERIALIZE_REJECTED
t1-0,proof_byte,267584,xor01_from50,VERIFY_REJECTED
t1-0,proof_byte,267648,xor01_from100,VERIFY_REJECTED
t1-0,proof_byte,267712,xor01_from222,VERIFY_REJECTED
t1-0,proof_byte,267776,xor01_from254,VERIFY_REJECTED
t1-0,proof_byte,267840,xor01_from139,VERIFY_REJECTED
t1-0,proof_byte,267904,xor01_from142,VERIFY_REJECTED
t1-0,proof_byte,267968,xor01_from0,DESERIALIZE_REJECTED
t1-0,proof_byte,268032,xor01_from0,VERIFY_REJECTED
t1-0,proof_byte,268096,xor01_from217,VERIFY_REJECTED
t1-0,proof_byte,268160,xor01_from100,VERIFY_REJECTED
t1-0,proof_byte,268224,xor01_from117,VERIFY_REJECTED
t1-0,proof_byte,268288,xor01_from251,VERIFY_REJECTED
t1-0,proof_byte,268352,xor01_from0,VERIFY_REJECTED
t1-0,proof_byte,268416,xor01_from0,VERIFY_REJECTED
t1-0,proof_byte,268480,xor01_from0,DESERIALIZE_REJECTED
t1-0,proof_byte,268544,xor01_from241,VERIFY_REJECTED
t1-0,proof_byte,268608,xor01_from0,DESERIALIZE_REJECTED
t1-0,proof_byte,268672,xor01_from209,VERIFY_REJECTED
t1-0,proof_byte,268736,xor01_from218,VERIFY_REJECTED
t1-0,proof_byte,268800,xor01_from0,DESERIALIZE_REJECTED
t1-0,proof_byte,268864,xor01_from0,DESERIALIZE_REJECTED
t1-0,proof_byte,268928,xor01_from53,VERIFY_REJECTED
t1-0,proof_byte,268992,xor01_from236,VERIFY_REJECTED
t1-0,proof_byte,269056,xor01_from165,VERIFY_REJECTED
t1-0,proof_byte,269120,xor01_from229,VERIFY_REJECTED
t1-0,proof_byte,269184,xor01_from176,VERIFY_REJECTED
t1-0,proof_byte,269248,xor01_from62,VERIFY_REJECTED
t1-0,proof_byte,269312,xor01_from31,VERIFY_REJECTED
t1-0,proof_byte,269376,xor01_from65,VERIFY_REJECTED
t1-0,proof_byte,269440,xor01_from0,DESERIALIZE_REJECTED
t1-0,proof_byte,269504,xor01_from0,DESERIALIZE_REJECTED
t1-0,proof_byte,269568,xor01_from48,VERIFY_REJECTED
t1-0,proof_byte,269632,xor01_from58,VERIFY_REJECTED
t1-0,proof_byte,269696,xor01_from218,VERIFY_REJECTED
t1-0,proof_byte,269760,xor01_from80,VERIFY_REJECTED
t1-0,proof_byte,269824,xor01_from128,VERIFY_REJECTED
t1-0,proof_byte,269888,xor01_from54,VERIFY_REJECTED
t1-0,proof_byte,269952,xor01_from186,VERIFY_REJECTED
t1-0,proof_byte,270016,xor01_from0,DESERIALIZE_REJECTED
t1-0,proof_byte,270080,xor01_from7,VERIFY_REJECTED
t1-0,proof_byte,270144,xor01_from85,VERIFY_REJECTED
t1-0,proof_byte,270208,xor01_from67,VERIFY_REJECTED
t1-0,proof_byte,270272,xor01_from204,VERIFY_REJECTED
t1-0,proof_byte,270336,xor01_from133,VERIFY_REJECTED
t1-0,proof_byte,270400,xor01_from241,VERIFY_REJECTED
t1-0,proof_byte,270464,xor01_from123,VERIFY_REJECTED
t1-0,proof_byte,270528,xor01_from0,DESERIALIZE_REJECTED
t1-0,proof_byte,270592,xor01_from66,VERIFY_REJECTED
t1-0,proof_byte,270656,xor01_from212,VERIFY_REJECTED
t1-0,proof_byte,270720,xor01_from47,VERIFY_REJECTED
t1-0,proof_byte,270784,xor01_from175,VERIFY_REJECTED
t1-0,proof_byte,270848,xor01_from141,VERIFY_REJECTED
t1-0,proof_byte,270912,xor01_from254,VERIFY_REJECTED
t1-0,proof_byte,270976,xor01_from129,VERIFY_REJECTED
t1-0,proof_byte,271040,xor01_from0,DESERIALIZE_REJECTED
t1-0,proof_byte,271104,xor01_from54,VERIFY_REJECTED
t1-0,proof_byte,271168,xor01_from142,VERIFY_REJECTED
t1-0,proof_byte,271232,xor01_from139,VERIFY_REJECTED
t1-0,proof_byte,271296,xor01_from29,VERIFY_REJECTED
t1-0,proof_byte,271360,xor01_from3,VERIFY_REJECTED
t1-0,proof_byte,271424,xor01_from101,VERIFY_REJECTED
t1-0,proof_byte,271488,xor01_from228,VERIFY_REJECTED
t1-0,proof_byte,271552,xor01_from0,DESERIALIZE_REJECTED
t1-0,proof_byte,271616,xor01_from136,VERIFY_REJECTED
t1-0,proof_byte,271680,xor01_from133,VERIFY_REJECTED
t1-0,proof_byte,271744,xor01_from86,VERIFY_REJECTED
t1-0,proof_byte,271808,xor01_from199,VERIFY_REJECTED
t1-0,proof_byte,271872,xor01_from106,VERIFY_REJECTED
t1-0,proof_byte,271936,xor01_from165,VERIFY_REJECTED
t1-0,proof_byte,272000,xor01_from248,VERIFY_REJECTED
t1-0,proof_byte,272064,xor01_from0,DESERIALIZE_REJECTED
t1-0,proof_byte,272128,xor01_from76,VERIFY_REJECTED
t1-0,proof_byte,272192,xor01_from180,VERIFY_REJECTED
t1-0,proof_byte,272256,xor01_from65,VERIFY_REJECTED
t1-0,proof_byte,272320,xor01_from190,VERIFY_REJECTED
t1-0,proof_byte,272384,xor01_from171,VERIFY_REJECTED
t1-0,proof_byte,272448,xor01_from177,VERIFY_REJECTED
t1-0,proof_byte,272512,xor01_from36,VERIFY_REJECTED
t1-0,proof_byte,272576,xor01_from0,DESERIALIZE_REJECTED
t1-0,proof_byte,272640,xor01_from11,VERIFY_REJECTED
t1-0,proof_byte,272704,xor01_from205,VERIFY_REJECTED
t1-0,proof_byte,272768,xor01_from17,VERIFY_REJECTED
t1-0,proof_byte,272832,xor01_from155,VERIFY_REJECTED
t1-0,proof_byte,272896,xor01_from104,VERIFY_REJECTED
t1-0,proof_byte,272960,xor01_from188,VERIFY_REJECTED
t1-0,proof_byte,273024,xor01_from0,DESERIALIZE_REJECTED
t1-0,proof_byte,273088,xor01_from0,DESERIALIZE_REJECTED
t1-0,proof_byte,273152,xor01_from214,VERIFY_REJECTED
t1-0,proof_byte,273216,xor01_from117,VERIFY_REJECTED
t1-0,proof_byte,273280,xor01_from77,VERIFY_REJECTED
t1-0,proof_byte,273344,xor01_from135,VERIFY_REJECTED
t1-0,proof_byte,273408,xor01_from48,VERIFY_REJECTED
t1-0,proof_byte,273472,xor01_from74,VERIFY_REJECTED
t1-0,proof_byte,273536,xor01_from0,DESERIALIZE_REJECTED
t1-0,proof_byte,273600,xor01_from92,VERIFY_REJECTED
t1-0,proof_byte,273664,xor01_from209,VERIFY_REJECTED
t1-0,proof_byte,273728,xor01_from220,VERIFY_REJECTED
t1-0,proof_byte,273792,xor01_from14,VERIFY_REJECTED
t1-0,proof_byte,273856,xor01_from198,VERIFY_REJECTED
t1-0,proof_byte,273920,xor01_from146,VERIFY_REJECTED
t1-0,proof_byte,273984,xor01_from16,VERIFY_REJECTED
t1-0,proof_byte,274048,xor01_from0,DESERIALIZE_REJECTED
t1-0,proof_byte,274112,xor01_from195,VERIFY_REJECTED
t1-0,proof_byte,274176,xor01_from221,VERIFY_REJECTED
t1-0,proof_byte,274240,xor01_from119,VERIFY_REJECTED
t1-0,proof_byte,274304,xor01_from204,VERIFY_REJECTED
t1-0,proof_byte,274368,xor01_from122,VERIFY_REJECTED
t1-0,proof_byte,274432,xor01_from121,VERIFY_REJECTED
t1-0,proof_byte,274496,xor01_from0,DESERIALIZE_REJECTED
t1-0,proof_byte,274560,xor01_from195,VERIFY_REJECTED
t1-0,proof_byte,274624,xor01_from112,VERIFY_REJECTED
t1-0,proof_byte,274688,xor01_from49,VERIFY_REJECTED
t1-0,proof_byte,274752,xor01_from158,VERIFY_REJECTED
t1-0,proof_byte,274816,xor01_from80,VERIFY_REJECTED
t1-0,proof_byte,274880,xor01_from112,VERIFY_REJECTED
t1-0,proof_byte,274944,xor01_from94,VERIFY_REJECTED
t1-0,proof_byte,275008,xor01_from0,DESERIALIZE_REJECTED
t1-0,proof_byte,275072,xor01_from217,VERIFY_REJECTED
t1-0,proof_byte,275136,xor01_from116,VERIFY_REJECTED
t1-0,proof_byte,275200,xor01_from254,VERIFY_REJECTED
t1-0,proof_byte,275264,xor01_from33,VERIFY_REJECTED
t1-0,proof_byte,275328,xor01_from220,VERIFY_REJECTED
t1-0,proof_byte,275392,xor01_from11,VERIFY_REJECTED
t1-0,proof_byte,275456,xor01_from0,DESERIALIZE_REJECTED
t1-0,proof_byte,275520,xor01_from0,DESERIALIZE_REJECTED
t1-0,proof_byte,275584,xor01_from136,VERIFY_REJECTED
t1-0,proof_byte,275648,xor01_from100,VERIFY_REJECTED
t1-0,proof_byte,275712,xor01_from220,VERIFY_REJECTED
t1-0,proof_byte,275776,xor01_from52,VERIFY_REJECTED
t1-0,proof_byte,275840,xor01_from118,VERIFY_REJECTED
t1-0,proof_byte,275904,xor01_from214,VERIFY_REJECTED
t1-0,proof_byte,275968,xor01_from0,DESERIALIZE_REJECTED
t1-0,proof_byte,276032,xor01_from110,VERIFY_REJECTED
t1-0,proof_byte,276096,xor01_from41,VERIFY_REJECTED
t1-0,proof_byte,276160,xor01_from241,VERIFY_REJECTED
t1-0,proof_byte,276224,xor01_from85,VERIFY_REJECTED
t1-0,proof_byte,276288,xor01_from118,VERIFY_REJECTED
t1-0,proof_byte,276352,xor01_from195,VERIFY_REJECTED
t1-0,proof_byte,276416,xor01_from167,VERIFY_REJECTED
t1-0,proof_byte,276480,xor01_from0,DESERIALIZE_REJECTED
t1-0,proof_byte,276544,xor01_from3,VERIFY_REJECTED
t1-0,proof_byte,276608,xor01_from87,VERIFY_REJECTED
t1-0,proof_byte,276672,xor01_from88,VERIFY_REJECTED
t1-0,proof_byte,276736,xor01_from220,VERIFY_REJECTED
t1-0,proof_byte,276800,xor01_from77,VERIFY_REJECTED
t1-0,proof_byte,276864,xor01_from229,VERIFY_REJECTED
t1-0,proof_byte,276928,xor01_from0,DESERIALIZE_REJECTED
t1-0,proof_byte,276992,xor01_from207,VERIFY_REJECTED
t1-0,proof_byte,277056,xor01_from64,VERIFY_REJECTED
t1-0,proof_byte,277120,xor01_from127,VERIFY_REJECTED
t1-0,proof_byte,277184,xor01_from247,VERIFY_REJECTED
t1-0,proof_byte,277248,xor01_from1,VERIFY_REJECTED
t1-0,proof_byte,277312,xor01_from148,VERIFY_REJECTED
t1-0,proof_byte,277376,xor01_from0,DESERIALIZE_REJECTED
t1-0,proof_byte,277440,xor01_from105,VERIFY_REJECTED
t1-0,proof_byte,277504,xor01_from195,VERIFY_REJECTED
t1-0,proof_byte,277568,xor01_from44,VERIFY_REJECTED
t1-0,proof_byte,277632,xor01_from81,VERIFY_REJECTED
t1-0,proof_byte,277696,xor01_from0,DESERIALIZE_REJECTED
t1-0,proof_byte,277760,xor01_from149,VERIFY_REJECTED
t1-0,proof_byte,277824,xor01_from216,VERIFY_REJECTED
t1-0,proof_byte,277888,xor01_from216,VERIFY_REJECTED
t1-0,proof_byte,277952,xor01_from182,VERIFY_REJECTED
t1-0,proof_byte,278016,xor01_from229,VERIFY_REJECTED
t1-0,proof_byte,278080,xor01_from70,VERIFY_REJECTED
t1-0,proof_byte,278144,xor01_from0,DESERIALIZE_REJECTED
t1-0,proof_byte,278208,xor01_from227,VERIFY_REJECTED
t1-0,proof_byte,278272,xor01_from128,VERIFY_REJECTED
t1-0,proof_byte,278336,xor01_from115,VERIFY_REJECTED
t1-0,proof_byte,278400,xor01_from61,VERIFY_REJECTED
t1-0,proof_byte,278464,xor01_from0,DESERIALIZE_REJECTED
t1-0,proof_byte,278528,xor01_from159,VERIFY_REJECTED
t1-0,proof_byte,278592,xor01_from99,VERIFY_REJECTED
t1-0,proof_byte,278656,xor01_from187,VERIFY_REJECTED
t1-0,proof_byte,278720,xor01_from228,VERIFY_REJECTED
t1-0,proof_byte,278784,xor01_from192,VERIFY_REJECTED
t1-0,proof_byte,278848,xor01_from0,DESERIALIZE_REJECTED
t1-0,proof_byte,278912,xor01_from224,VERIFY_REJECTED
t1-0,proof_byte,278976,xor01_from105,VERIFY_REJECTED
t1-0,proof_byte,279040,xor01_from49,VERIFY_REJECTED
t1-0,proof_byte,279104,xor01_from20,VERIFY_REJECTED
t1-0,proof_byte,279168,xor01_from172,VERIFY_REJECTED
t1-0,proof_byte,279232,xor01_from99,VERIFY_REJECTED
t1-0,proof_byte,279296,xor01_from87,VERIFY_REJECTED
t1-0,proof_byte,279360,xor01_from98,VERIFY_REJECTED
t1-0,proof_byte,279424,xor01_from0,DESERIALIZE_REJECTED
t1-0,proof_byte,279488,xor01_from11,VERIFY_REJECTED
t1-0,proof_byte,279552,xor01_from158,VERIFY_REJECTED
t1-0,proof_byte,279616,xor01_from101,VERIFY_REJECTED
t1-0,proof_byte,279680,xor01_from93,VERIFY_REJECTED
t1-0,proof_byte,279744,xor01_from0,VERIFY_REJECTED
t1-0,proof_byte,279808,xor01_from1,DESERIALIZE_REJECTED
t1-0,proof_byte,279872,xor01_from70,VERIFY_REJECTED
t1-0,proof_byte,279936,xor01_from60,VERIFY_REJECTED
t1-0,proof_byte,280000,xor01_from0,DESERIALIZE_REJECTED
t1-0,proof_byte,280064,xor01_from122,VERIFY_REJECTED
t1-0,proof_byte,280128,xor01_from217,VERIFY_REJECTED
t1-0,proof_byte,280192,xor01_from0,DESERIALIZE_REJECTED
t1-0,proof_byte,280256,xor01_from0,DESERIALIZE_REJECTED
t1-0,proof_byte,280320,xor01_from12,VERIFY_REJECTED
t1-0,proof_byte,280384,xor01_from182,VERIFY_REJECTED
t1-0,proof_byte,280448,xor01_from190,VERIFY_REJECTED
t1-0,proof_byte,280512,xor01_from19,VERIFY_REJECTED
t1-0,proof_byte,280576,xor01_from181,VERIFY_REJECTED
t1-0,proof_byte,280640,xor01_from184,VERIFY_REJECTED
t1-0,proof_byte,280704,xor01_from94,VERIFY_REJECTED
t1-0,proof_byte,280768,xor01_from29,VERIFY_REJECTED
t1-0,proof_byte,280832,xor01_from0,DESERIALIZE_REJECTED
t1-0,proof_byte,280896,xor01_from0,DESERIALIZE_REJECTED
t1-0,proof_byte,280960,xor01_from244,VERIFY_REJECTED
t1-0,proof_byte,281024,xor01_from175,VERIFY_REJECTED
t1-0,proof_byte,281088,xor01_from250,VERIFY_REJECTED
t1-0,proof_byte,281152,xor01_from203,VERIFY_REJECTED
t1-0,proof_byte,281216,xor01_from59,VERIFY_REJECTED
t1-0,proof_byte,281280,xor01_from5,VERIFY_REJECTED
t1-0,proof_byte,281344,xor01_from91,VERIFY_REJECTED
t1-0,proof_byte,281408,xor01_from0,DESERIALIZE_REJECTED
t1-0,proof_byte,281472,xor01_from73,VERIFY_REJECTED
t1-0,proof_byte,281536,xor01_from223,VERIFY_REJECTED
t1-0,proof_byte,281600,xor01_from219,VERIFY_REJECTED
t1-0,proof_byte,281664,xor01_from102,VERIFY_REJECTED
t1-0,proof_byte,281728,xor01_from214,VERIFY_REJECTED
t1-0,proof_byte,281792,xor01_from210,VERIFY_REJECTED
t1-0,proof_byte,281856,xor01_from33,VERIFY_REJECTED
t1-0,proof_byte,281920,xor01_from0,DESERIALIZE_REJECTED
t1-0,proof_byte,281984,xor01_from234,VERIFY_REJECTED
t1-0,proof_byte,282048,xor01_from144,VERIFY_REJECTED
t1-0,proof_byte,282112,xor01_from27,VERIFY_REJECTED
t1-0,proof_byte,282176,xor01_from9,VERIFY_REJECTED
t1-0,proof_byte,282240,xor01_from144,VERIFY_REJECTED
t1-0,proof_byte,282304,xor01_from0,DESERIALIZE_REJECTED
t1-0,proof_byte,282368,xor01_from134,VERIFY_REJECTED
t1-0,proof_byte,282432,xor01_from0,DESERIALIZE_REJECTED
t1-0,proof_byte,282496,xor01_from79,VERIFY_REJECTED
t1-0,proof_byte,282560,xor01_from117,VERIFY_REJECTED
t1-0,proof_byte,282624,xor01_from17,VERIFY_REJECTED
t1-0,proof_byte,282688,xor01_from241,VERIFY_REJECTED
t1-0,proof_byte,282752,xor01_from0,DESERIALIZE_REJECTED
t1-0,proof_byte,282816,xor01_from108,VERIFY_REJECTED
t1-0,proof_byte,282880,xor01_from159,VERIFY_REJECTED
t1-0,proof_byte,282944,xor01_from215,VERIFY_REJECTED
t1-0,proof_byte,283008,xor01_from125,VERIFY_REJECTED
t1-0,proof_byte,283072,xor01_from134,VERIFY_REJECTED
t1-0,proof_byte,283136,xor01_from0,VERIFY_REJECTED
t1-0,proof_byte,283200,xor01_from0,VERIFY_REJECTED
t1-0,proof_byte,283264,xor01_from0,DESERIALIZE_REJECTED
t1-0,proof_byte,283328,xor01_from150,VERIFY_REJECTED
t1-0,proof_byte,283392,xor01_from0,DESERIALIZE_REJECTED
t1-0,proof_byte,283456,xor01_from248,VERIFY_REJECTED
t1-0,proof_byte,283520,xor01_from74,VERIFY_REJECTED
t1-0,proof_byte,283584,xor01_from0,DESERIALIZE_REJECTED
t1-0,proof_byte,283648,xor01_from0,DESERIALIZE_REJECTED
t1-0,proof_byte,283712,xor01_from101,VERIFY_REJECTED
t1-0,proof_byte,283776,xor01_from35,VERIFY_REJECTED
t1-0,proof_byte,283840,xor01_from109,VERIFY_REJECTED
t1-0,proof_byte,283904,xor01_from164,VERIFY_REJECTED
t1-0,proof_byte,283968,xor01_from61,VERIFY_REJECTED
t1-0,proof_byte,284032,xor01_from147,VERIFY_REJECTED
t1-0,proof_byte,284096,xor01_from157,VERIFY_REJECTED
t1-0,proof_byte,284160,xor01_from63,VERIFY_REJECTED
t1-0,proof_byte,284224,xor01_from0,DESERIALIZE_REJECTED
t1-0,proof_byte,284288,xor01_from0,DESERIALIZE_REJECTED
t1-0,proof_byte,284352,xor01_from211,VERIFY_REJECTED
t1-0,proof_byte,284416,xor01_from177,VERIFY_REJECTED
t1-0,proof_byte,284480,xor01_from112,VERIFY_REJECTED
t1-0,proof_byte,284544,xor01_from21,VERIFY_REJECTED
t1-0,proof_byte,284608,xor01_from247,VERIFY_REJECTED
t1-0,proof_byte,284672,xor01_from188,VERIFY_REJECTED
t1-0,proof_byte,284736,xor01_from72,VERIFY_REJECTED
t1-0,proof_byte,284800,xor01_from0,DESERIALIZE_REJECTED
t1-0,proof_byte,284864,xor01_from13,VERIFY_REJECTED
t1-0,proof_byte,284928,xor01_from110,VERIFY_REJECTED
t1-0,proof_byte,284992,xor01_from18,VERIFY_REJECTED
t1-0,proof_byte,285056,xor01_from138,VERIFY_REJECTED
t1-0,proof_byte,285120,xor01_from251,VERIFY_REJECTED
t1-0,proof_byte,285184,xor01_from176,VERIFY_REJECTED
t1-0,proof_byte,285248,xor01_from203,VERIFY_REJECTED
t1-0,proof_byte,285312,xor01_from0,DESERIALIZE_REJECTED
t1-0,proof_byte,285376,xor01_from28,VERIFY_REJECTED
t1-0,proof_byte,285440,xor01_from47,VERIFY_REJECTED
t1-0,proof_byte,285504,xor01_from88,VERIFY_REJECTED
t1-0,proof_byte,285568,xor01_from134,VERIFY_REJECTED
t1-0,proof_byte,285632,xor01_from64,VERIFY_REJECTED
t1-0,proof_byte,285696,xor01_from250,VERIFY_REJECTED
t1-0,proof_byte,285760,xor01_from131,VERIFY_REJECTED
t1-0,proof_byte,285824,xor01_from0,DESERIALIZE_REJECTED
t1-0,proof_byte,285888,xor01_from192,VERIFY_REJECTED
t1-0,proof_byte,285952,xor01_from68,VERIFY_REJECTED
t1-0,proof_byte,286016,xor01_from73,VERIFY_REJECTED
t1-0,proof_byte,286080,xor01_from4,VERIFY_REJECTED
t1-0,proof_byte,286144,xor01_from253,VERIFY_REJECTED
t1-0,proof_byte,286208,xor01_from132,VERIFY_REJECTED
t1-0,proof_byte,286272,xor01_from84,VERIFY_REJECTED
t1-0,proof_byte,286336,xor01_from0,DESERIALIZE_REJECTED
t1-0,proof_byte,286400,xor01_from9,VERIFY_REJECTED
t1-0,proof_byte,286464,xor01_from171,VERIFY_REJECTED
t1-0,proof_byte,286528,xor01_from228,VERIFY_REJECTED
t1-0,proof_byte,286592,xor01_from80,VERIFY_REJECTED
t1-0,proof_byte,286656,xor01_from57,VERIFY_REJECTED
t1-0,proof_byte,286720,xor01_from43,VERIFY_REJECTED
t1-0,proof_byte,286784,xor01_from225,VERIFY_REJECTED
t1-0,proof_byte,286848,xor01_from0,DESERIALIZE_REJECTED
t1-0,proof_byte,286912,xor01_from60,VERIFY_REJECTED
t1-0,proof_byte,286976,xor01_from162,VERIFY_REJECTED
t1-0,proof_byte,287040,xor01_from217,VERIFY_REJECTED
t1-0,proof_byte,287104,xor01_from145,VERIFY_REJECTED
t1-0,proof_byte,287168,xor01_from157,VERIFY_REJECTED
t1-0,proof_byte,287232,xor01_from69,VERIFY_REJECTED
t1-0,proof_byte,287296,xor01_from165,VERIFY_REJECTED
t1-0,proof_byte,287360,xor01_from0,DESERIALIZE_REJECTED
t1-0,proof_byte,287424,xor01_from63,VERIFY_REJECTED
t1-0,proof_byte,287488,xor01_from17,VERIFY_REJECTED
t1-0,proof_byte,287552,xor01_from94,VERIFY_REJECTED
t1-0,proof_byte,287616,xor01_from94,VERIFY_REJECTED
t1-0,proof_byte,287680,xor01_from184,VERIFY_REJECTED
t1-0,proof_byte,287744,xor01_from122,VERIFY_REJECTED
t1-0,proof_byte,287808,xor01_from0,DESERIALIZE_REJECTED
t1-0,proof_byte,287872,xor01_from0,DESERIALIZE_REJECTED
t1-0,proof_byte,287936,xor01_from186,VERIFY_REJECTED
t1-0,proof_byte,288000,xor01_from164,VERIFY_REJECTED
t1-0,proof_byte,288064,xor01_from160,VERIFY_REJECTED
t1-0,proof_byte,288128,xor01_from72,VERIFY_REJECTED
t1-0,proof_byte,288192,xor01_from77,VERIFY_REJECTED
t1-0,proof_byte,288256,xor01_from117,VERIFY_REJECTED
t1-0,proof_byte,288320,xor01_from0,DESERIALIZE_REJECTED
t1-0,proof_byte,288384,xor01_from8,VERIFY_REJECTED
t1-0,proof_byte,288448,xor01_from197,VERIFY_REJECTED
t1-0,proof_byte,288512,xor01_from197,VERIFY_REJECTED
t1-0,proof_byte,288576,xor01_from154,VERIFY_REJECTED
t1-0,proof_byte,288640,xor01_from232,VERIFY_REJECTED
t1-0,proof_byte,288704,xor01_from91,VERIFY_REJECTED
t1-0,proof_byte,288768,xor01_from163,VERIFY_REJECTED
t1-0,proof_byte,288832,xor01_from0,DESERIALIZE_REJECTED
t1-0,proof_byte,288896,xor01_from119,VERIFY_REJECTED
t1-0,proof_byte,288960,xor01_from158,VERIFY_REJECTED
t1-0,proof_byte,289024,xor01_from124,VERIFY_REJECTED
t1-0,proof_byte,289088,xor01_from82,VERIFY_REJECTED
t1-0,proof_byte,289152,xor01_from180,VERIFY_REJECTED
t1-0,proof_byte,289216,xor01_from124,VERIFY_REJECTED
t1-0,proof_byte,289280,xor01_from0,DESERIALIZE_REJECTED
t1-0,proof_byte,289344,xor01_from101,VERIFY_REJECTED
t1-0,proof_byte,289408,xor01_from222,VERIFY_REJECTED
t1-0,proof_byte,289472,xor01_from243,VERIFY_REJECTED
t1-0,proof_byte,289536,xor01_from20,VERIFY_REJECTED
t1-0,proof_byte,289600,xor01_from210,VERIFY_REJECTED
t1-0,proof_byte,289664,xor01_from82,VERIFY_REJECTED
t1-0,proof_byte,289728,xor01_from182,VERIFY_REJECTED
t1-0,proof_byte,289792,xor01_from0,DESERIALIZE_REJECTED
t1-0,proof_byte,289856,xor01_from219,VERIFY_REJECTED
t1-0,proof_byte,289920,xor01_from194,VERIFY_REJECTED
t1-0,proof_byte,289984,xor01_from123,VERIFY_REJECTED
t1-0,proof_byte,290048,xor01_from210,VERIFY_REJECTED
t1-0,proof_byte,290112,xor01_from240,VERIFY_REJECTED
t1-0,proof_byte,290176,xor01_from108,VERIFY_REJECTED
t1-0,proof_byte,290240,xor01_from0,DESERIALIZE_REJECTED
t1-0,proof_byte,290304,xor01_from0,DESERIALIZE_REJECTED
t1-0,proof_byte,290368,xor01_from11,VERIFY_REJECTED
t1-0,proof_byte,290432,xor01_from173,VERIFY_REJECTED
t1-0,proof_byte,290496,xor01_from243,VERIFY_REJECTED
t1-0,proof_byte,290560,xor01_from241,VERIFY_REJECTED
t1-0,proof_byte,290624,xor01_from255,VERIFY_REJECTED
t1-0,proof_byte,290688,xor01_from148,VERIFY_REJECTED
t1-0,proof_byte,290752,xor01_from0,DESERIALIZE_REJECTED
t1-0,proof_byte,290816,xor01_from106,VERIFY_REJECTED
t1-0,proof_byte,290880,xor01_from199,VERIFY_REJECTED
t1-0,proof_byte,290944,xor01_from197,VERIFY_REJECTED
t1-0,proof_byte,291008,xor01_from76,VERIFY_REJECTED
t1-0,proof_byte,291072,xor01_from9,VERIFY_REJECTED
t1-0,proof_byte,291136,xor01_from106,VERIFY_REJECTED
t1-0,proof_byte,291200,xor01_from39,VERIFY_REJECTED
t1-0,proof_byte,291264,xor01_from0,DESERIALIZE_REJECTED
t1-0,proof_byte,291328,xor01_from111,VERIFY_REJECTED
t1-0,proof_byte,291392,xor01_from131,VERIFY_REJECTED
t1-0,proof_byte,291456,xor01_from188,VERIFY_REJECTED
t1-0,proof_byte,291520,xor01_from59,VERIFY_REJECTED
t1-0,proof_byte,291584,xor01_from59,VERIFY_REJECTED
t1-0,proof_byte,291648,xor01_from48,VERIFY_REJECTED
t1-0,proof_byte,291712,xor01_from0,DESERIALIZE_REJECTED
t1-0,proof_byte,291776,xor01_from65,VERIFY_REJECTED
t1-0,proof_byte,291840,xor01_from52,VERIFY_REJECTED
t1-0,proof_byte,291904,xor01_from132,VERIFY_REJECTED
t1-0,proof_byte,291968,xor01_from26,VERIFY_REJECTED
t1-0,proof_byte,292032,xor01_from47,VERIFY_REJECTED
t1-0,proof_byte,292096,xor01_from150,VERIFY_REJECTED
t1-0,proof_byte,292160,xor01_from81,VERIFY_REJECTED
t1-0,proof_byte,292224,xor01_from0,DESERIALIZE_REJECTED
t1-0,proof_byte,292288,xor01_from57,VERIFY_REJECTED
t1-0,proof_byte,292352,xor01_from89,VERIFY_REJECTED
t1-0,proof_byte,292416,xor01_from87,VERIFY_REJECTED
t1-0,proof_byte,292480,xor01_from220,VERIFY_REJECTED
t1-0,proof_byte,292544,xor01_from173,VERIFY_REJECTED
t1-0,proof_byte,292608,xor01_from226,VERIFY_REJECTED
t1-0,proof_byte,292672,xor01_from0,DESERIALIZE_REJECTED
t1-0,proof_byte,292736,xor01_from147,VERIFY_REJECTED
t1-0,proof_byte,292800,xor01_from149,VERIFY_REJECTED
t1-0,proof_byte,292864,xor01_from3,VERIFY_REJECTED
t1-0,proof_byte,292928,xor01_from138,VERIFY_REJECTED
t1-0,proof_byte,292992,xor01_from235,VERIFY_REJECTED
t1-0,proof_byte,293056,xor01_from90,VERIFY_REJECTED
t1-0,proof_byte,293120,xor01_from0,DESERIALIZE_REJECTED
t1-0,proof_byte,293184,xor01_from194,VERIFY_REJECTED
t1-0,proof_byte,293248,xor01_from97,VERIFY_REJECTED
t1-0,proof_byte,293312,xor01_from163,VERIFY_REJECTED
t1-0,proof_byte,293376,xor01_from0,DESERIALIZE_REJECTED
t1-0,proof_byte,293440,xor01_from207,VERIFY_REJECTED
t1-0,proof_byte,293504,xor01_from204,VERIFY_REJECTED
t1-0,proof_byte,293568,xor01_from34,VERIFY_REJECTED
t1-0,proof_byte,293632,xor01_from113,VERIFY_REJECTED
t1-0,proof_byte,293696,xor01_from0,DESERIALIZE_REJECTED
t1-0,proof_byte,293760,xor01_from115,VERIFY_REJECTED
t1-0,proof_byte,293824,xor01_from0,DESERIALIZE_REJECTED
t1-0,proof_byte,293888,xor01_from173,VERIFY_REJECTED
t1-0,proof_byte,293952,xor01_from48,VERIFY_REJECTED
t1-0,proof_byte,294016,xor01_from99,VERIFY_REJECTED
t1-0,proof_byte,294080,xor01_from197,VERIFY_REJECTED
t1-0,proof_byte,294144,xor01_from0,DESERIALIZE_REJECTED
t1-0,proof_byte,294208,xor01_from228,VERIFY_REJECTED
t1-0,proof_byte,294272,xor01_from83,VERIFY_REJECTED
t1-0,proof_byte,294336,xor01_from153,VERIFY_REJECTED
t1-0,proof_byte,294400,xor01_from28,VERIFY_REJECTED
t1-0,proof_byte,294464,xor01_from24,VERIFY_REJECTED
t1-0,proof_byte,294528,xor01_from7,VERIFY_REJECTED
t1-0,proof_byte,294592,xor01_from12,VERIFY_REJECTED
t1-0,proof_byte,294656,xor01_from0,DESERIALIZE_REJECTED
t1-0,proof_byte,294720,xor01_from52,VERIFY_REJECTED
t1-0,proof_byte,294784,xor01_from133,VERIFY_REJECTED
t1-0,proof_byte,294848,xor01_from174,VERIFY_REJECTED
t1-0,proof_byte,294912,xor01_from25,VERIFY_REJECTED
t1-0,proof_byte,294976,xor01_from53,VERIFY_REJECTED
t1-0,proof_byte,295040,xor01_from180,VERIFY_REJECTED
t1-0,proof_byte,295104,xor01_from184,VERIFY_REJECTED
t1-0,proof_byte,295168,xor01_from225,VERIFY_REJECTED
t1-0,proof_byte,295232,xor01_from0,DESERIALIZE_REJECTED
t1-0,proof_byte,295296,xor01_from250,VERIFY_REJECTED
t1-0,proof_byte,295360,xor01_from167,VERIFY_REJECTED
t1-0,proof_byte,295424,xor01_from179,VERIFY_REJECTED
t1-0,proof_byte,295488,xor01_from158,VERIFY_REJECTED
t1-0,proof_byte,295552,xor01_from72,VERIFY_REJECTED
t1-0,proof_byte,295616,xor01_from146,VERIFY_REJECTED
t1-0,proof_byte,295680,xor01_from0,VERIFY_REJECTED
t1-0,proof_byte,295744,xor01_from0,VERIFY_REJECTED
t1-0,proof_byte,295808,xor01_from63,VERIFY_REJECTED
t1-0,proof_byte,295872,xor01_from85,VERIFY_REJECTED
t1-0,proof_byte,295936,xor01_from20,VERIFY_REJECTED
t1-0,proof_byte,296000,xor01_from48,VERIFY_REJECTED
t1-0,proof_byte,296064,xor01_from24,VERIFY_REJECTED
t1-0,proof_byte,296128,xor01_from137,VERIFY_REJECTED
t1-0,proof_byte,296192,xor01_from199,VERIFY_REJECTED
t1-0,proof_byte,296256,xor01_from204,VERIFY_REJECTED
t1-0,proof_byte,296320,xor01_from159,VERIFY_REJECTED
t1-0,proof_byte,296384,xor01_from0,DESERIALIZE_REJECTED
t1-0,proof_byte,296448,xor01_from0,DESERIALIZE_REJECTED
t1-0,proof_byte,296512,xor01_from125,VERIFY_REJECTED
t1-0,proof_byte,296576,xor01_from54,VERIFY_REJECTED
t1-0,proof_byte,296640,xor01_from17,VERIFY_REJECTED
t1-0,proof_byte,296704,xor01_from111,VERIFY_REJECTED
t1-0,proof_byte,296768,xor01_from119,VERIFY_REJECTED
t1-0,proof_byte,296832,xor01_from131,VERIFY_REJECTED
t1-0,proof_byte,296896,xor01_from67,VERIFY_REJECTED
t1-0,proof_byte,296960,xor01_from0,DESERIALIZE_REJECTED
t1-0,proof_byte,297024,xor01_from98,VERIFY_REJECTED
t1-0,proof_byte,297088,xor01_from111,VERIFY_REJECTED
t1-0,proof_byte,297152,xor01_from7,VERIFY_REJECTED
t1-0,proof_byte,297216,xor01_from9,VERIFY_REJECTED
t1-0,proof_byte,297280,xor01_from44,VERIFY_REJECTED
t1-0,proof_byte,297344,xor01_from94,VERIFY_REJECTED
t1-0,proof_byte,297408,xor01_from40,VERIFY_REJECTED
t1-0,proof_byte,297472,xor01_from0,DESERIALIZE_REJECTED
t1-0,proof_byte,297536,xor01_from82,VERIFY_REJECTED
t1-0,proof_byte,297600,xor01_from44,VERIFY_REJECTED
t1-0,proof_byte,297664,xor01_from56,VERIFY_REJECTED
t1-0,proof_byte,297728,xor01_from0,DESERIALIZE_REJECTED
t1-0,proof_byte,297792,xor01_from0,VERIFY_REJECTED
t1-0,proof_byte,297856,xor01_from0,DESERIALIZE_REJECTED
t1-0,proof_byte,297920,xor01_from208,VERIFY_REJECTED
t1-0,proof_byte,297984,xor01_from0,DESERIALIZE_REJECTED
t1-0,proof_byte,298048,xor01_from117,VERIFY_REJECTED
t1-0,proof_byte,298112,xor01_from9,VERIFY_REJECTED
t1-0,proof_byte,298176,xor01_from0,DESERIALIZE_REJECTED
t1-0,proof_byte,298240,xor01_from0,DESERIALIZE_REJECTED
t1-0,proof_byte,298304,xor01_from233,VERIFY_REJECTED
t1-0,proof_byte,298368,xor01_from211,VERIFY_REJECTED
t1-0,proof_byte,298432,xor01_from23,VERIFY_REJECTED
t1-0,proof_byte,298496,xor01_from92,VERIFY_REJECTED
t1-0,proof_byte,298560,xor01_from69,VERIFY_REJECTED
t1-0,proof_byte,298624,xor01_from70,VERIFY_REJECTED
t1-0,proof_byte,298688,xor01_from9,VERIFY_REJECTED
t1-0,proof_byte,298752,xor01_from197,VERIFY_REJECTED
t1-0,proof_byte,298816,xor01_from0,DESERIALIZE_REJECTED
t1-0,proof_byte,298880,xor01_from0,DESERIALIZE_REJECTED
t1-0,proof_byte,298944,xor01_from202,VERIFY_REJECTED
t1-0,proof_byte,299008,xor01_from63,VERIFY_REJECTED
t1-0,proof_byte,299072,xor01_from126,VERIFY_REJECTED
t1-0,proof_byte,299136,xor01_from231,VERIFY_REJECTED
t1-0,proof_byte,299200,xor01_from94,VERIFY_REJECTED
t1-0,proof_byte,299264,xor01_from121,VERIFY_REJECTED
t1-0,proof_byte,299328,xor01_from218,VERIFY_REJECTED
t1-0,proof_byte,299392,xor01_from0,DESERIALIZE_REJECTED
t1-0,proof_byte,299456,xor01_from237,VERIFY_REJECTED
t1-0,proof_byte,299520,xor01_from117,VERIFY_REJECTED
t1-0,proof_byte,299584,xor01_from119,VERIFY_REJECTED
t1-0,proof_byte,299648,xor01_from202,VERIFY_REJECTED
t1-0,proof_byte,299712,xor01_from95,VERIFY_REJECTED
t1-0,proof_byte,299776,xor01_from96,VERIFY_REJECTED
t1-0,proof_byte,299840,xor01_from86,VERIFY_REJECTED
t1-0,proof_byte,299904,xor01_from0,DESERIALIZE_REJECTED
t1-0,proof_byte,299968,xor01_from129,VERIFY_REJECTED
t1-0,proof_byte,300032,xor01_from143,VERIFY_REJECTED
t1-0,proof_byte,300096,xor01_from61,VERIFY_REJECTED
t1-0,proof_byte,300160,xor01_from88,VERIFY_REJECTED
t1-0,proof_byte,300224,xor01_from97,VERIFY_REJECTED
t1-0,proof_byte,300288,xor01_from156,VERIFY_REJECTED
t1-0,proof_byte,300352,xor01_from239,VERIFY_REJECTED
t1-0,proof_byte,300416,xor01_from0,DESERIALIZE_REJECTED
t1-0,proof_byte,300480,xor01_from40,VERIFY_REJECTED
t1-0,proof_byte,300544,xor01_from172,VERIFY_REJECTED
t1-0,proof_byte,300608,xor01_from75,VERIFY_REJECTED
t1-0,proof_byte,300672,xor01_from191,VERIFY_REJECTED
t1-0,proof_byte,300736,xor01_from81,VERIFY_REJECTED
t1-0,proof_byte,300800,xor01_from247,VERIFY_REJECTED
t1-0,proof_byte,300864,xor01_from254,VERIFY_REJECTED
t1-0,proof_byte,300928,xor01_from0,DESERIALIZE_REJECTED
t1-0,proof_byte,300992,xor01_from194,VERIFY_REJECTED
t1-0,proof_byte,301056,xor01_from75,VERIFY_REJECTED
t1-0,proof_byte,301120,xor01_from61,VERIFY_REJECTED
t1-0,proof_byte,301184,xor01_from27,VERIFY_REJECTED
t1-0,proof_byte,301248,xor01_from242,VERIFY_REJECTED
t1-0,proof_byte,301312,xor01_from200,VERIFY_REJECTED
t1-0,proof_byte,301376,xor01_from169,VERIFY_REJECTED
t1-0,proof_byte,301440,xor01_from0,DESERIALIZE_REJECTED
t1-0,proof_byte,301504,xor01_from87,VERIFY_REJECTED
t1-0,proof_byte,301568,xor01_from117,VERIFY_REJECTED
t1-0,proof_byte,301632,xor01_from77,VERIFY_REJECTED
t1-0,proof_byte,301696,xor01_from79,VERIFY_REJECTED
t1-0,proof_byte,301760,xor01_from12,VERIFY_REJECTED
t1-0,proof_byte,301824,xor01_from251,VERIFY_REJECTED
t1-0,proof_byte,301888,xor01_from171,VERIFY_REJECTED
t1-0,proof_byte,301952,xor01_from0,DESERIALIZE_REJECTED
t1-0,proof_byte,302016,xor01_from123,VERIFY_REJECTED
t1-0,proof_byte,302080,xor01_from244,VERIFY_REJECTED
t1-0,proof_byte,302144,xor01_from68,VERIFY_REJECTED
t1-0,proof_byte,302208,xor01_from43,VERIFY_REJECTED
t1-0,proof_byte,302272,xor01_from172,VERIFY_REJECTED
t1-0,proof_byte,302336,xor01_from151,VERIFY_REJECTED
t1-0,proof_byte,302400,xor01_from0,DESERIALIZE_REJECTED
t1-0,proof_byte,302464,xor01_from0,DESERIALIZE_REJECTED
t1-0,proof_byte,302528,xor01_from24,VERIFY_REJECTED
t1-0,proof_byte,302592,xor01_from243,VERIFY_REJECTED
t1-0,proof_byte,302656,xor01_from40,VERIFY_REJECTED
t1-0,proof_byte,302720,xor01_from13,VERIFY_REJECTED
t1-0,proof_byte,302784,xor01_from63,VERIFY_REJECTED
t1-0,proof_byte,302848,xor01_from113,VERIFY_REJECTED
t1-0,proof_byte,302912,xor01_from0,DESERIALIZE_REJECTED
t1-0,proof_byte,302976,xor01_from56,VERIFY_REJECTED
t1-0,proof_byte,303040,xor01_from33,VERIFY_REJECTED
t1-0,proof_byte,303104,xor01_from146,VERIFY_REJECTED
t1-0,proof_byte,303168,xor01_from186,VERIFY_REJECTED
t1-0,proof_byte,303232,xor01_from157,VERIFY_REJECTED
t1-0,proof_byte,303296,xor01_from57,VERIFY_REJECTED
t1-0,proof_byte,303360,xor01_from250,VERIFY_REJECTED
t1-0,proof_byte,303424,xor01_from0,DESERIALIZE_REJECTED
t1-0,proof_byte,303488,xor01_from12,VERIFY_REJECTED
t1-0,proof_byte,303552,xor01_from122,VERIFY_REJECTED
t1-0,proof_byte,303616,xor01_from218,VERIFY_REJECTED
t1-0,proof_byte,303680,xor01_from193,VERIFY_REJECTED
t1-0,proof_byte,303744,xor01_from175,VERIFY_REJECTED
t1-0,proof_byte,303808,xor01_from72,VERIFY_REJECTED
t1-0,proof_byte,303872,xor01_from0,DESERIALIZE_REJECTED
t1-0,proof_byte,303936,xor01_from104,VERIFY_REJECTED
t1-0,proof_byte,304000,xor01_from174,VERIFY_REJECTED
t1-0,proof_byte,304064,xor01_from110,VERIFY_REJECTED
t1-0,proof_byte,304128,xor01_from76,VERIFY_REJECTED
t1-0,proof_byte,304192,xor01_from102,VERIFY_REJECTED
t1-0,proof_byte,304256,xor01_from67,VERIFY_REJECTED
t1-0,proof_byte,304320,xor01_from172,VERIFY_REJECTED
t1-0,proof_byte,304384,xor01_from0,DESERIALIZE_REJECTED
t1-0,proof_byte,304448,xor01_from244,VERIFY_REJECTED
t1-0,proof_byte,304512,xor01_from194,VERIFY_REJECTED
t1-0,proof_byte,304576,xor01_from166,VERIFY_REJECTED
t1-0,proof_byte,304640,xor01_from24,VERIFY_REJECTED
t1-0,proof_byte,304704,xor01_from226,VERIFY_REJECTED
t1-0,proof_byte,304768,xor01_from120,VERIFY_REJECTED
t1-0,proof_byte,304832,xor01_from0,DESERIALIZE_REJECTED
t1-0,proof_byte,304896,xor01_from0,DESERIALIZE_REJECTED
t1-0,proof_byte,304960,xor01_from43,VERIFY_REJECTED
t1-0,proof_byte,305024,xor01_from130,VERIFY_REJECTED
t1-0,proof_byte,305088,xor01_from196,VERIFY_REJECTED
t1-0,proof_byte,305152,xor01_from194,VERIFY_REJECTED
t1-0,proof_byte,305216,xor01_from69,VERIFY_REJECTED
t1-0,proof_byte,305280,xor01_from96,VERIFY_REJECTED
t1-0,proof_byte,305344,xor01_from0,DESERIALIZE_REJECTED
t1-0,proof_byte,305408,xor01_from189,VERIFY_REJECTED
t1-0,proof_byte,305472,xor01_from88,VERIFY_REJECTED
t1-0,proof_byte,305536,xor01_from2,VERIFY_REJECTED
t1-0,proof_byte,305600,xor01_from24,VERIFY_REJECTED
t1-0,proof_byte,305664,xor01_from239,VERIFY_REJECTED
t1-0,proof_byte,305728,xor01_from130,VERIFY_REJECTED
t1-0,proof_byte,305792,xor01_from217,VERIFY_REJECTED
t1-0,proof_byte,305856,xor01_from0,DESERIALIZE_REJECTED
t1-0,proof_byte,305920,xor01_from125,VERIFY_REJECTED
t1-0,proof_byte,305984,xor01_from118,VERIFY_REJECTED
t1-0,proof_byte,306048,xor01_from233,VERIFY_REJECTED
t1-0,proof_byte,306112,xor01_from217,VERIFY_REJECTED
t1-0,proof_byte,306176,xor01_from158,VERIFY_REJECTED
t1-0,proof_byte,306240,xor01_from160,VERIFY_REJECTED
t1-0,proof_byte,306304,xor01_from0,DESERIALIZE_REJECTED
t1-0,proof_byte,306368,xor01_from100,VERIFY_REJECTED
t1-0,proof_byte,306432,xor01_from63,VERIFY_REJECTED
t1-0,proof_byte,306496,xor01_from234,VERIFY_REJECTED
t1-0,proof_byte,306560,xor01_from81,VERIFY_REJECTED
t1-0,proof_byte,306624,xor01_from159,VERIFY_REJECTED
t1-0,proof_byte,306688,xor01_from54,VERIFY_REJECTED
t1-0,proof_byte,306752,xor01_from232,VERIFY_REJECTED
t1-0,proof_byte,306816,xor01_from0,DESERIALIZE_REJECTED
t1-0,proof_byte,306880,xor01_from8,VERIFY_REJECTED
t1-0,proof_byte,306944,xor01_from51,VERIFY_REJECTED
t1-0,proof_byte,307008,xor01_from248,VERIFY_REJECTED
t1-0,proof_byte,307072,xor01_from179,VERIFY_REJECTED
t1-0,proof_byte,307136,xor01_from10,VERIFY_REJECTED
t1-0,proof_byte,307200,xor01_from30,VERIFY_REJECTED
t1-0,proof_byte,307264,xor01_from0,DESERIALIZE_REJECTED
t1-0,proof_byte,307328,xor01_from13,VERIFY_REJECTED
t1-0,proof_byte,307392,xor01_from65,VERIFY_REJECTED
t1-0,proof_byte,307456,xor01_from35,VERIFY_REJECTED
t1-0,proof_byte,307520,xor01_from119,VERIFY_REJECTED
t1-0,proof_byte,307584,xor01_from1,VERIFY_REJECTED
t1-0,proof_byte,307648,xor01_from19,VERIFY_REJECTED
t1-0,proof_byte,307712,xor01_from0,DESERIALIZE_REJECTED
t1-0,proof_byte,307776,xor01_from79,VERIFY_REJECTED
t1-0,proof_byte,307840,xor01_from228,VERIFY_REJECTED
t1-0,proof_byte,307904,xor01_from106,VERIFY_REJECTED
t1-0,proof_byte,307968,xor01_from0,DESERIALIZE_REJECTED
t1-0,proof_byte,308032,xor01_from47,VERIFY_REJECTED
t1-0,proof_byte,308096,xor01_from234,VERIFY_REJECTED
t1-0,proof_byte,308160,xor01_from89,VERIFY_REJECTED
t1-0,proof_byte,308224,xor01_from114,VERIFY_REJECTED
t1-0,proof_byte,308288,xor01_from0,DESERIALIZE_REJECTED
t1-0,proof_byte,308352,xor01_from213,VERIFY_REJECTED
t1-0,proof_byte,308416,xor01_from0,DESERIALIZE_REJECTED
t1-0,proof_byte,308480,xor01_from192,VERIFY_REJECTED
t1-0,proof_byte,308544,xor01_from168,VERIFY_REJECTED
t1-0,proof_byte,308608,xor01_from160,VERIFY_REJECTED
t1-0,proof_byte,308672,xor01_from79,VERIFY_REJECTED
t1-0,proof_byte,308736,xor01_from0,DESERIALIZE_REJECTED
t1-0,proof_byte,308800,xor01_from176,VERIFY_REJECTED
t1-0,proof_byte,308864,xor01_from11,VERIFY_REJECTED
t1-0,proof_byte,308928,xor01_from122,VERIFY_REJECTED
t1-0,proof_byte,308992,xor01_from133,VERIFY_REJECTED
t1-0,proof_byte,309056,xor01_from191,VERIFY_REJECTED
t1-0,proof_byte,309120,xor01_from225,VERIFY_REJECTED
t1-0,proof_byte,309184,xor01_from84,VERIFY_REJECTED
t1-0,proof_byte,309248,xor01_from0,DESERIALIZE_REJECTED
t1-0,proof_byte,309312,xor01_from62,VERIFY_REJECTED
t1-0,proof_byte,309376,xor01_from85,VERIFY_REJECTED
t1-0,proof_byte,309440,xor01_from96,VERIFY_REJECTED
t1-0,proof_byte,309504,xor01_from43,VERIFY_REJECTED
t1-0,proof_byte,309568,xor01_from42,VERIFY_REJECTED
t1-0,proof_byte,309632,xor01_from69,VERIFY_REJECTED
t1-0,proof_byte,309696,xor01_from186,VERIFY_REJECTED
t1-0,proof_byte,309760,xor01_from8,VERIFY_REJECTED
t1-0,proof_byte,309824,xor01_from0,DESERIALIZE_REJECTED
t1-0,proof_byte,309888,xor01_from192,VERIFY_REJECTED
t1-0,proof_byte,309952,xor01_from137,VERIFY_REJECTED
t1-0,proof_byte,310016,xor01_from232,VERIFY_REJECTED
t1-0,proof_byte,310080,xor01_from189,VERIFY_REJECTED
t1-0,proof_byte,310144,xor01_from100,VERIFY_REJECTED
t1-0,proof_byte,310208,xor01_from192,VERIFY_REJECTED
t1-0,proof_byte,310272,xor01_from0,VERIFY_REJECTED
t1-0,proof_byte,310336,xor01_from0,VERIFY_REJECTED
t1-0,proof_byte,310400,xor01_from1,DESERIALIZE_REJECTED
t1-0,proof_byte,310464,xor01_from117,VERIFY_REJECTED
t1-0,proof_byte,310528,xor01_from0,DESERIALIZE_REJECTED
t1-0,proof_byte,310592,xor01_from97,VERIFY_REJECTED
t1-0,proof_byte,310656,xor01_from210,VERIFY_REJECTED
t1-0,proof_byte,310720,xor01_from105,VERIFY_REJECTED
t1-0,proof_byte,310784,xor01_from117,VERIFY_REJECTED
t1-0,proof_byte,310848,xor01_from29,VERIFY_REJECTED
t1-0,proof_byte,310912,xor01_from0,DESERIALIZE_REJECTED
t1-0,proof_byte,310976,xor01_from0,DESERIALIZE_REJECTED
t1-0,proof_byte,311040,xor01_from104,VERIFY_REJECTED
t1-0,proof_byte,311104,xor01_from73,VERIFY_REJECTED
t1-0,proof_byte,311168,xor01_from57,VERIFY_REJECTED
t1-0,proof_byte,311232,xor01_from195,VERIFY_REJECTED
t1-0,proof_byte,311296,xor01_from145,VERIFY_REJECTED
t1-0,proof_byte,311360,xor01_from157,VERIFY_REJECTED
t1-0,proof_byte,311424,xor01_from16,VERIFY_REJECTED
t1-0,proof_byte,311488,xor01_from72,VERIFY_REJECTED
t1-0,proof_byte,311552,xor01_from0,DESERIALIZE_REJECTED
t1-0,proof_byte,311616,xor01_from59,VERIFY_REJECTED
t1-0,proof_byte,311680,xor01_from240,VERIFY_REJECTED
t1-0,proof_byte,311744,xor01_from34,VERIFY_REJECTED
t1-0,proof_byte,311808,xor01_from2,VERIFY_REJECTED
t1-0,proof_byte,311872,xor01_from192,VERIFY_REJECTED
t1-0,proof_byte,311936,xor01_from94,VERIFY_REJECTED
t1-0,proof_byte,312000,xor01_from59,VERIFY_REJECTED
t1-0,proof_byte,312064,xor01_from0,DESERIALIZE_REJECTED
t1-0,proof_byte,312128,xor01_from77,VERIFY_REJECTED
t1-0,proof_byte,312192,xor01_from198,VERIFY_REJECTED
t1-0,proof_byte,312256,xor01_from11,VERIFY_REJECTED
t1-0,proof_byte,312320,xor01_from172,VERIFY_REJECTED
t1-0,proof_byte,312384,xor01_from93,VERIFY_REJECTED
t1-0,proof_byte,312448,xor01_from126,VERIFY_REJECTED
t1-0,proof_byte,312512,xor01_from29,VERIFY_REJECTED
t1-0,proof_byte,312576,xor01_from0,DESERIALIZE_REJECTED
t1-0,proof_byte,312640,xor01_from0,DESERIALIZE_REJECTED
t1-0,proof_byte,312704,xor01_from246,VERIFY_REJECTED
t1-0,proof_byte,312768,xor01_from90,VERIFY_REJECTED
t1-0,proof_byte,312832,xor01_from97,VERIFY_REJECTED
t1-0,proof_byte,312896,xor01_from198,VERIFY_REJECTED
t1-0,proof_byte,312960,xor01_from168,VERIFY_REJECTED
t1-0,proof_byte,313024,xor01_from211,VERIFY_REJECTED
t1-0,proof_byte,313088,xor01_from0,DESERIALIZE_REJECTED
t1-0,proof_byte,313152,xor01_from0,DESERIALIZE_REJECTED
t1-0,proof_byte,313216,xor01_from72,VERIFY_REJECTED
t1-0,proof_byte,313280,xor01_from41,VERIFY_REJECTED
t1-0,proof_byte,313344,xor01_from174,VERIFY_REJECTED
t1-0,proof_byte,313408,xor01_from146,VERIFY_REJECTED
t1-0,proof_byte,313472,xor01_from241,VERIFY_REJECTED
t1-0,proof_byte,313536,xor01_from114,VERIFY_REJECTED
t1-0,proof_byte,313600,xor01_from0,DESERIALIZE_REJECTED
t1-0,proof_byte,313664,xor01_from145,VERIFY_REJECTED
t1-0,proof_byte,313728,xor01_from151,VERIFY_REJECTED
t1-0,proof_byte,313792,xor01_from194,VERIFY_REJECTED
t1-0,proof_byte,313856,xor01_from162,VERIFY_REJECTED
t1-0,proof_byte,313920,xor01_from225,VERIFY_REJECTED
t1-0,proof_byte,313984,xor01_from39,VERIFY_REJECTED
t1-0,proof_byte,314048,xor01_from50,VERIFY_REJECTED
t1-0,proof_byte,314112,xor01_from0,DESERIALIZE_REJECTED
t1-0,proof_byte,314176,xor01_from161,VERIFY_REJECTED
t1-0,proof_byte,314240,xor01_from93,VERIFY_REJECTED
t1-0,proof_byte,314304,xor01_from244,VERIFY_REJECTED
t1-0,proof_byte,314368,xor01_from226,VERIFY_REJECTED
t1-0,proof_byte,314432,xor01_from173,VERIFY_REJECTED
t1-0,proof_byte,314496,xor01_from165,VERIFY_REJECTED
t1-0,proof_byte,314560,xor01_from144,VERIFY_REJECTED
t1-0,proof_byte,314624,xor01_from0,DESERIALIZE_REJECTED
t1-0,proof_byte,314688,xor01_from131,VERIFY_REJECTED
t1-0,proof_byte,314752,xor01_from244,VERIFY_REJECTED
t1-0,proof_byte,314816,xor01_from199,VERIFY_REJECTED
t1-0,proof_byte,314880,xor01_from109,VERIFY_REJECTED
t1-0,proof_byte,314944,xor01_from134,VERIFY_REJECTED
t1-0,proof_byte,315008,xor01_from245,VERIFY_REJECTED
t1-0,proof_byte,315072,xor01_from20,VERIFY_REJECTED
t1-0,proof_byte,315136,xor01_from0,DESERIALIZE_REJECTED
t1-0,proof_byte,315200,xor01_from46,VERIFY_REJECTED
t1-0,proof_byte,315264,xor01_from158,VERIFY_REJECTED
t1-0,proof_byte,315328,xor01_from143,VERIFY_REJECTED
t1-0,proof_byte,315392,xor01_from14,VERIFY_REJECTED
t1-0,proof_byte,315456,xor01_from74,VERIFY_REJECTED
t1-0,proof_byte,315520,xor01_from72,VERIFY_REJECTED
t1-0,proof_byte,315584,xor01_from0,DESERIALIZE_REJECTED
t1-0,proof_byte,315648,xor01_from59,VERIFY_REJECTED
t1-0,proof_byte,315712,xor01_from179,VERIFY_REJECTED
t1-0,proof_byte,315776,xor01_from190,VERIFY_REJECTED
t1-0,proof_byte,315840,xor01_from152,VERIFY_REJECTED
t1-0,proof_byte,315904,xor01_from140,VERIFY_REJECTED
t1-0,proof_byte,315968,xor01_from1,VERIFY_REJECTED
t1-0,proof_byte,316032,xor01_from179,VERIFY_REJECTED
t1-0,proof_byte,316096,xor01_from0,DESERIALIZE_REJECTED
t1-0,proof_byte,316160,xor01_from188,VERIFY_REJECTED
t1-0,proof_byte,316224,xor01_from132,VERIFY_REJECTED
t1-0,proof_byte,316288,xor01_from168,VERIFY_REJECTED
t1-0,proof_byte,316352,xor01_from249,VERIFY_REJECTED
t1-0,proof_byte,316416,xor01_from238,VERIFY_REJECTED
t1-0,proof_byte,316480,xor01_from35,VERIFY_REJECTED
t1-0,proof_byte,316544,xor01_from0,DESERIALIZE_REJECTED
t1-0,proof_byte,316608,xor01_from0,DESERIALIZE_REJECTED
t1-0,proof_byte,316672,xor01_from141,VERIFY_REJECTED
t1-0,proof_byte,316736,xor01_from109,VERIFY_REJECTED
t1-0,proof_byte,316800,xor01_from136,VERIFY_REJECTED
t1-0,proof_byte,316864,xor01_from115,VERIFY_REJECTED
t1-0,proof_byte,316928,xor01_from96,VERIFY_REJECTED
t1-0,proof_byte,316992,xor01_from55,VERIFY_REJECTED
t1-0,proof_byte,317056,xor01_from0,DESERIALIZE_REJECTED
t1-0,proof_byte,317120,xor01_from98,VERIFY_REJECTED
t1-0,proof_byte,317184,xor01_from49,VERIFY_REJECTED
t1-0,proof_byte,317248,xor01_from150,VERIFY_REJECTED
t1-0,proof_byte,317312,xor01_from140,VERIFY_REJECTED
t1-0,proof_byte,317376,xor01_from189,VERIFY_REJECTED
t1-0,proof_byte,317440,xor01_from111,VERIFY_REJECTED
t1-0,proof_byte,317504,xor01_from116,VERIFY_REJECTED
t1-0,proof_byte,317568,xor01_from0,DESERIALIZE_REJECTED
t1-0,proof_byte,317632,xor01_from154,VERIFY_REJECTED
t1-0,proof_byte,317696,xor01_from48,VERIFY_REJECTED
t1-0,proof_byte,317760,xor01_from229,VERIFY_REJECTED
t1-0,proof_byte,317824,xor01_from62,VERIFY_REJECTED
t1-0,proof_byte,317888,xor01_from87,VERIFY_REJECTED
t1-0,proof_byte,317952,xor01_from3,VERIFY_REJECTED
t1-0,proof_byte,318016,xor01_from0,DESERIALIZE_REJECTED
t1-0,proof_byte,318080,xor01_from50,VERIFY_REJECTED
t1-0,proof_byte,318144,xor01_from48,VERIFY_REJECTED
t1-0,proof_byte,318208,xor01_from99,VERIFY_REJECTED
t1-0,proof_byte,318272,xor01_from225,VERIFY_REJECTED
t1-0,proof_byte,318336,xor01_from37,VERIFY_REJECTED
t1-0,proof_byte,318400,xor01_from201,VERIFY_REJECTED
t1-0,proof_byte,318464,xor01_from28,VERIFY_REJECTED
t1-0,proof_byte,318528,xor01_from0,DESERIALIZE_REJECTED
t1-0,proof_byte,318592,xor01_from94,VERIFY_REJECTED
t1-0,proof_byte,318656,xor01_from235,VERIFY_REJECTED
t1-0,proof_byte,318720,xor01_from161,VERIFY_REJECTED
t1-0,proof_byte,318784,xor01_from188,VERIFY_REJECTED
t1-0,proof_byte,318848,xor01_from11,VERIFY_REJECTED
t1-0,proof_byte,318912,xor01_from10,VERIFY_REJECTED
t1-0,proof_byte,318976,xor01_from0,DESERIALIZE_REJECTED
t1-0,proof_byte,319040,xor01_from18,VERIFY_REJECTED
t1-0,proof_byte,319104,xor01_from22,VERIFY_REJECTED
t1-0,proof_byte,319168,xor01_from89,VERIFY_REJECTED
t1-0,proof_byte,319232,xor01_from67,VERIFY_REJECTED
t1-0,proof_byte,319296,xor01_from174,VERIFY_REJECTED
t1-0,proof_byte,319360,xor01_from128,VERIFY_REJECTED
t1-0,proof_byte,319424,xor01_from143,VERIFY_REJECTED
t1-0,proof_byte,319488,xor01_from92,VERIFY_REJECTED
t1-0,proof_byte,319552,xor01_from0,DESERIALIZE_REJECTED
t1-0,proof_byte,319616,xor01_from158,VERIFY_REJECTED
t1-0,proof_byte,319680,xor01_from52,VERIFY_REJECTED
t1-0,proof_byte,319744,xor01_from161,VERIFY_REJECTED
t1-0,proof_byte,319808,xor01_from137,VERIFY_REJECTED
t1-0,proof_byte,319872,xor01_from0,DESERIALIZE_REJECTED
t1-0,proof_byte,319936,xor01_from212,VERIFY_REJECTED
t1-0,proof_byte,320000,xor01_from0,DESERIALIZE_REJECTED
t1-0,proof_byte,320064,xor01_from168,VERIFY_REJECTED
t1-0,proof_byte,320128,xor01_from198,VERIFY_REJECTED
t1-0,proof_byte,320192,xor01_from235,VERIFY_REJECTED
t1-0,proof_byte,320256,xor01_from106,VERIFY_REJECTED
t1-0,proof_byte,320320,xor01_from0,DESERIALIZE_REJECTED
t1-0,proof_byte,320384,xor01_from71,VERIFY_REJECTED
t1-0,proof_byte,320448,xor01_from33,VERIFY_REJECTED
t1-0,proof_byte,320512,xor01_from163,VERIFY_REJECTED
t1-0,proof_byte,320576,xor01_from130,VERIFY_REJECTED
t1-0,proof_byte,320640,xor01_from0,DESERIALIZE_REJECTED
t1-0,proof_byte,320704,xor01_from95,VERIFY_REJECTED
t1-0,proof_byte,320768,xor01_from76,VERIFY_REJECTED
t1-0,proof_byte,320832,xor01_from61,VERIFY_REJECTED
t1-0,proof_byte,320896,xor01_from238,VERIFY_REJECTED
t1-0,proof_byte,320960,xor01_from183,VERIFY_REJECTED
t1-0,proof_byte,321024,xor01_from23,VERIFY_REJECTED
t1-0,proof_byte,321088,xor01_from216,VERIFY_REJECTED
t1-0,proof_byte,321152,xor01_from41,VERIFY_REJECTED
t1-0,proof_byte,321216,xor01_from0,DESERIALIZE_REJECTED
t1-0,proof_byte,321280,xor01_from118,VERIFY_REJECTED
t1-0,proof_byte,321344,xor01_from23,VERIFY_REJECTED
t1-0,proof_byte,321408,xor01_from161,VERIFY_REJECTED
t1-0,proof_byte,321472,xor01_from23,VERIFY_REJECTED
t1-0,proof_byte,321536,xor01_from2,VERIFY_REJECTED
t1-0,proof_byte,321600,xor01_from159,VERIFY_REJECTED
t1-0,proof_byte,321664,xor01_from0,VERIFY_REJECTED
t1-0,proof_byte,321728,xor01_from0,VERIFY_REJECTED
t1-0,proof_byte,321792,xor01_from151,VERIFY_REJECTED
t1-0,proof_byte,321856,xor01_from0,DESERIALIZE_REJECTED
t1-0,proof_byte,321920,xor01_from0,DESERIALIZE_REJECTED
t1-0,proof_byte,321984,xor01_from0,DESERIALIZE_REJECTED
t1-0,proof_byte,322048,xor01_from0,DESERIALIZE_REJECTED
t1-0,proof_byte,322112,xor01_from134,VERIFY_REJECTED
t1-0,proof_byte,322176,xor01_from169,VERIFY_REJECTED
t1-0,proof_byte,322240,xor01_from39,VERIFY_REJECTED
t1-0,proof_byte,322304,xor01_from126,VERIFY_REJECTED
t1-0,proof_byte,322368,xor01_from150,VERIFY_REJECTED
t1-0,proof_byte,322432,xor01_from180,VERIFY_REJECTED
t1-0,proof_byte,322496,xor01_from173,VERIFY_REJECTED
t1-0,proof_byte,322560,xor01_from130,VERIFY_REJECTED
t1-0,proof_byte,322624,xor01_from0,DESERIALIZE_REJECTED
t1-0,proof_byte,322688,xor01_from197,VERIFY_REJECTED
t1-0,proof_byte,322752,xor01_from154,VERIFY_REJECTED
t1-0,proof_byte,322816,xor01_from228,VERIFY_REJECTED
t1-0,proof_byte,322880,xor01_from50,VERIFY_REJECTED
t1-0,proof_byte,322944,xor01_from171,VERIFY_REJECTED
t1-0,proof_byte,323008,xor01_from167,VERIFY_REJECTED
t1-0,proof_byte,323072,xor01_from153,VERIFY_REJECTED
t1-0,proof_byte,323136,xor01_from143,VERIFY_REJECTED
t1-0,proof_byte,323200,xor01_from0,DESERIALIZE_REJECTED
t1-0,proof_byte,323264,xor01_from11,VERIFY_REJECTED
t1-0,proof_byte,323328,xor01_from55,VERIFY_REJECTED
t1-0,proof_byte,323392,xor01_from148,VERIFY_REJECTED
t1-0,proof_byte,323456,xor01_from56,VERIFY_REJECTED
t1-0,proof_byte,323520,xor01_from52,VERIFY_REJECTED
t1-0,proof_byte,323584,xor01_from215,VERIFY_REJECTED
t1-0,proof_byte,323648,xor01_from101,VERIFY_REJECTED
t1-0,proof_byte,323712,xor01_from0,DESERIALIZE_REJECTED
t1-0,proof_byte,323776,xor01_from228,VERIFY_REJECTED
t1-0,proof_byte,323840,xor01_from182,VERIFY_REJECTED
t1-0,proof_byte,323904,xor01_from168,VERIFY_REJECTED
t1-0,proof_byte,323968,xor01_from11,VERIFY_REJECTED
t1-0,proof_byte,324032,xor01_from157,VERIFY_REJECTED
t1-0,proof_byte,324096,xor01_from184,VERIFY_REJECTED
t1-0,proof_byte,324160,xor01_from246,VERIFY_REJECTED
t1-0,proof_byte,324224,xor01_from0,DESERIALIZE_REJECTED
t1-0,proof_byte,324288,xor01_from164,VERIFY_REJECTED
t1-0,proof_byte,324352,xor01_from150,VERIFY_REJECTED
t1-0,proof_byte,324416,xor01_from70,VERIFY_REJECTED
t1-0,proof_byte,324480,xor01_from29,VERIFY_REJECTED
t1-0,proof_byte,324544,xor01_from254,VERIFY_REJECTED
t1-0,proof_byte,324608,xor01_from113,VERIFY_REJECTED
t1-0,proof_byte,324672,xor01_from4,VERIFY_REJECTED
t1-0,proof_byte,324736,xor01_from0,DESERIALIZE_REJECTED
t1-0,proof_byte,324800,xor01_from166,VERIFY_REJECTED
t1-0,proof_byte,324864,xor01_from130,VERIFY_REJECTED
t1-0,proof_byte,324928,xor01_from84,VERIFY_REJECTED
t1-0,proof_byte,324992,xor01_from97,VERIFY_REJECTED
t1-0,proof_byte,325056,xor01_from45,VERIFY_REJECTED
t1-0,proof_byte,325120,xor01_from207,VERIFY_REJECTED
t1-0,proof_byte,325184,xor01_from162,VERIFY_REJECTED
t1-0,proof_byte,325248,xor01_from0,DESERIALIZE_REJECTED
t1-0,proof_byte,325312,xor01_from184,VERIFY_REJECTED
t1-0,proof_byte,325376,xor01_from124,VERIFY_REJECTED
t1-0,proof_byte,325440,xor01_from126,VERIFY_REJECTED
t1-0,proof_byte,325504,xor01_from113,VERIFY_REJECTED
t1-0,proof_byte,325568,xor01_from73,VERIFY_REJECTED
t1-0,proof_byte,325632,xor01_from69,VERIFY_REJECTED
t1-0,proof_byte,325696,xor01_from170,VERIFY_REJECTED
t1-0,proof_byte,325760,xor01_from0,DESERIALIZE_REJECTED
t1-0,proof_byte,325824,xor01_from2,VERIFY_REJECTED
t1-0,proof_byte,325888,xor01_from26,VERIFY_REJECTED
t1-0,proof_byte,325952,xor01_from252,VERIFY_REJECTED
t1-0,proof_byte,326016,xor01_from85,VERIFY_REJECTED
t1-0,proof_byte,326080,xor01_from127,VERIFY_REJECTED
t1-0,proof_byte,326144,xor01_from139,VERIFY_REJECTED
t1-0,proof_byte,326208,xor01_from0,DESERIALIZE_REJECTED
t1-0,proof_byte,326272,xor01_from56,VERIFY_REJECTED
t1-0,proof_byte,326336,xor01_from176,VERIFY_REJECTED
t1-0,proof_byte,326400,xor01_from33,VERIFY_REJECTED
t1-0,proof_byte,326464,xor01_from111,VERIFY_REJECTED
t1-0,proof_byte,326528,xor01_from138,VERIFY_REJECTED
t1-0,proof_byte,326592,xor01_from192,VERIFY_REJECTED
t1-0,proof_byte,326656,xor01_from52,VERIFY_REJECTED
t1-0,proof_byte,326720,xor01_from0,DESERIALIZE_REJECTED
t1-0,proof_byte,326784,xor01_from123,VERIFY_REJECTED
t1-0,proof_byte,326848,xor01_from134,VERIFY_REJECTED
t1-0,proof_byte,326912,xor01_from92,VERIFY_REJECTED
t1-0,proof_byte,326976,xor01_from36,VERIFY_REJECTED
t1-0,proof_byte,327040,xor01_from138,VERIFY_REJECTED
t1-0,proof_byte,327104,xor01_from67,VERIFY_REJECTED
t1-0,proof_byte,327168,xor01_from31,VERIFY_REJECTED
t1-0,proof_byte,327232,xor01_from0,DESERIALIZE_REJECTED
t1-0,proof_byte,327296,xor01_from223,VERIFY_REJECTED
t1-0,proof_byte,327360,xor01_from171,VERIFY_REJECTED
t1-0,proof_byte,327424,xor01_from142,VERIFY_REJECTED
t1-0,proof_byte,327488,xor01_from75,VERIFY_REJECTED
t1-0,proof_byte,327552,xor01_from20,VERIFY_REJECTED
t1-0,proof_byte,327616,xor01_from13,VERIFY_REJECTED
t1-0,proof_byte,327680,xor01_from0,DESERIALIZE_REJECTED
t1-0,proof_byte,327744,xor01_from68,VERIFY_REJECTED
t1-0,proof_byte,327808,xor01_from232,VERIFY_REJECTED
t1-0,proof_byte,327872,xor01_from196,VERIFY_REJECTED
t1-0,proof_byte,327936,xor01_from91,VERIFY_REJECTED
t1-0,proof_byte,328000,xor01_from161,VERIFY_REJECTED
t1-0,proof_byte,328064,xor01_from240,VERIFY_REJECTED
t1-0,proof_byte,328128,xor01_from63,VERIFY_REJECTED
t1-0,proof_byte,328192,xor01_from0,DESERIALIZE_REJECTED
t1-0,proof_byte,328256,xor01_from92,VERIFY_REJECTED
t1-0,proof_byte,328320,xor01_from120,VERIFY_REJECTED
t1-0,proof_byte,328384,xor01_from94,VERIFY_REJECTED
t1-0,proof_byte,328448,xor01_from136,VERIFY_REJECTED
t1-0,proof_byte,328512,xor01_from148,VERIFY_REJECTED
t1-0,proof_byte,328576,xor01_from123,VERIFY_REJECTED
t1-0,proof_byte,328640,xor01_from0,DESERIALIZE_REJECTED
t1-0,proof_byte,328704,xor01_from0,DESERIALIZE_REJECTED
t1-0,proof_byte,328768,xor01_from210,VERIFY_REJECTED
t1-0,proof_byte,328832,xor01_from161,VERIFY_REJECTED
t1-0,proof_byte,328896,xor01_from226,VERIFY_REJECTED
t1-0,proof_byte,328960,xor01_from1,VERIFY_REJECTED
t1-0,proof_byte,329024,xor01_from74,VERIFY_REJECTED
t1-0,proof_byte,329088,xor01_from143,VERIFY_REJECTED
t1-0,proof_byte,329152,xor01_from0,DESERIALIZE_REJECTED
t1-0,proof_byte,329216,xor01_from84,VERIFY_REJECTED
t1-0,proof_byte,329280,xor01_from234,VERIFY_REJECTED
t1-0,proof_byte,329344,xor01_from221,VERIFY_REJECTED
t1-0,proof_byte,329408,xor01_from47,VERIFY_REJECTED
t1-0,proof_byte,329472,xor01_from132,VERIFY_REJECTED
t1-0,proof_byte,329536,xor01_from19,VERIFY_REJECTED
t1-0,proof_byte,329600,xor01_from195,VERIFY_REJECTED
t1-0,proof_byte,329664,xor01_from206,VERIFY_REJECTED
t1-0,proof_byte,329728,xor01_from0,DESERIALIZE_REJECTED
t1-0,proof_byte,329792,xor01_from178,VERIFY_REJECTED
t1-0,proof_byte,329856,xor01_from23,VERIFY_REJECTED
t1-0,proof_byte,329920,xor01_from129,VERIFY_REJECTED
t1-0,proof_byte,329984,xor01_from4,DESERIALIZE_REJECTED
t1-0,proof_byte,330048,xor01_from5,VERIFY_REJECTED
t1-0,proof_byte,330112,xor01_from221,VERIFY_REJECTED
t1-0,proof_byte,330176,xor01_from127,VERIFY_REJECTED
t1-0,proof_byte,330240,xor01_from146,VERIFY_REJECTED
t1-0,proof_byte,330304,xor01_from169,VERIFY_REJECTED
t1-0,proof_byte,330368,xor01_from72,VERIFY_REJECTED
t1-0,proof_byte,330432,xor01_from88,VERIFY_REJECTED
t1-0,proof_byte,330496,xor01_from233,VERIFY_REJECTED
t1-0,proof_byte,330560,xor01_from4,DESERIALIZE_REJECTED
t1-0,proof_byte,330624,xor01_from12,VERIFY_REJECTED
t1-0,proof_byte,330688,xor01_from178,VERIFY_REJECTED
t1-0,proof_byte,330752,xor01_from38,VERIFY_REJECTED
t1-0,proof_byte,330816,xor01_from24,VERIFY_REJECTED
t1-0,proof_byte,330880,xor01_from253,VERIFY_REJECTED
t1-0,proof_byte,330944,xor01_from152,VERIFY_REJECTED
t1-0,proof_byte,331008,xor01_from32,VERIFY_REJECTED
t1-0,proof_byte,331072,xor01_from94,VERIFY_REJECTED
t1-0,proof_byte,331136,xor01_from4,DESERIALIZE_REJECTED
t1-0,proof_byte,331200,xor01_from103,VERIFY_REJECTED
t1-0,proof_byte,331264,xor01_from114,VERIFY_REJECTED
t1-0,proof_byte,331328,xor01_from75,VERIFY_REJECTED
t1-0,proof_byte,331392,xor01_from30,VERIFY_REJECTED
t1-0,proof_byte,331456,xor01_from30,VERIFY_REJECTED
t1-0,proof_byte,331520,xor01_from59,VERIFY_REJECTED
t1-0,proof_byte,331584,xor01_from123,VERIFY_REJECTED
t1-0,proof_byte,331648,xor01_from74,VERIFY_REJECTED
t1-0,proof_byte,331712,xor01_from62,VERIFY_REJECTED
t1-0,proof_byte,331776,xor01_from12,VERIFY_REJECTED
t1-0,proof_byte,331840,xor01_from71,VERIFY_REJECTED
t1-0,proof_byte,331904,xor01_from0,VERIFY_REJECTED
t1-0,proof_byte,331968,xor01_from243,VERIFY_REJECTED
t1-0,proof_byte,332032,xor01_from125,VERIFY_REJECTED
t1-0,proof_byte,332096,xor01_from166,VERIFY_REJECTED
t1-0,proof_byte,332160,xor01_from90,VERIFY_REJECTED
t1-0,proof_byte,332224,xor01_from90,VERIFY_REJECTED
t1-0,proof_byte,332288,xor01_from31,VERIFY_REJECTED
t1-0,proof_byte,332352,xor01_from247,VERIFY_REJECTED
t1-0,proof_byte,332416,xor01_from0,VERIFY_REJECTED
t1-0,proof_byte,332480,xor01_from192,VERIFY_REJECTED
t1-0,proof_byte,332544,xor01_from134,VERIFY_REJECTED
t1-0,proof_byte,332608,xor01_from236,VERIFY_REJECTED
t1-0,proof_byte,332672,xor01_from237,VERIFY_REJECTED
t1-0,proof_byte,332736,xor01_from125,VERIFY_REJECTED
t1-0,proof_byte,332800,xor01_from44,VERIFY_REJECTED
t1-0,proof_byte,332864,xor01_from101,VERIFY_REJECTED
t1-0,proof_byte,332928,xor01_from0,VERIFY_REJECTED
t1-0,proof_byte,332992,xor01_from245,VERIFY_REJECTED
t1-0,proof_byte,333056,xor01_from233,VERIFY_REJECTED
t1-0,proof_byte,333120,xor01_from131,VERIFY_REJECTED
t1-0,proof_byte,333184,xor01_from45,VERIFY_REJECTED
t1-0,proof_byte,333248,xor01_from246,VERIFY_REJECTED
t1-0,proof_byte,333312,xor01_from160,VERIFY_REJECTED
t1-0,proof_byte,333376,xor01_from66,VERIFY_REJECTED
t1-0,proof_byte,333440,xor01_from177,VERIFY_REJECTED
t1-0,proof_byte,333504,xor01_from35,VERIFY_REJECTED
t1-0,proof_byte,333568,xor01_from0,VERIFY_REJECTED
t1-0,proof_byte,333632,xor01_from0,VERIFY_REJECTED
t1-0,proof_byte,333696,xor01_from155,VERIFY_REJECTED
t1-0,proof_byte,333760,xor01_from22,VERIFY_REJECTED
t1-0,proof_byte,333824,xor01_from22,VERIFY_REJECTED
t1-0,proof_byte,333888,xor01_from138,VERIFY_REJECTED
t1-0,proof_byte,333952,xor01_from138,VERIFY_REJECTED
t1-0,proof_byte,334016,xor01_from23,VERIFY_REJECTED
t1-0,proof_byte,334080,xor01_from98,VERIFY_REJECTED
t1-0,proof_byte,334144,xor01_from84,VERIFY_REJECTED
t1-0,proof_byte,334208,xor01_from216,VERIFY_REJECTED
t1-0,proof_byte,334272,xor01_from0,VERIFY_REJECTED
t1-0,proof_byte,334336,xor01_from0,VERIFY_REJECTED
t1-0,proof_byte,334400,xor01_from246,VERIFY_REJECTED
t1-0,proof_byte,334464,xor01_from150,VERIFY_REJECTED
t1-0,proof_byte,334528,xor01_from158,VERIFY_REJECTED
t1-0,proof_byte,334592,xor01_from23,VERIFY_REJECTED
t1-0,proof_byte,334656,xor01_from155,VERIFY_REJECTED
t1-0,proof_byte,334720,xor01_from117,VERIFY_REJECTED
t1-0,proof_byte,334784,xor01_from250,VERIFY_REJECTED
t1-0,proof_byte,334848,xor01_from115,VERIFY_REJECTED
t1-0,proof_byte,334912,xor01_from180,VERIFY_REJECTED
t1-0,proof_byte,334976,xor01_from179,VERIFY_REJECTED
t1-0,proof_byte,335040,xor01_from4,VERIFY_REJECTED
t1-0,proof_byte,335104,xor01_from96,VERIFY_REJECTED
t1-0,proof_byte,335168,xor01_from234,VERIFY_REJECTED
t1-0,proof_byte,335232,xor01_from181,VERIFY_REJECTED
t1-0,proof_byte,335296,xor01_from46,VERIFY_REJECTED
t1-0,proof_byte,335360,xor01_from207,VERIFY_REJECTED
t1-0,proof_byte,335424,xor01_from235,VERIFY_REJECTED
t1-0,proof_byte,335488,xor01_from168,VERIFY_REJECTED
t1-0,proof_byte,335552,xor01_from36,VERIFY_REJECTED
t1-0,proof_byte,335616,xor01_from134,VERIFY_REJECTED
t1-0,proof_byte,335680,xor01_from41,VERIFY_REJECTED
t1-0,proof_byte,335744,xor01_from162,VERIFY_REJECTED
t1-0,proof_byte,335808,xor01_from22,VERIFY_REJECTED
t1-0,proof_byte,335872,xor01_from214,VERIFY_REJECTED
t1-0,proof_byte,335936,xor01_from245,VERIFY_REJECTED
t1-0,proof_byte,336000,xor01_from22,VERIFY_REJECTED
t1-0,proof_byte,336064,xor01_from167,VERIFY_REJECTED
t1-0,proof_byte,336128,xor01_from198,VERIFY_REJECTED
t1-0,proof_byte,336192,xor01_from17,VERIFY_REJECTED
t1-0,proof_byte,336256,xor01_from179,VERIFY_REJECTED
t1-0,proof_byte,336320,xor01_from65,VERIFY_REJECTED
t1-0,proof_byte,336384,xor01_from4,VERIFY_REJECTED
t1-0,proof_byte,336448,xor01_from223,VERIFY_REJECTED
t1-0,proof_byte,336512,xor01_from205,VERIFY_REJECTED
t1-0,proof_byte,336576,xor01_from33,VERIFY_REJECTED
t1-0,proof_byte,336640,xor01_from101,VERIFY_REJECTED
t1-0,proof_byte,336704,xor01_from173,VERIFY_REJECTED
t1-0,proof_byte,336768,xor01_from223,VERIFY_REJECTED
t1-0,proof_byte,336832,xor01_from173,VERIFY_REJECTED
t1-0,proof_byte,336896,xor01_from0,VERIFY_REJECTED
t1-0,proof_byte,336960,xor01_from226,VERIFY_REJECTED
t1-0,proof_byte,337024,xor01_from87,VERIFY_REJECTED
t1-0,proof_byte,337088,xor01_from243,VERIFY_REJECTED
t1-0,proof_byte,337152,xor01_from167,VERIFY_REJECTED
t1-0,proof_byte,337216,xor01_from249,VERIFY_REJECTED
t1-0,proof_byte,337280,xor01_from116,VERIFY_REJECTED
t1-0,proof_byte,337344,xor01_from247,VERIFY_REJECTED
t1-0,proof_byte,337408,xor01_from57,VERIFY_REJECTED
t1-0,proof_byte,337472,xor01_from138,VERIFY_REJECTED
t1-0,proof_byte,337536,xor01_from18,VERIFY_REJECTED
t1-0,proof_byte,337600,xor01_from243,VERIFY_REJECTED
t1-0,proof_byte,337664,xor01_from240,VERIFY_REJECTED
t1-0,proof_byte,337728,xor01_from79,VERIFY_REJECTED
t1-0,proof_byte,337792,xor01_from117,VERIFY_REJECTED
t1-0,proof_byte,337856,xor01_from14,VERIFY_REJECTED
t1-0,proof_byte,337920,xor01_from14,VERIFY_REJECTED
t1-0,proof_byte,337984,xor01_from74,VERIFY_REJECTED
t1-0,proof_byte,338048,xor01_from34,VERIFY_REJECTED
t1-0,proof_byte,338112,xor01_from34,VERIFY_REJECTED
t1-0,proof_byte,338176,xor01_from36,VERIFY_REJECTED
t1-0,proof_byte,338240,xor01_from162,VERIFY_REJECTED
t1-0,proof_byte,338304,xor01_from62,VERIFY_REJECTED
t1-0,proof_byte,338368,xor01_from164,VERIFY_REJECTED
t1-0,proof_byte,338432,xor01_from135,VERIFY_REJECTED
t1-0,proof_byte,338496,xor01_from67,VERIFY_REJECTED
t1-0,proof_byte,338560,xor01_from0,VERIFY_REJECTED
t1-0,proof_byte,338624,xor01_from216,VERIFY_REJECTED
t1-0,proof_byte,338688,xor01_from164,VERIFY_REJECTED
t1-0,proof_byte,338752,xor01_from168,VERIFY_REJECTED
t1-0,proof_byte,338816,xor01_from17,VERIFY_REJECTED
t1-0,proof_byte,338880,xor01_from17,VERIFY_REJECTED
t1-0,proof_byte,338944,xor01_from206,VERIFY_REJECTED
t1-0,proof_byte,339008,xor01_from15,VERIFY_REJECTED
t1-0,proof_byte,339072,xor01_from33,VERIFY_REJECTED
t1-0,proof_byte,339136,xor01_from47,VERIFY_REJECTED
t1-0,proof_byte,339200,xor01_from14,VERIFY_REJECTED
t1-0,proof_byte,339264,xor01_from222,VERIFY_REJECTED
t1-0,proof_byte,339328,xor01_from113,VERIFY_REJECTED
t1-0,proof_byte,339392,xor01_from244,VERIFY_REJECTED
t1-0,proof_byte,339456,xor01_from22,VERIFY_REJECTED
t1-0,proof_byte,339520,xor01_from138,VERIFY_REJECTED
t1-0,proof_byte,339584,xor01_from128,VERIFY_REJECTED
t1-0,proof_byte,339648,xor01_from119,VERIFY_REJECTED
t1-0,proof_byte,339712,xor01_from130,VERIFY_REJECTED
t1-0,proof_byte,339776,xor01_from0,VERIFY_REJECTED
t1-0,proof_byte,339840,xor01_from93,VERIFY_REJECTED
t1-0,proof_byte,339904,xor01_from0,VERIFY_REJECTED
t1-0,proof_byte,339968,xor01_from156,VERIFY_REJECTED
t1-0,proof_byte,340032,xor01_from252,VERIFY_REJECTED
t1-0,proof_byte,340096,xor01_from252,VERIFY_REJECTED
t1-0,proof_byte,340160,xor01_from131,VERIFY_REJECTED
t1-0,proof_byte,340224,xor01_from0,VERIFY_REJECTED
t1-0,proof_byte,340288,xor01_from62,VERIFY_REJECTED
t1-0,proof_byte,340352,xor01_from0,VERIFY_REJECTED
t1-0,proof_byte,340416,xor01_from0,VERIFY_REJECTED
t1-0,proof_byte,340480,xor01_from191,VERIFY_REJECTED
t1-0,proof_byte,340544,xor01_from44,VERIFY_REJECTED
t1-0,proof_byte,340608,xor01_from191,VERIFY_REJECTED
t1-0,proof_byte,340672,xor01_from15,VERIFY_REJECTED
t1-0,proof_byte,340736,xor01_from136,VERIFY_REJECTED
t1-0,proof_byte,340800,xor01_from238,VERIFY_REJECTED
t1-0,proof_byte,340864,xor01_from238,VERIFY_REJECTED
t1-0,proof_byte,340928,xor01_from75,VERIFY_REJECTED
t1-0,proof_byte,340992,xor01_from0,VERIFY_REJECTED
t1-0,proof_byte,341056,xor01_from0,VERIFY_REJECTED
t1-0,proof_byte,341120,xor01_from78,VERIFY_REJECTED
t1-0,proof_byte,341184,xor01_from162,VERIFY_REJECTED
t1-0,proof_byte,341248,xor01_from171,VERIFY_REJECTED
t1-0,proof_byte,341312,xor01_from141,VERIFY_REJECTED
t1-0,proof_byte,341376,xor01_from163,VERIFY_REJECTED
t1-0,proof_byte,341440,xor01_from215,VERIFY_REJECTED
t1-0,proof_byte,341504,xor01_from145,VERIFY_REJECTED
t1-0,proof_byte,341568,xor01_from79,VERIFY_REJECTED
t1-0,proof_byte,341632,xor01_from0,VERIFY_REJECTED
t1-0,proof_byte,341696,xor01_from145,VERIFY_REJECTED
t1-0,proof_byte,341760,xor01_from14,VERIFY_REJECTED
t1-0,proof_byte,341824,xor01_from114,VERIFY_REJECTED
t1-0,proof_byte,341888,xor01_from0,VERIFY_REJECTED
t1-0,proof_byte,341952,xor01_from250,VERIFY_REJECTED
t1-0,proof_byte,342016,xor01_from0,VERIFY_REJECTED
t1-0,proof_byte,342080,xor01_from0,VERIFY_REJECTED
t1-0,proof_byte,342144,xor01_from5,VERIFY_REJECTED
t1-0,proof_byte,342208,xor01_from206,VERIFY_REJECTED
t1-0,proof_byte,342272,xor01_from96,VERIFY_REJECTED
t1-0,proof_byte,342336,xor01_from39,VERIFY_REJECTED
t1-0,proof_byte,342400,xor01_from234,VERIFY_REJECTED
t1-0,proof_byte,342464,xor01_from0,VERIFY_REJECTED
t1-0,proof_byte,342528,xor01_from59,VERIFY_REJECTED
t1-0,proof_byte,342592,xor01_from203,VERIFY_REJECTED
t1-0,proof_byte,342656,xor01_from32,VERIFY_REJECTED
t1-0,proof_byte,342720,xor01_from111,VERIFY_REJECTED
t1-0,proof_byte,342784,xor01_from236,VERIFY_REJECTED
t1-0,proof_byte,342848,xor01_from41,VERIFY_REJECTED
t1-0,proof_byte,342912,xor01_from138,VERIFY_REJECTED
t1-0,proof_byte,342976,xor01_from236,VERIFY_REJECTED
t1-0,proof_byte,343040,xor01_from185,VERIFY_REJECTED
t1-0,proof_byte,343104,xor01_from57,VERIFY_REJECTED
t1-0,proof_byte,343168,xor01_from67,VERIFY_REJECTED
t1-0,proof_byte,343232,xor01_from220,VERIFY_REJECTED
t1-0,proof_byte,343296,xor01_from155,VERIFY_REJECTED
t1-0,proof_byte,343360,xor01_from0,VERIFY_REJECTED
t1-0,proof_byte,343424,xor01_from3,VERIFY_REJECTED
t1-0,proof_byte,343488,xor01_from65,VERIFY_REJECTED
t1-0,proof_byte,343552,xor01_from217,VERIFY_REJECTED
t1-0,proof_byte,343616,xor01_from87,VERIFY_REJECTED
t1-0,proof_byte,343680,xor01_from57,VERIFY_REJECTED
t1-0,proof_byte,343744,xor01_from135,VERIFY_REJECTED
t1-0,proof_byte,343808,xor01_from22,VERIFY_REJECTED
t1-0,proof_byte,343872,xor01_from2,VERIFY_REJECTED
t1-0,proof_byte,343936,xor01_from0,VERIFY_REJECTED
t1-0,proof_byte,344000,xor01_from175,VERIFY_REJECTED
t1-0,proof_byte,344064,xor01_from25,VERIFY_REJECTED
t1-0,proof_byte,344128,xor01_from100,VERIFY_REJECTED
t1-0,proof_byte,344192,xor01_from5,VERIFY_REJECTED
t1-0,proof_byte,344256,xor01_from242,VERIFY_REJECTED
t1-0,proof_byte,344320,xor01_from38,VERIFY_REJECTED
t1-0,proof_byte,344384,xor01_from245,VERIFY_REJECTED
t1-0,proof_byte,344448,xor01_from4,VERIFY_REJECTED
t1-0,proof_byte,344512,xor01_from145,VERIFY_REJECTED
t1-0,proof_byte,344576,xor01_from145,VERIFY_REJECTED
t1-0,proof_byte,344640,xor01_from35,VERIFY_REJECTED
t1-0,proof_byte,344704,xor01_from198,VERIFY_REJECTED
t1-0,proof_byte,344768,xor01_from247,VERIFY_REJECTED
t1-0,proof_byte,344832,xor01_from34,VERIFY_REJECTED
t1-0,proof_byte,344896,xor01_from195,VERIFY_REJECTED
t1-0,proof_byte,344960,xor01_from212,VERIFY_REJECTED
t1-0,proof_byte,345024,xor01_from98,VERIFY_REJECTED
t1-0,proof_byte,345088,xor01_from184,VERIFY_REJECTED
t1-0,proof_byte,345152,xor01_from49,VERIFY_REJECTED
t1-0,proof_byte,345216,xor01_from20,VERIFY_REJECTED
t1-0,proof_byte,345280,xor01_from74,VERIFY_REJECTED
t1-0,proof_byte,345344,xor01_from2,VERIFY_REJECTED
t1-0,proof_byte,345408,xor01_from186,VERIFY_REJECTED
t1-0,proof_byte,345472,xor01_from90,VERIFY_REJECTED
t1-0,proof_byte,345536,xor01_from250,VERIFY_REJECTED
t1-0,proof_byte,345600,xor01_from116,VERIFY_REJECTED
t1-0,proof_byte,345664,xor01_from140,VERIFY_REJECTED
t1-0,proof_byte,345728,xor01_from164,VERIFY_REJECTED
t1-0,proof_byte,345792,xor01_from226,VERIFY_REJECTED
t1-0,proof_byte,345856,xor01_from146,VERIFY_REJECTED
t1-0,proof_byte,345920,xor01_from66,VERIFY_REJECTED
t1-0,proof_byte,345984,xor01_from246,VERIFY_REJECTED
t1-0,proof_byte,346048,xor01_from182,VERIFY_REJECTED
t1-0,proof_byte,346112,xor01_from118,VERIFY_REJECTED
t1-0,proof_byte,346176,xor01_from58,VERIFY_REJECTED
t1-0,proof_byte,346240,xor01_from50,VERIFY_REJECTED
t1-0,proof_byte,346304,xor01_from12,VERIFY_REJECTED
t1-0,proof_byte,346368,xor01_from20,VERIFY_REJECTED
t1-0,proof_byte,346432,xor01_from28,VERIFY_REJECTED
t1-0,proof_byte,346496,xor01_from48,VERIFY_REJECTED
t1-0,proof_byte,346560,xor01_from88,VERIFY_REJECTED
t1-0,proof_byte,346624,xor01_from128,VERIFY_REJECTED
t1-0,proof_byte,346688,xor01_from153,VERIFY_REJECTED
t1-0,proof_byte,346752,xor01_from169,VERIFY_REJECTED
t1-0,proof_byte,346816,xor01_from185,VERIFY_REJECTED
t1-0,proof_byte,346880,xor01_from59,VERIFY_REJECTED
t1-0,proof_byte,346944,xor01_from59,VERIFY_REJECTED
t1-0,proof_byte,347008,xor01_from143,VERIFY_REJECTED
t1-0,proof_byte,347072,xor01_from47,VERIFY_REJECTED
t1-0,proof_byte,347136,xor01_from207,VERIFY_REJECTED
t1-0,proof_byte,347200,xor01_from123,VERIFY_REJECTED
t1-0,proof_byte,347264,xor01_from131,VERIFY_REJECTED
t1-0,proof_byte,347328,xor01_from139,VERIFY_REJECTED
t1-0,proof_byte,347392,xor01_from147,VERIFY_REJECTED
t1-0,proof_byte,347456,xor01_from155,VERIFY_REJECTED
t1-0,proof_byte,347520,xor01_from163,VERIFY_REJECTED
t1-0,proof_byte,347584,xor01_from123,VERIFY_REJECTED
t1-0,proof_byte,347648,xor01_from249,VERIFY_REJECTED
t1-0,proof_byte,347712,xor01_from73,VERIFY_REJECTED
t1-0,proof_byte,347776,xor01_from153,VERIFY_REJECTED
t1-0,proof_byte,347840,xor01_from107,VERIFY_REJECTED
t1-0,proof_byte,347904,xor01_from107,VERIFY_REJECTED
t1-0,proof_byte,347968,xor01_from107,VERIFY_REJECTED
t1-0,proof_byte,348032,xor01_from107,VERIFY_REJECTED
t1-0,proof_byte,348096,xor01_from1,VERIFY_REJECTED
t1-0,proof_byte,348160,xor01_from201,VERIFY_REJECTED
t1-0,proof_byte,348224,xor01_from145,VERIFY_REJECTED
t1-0,proof_byte,348288,xor01_from229,VERIFY_REJECTED
t1-0,proof_byte,348352,xor01_from221,VERIFY_REJECTED
t1-0,proof_byte,348416,xor01_from5,VERIFY_REJECTED
t1-0,proof_byte,348480,xor01_from189,VERIFY_REJECTED
t1-0,proof_byte,348544,xor01_from117,VERIFY_REJECTED
t1-0,proof_byte,348608,xor01_from218,VERIFY_REJECTED
t1-0,proof_byte,348672,xor01_from255,VERIFY_REJECTED
t1-0,proof_byte,348736,xor01_from39,VERIFY_REJECTED
t1-0,proof_byte,348800,xor01_from79,VERIFY_REJECTED
t1-0,proof_byte,348864,xor01_from68,VERIFY_REJECTED
t1-0,proof_byte,348928,xor01_from196,VERIFY_REJECTED
t1-0,proof_byte,348992,xor01_from68,VERIFY_REJECTED
t1-0,proof_byte,349056,xor01_from23,VERIFY_REJECTED
t1-0,proof_byte,349120,xor01_from47,VERIFY_REJECTED
t1-0,proof_byte,349184,xor01_from71,VERIFY_REJECTED
t1-0,proof_byte,349248,xor01_from95,VERIFY_REJECTED
t1-0,proof_byte,349312,xor01_from119,VERIFY_REJECTED
t1-0,proof_byte,349376,xor01_from165,VERIFY_REJECTED
t1-0,proof_byte,349440,xor01_from21,VERIFY_REJECTED
t1-0,proof_byte,349504,xor01_from133,VERIFY_REJECTED
t1-0,proof_byte,349568,xor01_from245,VERIFY_REJECTED
t1-0,proof_byte,349632,xor01_from36,VERIFY_REJECTED
t1-0,proof_byte,349696,xor01_from44,VERIFY_REJECTED
t1-0,proof_byte,349760,xor01_from52,VERIFY_REJECTED
t1-0,proof_byte,349824,xor01_from243,VERIFY_REJECTED
t1-0,proof_byte,349888,xor01_from83,VERIFY_REJECTED
t1-0,proof_byte,349952,xor01_from179,VERIFY_REJECTED
t1-0,proof_byte,350016,xor01_from19,VERIFY_REJECTED
t1-0,proof_byte,350080,xor01_from115,VERIFY_REJECTED
t1-0,proof_byte,350144,xor01_from73,VERIFY_REJECTED
t1-0,proof_byte,350208,xor01_from153,VERIFY_REJECTED
t1-0,proof_byte,350272,xor01_from233,VERIFY_REJECTED
t1-0,proof_byte,350336,xor01_from1,VERIFY_REJECTED
t1-0,proof_byte,350400,xor01_from17,VERIFY_REJECTED
t1-0,proof_byte,350464,xor01_from33,VERIFY_REJECTED
t1-0,proof_byte,350528,xor01_from167,VERIFY_REJECTED
t1-0,proof_byte,350592,xor01_from167,VERIFY_REJECTED
t1-0,proof_byte,350656,xor01_from167,VERIFY_REJECTED
t1-0,proof_byte,350720,xor01_from167,VERIFY_REJECTED
t1-0,proof_byte,350784,xor01_from167,VERIFY_REJECTED
t1-0,proof_byte,350848,xor01_from189,VERIFY_REJECTED
t1-0,proof_byte,350912,xor01_from173,VERIFY_REJECTED
t1-0,proof_byte,350976,xor01_from157,VERIFY_REJECTED
t1-0,proof_byte,351040,xor01_from231,VERIFY_REJECTED
t1-0,proof_byte,351104,xor01_from135,VERIFY_REJECTED
t1-0,proof_byte,351168,xor01_from39,VERIFY_REJECTED
t1-0,proof_byte,351232,xor01_from47,VERIFY_REJECTED
t1-0,proof_byte,351296,xor01_from55,VERIFY_REJECTED
t1-0,proof_byte,351360,xor01_from63,VERIFY_REJECTED
t1-0,proof_byte,351424,xor01_from71,VERIFY_REJECTED
t1-0,proof_byte,351488,xor01_from79,VERIFY_REJECTED
t1-0,proof_byte,351552,xor01_from87,VERIFY_REJECTED
t1-0,proof_byte,351616,xor01_from25,DESERIALIZE_REJECTED
t1-0,proof_byte,351680,xor01_from131,VERIFY_REJECTED
t1-0,proof_byte,351744,xor01_from2,DESERIALIZE_REJECTED
t1-0,proof_byte,351808,xor01_from65,VERIFY_REJECTED
t1-0,proof_byte,351872,xor01_from222,VERIFY_REJECTED
t1-0,proof_byte,351936,xor01_from251,VERIFY_REJECTED
t1-0,proof_byte,352000,xor01_from23,VERIFY_REJECTED
t1-0,proof_byte,352064,xor01_from2,DESERIALIZE_REJECTED
t1-0,proof_byte,352128,xor01_from162,VERIFY_REJECTED
t1-0,proof_byte,352192,xor01_from51,VERIFY_REJECTED
t1-0,proof_byte,352256,xor01_from203,VERIFY_REJECTED
t1-0,proof_byte,352320,xor01_from11,VERIFY_REJECTED
t1-0,proof_byte,352384,xor01_from2,DESERIALIZE_REJECTED
t1-0,proof_byte,352448,xor01_from233,VERIFY_REJECTED
t1-0,proof_byte,352512,xor01_from56,VERIFY_REJECTED
t1-0,proof_byte,352576,xor01_from41,VERIFY_REJECTED
t1-0,proof_byte,352640,xor01_from146,VERIFY_REJECTED
t1-0,proof_byte,352704,xor01_from124,VERIFY_REJECTED
t1-0,proof_byte,352768,xor01_from11,VERIFY_REJECTED
t1-0,proof_byte,352832,xor01_from184,VERIFY_REJECTED
t1-0,proof_byte,352896,xor01_from102,VERIFY_REJECTED
t1-0,proof_byte,352960,xor01_from100,VERIFY_REJECTED
t1-0,proof_byte,353024,xor01_from73,VERIFY_REJECTED
t1-0,proof_byte,353088,xor01_from46,VERIFY_REJECTED
t1-0,proof_byte,353152,xor01_from67,VERIFY_REJECTED
t1-0,proof_byte,353216,xor01_from48,VERIFY_REJECTED
t1-0,proof_byte,353280,xor01_from251,VERIFY_REJECTED
t1-0,proof_byte,353344,xor01_from2,DESERIALIZE_REJECTED
t1-0,proof_byte,353408,xor01_from40,VERIFY_REJECTED
t1-0,proof_byte,353472,xor01_from169,VERIFY_REJECTED
t1-0,proof_byte,353536,xor01_from141,VERIFY_REJECTED
t1-0,proof_byte,353600,xor01_from153,VERIFY_REJECTED
t1-0,proof_byte,353664,xor01_from2,DESERIALIZE_REJECTED
t1-0,proof_byte,353728,xor01_from176,VERIFY_REJECTED
t1-0,proof_byte,353792,xor01_from82,VERIFY_REJECTED
t1-0,proof_byte,353856,xor01_from82,VERIFY_REJECTED
t1-0,proof_byte,353920,xor01_from167,VERIFY_REJECTED
t1-0,proof_byte,353984,xor01_from2,DESERIALIZE_REJECTED
t1-0,proof_byte,354048,xor01_from210,VERIFY_REJECTED
t1-0,proof_byte,354112,xor01_from35,VERIFY_REJECTED
t1-0,proof_byte,354176,xor01_from102,VERIFY_REJECTED
t1-0,proof_byte,354240,xor01_from166,VERIFY_REJECTED
t1-0,proof_byte,354304,xor01_from2,DESERIALIZE_REJECTED
t1-0,proof_byte,354368,xor01_from127,VERIFY_REJECTED
t1-0,proof_byte,354432,xor01_from25,VERIFY_REJECTED
t1-0,proof_byte,354496,xor01_from112,VERIFY_REJECTED
t1-0,proof_byte,354560,xor01_from113,VERIFY_REJECTED
t1-0,proof_byte,354624,xor01_from2,DESERIALIZE_REJECTED
t1-0,proof_byte,354688,xor01_from37,VERIFY_REJECTED
t1-0,proof_byte,354752,xor01_from111,VERIFY_REJECTED
t1-0,proof_byte,354816,xor01_from129,VERIFY_REJECTED
t1-0,proof_byte,354880,xor01_from146,VERIFY_REJECTED
t1-0,proof_byte,354944,xor01_from2,DESERIALIZE_REJECTED
t1-0,proof_byte,355008,xor01_from12,VERIFY_REJECTED
t1-0,proof_byte,355072,xor01_from207,VERIFY_REJECTED
t1-0,proof_byte,355136,xor01_from3,VERIFY_REJECTED
t1-0,proof_byte,355200,xor01_from103,VERIFY_REJECTED
t1-0,proof_byte,355264,xor01_from20,DESERIALIZE_REJECTED
t1-0,proof_byte,355328,xor01_from47,VERIFY_REJECTED
t1-0,proof_byte,355392,xor01_from2,DESERIALIZE_REJECTED
t1-0,proof_byte,355456,xor01_from106,VERIFY_REJECTED
t1-0,proof_byte,355520,xor01_from5,VERIFY_REJECTED
t1-0,proof_byte,355584,xor01_from161,VERIFY_REJECTED
t1-0,proof_byte,355648,xor01_from240,VERIFY_REJECTED
t1-0,proof_byte,355712,xor01_from2,DESERIALIZE_REJECTED
t1-0,proof_byte,355776,xor01_from204,VERIFY_REJECTED
t1-0,proof_byte,355840,xor01_from197,VERIFY_REJECTED
t1-0,proof_byte,355904,xor01_from237,VERIFY_REJECTED
t1-0,proof_byte,355968,xor01_from222,VERIFY_REJECTED
t1-0,proof_byte,356032,xor01_from2,DESERIALIZE_REJECTED
t1-0,proof_byte,356096,xor01_from57,VERIFY_REJECTED
t1-0,proof_byte,356160,xor01_from70,VERIFY_REJECTED
t1-0,proof_byte,356224,xor01_from60,VERIFY_REJECTED
t1-0,proof_byte,356288,xor01_from14,VERIFY_REJECTED
t1-0,proof_byte,356352,xor01_from2,DESERIALIZE_REJECTED
t1-0,proof_byte,356416,xor01_from176,VERIFY_REJECTED
t1-0,proof_byte,356480,xor01_from0,VERIFY_REJECTED
t1-0,proof_byte,356544,xor01_from191,VERIFY_REJECTED
t1-0,proof_byte,356608,xor01_from0,VERIFY_REJECTED
t1-0,proof_byte,356672,xor01_from2,DESERIALIZE_REJECTED
t1-0,proof_byte,356736,xor01_from143,VERIFY_REJECTED
t1-0,proof_byte,356800,xor01_from228,VERIFY_REJECTED
t1-0,proof_byte,356864,xor01_from109,VERIFY_REJECTED
t1-0,proof_byte,356928,xor01_from40,VERIFY_REJECTED
t1-0,proof_byte,356992,xor01_from2,DESERIALIZE_REJECTED
t1-0,proof_byte,357056,xor01_from66,VERIFY_REJECTED
t1-0,proof_byte,357120,xor01_from0,VERIFY_REJECTED
t1-0,proof_byte,357184,xor01_from156,VERIFY_REJECTED
t1-0,proof_byte,357248,xor01_from197,VERIFY_REJECTED
t1-0,proof_byte,357312,xor01_from2,DESERIALIZE_REJECTED
t1-0,proof_byte,357376,xor01_from47,VERIFY_REJECTED
t1-0,proof_byte,357440,xor01_from200,VERIFY_REJECTED
t1-0,proof_byte,357504,xor01_from113,VERIFY_REJECTED
t1-0,proof_byte,357568,xor01_from0,VERIFY_REJECTED
t1-0,proof_byte,357632,xor01_from2,DESERIALIZE_REJECTED
t1-0,proof_byte,357696,xor01_from57,VERIFY_REJECTED
t1-0,proof_byte,357760,xor01_from137,VERIFY_REJECTED
t1-0,proof_byte,357824,xor01_from178,VERIFY_REJECTED
t1-0,proof_byte,357888,xor01_from134,VERIFY_REJECTED
t1-0,proof_byte,357952,xor01_from27,VERIFY_PANIC
t1-0,proof_byte,358016,xor01_from189,VERIFY_PANIC
t1-0,proof_byte,358080,xor01_from213,VERIFY_PANIC
t1-0,proof_byte,358144,xor01_from175,VERIFY_PANIC
t1-0,proof_byte,358208,xor01_from71,VERIFY_PANIC
t1-0,proof_byte,358272,xor01_from54,VERIFY_PANIC
t1-0,proof_byte,358336,xor01_from225,VERIFY_PANIC
t1-0,proof_byte,358400,xor01_from243,VERIFY_PANIC
t1-0,proof_byte,358464,xor01_from34,VERIFY_PANIC
t1-0,proof_byte,358528,xor01_from7,DESERIALIZE_REJECTED
t1-0,proof_byte,358592,xor01_from229,VERIFY_PANIC
t1-0,proof_byte,358656,xor01_from1,DESERIALIZE_REJECTED
t1-0,proof_byte,358720,xor01_from5,DESERIALIZE_REJECTED
t1-0,proof_byte,358784,xor01_from145,VERIFY_PANIC
t1-0,proof_byte,358848,xor01_from8,DESERIALIZE_REJECTED
t1-0,proof_byte,358912,xor01_from227,VERIFY_PANIC
t1-0,proof_byte,358976,xor01_from210,VERIFY_PANIC
t1-0,proof_byte,359040,xor01_from240,VERIFY_PANIC
t1-0,proof_byte,359104,xor01_from190,VERIFY_PANIC
t1-0,proof_byte,359168,xor01_from21,VERIFY_PANIC
t1-0,proof_byte,359232,xor01_from54,VERIFY_PANIC
t1-0,proof_byte,359296,xor01_from186,VERIFY_PANIC
t1-0,proof_byte,359360,xor01_from71,VERIFY_PANIC
t1-0,proof_byte,359424,xor01_from167,VERIFY_PANIC
t1-0,proof_byte,359488,xor01_from147,VERIFY_PANIC
t1-0,proof_byte,359552,xor01_from0,VERIFY_PANIC
t1-0,proof_byte,359616,xor01_from5,DESERIALIZE_REJECTED
t1-0,proof_byte,359680,xor01_from237,VERIFY_PANIC
t1-0,proof_byte,359744,xor01_from60,VERIFY_PANIC
t1-0,proof_byte,359808,xor01_from55,VERIFY_PANIC
t1-0,proof_byte,359872,xor01_from168,VERIFY_PANIC
t1-0,proof_byte,359936,xor01_from35,VERIFY_PANIC
t1-0,proof_byte,360000,xor01_from70,VERIFY_PANIC
t1-0,proof_byte,360064,xor01_from111,VERIFY_PANIC
t1-0,proof_byte,360128,xor01_from34,VERIFY_PANIC
t1-0,proof_byte,360192,xor01_from126,VERIFY_PANIC
t1-0,proof_byte,360256,xor01_from55,VERIFY_PANIC
t1-0,proof_byte,360320,xor01_from170,VERIFY_PANIC
t1-0,proof_byte,360384,xor01_from238,VERIFY_PANIC
t1-0,proof_byte,360448,xor01_from33,VERIFY_PANIC
t1-0,proof_byte,360512,xor01_from111,VERIFY_PANIC
t1-0,proof_byte,360576,xor01_from97,VERIFY_PANIC
t1-0,proof_byte,360640,xor01_from214,VERIFY_PANIC
t1-0,proof_byte,360704,xor01_from163,VERIFY_PANIC
t1-0,proof_byte,360768,xor01_from246,VERIFY_PANIC
t1-0,proof_byte,360832,xor01_from32,VERIFY_PANIC
t1-0,proof_byte,360896,xor01_from32,VERIFY_PANIC
t1-0,proof_byte,360960,xor01_from243,VERIFY_PANIC
t1-0,proof_byte,361024,xor01_from223,VERIFY_PANIC
t1-0,proof_byte,361088,xor01_from144,VERIFY_PANIC
t1-0,proof_byte,361152,xor01_from30,VERIFY_PANIC
t1-0,proof_byte,361216,xor01_from85,VERIFY_PANIC
t1-0,proof_byte,361280,xor01_from219,VERIFY_PANIC
t1-0,proof_byte,361344,xor01_from199,VERIFY_PANIC
t1-0,proof_byte,361408,xor01_from94,VERIFY_PANIC
t1-0,proof_byte,361472,xor01_from147,VERIFY_PANIC
t1-0,proof_byte,361536,xor01_from117,VERIFY_PANIC
t1-0,proof_byte,361600,xor01_from147,VERIFY_PANIC
t1-0,proof_byte,361664,xor01_from2,VERIFY_PANIC
t1-0,proof_byte,361728,xor01_from97,VERIFY_PANIC
t1-0,proof_byte,361792,xor01_from158,VERIFY_PANIC
t1-0,proof_byte,361856,xor01_from1,VERIFY_PANIC
t1-0,proof_byte,361920,xor01_from155,VERIFY_PANIC
t1-0,proof_byte,361984,xor01_from73,VERIFY_PANIC
t1-0,proof_byte,362048,xor01_from144,VERIFY_PANIC
t1-0,proof_byte,362112,xor01_from95,VERIFY_PANIC
t1-0,proof_byte,362176,xor01_from219,VERIFY_PANIC
t1-0,proof_byte,362240,xor01_from76,VERIFY_PANIC
t1-0,proof_byte,362304,xor01_from183,VERIFY_PANIC
t1-0,proof_byte,362368,xor01_from124,VERIFY_PANIC
t1-0,proof_byte,362432,xor01_from63,VERIFY_PANIC
t1-0,proof_byte,362496,xor01_from70,VERIFY_PANIC
t1-0,proof_byte,362560,xor01_from0,DESERIALIZE_REJECTED
t1-0,proof_byte,362624,xor01_from20,VERIFY_PANIC
t1-0,proof_byte,362688,xor01_from238,VERIFY_PANIC
t1-0,proof_byte,362752,xor01_from199,VERIFY_PANIC
t1-0,proof_byte,362816,xor01_from12,VERIFY_PANIC
t1-0,proof_byte,362880,xor01_from199,VERIFY_PANIC
t1-0,proof_byte,362944,xor01_from175,VERIFY_PANIC
t1-0,proof_byte,363008,xor01_from58,VERIFY_PANIC
t1-0,proof_byte,363072,xor01_from129,VERIFY_PANIC
t1-0,proof_byte,363136,xor01_from201,VERIFY_PANIC
t1-0,proof_byte,363200,xor01_from85,VERIFY_PANIC
t1-0,proof_byte,363264,xor01_from252,VERIFY_PANIC
t1-0,proof_byte,363328,xor01_from203,VERIFY_PANIC
t1-0,proof_byte,363392,xor01_from180,VERIFY_PANIC
t1-0,proof_byte,363456,xor01_from202,VERIFY_PANIC
t1-0,proof_byte,363520,xor01_from9,VERIFY_PANIC
t1-0,proof_byte,363584,xor01_from26,VERIFY_PANIC
t1-0,proof_byte,363648,xor01_from70,VERIFY_PANIC
t1-0,proof_byte,363712,xor01_from248,VERIFY_PANIC
t1-0,proof_byte,363776,xor01_from111,VERIFY_PANIC
t1-0,proof_byte,363840,xor01_from195,VERIFY_PANIC
t1-0,proof_byte,363904,xor01_from157,VERIFY_PANIC
t1-0,proof_byte,363968,xor01_from140,VERIFY_PANIC
t1-0,proof_byte,364032,xor01_from88,VERIFY_PANIC
t1-0,proof_byte,364096,xor01_from112,VERIFY_PANIC
t1-0,proof_byte,364160,xor01_from58,VERIFY_PANIC
t1-0,proof_byte,364224,xor01_from183,VERIFY_PANIC
t1-0,proof_byte,364288,xor01_from122,VERIFY_PANIC
t1-0,proof_byte,364352,xor01_from59,VERIFY_PANIC
t1-0,proof_byte,364416,xor01_from105,VERIFY_PANIC
t1-0,proof_byte,364480,xor01_from67,VERIFY_PANIC
t1-0,proof_byte,364544,xor01_from236,VERIFY_PANIC
t1-0,proof_byte,364608,xor01_from87,VERIFY_PANIC
t1-0,proof_byte,364672,xor01_from143,VERIFY_PANIC
t1-0,proof_byte,364736,xor01_from89,VERIFY_PANIC
t1-0,proof_byte,364800,xor01_from131,VERIFY_PANIC
t1-0,proof_byte,364864,xor01_from191,VERIFY_PANIC
t1-0,proof_byte,364928,xor01_from168,VERIFY_PANIC
t1-0,proof_byte,364992,xor01_from54,VERIFY_PANIC
t1-0,proof_byte,365056,xor01_from61,VERIFY_PANIC
t1-0,proof_byte,365120,xor01_from70,VERIFY_PANIC
t1-0,proof_byte,365184,xor01_from169,VERIFY_PANIC
t1-0,proof_byte,365248,xor01_from64,VERIFY_PANIC
t1-0,proof_byte,365312,xor01_from128,VERIFY_PANIC
t1-0,proof_byte,365376,xor01_from211,VERIFY_PANIC
t1-0,proof_byte,365440,xor01_from54,VERIFY_PANIC
t1-0,proof_byte,365504,xor01_from162,VERIFY_PANIC
t1-0,proof_byte,365568,xor01_from117,VERIFY_PANIC
t1-0,proof_byte,365632,xor01_from137,VERIFY_PANIC
t1-0,proof_byte,365696,xor01_from0,DESERIALIZE_REJECTED
t1-0,proof_byte,365760,xor01_from180,VERIFY_PANIC
t1-0,proof_byte,365824,xor01_from173,VERIFY_PANIC
t1-0,proof_byte,365888,xor01_from251,VERIFY_PANIC
t1-0,proof_byte,365952,xor01_from127,VERIFY_PANIC
t1-0,proof_byte,366016,xor01_from68,VERIFY_PANIC
t1-0,proof_byte,366080,xor01_from72,VERIFY_PANIC
t1-0,proof_byte,366144,xor01_from153,VERIFY_PANIC
t1-0,proof_byte,366208,xor01_from17,VERIFY_PANIC
t1-0,proof_byte,366272,xor01_from240,VERIFY_PANIC
t1-0,proof_byte,366336,xor01_from79,VERIFY_PANIC
t1-0,proof_byte,366400,xor01_from33,VERIFY_PANIC
t1-0,proof_byte,366464,xor01_from41,VERIFY_PANIC
t1-0,proof_byte,366528,xor01_from211,VERIFY_PANIC
t1-0,proof_byte,366592,xor01_from214,VERIFY_PANIC
t1-0,proof_byte,366656,xor01_from50,VERIFY_PANIC
t1-0,proof_byte,366720,xor01_from44,VERIFY_PANIC
t1-0,proof_byte,366784,xor01_from187,VERIFY_PANIC
t1-0,proof_byte,366848,xor01_from21,VERIFY_PANIC
t1-0,proof_byte,366912,xor01_from56,VERIFY_PANIC
t1-0,proof_byte,366976,xor01_from153,VERIFY_PANIC
t1-0,proof_byte,367040,xor01_from235,VERIFY_PANIC
t1-0,proof_byte,367104,xor01_from213,VERIFY_PANIC
t1-0,proof_byte,367168,xor01_from143,VERIFY_PANIC
t1-0,proof_byte,367232,xor01_from179,VERIFY_PANIC
t1-0,proof_byte,367296,xor01_from73,VERIFY_PANIC
t1-0,proof_byte,367360,xor01_from117,VERIFY_PANIC
t1-0,proof_byte,367424,xor01_from105,VERIFY_PANIC
t1-0,proof_byte,367488,xor01_from37,VERIFY_PANIC
t1-0,proof_byte,367552,xor01_from189,VERIFY_PANIC
t1-0,proof_byte,367616,xor01_from208,VERIFY_PANIC
t1-0,proof_byte,367680,xor01_from50,VERIFY_PANIC
t1-0,proof_byte,367744,xor01_from138,VERIFY_PANIC
t1-0,proof_byte,367808,xor01_from67,VERIFY_PANIC
t1-0,proof_byte,367872,xor01_from201,VERIFY_PANIC
t1-0,proof_byte,367936,xor01_from6,VERIFY_PANIC
t1-0,proof_byte,368000,xor01_from210,VERIFY_PANIC
t1-0,proof_byte,368064,xor01_from120,VERIFY_PANIC
t1-0,proof_byte,368128,xor01_from83,VERIFY_PANIC
t1-0,proof_byte,368192,xor01_from130,VERIFY_PANIC
t1-0,proof_byte,368256,xor01_from252,VERIFY_PANIC
t1-0,proof_byte,368320,xor01_from130,VERIFY_PANIC
t1-0,proof_byte,368384,xor01_from193,VERIFY_PANIC
t1-0,proof_byte,368448,xor01_from48,VERIFY_PANIC
t1-0,proof_byte,368512,xor01_from158,VERIFY_PANIC
t1-0,proof_byte,368576,xor01_from109,VERIFY_PANIC
t1-0,proof_byte,368640,xor01_from30,VERIFY_PANIC
t1-0,proof_byte,368704,xor01_from151,VERIFY_PANIC
t1-0,proof_byte,368768,xor01_from241,VERIFY_PANIC
t1-0,proof_byte,368832,xor01_from80,VERIFY_PANIC
t1-0,proof_byte,368896,xor01_from159,VERIFY_PANIC
t1-0,proof_byte,368960,xor01_from30,VERIFY_PANIC
t1-0,proof_byte,369024,xor01_from43,VERIFY_PANIC
t1-0,proof_byte,369088,xor01_from40,VERIFY_PANIC
t1-0,proof_byte,369152,xor01_from81,VERIFY_PANIC
t1-0,proof_byte,369216,xor01_from40,VERIFY_PANIC
t1-0,proof_byte,369280,xor01_from199,VERIFY_PANIC
t1-0,proof_byte,369344,xor01_from178,VERIFY_PANIC
t1-0,proof_byte,369408,xor01_from173,VERIFY_PANIC
t1-0,proof_byte,369472,xor01_from115,VERIFY_PANIC
t1-0,proof_byte,369536,xor01_from2,VERIFY_PANIC
t1-0,proof_byte,369600,xor01_from225,VERIFY_PANIC
t1-0,proof_byte,369664,xor01_from220,VERIFY_PANIC
t1-0,proof_byte,369728,xor01_from149,VERIFY_PANIC
t1-0,proof_byte,369792,xor01_from203,VERIFY_PANIC
t1-0,proof_byte,369856,xor01_from101,VERIFY_PANIC
t1-0,proof_byte,369920,xor01_from42,VERIFY_PANIC
t1-0,proof_byte,369984,xor01_from171,VERIFY_PANIC
t1-0,proof_byte,370048,xor01_from16,DESERIALIZE_REJECTED
t1-0,proof_byte,370112,xor01_from195,VERIFY_PANIC
t1-0,proof_byte,370176,xor01_from98,VERIFY_PANIC
t1-0,proof_byte,370240,xor01_from143,VERIFY_PANIC
t1-0,proof_byte,370304,xor01_from209,VERIFY_PANIC
t1-0,proof_byte,370368,xor01_from39,VERIFY_PANIC
t1-0,proof_byte,370432,xor01_from43,VERIFY_PANIC
t1-0,proof_byte,370496,xor01_from156,VERIFY_PANIC
t1-0,proof_byte,370560,xor01_from97,VERIFY_PANIC
t1-0,proof_byte,370624,xor01_from205,VERIFY_PANIC
t1-0,proof_byte,370688,xor01_from57,VERIFY_PANIC
t1-0,proof_byte,370752,xor01_from231,VERIFY_PANIC
t1-0,proof_byte,370816,xor01_from187,VERIFY_PANIC
t1-0,proof_byte,370880,xor01_from120,VERIFY_PANIC
t1-0,proof_byte,370944,xor01_from144,VERIFY_PANIC
t1-0,proof_byte,371008,xor01_from238,VERIFY_PANIC
t1-0,proof_byte,371072,xor01_from207,VERIFY_PANIC
t1-0,proof_byte,371136,xor01_from2,VERIFY_PANIC
t1-0,proof_byte,371200,xor01_from102,VERIFY_PANIC
t1-0,proof_byte,371264,xor01_from121,VERIFY_PANIC
t1-0,proof_byte,371328,xor01_from40,VERIFY_PANIC
t1-0,proof_byte,371392,xor01_from170,VERIFY_PANIC
t1-0,proof_byte,371456,xor01_from86,VERIFY_PANIC
t1-0,proof_byte,371520,xor01_from70,VERIFY_PANIC
t1-0,proof_byte,371584,xor01_from149,VERIFY_PANIC
t1-0,proof_byte,371648,xor01_from135,VERIFY_PANIC
t1-0,proof_byte,371712,xor01_from198,VERIFY_PANIC
t1-0,proof_byte,371776,xor01_from10,VERIFY_PANIC
t1-0,proof_byte,371840,xor01_from99,VERIFY_PANIC
t1-0,proof_byte,371904,xor01_from54,VERIFY_PANIC
t1-0,proof_byte,371968,xor01_from122,VERIFY_PANIC
t1-0,proof_byte,372032,xor01_from146,VERIFY_PANIC
t1-0,proof_byte,372096,xor01_from28,VERIFY_PANIC
t1-0,proof_byte,372160,xor01_from17,VERIFY_PANIC
t1-0,proof_byte,372224,xor01_from251,VERIFY_PANIC
t1-0,proof_byte,372288,xor01_from90,VERIFY_PANIC
t1-0,proof_byte,372352,xor01_from23,VERIFY_PANIC
t1-0,proof_byte,372416,xor01_from243,VERIFY_PANIC
t1-0,proof_byte,372480,xor01_from192,VERIFY_PANIC
t1-0,proof_byte,372544,xor01_from135,VERIFY_PANIC
t1-0,proof_byte,372608,xor01_from219,VERIFY_PANIC
t1-0,proof_byte,372672,xor01_from69,VERIFY_PANIC
t1-0,proof_byte,372736,xor01_from148,VERIFY_PANIC
t1-0,proof_byte,372800,xor01_from160,VERIFY_PANIC
t1-0,proof_byte,372864,xor01_from2,VERIFY_PANIC
t1-0,proof_byte,372928,xor01_from164,VERIFY_PANIC
t1-0,proof_byte,372992,xor01_from114,VERIFY_PANIC
t1-0,proof_byte,373056,xor01_from235,VERIFY_PANIC
t1-0,proof_byte,373120,xor01_from201,VERIFY_PANIC
t1-0,proof_byte,373184,xor01_from48,VERIFY_PANIC
t1-0,proof_byte,373248,xor01_from19,VERIFY_PANIC
t1-0,proof_byte,373312,xor01_from73,VERIFY_PANIC
t1-0,proof_byte,373376,xor01_from104,VERIFY_PANIC
t1-0,proof_byte,373440,xor01_from8,DESERIALIZE_REJECTED
t1-0,proof_byte,373504,xor01_from166,VERIFY_PANIC
t1-0,proof_byte,373568,xor01_from41,VERIFY_PANIC
t1-0,proof_byte,373632,xor01_from191,VERIFY_PANIC
t1-0,proof_byte,373696,xor01_from105,VERIFY_PANIC
t1-0,proof_byte,373760,xor01_from240,VERIFY_PANIC
t1-0,proof_byte,373824,xor01_from50,VERIFY_PANIC
t1-0,proof_byte,373888,xor01_from15,VERIFY_PANIC
t1-0,proof_byte,373952,xor01_from238,VERIFY_PANIC
t1-0,proof_byte,374016,xor01_from177,VERIFY_PANIC
t1-0,proof_byte,374080,xor01_from183,VERIFY_PANIC
t1-0,proof_byte,374144,xor01_from179,VERIFY_PANIC
t1-0,proof_byte,374208,xor01_from81,VERIFY_PANIC
t1-0,proof_byte,374272,xor01_from76,VERIFY_PANIC
t1-0,proof_byte,374336,xor01_from231,VERIFY_PANIC
t1-0,proof_byte,374400,xor01_from192,VERIFY_PANIC
t1-0,proof_byte,374464,xor01_from162,VERIFY_PANIC
t1-0,proof_byte,374528,xor01_from224,VERIFY_PANIC
t1-0,proof_byte,374592,xor01_from229,VERIFY_PANIC
t1-0,proof_byte,374656,xor01_from28,VERIFY_PANIC
t1-0,proof_byte,374720,xor01_from53,VERIFY_PANIC
t1-0,proof_byte,374784,xor01_from8,DESERIALIZE_REJECTED
t1-0,proof_byte,374848,xor01_from72,VERIFY_PANIC
t1-0,proof_byte,374912,xor01_from17,VERIFY_PANIC
t1-0,proof_byte,374976,xor01_from20,DESERIALIZE_REJECTED
t1-0,proof_byte,375040,xor01_from171,VERIFY_PANIC
t1-0,proof_byte,375104,xor01_from19,VERIFY_PANIC
t1-0,proof_byte,375168,xor01_from221,VERIFY_PANIC
t1-0,proof_byte,375232,xor01_from103,VERIFY_PANIC
t1-0,proof_byte,375296,xor01_from58,VERIFY_PANIC
t1-0,proof_byte,375360,xor01_from70,VERIFY_PANIC
t1-0,proof_byte,375424,xor01_from96,VERIFY_PANIC
t1-0,proof_byte,375488,xor01_from101,VERIFY_PANIC
t1-0,proof_byte,375552,xor01_from76,VERIFY_PANIC
t1-0,proof_byte,375616,xor01_from76,VERIFY_PANIC
t1-0,proof_byte,375680,xor01_from228,VERIFY_PANIC
t1-0,proof_byte,375744,xor01_from56,VERIFY_PANIC
t1-0,proof_byte,375808,xor01_from202,VERIFY_PANIC
t1-0,proof_byte,375872,xor01_from56,VERIFY_PANIC
t1-0,proof_byte,375936,xor01_from220,VERIFY_PANIC
t1-0,proof_byte,376000,xor01_from113,VERIFY_PANIC
t1-0,proof_byte,376064,xor01_from181,VERIFY_PANIC
t1-0,proof_byte,376128,xor01_from162,VERIFY_PANIC
t1-0,proof_byte,376192,xor01_from19,VERIFY_PANIC
t1-0,proof_byte,376256,xor01_from0,DESERIALIZE_REJECTED
t1-0,proof_byte,376320,xor01_from161,VERIFY_PANIC
t1-0,proof_byte,376384,xor01_from228,VERIFY_PANIC
t1-0,proof_byte,376448,xor01_from74,VERIFY_PANIC
t1-0,proof_byte,376512,xor01_from200,VERIFY_PANIC
t1-0,proof_byte,376576,xor01_from136,VERIFY_PANIC
t1-0,proof_byte,376640,xor01_from113,VERIFY_PANIC
t1-0,proof_byte,376704,xor01_from119,VERIFY_PANIC
t1-0,proof_byte,376768,xor01_from69,VERIFY_PANIC
t1-0,proof_byte,376832,xor01_from247,VERIFY_PANIC
t1-0,proof_byte,376896,xor01_from185,VERIFY_PANIC
t1-0,proof_byte,376960,xor01_from121,VERIFY_PANIC
t1-0,proof_byte,377024,xor01_from204,VERIFY_PANIC
t1-0,proof_byte,377088,xor01_from178,VERIFY_PANIC
t1-0,proof_byte,377152,xor01_from166,VERIFY_PANIC
t1-0,proof_byte,377216,xor01_from67,VERIFY_PANIC
t1-0,proof_byte,377280,xor01_from215,VERIFY_PANIC
t1-0,proof_byte,377344,xor01_from154,VERIFY_PANIC
t1-0,proof_byte,377408,xor01_from125,VERIFY_PANIC
t1-0,proof_byte,377472,xor01_from151,VERIFY_PANIC
t1-0,proof_byte,377536,xor01_from13,VERIFY_PANIC
t1-0,proof_byte,377600,xor01_from10,VERIFY_PANIC
t1-0,proof_byte,377664,xor01_from85,VERIFY_PANIC
t1-0,proof_byte,377728,xor01_from218,VERIFY_PANIC
t1-0,proof_byte,377792,xor01_from235,VERIFY_PANIC
t1-0,proof_byte,377856,xor01_from151,VERIFY_PANIC
t1-0,proof_byte,377920,xor01_from17,VERIFY_PANIC
t1-0,proof_byte,377984,xor01_from222,VERIFY_PANIC
t1-0,proof_byte,378048,xor01_from11,VERIFY_PANIC
t1-0,proof_byte,378112,xor01_from209,VERIFY_PANIC
t1-0,proof_byte,378176,xor01_from60,VERIFY_PANIC
t1-0,proof_byte,378240,xor01_from243,VERIFY_PANIC
t1-0,proof_byte,378304,xor01_from119,VERIFY_PANIC
t1-0,proof_byte,378368,xor01_from203,VERIFY_PANIC
t1-0,proof_byte,378432,xor01_from131,VERIFY_PANIC
t1-0,proof_byte,378496,xor01_from203,VERIFY_PANIC
t1-0,proof_byte,378560,xor01_from199,VERIFY_PANIC
t1-0,proof_byte,378624,xor01_from41,VERIFY_PANIC
t1-0,proof_byte,378688,xor01_from207,VERIFY_PANIC
t1-0,proof_byte,378752,xor01_from33,VERIFY_PANIC
t1-0,proof_byte,378816,xor01_from56,VERIFY_PANIC
t1-0,proof_byte,378880,xor01_from179,VERIFY_PANIC
t1-0,proof_byte,378944,xor01_from255,VERIFY_PANIC
t1-0,proof_byte,379008,xor01_from85,VERIFY_PANIC
t1-0,proof_byte,379072,xor01_from76,VERIFY_PANIC
t1-0,proof_byte,379136,xor01_from213,VERIFY_PANIC
t1-0,proof_byte,379200,xor01_from225,VERIFY_PANIC
t1-0,proof_byte,379264,xor01_from69,VERIFY_PANIC
t1-0,proof_byte,379328,xor01_from182,VERIFY_PANIC
t1-0,proof_byte,379392,xor01_from132,VERIFY_PANIC
t1-0,proof_byte,379456,xor01_from94,VERIFY_PANIC
t1-0,proof_byte,379520,xor01_from176,VERIFY_PANIC
t1-0,proof_byte,379584,xor01_from220,VERIFY_PANIC
t1-0,proof_byte,379648,xor01_from146,VERIFY_PANIC
t1-0,proof_byte,379712,xor01_from84,VERIFY_PANIC
t1-0,proof_byte,379776,xor01_from79,VERIFY_PANIC
t1-0,proof_byte,379840,xor01_from125,VERIFY_PANIC
t1-0,proof_byte,379904,xor01_from226,VERIFY_PANIC
t1-0,proof_byte,379968,xor01_from144,VERIFY_PANIC
t1-0,proof_byte,380032,xor01_from0,DESERIALIZE_REJECTED
t1-0,proof_byte,380096,xor01_from189,VERIFY_PANIC
t1-0,proof_byte,380160,xor01_from55,VERIFY_PANIC
t1-0,proof_byte,380224,xor01_from196,VERIFY_PANIC
t1-0,proof_byte,380288,xor01_from213,VERIFY_PANIC
t1-0,proof_byte,380352,xor01_from188,VERIFY_PANIC
t1-0,proof_byte,380416,xor01_from28,VERIFY_PANIC
t1-0,proof_byte,380480,xor01_from231,VERIFY_PANIC
t1-0,proof_byte,380544,xor01_from44,VERIFY_PANIC
t1-0,proof_byte,380608,xor01_from115,VERIFY_PANIC
t1-0,proof_byte,380672,xor01_from29,VERIFY_PANIC
t1-0,proof_byte,380736,xor01_from128,VERIFY_PANIC
t1-0,proof_byte,380800,xor01_from41,VERIFY_PANIC
t1-0,proof_byte,380864,xor01_from145,VERIFY_PANIC
t1-0,proof_byte,380928,xor01_from244,VERIFY_PANIC
t1-0,proof_byte,380992,xor01_from80,VERIFY_PANIC
t1-0,proof_byte,381056,xor01_from67,VERIFY_PANIC
t1-0,proof_byte,381120,xor01_from246,VERIFY_PANIC
t1-0,proof_byte,381184,xor01_from228,VERIFY_PANIC
t1-0,proof_byte,381248,xor01_from136,VERIFY_PANIC
t1-0,proof_byte,381312,xor01_from178,VERIFY_PANIC
t1-0,proof_byte,381376,xor01_from128,VERIFY_PANIC
t1-0,proof_byte,381440,xor01_from88,VERIFY_PANIC
t1-0,proof_byte,381504,xor01_from189,VERIFY_PANIC
t1-0,proof_byte,381568,xor01_from94,VERIFY_PANIC
t1-0,proof_byte,381632,xor01_from228,VERIFY_PANIC
t1-0,proof_byte,381696,xor01_from64,VERIFY_PANIC
t1-0,proof_byte,381760,xor01_from93,VERIFY_PANIC
t1-0,proof_byte,381824,xor01_from127,VERIFY_PANIC
t1-0,proof_byte,381888,xor01_from214,VERIFY_PANIC
t1-0,proof_byte,381952,xor01_from128,VERIFY_PANIC
t1-0,proof_byte,382016,xor01_from122,VERIFY_PANIC
t1-0,proof_byte,382080,xor01_from247,VERIFY_PANIC
t1-0,proof_byte,382144,xor01_from157,VERIFY_PANIC
t1-0,proof_byte,382208,xor01_from34,VERIFY_PANIC
t1-0,proof_byte,382272,xor01_from145,VERIFY_PANIC
t1-0,proof_byte,382336,xor01_from106,VERIFY_PANIC
t1-0,proof_byte,382400,xor01_from0,DESERIALIZE_REJECTED
t1-0,proof_byte,382464,xor01_from181,VERIFY_PANIC
t1-0,proof_byte,382528,xor01_from99,VERIFY_PANIC
t1-0,proof_byte,382592,xor01_from6,VERIFY_PANIC
t1-0,proof_byte,382656,xor01_from21,VERIFY_PANIC
t1-0,proof_byte,382720,xor01_from251,VERIFY_PANIC
t1-0,proof_byte,382784,xor01_from60,VERIFY_PANIC
t1-0,proof_byte,382848,xor01_from65,VERIFY_PANIC
t1-0,proof_byte,382912,xor01_from15,VERIFY_PANIC
t1-0,proof_byte,382976,xor01_from0,DESERIALIZE_REJECTED
t1-0,proof_byte,383040,xor01_from209,VERIFY_PANIC
t1-0,proof_byte,383104,xor01_from194,VERIFY_PANIC
t1-0,proof_byte,383168,xor01_from48,VERIFY_PANIC
t1-0,proof_byte,383232,xor01_from56,VERIFY_PANIC
t1-0,proof_byte,383296,xor01_from31,VERIFY_PANIC
t1-0,proof_byte,383360,xor01_from251,VERIFY_PANIC
t1-0,proof_byte,383424,xor01_from114,VERIFY_PANIC
t1-0,proof_byte,383488,xor01_from181,VERIFY_PANIC
t1-0,proof_byte,383552,xor01_from137,VERIFY_PANIC
t1-0,proof_byte,383616,xor01_from204,VERIFY_PANIC
t1-0,proof_byte,383680,xor01_from64,VERIFY_PANIC
t1-0,proof_byte,383744,xor01_from56,VERIFY_PANIC
t1-0,proof_byte,383808,xor01_from171,VERIFY_PANIC
t1-0,proof_byte,383872,xor01_from66,VERIFY_PANIC
t1-0,proof_byte,383936,xor01_from129,VERIFY_PANIC
t1-0,proof_byte,384000,xor01_from74,VERIFY_PANIC
t1-0,proof_byte,384064,xor01_from117,VERIFY_PANIC
t1-0,proof_byte,384128,xor01_from253,VERIFY_PANIC
t1-0,proof_byte,384192,xor01_from214,VERIFY_PANIC
t1-0,proof_byte,384256,xor01_from42,VERIFY_PANIC
t1-0,proof_byte,384320,xor01_from69,VERIFY_PANIC
t1-0,proof_byte,384384,xor01_from58,VERIFY_PANIC
t1-0,proof_byte,384448,xor01_from191,VERIFY_PANIC
t1-0,proof_byte,384512,xor01_from205,VERIFY_PANIC
t1-0,proof_byte,384576,xor01_from11,VERIFY_PANIC
t1-0,proof_byte,384640,xor01_from50,VERIFY_PANIC
t1-0,proof_byte,384704,xor01_from139,VERIFY_PANIC
t1-0,proof_byte,384768,xor01_from207,VERIFY_PANIC
t1-0,proof_byte,384832,xor01_from138,VERIFY_PANIC
t1-0,proof_byte,384896,xor01_from227,VERIFY_PANIC
t1-0,proof_byte,384960,xor01_from174,VERIFY_PANIC
t1-0,proof_byte,385024,xor01_from45,VERIFY_PANIC
t1-0,proof_byte,385088,xor01_from61,VERIFY_PANIC
t1-0,proof_byte,385152,xor01_from136,VERIFY_PANIC
t1-0,proof_byte,385216,xor01_from215,VERIFY_PANIC
t1-0,proof_byte,385280,xor01_from24,VERIFY_PANIC
t1-0,proof_byte,385344,xor01_from167,VERIFY_PANIC
t1-0,proof_byte,385408,xor01_from164,VERIFY_PANIC
t1-0,proof_byte,385472,xor01_from238,VERIFY_PANIC
t1-0,proof_byte,385536,xor01_from17,DESERIALIZE_REJECTED
t1-0,proof_byte,385600,xor01_from191,VERIFY_PANIC
t1-0,proof_byte,385664,xor01_from149,VERIFY_PANIC
t1-0,proof_byte,385728,xor01_from245,VERIFY_PANIC
t1-0,proof_byte,385792,xor01_from183,VERIFY_PANIC
t1-0,proof_byte,385856,xor01_from240,VERIFY_PANIC
t1-0,proof_byte,385920,xor01_from174,VERIFY_PANIC
t1-0,proof_byte,385984,xor01_from86,VERIFY_PANIC
t1-0,proof_byte,386048,xor01_from36,VERIFY_PANIC
t1-0,proof_byte,386112,xor01_from55,VERIFY_PANIC
t1-0,proof_byte,386176,xor01_from91,VERIFY_PANIC
t1-0,proof_byte,386240,xor01_from185,VERIFY_PANIC
t1-0,proof_byte,386304,xor01_from188,VERIFY_PANIC
t1-0,proof_byte,386368,xor01_from91,VERIFY_PANIC
t1-0,proof_byte,386432,xor01_from214,VERIFY_PANIC
t1-0,proof_byte,386496,xor01_from2,VERIFY_PANIC
t1-0,proof_byte,386560,xor01_from197,VERIFY_PANIC
t1-0,proof_byte,386624,xor01_from229,VERIFY_PANIC
t1-0,proof_byte,386688,xor01_from228,VERIFY_PANIC
t1-0,proof_byte,386752,xor01_from34,VERIFY_PANIC
t1-0,proof_byte,386816,xor01_from190,VERIFY_PANIC
t1-0,proof_byte,386880,xor01_from50,VERIFY_PANIC
t1-0,proof_byte,386944,xor01_from5,VERIFY_PANIC
t1-0,proof_byte,387008,xor01_from53,VERIFY_PANIC
t1-0,proof_byte,387072,xor01_from195,VERIFY_PANIC
t1-0,proof_byte,387136,xor01_from3,VERIFY_PANIC
t1-0,proof_byte,387200,xor01_from180,VERIFY_PANIC
t1-0,proof_byte,387264,xor01_from151,VERIFY_PANIC
t1-0,proof_byte,387328,xor01_from186,VERIFY_PANIC
t1-0,proof_byte,387392,xor01_from53,VERIFY_PANIC
t1-0,proof_byte,387456,xor01_from99,VERIFY_PANIC
t1-0,proof_byte,387520,xor01_from74,VERIFY_PANIC
t1-0,proof_byte,387584,xor01_from57,VERIFY_PANIC
t1-0,proof_byte,387648,xor01_from67,VERIFY_PANIC
t1-0,proof_byte,387712,xor01_from81,VERIFY_PANIC
t1-0,proof_byte,387776,xor01_from6,VERIFY_PANIC
t1-0,proof_byte,387840,xor01_from196,VERIFY_PANIC
t1-0,proof_byte,387904,xor01_from149,VERIFY_PANIC
t1-0,proof_byte,387968,xor01_from38,VERIFY_PANIC
t1-0,proof_byte,388032,xor01_from180,VERIFY_PANIC
t1-0,proof_byte,388096,xor01_from114,VERIFY_PANIC
t1-0,proof_byte,388160,xor01_from69,VERIFY_PANIC
t1-0,proof_byte,388224,xor01_from27,VERIFY_PANIC
t1-0,proof_byte,388288,xor01_from129,VERIFY_PANIC
t1-0,proof_byte,388352,xor01_from56,VERIFY_PANIC
t1-0,proof_byte,388416,xor01_from117,VERIFY_PANIC
t1-0,proof_byte,388480,xor01_from69,VERIFY_PANIC
t1-0,proof_byte,388544,xor01_from9,VERIFY_PANIC
t1-0,proof_byte,388608,xor01_from92,VERIFY_PANIC
t1-0,proof_byte,388672,xor01_from52,VERIFY_PANIC
t1-0,proof_byte,388736,xor01_from48,VERIFY_PANIC
t1-0,proof_byte,388800,xor01_from184,VERIFY_PANIC
t1-0,proof_byte,388864,xor01_from123,VERIFY_PANIC
t1-0,proof_byte,388928,xor01_from79,VERIFY_PANIC
t1-0,proof_byte,388992,xor01_from207,VERIFY_PANIC
t1-0,proof_byte,389056,xor01_from201,VERIFY_PANIC
t1-0,proof_byte,389120,xor01_from250,VERIFY_PANIC
t1-0,proof_byte,389184,xor01_from9,DESERIALIZE_REJECTED
t1-0,proof_byte,389248,xor01_from198,VERIFY_PANIC
t1-0,proof_byte,389312,xor01_from227,VERIFY_PANIC
t1-0,proof_byte,389376,xor01_from41,VERIFY_PANIC
t1-0,proof_byte,389440,xor01_from106,VERIFY_PANIC
t1-0,proof_byte,389504,xor01_from2,VERIFY_PANIC
t1-0,proof_byte,389568,xor01_from131,VERIFY_PANIC
t1-0,proof_byte,389632,xor01_from209,VERIFY_PANIC
t1-0,proof_byte,389696,xor01_from43,VERIFY_PANIC
t1-0,proof_byte,389760,xor01_from206,VERIFY_PANIC
t1-0,proof_byte,389824,xor01_from4,VERIFY_PANIC
t1-0,proof_byte,389888,xor01_from218,VERIFY_PANIC
t1-0,proof_byte,389952,xor01_from19,VERIFY_PANIC
t1-0,proof_byte,390016,xor01_from114,VERIFY_PANIC
t1-0,proof_byte,390080,xor01_from62,VERIFY_PANIC
t1-0,proof_byte,390144,xor01_from28,VERIFY_PANIC
t1-0,proof_byte,390208,xor01_from111,VERIFY_PANIC
t1-0,proof_byte,390272,xor01_from26,VERIFY_PANIC
t1-0,proof_byte,390336,xor01_from148,VERIFY_PANIC
t1-0,proof_byte,390400,xor01_from24,VERIFY_PANIC
t1-0,proof_byte,390464,xor01_from179,VERIFY_PANIC
t1-0,proof_byte,390528,xor01_from161,VERIFY_PANIC
t1-0,proof_byte,390592,xor01_from126,VERIFY_PANIC
t1-0,proof_byte,390656,xor01_from188,VERIFY_PANIC
t1-0,proof_byte,390720,xor01_from159,VERIFY_PANIC
t1-0,proof_byte,390784,xor01_from1,DESERIALIZE_REJECTED
t1-0,proof_byte,390848,xor01_from195,VERIFY_PANIC
t1-0,proof_byte,390912,xor01_from138,VERIFY_PANIC
t1-0,proof_byte,390976,xor01_from170,VERIFY_PANIC
t1-0,proof_byte,391040,xor01_from210,VERIFY_PANIC
t1-0,proof_byte,391104,xor01_from27,VERIFY_PANIC
t1-0,proof_byte,391168,xor01_from42,VERIFY_PANIC
t1-0,proof_byte,391232,xor01_from210,VERIFY_PANIC
t1-0,proof_byte,391296,xor01_from27,VERIFY_PANIC
t1-0,proof_byte,391360,xor01_from103,VERIFY_PANIC
t1-0,proof_byte,391424,xor01_from85,VERIFY_PANIC
t1-0,proof_byte,391488,xor01_from23,VERIFY_PANIC
t1-0,proof_byte,391552,xor01_from187,VERIFY_PANIC
t1-0,proof_byte,391616,xor01_from132,VERIFY_PANIC
t1-0,proof_byte,391680,xor01_from2,DESERIALIZE_REJECTED
t1-0,proof_byte,391744,xor01_from108,VERIFY_PANIC
t1-0,proof_byte,391808,xor01_from92,VERIFY_PANIC
t1-0,proof_byte,391872,xor01_from120,VERIFY_PANIC
t1-0,proof_byte,391936,xor01_from142,VERIFY_PANIC
t1-0,proof_byte,392000,xor01_from2,VERIFY_PANIC
t1-0,proof_byte,392064,xor01_from95,VERIFY_PANIC
t1-0,proof_byte,392128,xor01_from239,VERIFY_PANIC
t1-0,proof_byte,392192,xor01_from96,VERIFY_PANIC
t1-0,proof_byte,392256,xor01_from131,VERIFY_PANIC
t1-0,proof_byte,392320,xor01_from51,VERIFY_PANIC
t1-0,proof_byte,392384,xor01_from144,VERIFY_PANIC
t1-0,proof_byte,392448,xor01_from167,VERIFY_PANIC
t1-0,proof_byte,392512,xor01_from127,VERIFY_PANIC
t1-0,proof_byte,392576,xor01_from5,VERIFY_PANIC
t1-0,proof_byte,392640,xor01_from204,VERIFY_PANIC
t1-0,proof_byte,392704,xor01_from243,VERIFY_PANIC
t1-0,proof_byte,392768,xor01_from237,VERIFY_PANIC
t1-0,proof_byte,392832,xor01_from111,VERIFY_PANIC
t1-0,proof_byte,392896,xor01_from226,VERIFY_PANIC
t1-0,proof_byte,392960,xor01_from2,VERIFY_PANIC
t1-0,proof_byte,393024,xor01_from178,VERIFY_PANIC
t1-0,proof_byte,393088,xor01_from7,VERIFY_PANIC
t1-0,proof_byte,393152,xor01_from245,VERIFY_PANIC
t1-0,proof_byte,393216,xor01_from216,VERIFY_PANIC
t1-0,proof_byte,393280,xor01_from217,VERIFY_PANIC
t1-0,proof_byte,393344,xor01_from181,VERIFY_PANIC
t1-0,proof_byte,393408,xor01_from71,VERIFY_PANIC
t1-0,proof_byte,393472,xor01_from222,VERIFY_PANIC
t1-0,proof_byte,393536,xor01_from37,VERIFY_PANIC
t1-0,proof_byte,393600,xor01_from166,VERIFY_PANIC
t1-0,proof_byte,393664,xor01_from211,VERIFY_PANIC
t1-0,proof_byte,393728,xor01_from107,VERIFY_PANIC
t1-0,proof_byte,393792,xor01_from237,VERIFY_PANIC
t1-0,proof_byte,393856,xor01_from203,VERIFY_PANIC
t1-0,proof_byte,393920,xor01_from238,VERIFY_PANIC
t1-0,proof_byte,393984,xor01_from174,VERIFY_PANIC
t1-0,proof_byte,394048,xor01_from200,VERIFY_PANIC
t1-0,proof_byte,394112,xor01_from132,VERIFY_PANIC
t1-0,proof_byte,394176,xor01_from105,VERIFY_PANIC
t1-0,proof_byte,394240,xor01_from115,VERIFY_PANIC
t1-0,proof_byte,394304,xor01_from220,VERIFY_PANIC
t1-0,proof_byte,394368,xor01_from138,VERIFY_PANIC
t1-0,proof_byte,394432,xor01_from165,VERIFY_PANIC
t1-0,proof_byte,394496,xor01_from92,VERIFY_PANIC
t1-0,proof_byte,394560,xor01_from124,VERIFY_PANIC
t1-0,proof_byte,394624,xor01_from126,VERIFY_PANIC
t1-0,proof_byte,394688,xor01_from70,VERIFY_PANIC
t1-0,proof_byte,394752,xor01_from140,VERIFY_PANIC
t1-0,proof_byte,394816,xor01_from80,VERIFY_PANIC
t1-0,proof_byte,394880,xor01_from113,VERIFY_PANIC
t1-0,proof_byte,394944,xor01_from210,VERIFY_PANIC
t1-0,proof_byte,395008,xor01_from42,VERIFY_PANIC
t1-0,proof_byte,395072,xor01_from187,VERIFY_PANIC
t1-0,proof_byte,395136,xor01_from152,VERIFY_PANIC
t1-0,proof_byte,395200,xor01_from186,VERIFY_PANIC
t1-0,proof_byte,395264,xor01_from145,VERIFY_PANIC
t1-0,proof_byte,395328,xor01_from239,VERIFY_PANIC
t1-0,proof_byte,395392,xor01_from168,VERIFY_PANIC
t1-0,proof_byte,395456,xor01_from26,VERIFY_PANIC
t1-0,proof_byte,395520,xor01_from227,VERIFY_PANIC
t1-0,proof_byte,395584,xor01_from212,VERIFY_PANIC
t1-0,proof_byte,395648,xor01_from0,DESERIALIZE_REJECTED
t1-0,proof_byte,395712,xor01_from58,VERIFY_PANIC
t1-0,proof_byte,395776,xor01_from66,VERIFY_PANIC
t1-0,proof_byte,395840,xor01_from128,VERIFY_PANIC
t1-0,proof_byte,395904,xor01_from1,VERIFY_PANIC
t1-0,proof_byte,395968,xor01_from230,VERIFY_PANIC
t1-0,proof_byte,396032,xor01_from253,VERIFY_PANIC
t1-0,proof_byte,396096,xor01_from88,VERIFY_PANIC
t1-0,proof_byte,396160,xor01_from86,VERIFY_PANIC
t1-0,proof_byte,396224,xor01_from254,VERIFY_PANIC
t1-0,proof_byte,396288,xor01_from130,VERIFY_PANIC
t1-0,proof_byte,396352,xor01_from38,VERIFY_PANIC
t1-0,proof_byte,396416,xor01_from149,VERIFY_PANIC
t1-0,proof_byte,396480,xor01_from32,VERIFY_PANIC
t1-0,proof_byte,396544,xor01_from14,VERIFY_PANIC
t1-0,proof_byte,396608,xor01_from129,VERIFY_PANIC
t1-0,proof_byte,396672,xor01_from18,VERIFY_PANIC
t1-0,proof_byte,396736,xor01_from4,VERIFY_PANIC
t1-0,proof_byte,396800,xor01_from125,VERIFY_PANIC
t1-0,proof_byte,396864,xor01_from91,VERIFY_PANIC
t1-0,proof_byte,396928,xor01_from155,VERIFY_PANIC
t1-0,proof_byte,396992,xor01_from124,VERIFY_PANIC
t1-0,proof_byte,397056,xor01_from195,VERIFY_PANIC
t1-0,proof_byte,397120,xor01_from157,VERIFY_PANIC
t1-0,proof_byte,397184,xor01_from135,VERIFY_PANIC
t1-0,proof_byte,397248,xor01_from141,VERIFY_PANIC
t1-0,proof_byte,397312,xor01_from178,VERIFY_PANIC
t1-0,proof_byte,397376,xor01_from107,VERIFY_PANIC
t1-0,proof_byte,397440,xor01_from96,VERIFY_PANIC
t1-0,proof_byte,397504,xor01_from187,VERIFY_PANIC
t1-0,proof_byte,397568,xor01_from191,VERIFY_PANIC
t1-0,proof_byte,397632,xor01_from39,VERIFY_PANIC
t1-0,proof_byte,397696,xor01_from45,VERIFY_PANIC
t1-0,proof_byte,397760,xor01_from228,VERIFY_PANIC
t1-0,proof_byte,397824,xor01_from164,VERIFY_PANIC
t1-0,proof_byte,397888,xor01_from252,VERIFY_PANIC
t1-0,proof_byte,397952,xor01_from6,VERIFY_PANIC
t1-0,proof_byte,398016,xor01_from143,VERIFY_PANIC
t1-0,proof_byte,398080,xor01_from178,VERIFY_PANIC
t1-0,proof_byte,398144,xor01_from255,VERIFY_PANIC
t1-0,proof_byte,398208,xor01_from102,VERIFY_PANIC
t1-0,proof_byte,398272,xor01_from0,DESERIALIZE_REJECTED
t1-0,proof_byte,398336,xor01_from215,VERIFY_PANIC
t1-0,proof_byte,398400,xor01_from11,VERIFY_PANIC
t1-0,proof_byte,398464,xor01_from135,VERIFY_PANIC
t1-0,proof_byte,398528,xor01_from34,VERIFY_PANIC
t1-0,proof_byte,398592,xor01_from20,VERIFY_PANIC
t1-0,proof_byte,398656,xor01_from79,VERIFY_PANIC
t1-0,proof_byte,398720,xor01_from157,VERIFY_PANIC
t1-0,proof_byte,398784,xor01_from186,VERIFY_PANIC
t1-0,proof_byte,398848,xor01_from146,VERIFY_PANIC
t1-0,proof_byte,398912,xor01_from0,DESERIALIZE_REJECTED
t1-0,proof_byte,398976,xor01_from134,VERIFY_PANIC
t1-0,proof_byte,399040,xor01_from197,VERIFY_PANIC
t1-0,proof_byte,399104,xor01_from199,VERIFY_PANIC
t1-0,proof_byte,399168,xor01_from141,VERIFY_PANIC
t1-0,proof_byte,399232,xor01_from224,VERIFY_PANIC
t1-0,proof_byte,399296,xor01_from74,VERIFY_PANIC
t1-0,proof_byte,399360,xor01_from93,VERIFY_PANIC
t1-0,proof_byte,399424,xor01_from29,VERIFY_PANIC
t1-0,proof_byte,399488,xor01_from5,VERIFY_PANIC
t1-0,proof_byte,399552,xor01_from92,VERIFY_PANIC
t1-0,proof_byte,399616,xor01_from43,VERIFY_PANIC
t1-0,proof_byte,399680,xor01_from233,VERIFY_PANIC
t1-0,proof_byte,399744,xor01_from74,VERIFY_PANIC
t1-0,proof_byte,399808,xor01_from20,VERIFY_PANIC
t1-0,proof_byte,399872,xor01_from177,VERIFY_PANIC
t1-0,proof_byte,399936,xor01_from182,VERIFY_PANIC
t1-0,proof_byte,400000,xor01_from201,VERIFY_PANIC
t1-0,proof_byte,400064,xor01_from97,VERIFY_PANIC
t1-0,proof_byte,400128,xor01_from142,VERIFY_PANIC
t1-0,proof_byte,400192,xor01_from214,VERIFY_PANIC
t1-0,proof_byte,400256,xor01_from24,VERIFY_PANIC
t1-0,proof_byte,400320,xor01_from98,VERIFY_PANIC
t1-0,proof_byte,400384,xor01_from175,VERIFY_PANIC
t1-0,proof_byte,400448,xor01_from26,VERIFY_PANIC
t1-0,proof_byte,400512,xor01_from59,VERIFY_PANIC
t1-0,proof_byte,400576,xor01_from88,VERIFY_PANIC
t1-0,proof_byte,400640,xor01_from99,VERIFY_PANIC
t1-0,proof_byte,400704,xor01_from137,VERIFY_PANIC
t1-0,proof_byte,400768,xor01_from240,VERIFY_PANIC
t1-0,proof_byte,400832,xor01_from90,VERIFY_PANIC
t1-0,proof_byte,400896,xor01_from98,VERIFY_PANIC
t1-0,proof_byte,400960,xor01_from23,VERIFY_PANIC
t1-0,proof_byte,401024,xor01_from202,VERIFY_PANIC
t1-0,proof_byte,401088,xor01_from170,VERIFY_PANIC
t1-0,proof_byte,401152,xor01_from250,VERIFY_PANIC
t1-0,proof_byte,401216,xor01_from103,VERIFY_PANIC
t1-0,proof_byte,401280,xor01_from2,VERIFY_PANIC
t1-0,proof_byte,401344,xor01_from231,VERIFY_PANIC
t1-0,proof_byte,401408,xor01_from17,VERIFY_PANIC
t1-0,proof_byte,401472,xor01_from2,VERIFY_PANIC
t1-0,proof_byte,401536,xor01_from59,VERIFY_PANIC
t1-0,proof_byte,401600,xor01_from38,VERIFY_PANIC
t1-0,proof_byte,401664,xor01_from15,VERIFY_PANIC
t1-0,proof_byte,401728,xor01_from168,VERIFY_PANIC
t1-0,proof_byte,401792,xor01_from15,VERIFY_PANIC
t1-0,proof_byte,401856,xor01_from167,VERIFY_PANIC
t1-0,proof_byte,401920,xor01_from153,VERIFY_PANIC
t1-0,proof_byte,401984,xor01_from23,VERIFY_PANIC
t1-0,proof_byte,402048,xor01_from140,VERIFY_PANIC
t1-0,proof_byte,402112,xor01_from148,VERIFY_PANIC
t1-0,proof_byte,402176,xor01_from15,VERIFY_PANIC
t1-0,proof_byte,402240,xor01_from238,VERIFY_PANIC
t1-0,proof_byte,402304,xor01_from105,VERIFY_PANIC
t1-0,proof_byte,402368,xor01_from114,VERIFY_PANIC
t1-0,proof_byte,402432,xor01_from234,VERIFY_PANIC
t1-0,proof_byte,402496,xor01_from186,VERIFY_PANIC
t1-0,proof_byte,402560,xor01_from69,VERIFY_PANIC
t1-0,proof_byte,402624,xor01_from38,VERIFY_PANIC
t1-0,proof_byte,402688,xor01_from93,VERIFY_PANIC
t1-0,proof_byte,402752,xor01_from45,VERIFY_PANIC
t1-0,proof_byte,402816,xor01_from113,VERIFY_PANIC
t1-0,proof_byte,402880,xor01_from194,VERIFY_PANIC
t1-0,proof_byte,402944,xor01_from61,VERIFY_PANIC
t1-0,proof_byte,403008,xor01_from214,VERIFY_PANIC
t1-0,proof_byte,403072,xor01_from242,VERIFY_PANIC
t1-0,proof_byte,403136,xor01_from20,VERIFY_PANIC
t1-0,proof_byte,403200,xor01_from14,DESERIALIZE_REJECTED
t1-0,proof_byte,403264,xor01_from106,VERIFY_PANIC
t1-0,proof_byte,403328,xor01_from128,VERIFY_PANIC
t1-0,proof_byte,403392,xor01_from19,VERIFY_PANIC
t1-0,proof_byte,403456,xor01_from45,VERIFY_PANIC
t1-0,proof_byte,403520,xor01_from240,VERIFY_PANIC
t1-0,proof_byte,403584,xor01_from148,VERIFY_PANIC
t1-0,proof_byte,403648,xor01_from185,VERIFY_PANIC
t1-0,proof_byte,403712,xor01_from102,VERIFY_PANIC
t1-0,proof_byte,403776,xor01_from80,VERIFY_PANIC
t1-0,proof_byte,403840,xor01_from114,VERIFY_PANIC
t1-0,proof_byte,403904,xor01_from149,VERIFY_PANIC
t1-0,proof_byte,403968,xor01_from22,VERIFY_PANIC
t1-0,proof_byte,404032,xor01_from7,VERIFY_PANIC
t1-0,proof_byte,404096,xor01_from250,VERIFY_PANIC
t1-0,proof_byte,404160,xor01_from33,VERIFY_PANIC
t1-0,proof_byte,404224,xor01_from38,VERIFY_PANIC
t1-0,proof_byte,404288,xor01_from196,VERIFY_PANIC
t1-0,proof_byte,404352,xor01_from183,VERIFY_PANIC
t1-0,proof_byte,404416,xor01_from146,VERIFY_PANIC
t1-0,proof_byte,404480,xor01_from15,VERIFY_PANIC
t1-0,proof_byte,404544,xor01_from51,VERIFY_PANIC
t1-0,proof_byte,404608,xor01_from170,VERIFY_PANIC
t1-0,proof_byte,404672,xor01_from194,VERIFY_PANIC
t1-0,proof_byte,404736,xor01_from94,VERIFY_PANIC
t1-0,proof_byte,404800,xor01_from242,VERIFY_PANIC
t1-0,proof_byte,404864,xor01_from223,VERIFY_PANIC
t1-0,proof_byte,404928,xor01_from171,VERIFY_PANIC
t1-0,proof_byte,404992,xor01_from183,VERIFY_PANIC
t1-0,proof_byte,405056,xor01_from151,VERIFY_PANIC
t1-0,proof_byte,405120,xor01_from102,VERIFY_PANIC
t1-0,proof_byte,405184,xor01_from105,VERIFY_PANIC
t1-0,proof_byte,405248,xor01_from47,VERIFY_PANIC
t1-0,proof_byte,405312,xor01_from195,VERIFY_PANIC
t1-0,proof_byte,405376,xor01_from223,VERIFY_PANIC
t1-0,proof_byte,405440,xor01_from166,VERIFY_PANIC
t1-0,proof_byte,405504,xor01_from26,VERIFY_PANIC
t1-0,proof_byte,405568,xor01_from116,VERIFY_PANIC
t1-0,proof_byte,405632,xor01_from253,VERIFY_PANIC
t1-0,proof_byte,405696,xor01_from126,VERIFY_PANIC
t1-0,proof_byte,405760,xor01_from16,VERIFY_PANIC
t1-0,proof_byte,405824,xor01_from241,VERIFY_PANIC
t1-0,proof_byte,405888,xor01_from21,VERIFY_PANIC
t1-0,proof_byte,405952,xor01_from73,VERIFY_PANIC
t1-0,proof_byte,406016,xor01_from219,VERIFY_PANIC
t1-0,proof_byte,406080,xor01_from6,DESERIALIZE_REJECTED
t1-0,proof_byte,406144,xor01_from176,VERIFY_PANIC
t1-0,proof_byte,406208,xor01_from33,VERIFY_PANIC
t1-0,proof_byte,406272,xor01_from113,VERIFY_PANIC
t1-0,proof_byte,406336,xor01_from209,VERIFY_PANIC
t1-0,proof_byte,406400,xor01_from29,VERIFY_PANIC
t1-0,proof_byte,406464,xor01_from42,VERIFY_PANIC
t1-0,proof_byte,406528,xor01_from6,VERIFY_PANIC
t1-0,proof_byte,406592,xor01_from156,VERIFY_PANIC
t1-0,proof_byte,406656,xor01_from119,VERIFY_PANIC
t1-0,proof_byte,406720,xor01_from232,VERIFY_PANIC
t1-0,proof_byte,406784,xor01_from100,VERIFY_PANIC
t1-0,proof_byte,406848,xor01_from170,VERIFY_PANIC
t1-0,proof_byte,406912,xor01_from216,VERIFY_PANIC
t1-0,proof_byte,406976,xor01_from8,DESERIALIZE_REJECTED
t1-0,proof_byte,407040,xor01_from19,VERIFY_PANIC
t1-0,proof_byte,407104,xor01_from168,VERIFY_PANIC
t1-0,proof_byte,407168,xor01_from46,VERIFY_PANIC
t1-0,proof_byte,407232,xor01_from48,VERIFY_PANIC
t1-0,proof_byte,407296,xor01_from92,VERIFY_PANIC
t1-0,proof_byte,407360,xor01_from6,VERIFY_PANIC
t1-0,proof_byte,407424,xor01_from54,VERIFY_PANIC
t1-0,proof_byte,407488,xor01_from111,VERIFY_PANIC
t1-0,proof_byte,407552,xor01_from242,VERIFY_PANIC
t1-0,proof_byte,407616,xor01_from107,VERIFY_PANIC
t1-0,proof_byte,407680,xor01_from20,VERIFY_PANIC
t1-0,proof_byte,407744,xor01_from8,DESERIALIZE_REJECTED
t1-0,proof_byte,407808,xor01_from8,VERIFY_PANIC
t1-0,proof_byte,407872,xor01_from125,VERIFY_PANIC
t1-0,proof_byte,407936,xor01_from250,VERIFY_PANIC
t1-0,proof_byte,408000,xor01_from25,VERIFY_PANIC
t1-0,proof_byte,408064,xor01_from200,VERIFY_PANIC
t1-0,proof_byte,408128,xor01_from64,VERIFY_PANIC
t1-0,proof_byte,408192,xor01_from16,VERIFY_PANIC
t1-0,proof_byte,408256,xor01_from22,VERIFY_PANIC
t1-0,proof_byte,408320,xor01_from141,VERIFY_PANIC
t1-0,proof_byte,408384,xor01_from117,VERIFY_PANIC
t1-0,proof_byte,408448,xor01_from207,VERIFY_PANIC
t1-0,proof_byte,408512,xor01_from208,VERIFY_PANIC
t1-0,proof_byte,408576,xor01_from175,VERIFY_PANIC
t1-0,proof_byte,408640,xor01_from130,VERIFY_PANIC
t1-0,proof_byte,408704,xor01_from24,VERIFY_PANIC
t1-0,proof_byte,408768,xor01_from141,VERIFY_PANIC
t1-0,proof_byte,408832,xor01_from173,VERIFY_PANIC
t1-0,proof_byte,408896,xor01_from198,VERIFY_PANIC
t1-0,proof_byte,408960,xor01_from41,VERIFY_PANIC
t1-0,proof_byte,409024,xor01_from0,DESERIALIZE_REJECTED
t1-0,proof_byte,409088,xor01_from203,VERIFY_PANIC
t1-0,proof_byte,409152,xor01_from180,VERIFY_PANIC
t1-0,proof_byte,409216,xor01_from158,VERIFY_PANIC
t1-0,proof_byte,409280,xor01_from198,VERIFY_PANIC
t1-0,proof_byte,409344,xor01_from20,VERIFY_PANIC
t1-0,proof_byte,409408,xor01_from31,VERIFY_PANIC
t1-0,proof_byte,409472,xor01_from106,VERIFY_PANIC
t1-0,proof_byte,409536,xor01_from115,VERIFY_PANIC
t1-0,proof_byte,409600,xor01_from44,VERIFY_PANIC
t1-0,proof_byte,409664,xor01_from146,VERIFY_PANIC
t1-0,proof_byte,409728,xor01_from251,VERIFY_PANIC
t1-0,proof_byte,409792,xor01_from245,VERIFY_PANIC
t1-0,proof_byte,409856,xor01_from186,VERIFY_PANIC
t1-0,proof_byte,409920,xor01_from144,VERIFY_PANIC
t1-0,proof_byte,409984,xor01_from63,VERIFY_PANIC
t1-0,proof_byte,410048,xor01_from14,VERIFY_PANIC
t1-0,proof_byte,410112,xor01_from154,VERIFY_PANIC
t1-0,proof_byte,410176,xor01_from151,VERIFY_PANIC
t1-0,proof_byte,410240,xor01_from145,VERIFY_PANIC
t1-0,proof_byte,410304,xor01_from206,VERIFY_PANIC
t1-0,proof_byte,410368,xor01_from240,VERIFY_PANIC
t1-0,proof_byte,410432,xor01_from55,VERIFY_PANIC
t1-0,proof_byte,410496,xor01_from72,VERIFY_PANIC
t1-0,proof_byte,410560,xor01_from146,VERIFY_PANIC
t1-0,proof_byte,410624,xor01_from139,VERIFY_PANIC
t1-0,proof_byte,410688,xor01_from164,VERIFY_PANIC
t1-0,proof_byte,410752,xor01_from238,VERIFY_PANIC
t1-0,proof_byte,410816,xor01_from212,VERIFY_PANIC
t1-0,proof_byte,410880,xor01_from223,VERIFY_PANIC
t1-0,proof_byte,410944,xor01_from51,VERIFY_PANIC
t1-0,proof_byte,411008,xor01_from199,VERIFY_PANIC
t1-0,proof_byte,411072,xor01_from103,VERIFY_PANIC
t1-0,proof_byte,411136,xor01_from145,VERIFY_PANIC
t1-0,proof_byte,411200,xor01_from214,VERIFY_PANIC
t1-0,proof_byte,411264,xor01_from213,VERIFY_PANIC
t1-0,proof_byte,411328,xor01_from187,VERIFY_PANIC
t1-0,proof_byte,411392,xor01_from162,VERIFY_PANIC
t1-0,proof_byte,411456,xor01_from121,VERIFY_PANIC
t1-0,proof_byte,411520,xor01_from70,VERIFY_PANIC
t1-0,proof_byte,411584,xor01_from127,VERIFY_PANIC
t1-0,proof_byte,411648,xor01_from116,VERIFY_PANIC
t1-0,proof_byte,411712,xor01_from98,VERIFY_PANIC
t1-0,proof_byte,411776,xor01_from173,VERIFY_PANIC
t1-0,proof_byte,411840,xor01_from244,VERIFY_PANIC
t1-0,proof_byte,411904,xor01_from4,VERIFY_PANIC
t1-0,proof_byte,411968,xor01_from250,VERIFY_PANIC
t1-0,proof_byte,412032,xor01_from50,VERIFY_PANIC
t1-0,proof_byte,412096,xor01_from50,VERIFY_PANIC
t1-0,proof_byte,412160,xor01_from28,VERIFY_PANIC
t1-0,proof_byte,412224,xor01_from180,VERIFY_PANIC
t1-0,proof_byte,412288,xor01_from64,VERIFY_PANIC
t1-0,proof_byte,412352,xor01_from95,VERIFY_PANIC
t1-0,proof_byte,412416,xor01_from134,VERIFY_PANIC
t1-0,proof_byte,412480,xor01_from90,VERIFY_PANIC
t1-0,proof_byte,412544,xor01_from229,VERIFY_PANIC
t1-0,proof_byte,412608,xor01_from252,VERIFY_PANIC
t1-0,proof_byte,412672,xor01_from218,VERIFY_PANIC
t1-0,proof_byte,412736,xor01_from202,VERIFY_PANIC
t1-0,proof_byte,412800,xor01_from248,VERIFY_PANIC
t1-0,proof_byte,412864,xor01_from131,VERIFY_PANIC
t1-0,proof_byte,412928,xor01_from0,DESERIALIZE_REJECTED
t1-0,proof_byte,412992,xor01_from77,VERIFY_PANIC
t1-0,proof_byte,413056,xor01_from182,VERIFY_PANIC
t1-0,proof_byte,413120,xor01_from45,VERIFY_PANIC
t1-0,proof_byte,413184,xor01_from67,VERIFY_PANIC
t1-0,proof_byte,413248,xor01_from47,VERIFY_PANIC
t1-0,proof_byte,413312,xor01_from34,VERIFY_PANIC
t1-0,proof_byte,413376,xor01_from230,VERIFY_PANIC
t1-0,proof_byte,413440,xor01_from32,VERIFY_PANIC
t1-0,proof_byte,413504,xor01_from241,VERIFY_PANIC
t1-0,proof_byte,413568,xor01_from215,VERIFY_PANIC
t1-0,proof_byte,413632,xor01_from15,VERIFY_PANIC
t1-0,proof_byte,413696,xor01_from222,VERIFY_PANIC
t1-0,proof_byte,413760,xor01_from110,VERIFY_PANIC
t1-0,proof_byte,413824,xor01_from214,VERIFY_PANIC
t1-0,proof_byte,413888,xor01_from241,VERIFY_PANIC
t1-0,proof_byte,413952,xor01_from29,VERIFY_PANIC
t1-0,proof_byte,414016,xor01_from211,VERIFY_PANIC
t1-0,proof_byte,414080,xor01_from156,VERIFY_PANIC
t1-0,proof_byte,414144,xor01_from139,VERIFY_PANIC
t1-0,proof_byte,414208,xor01_from3,VERIFY_PANIC
t1-0,proof_byte,414272,xor01_from135,VERIFY_PANIC
t1-0,proof_byte,414336,xor01_from119,VERIFY_PANIC
t1-0,proof_byte,414400,xor01_from47,VERIFY_PANIC
t1-0,proof_byte,414464,xor01_from118,VERIFY_PANIC
t1-0,proof_byte,414528,xor01_from246,VERIFY_PANIC
t1-0,proof_byte,414592,xor01_from167,VERIFY_PANIC
t1-0,proof_byte,414656,xor01_from62,VERIFY_PANIC
t1-0,proof_byte,414720,xor01_from95,VERIFY_PANIC
t1-0,proof_byte,414784,xor01_from0,DESERIALIZE_REJECTED
t1-0,proof_byte,414848,xor01_from152,VERIFY_PANIC
t1-0,proof_byte,414912,xor01_from0,DESERIALIZE_REJECTED
t1-0,proof_byte,414976,xor01_from72,VERIFY_PANIC
t1-0,proof_byte,415040,xor01_from111,VERIFY_PANIC
t1-0,proof_byte,415104,xor01_from18,VERIFY_PANIC
t1-0,proof_byte,415168,xor01_from50,VERIFY_PANIC
t1-0,proof_byte,415232,xor01_from7,VERIFY_PANIC
t1-0,proof_byte,415296,xor01_from241,VERIFY_PANIC
t1-0,proof_byte,415360,xor01_from127,VERIFY_PANIC
t1-0,proof_byte,415424,xor01_from102,VERIFY_PANIC
t1-0,proof_byte,415488,xor01_from243,VERIFY_PANIC
t1-0,proof_byte,415552,xor01_from33,VERIFY_PANIC
t1-0,proof_byte,415616,xor01_from135,VERIFY_PANIC
t1-0,proof_byte,415680,xor01_from124,VERIFY_PANIC
t1-0,proof_byte,415744,xor01_from167,VERIFY_PANIC
t1-0,proof_byte,415808,xor01_from69,VERIFY_PANIC
t1-0,proof_byte,415872,xor01_from232,VERIFY_PANIC
t1-0,proof_byte,415936,xor01_from135,VERIFY_PANIC
t1-0,proof_byte,416000,xor01_from111,VERIFY_PANIC
t1-0,proof_byte,416064,xor01_from64,VERIFY_PANIC
t1-0,proof_byte,416128,xor01_from80,VERIFY_PANIC
t1-0,proof_byte,416192,xor01_from46,VERIFY_PANIC
t1-0,proof_byte,416256,xor01_from151,VERIFY_PANIC
t1-0,proof_byte,416320,xor01_from205,VERIFY_PANIC
t1-0,proof_byte,416384,xor01_from43,VERIFY_PANIC
t1-0,proof_byte,416448,xor01_from236,VERIFY_PANIC
t1-0,proof_byte,416512,xor01_from208,VERIFY_PANIC
t1-0,proof_byte,416576,xor01_from77,VERIFY_PANIC
t1-0,proof_byte,416640,xor01_from180,VERIFY_PANIC
t1-0,proof_byte,416704,xor01_from92,VERIFY_PANIC
t1-0,proof_byte,416768,xor01_from247,VERIFY_PANIC
t1-0,proof_byte,416832,xor01_from24,VERIFY_PANIC
t1-0,proof_byte,416896,xor01_from237,VERIFY_PANIC
t1-0,proof_byte,416960,xor01_from229,VERIFY_PANIC
t1-0,proof_byte,417024,xor01_from70,VERIFY_PANIC
t1-0,proof_byte,417088,xor01_from147,VERIFY_PANIC
t1-0,proof_byte,417152,xor01_from160,VERIFY_PANIC
t1-0,proof_byte,417216,xor01_from211,VERIFY_PANIC
t1-0,proof_byte,417280,xor01_from180,VERIFY_PANIC
t1-0,proof_byte,417344,xor01_from255,VERIFY_PANIC
t1-0,proof_byte,417408,xor01_from217,VERIFY_PANIC
t1-0,proof_byte,417472,xor01_from187,VERIFY_PANIC
t1-0,proof_byte,417536,xor01_from117,VERIFY_PANIC
t1-0,proof_byte,417600,xor01_from52,VERIFY_PANIC
t1-0,proof_byte,417664,xor01_from28,VERIFY_PANIC
t1-0,proof_byte,417728,xor01_from159,VERIFY_PANIC
t1-0,proof_byte,417792,xor01_from41,VERIFY_PANIC
t1-0,proof_byte,417856,xor01_from143,VERIFY_PANIC
t1-0,proof_byte,417920,xor01_from50,VERIFY_PANIC
t1-0,proof_byte,417984,xor01_from240,VERIFY_PANIC
t1-0,proof_byte,418048,xor01_from59,VERIFY_PANIC
t1-0,proof_byte,418112,xor01_from65,VERIFY_PANIC
t1-0,proof_byte,418176,xor01_from215,VERIFY_PANIC
t1-0,proof_byte,418240,xor01_from43,VERIFY_PANIC
t1-0,proof_byte,418304,xor01_from244,VERIFY_PANIC
t1-0,proof_byte,418368,xor01_from54,VERIFY_PANIC
t1-0,proof_byte,418432,xor01_from161,VERIFY_PANIC
t1-0,proof_byte,418496,xor01_from157,VERIFY_PANIC
t1-0,proof_byte,418560,xor01_from42,VERIFY_PANIC
t1-0,proof_byte,418624,xor01_from141,VERIFY_PANIC
t1-0,proof_byte,418688,xor01_from152,VERIFY_PANIC
t1-0,proof_byte,418752,xor01_from15,DESERIALIZE_REJECTED
t1-0,proof_byte,418816,xor01_from104,VERIFY_PANIC
t1-0,proof_byte,418880,xor01_from156,VERIFY_PANIC
t1-0,proof_byte,418944,xor01_from219,VERIFY_PANIC
t1-0,proof_byte,419008,xor01_from139,VERIFY_PANIC
t1-0,proof_byte,419072,xor01_from13,VERIFY_PANIC
t1-0,proof_byte,419136,xor01_from219,VERIFY_PANIC
t1-0,proof_byte,419200,xor01_from20,VERIFY_PANIC
t1-0,proof_byte,419264,xor01_from135,VERIFY_PANIC
t1-0,proof_byte,419328,xor01_from37,VERIFY_PANIC
t1-0,proof_byte,419392,xor01_from160,VERIFY_PANIC
t1-0,proof_byte,419456,xor01_from177,VERIFY_PANIC
t1-0,proof_byte,419520,xor01_from237,VERIFY_PANIC
t1-0,proof_byte,419584,xor01_from158,VERIFY_PANIC
t1-0,proof_byte,419648,xor01_from104,VERIFY_PANIC
t1-0,proof_byte,419712,xor01_from240,VERIFY_PANIC
t1-0,proof_byte,419776,xor01_from181,VERIFY_PANIC
t1-0,proof_byte,419840,xor01_from109,VERIFY_PANIC
t1-0,proof_byte,419904,xor01_from228,VERIFY_PANIC
t1-0,proof_byte,419968,xor01_from247,VERIFY_PANIC
t1-0,proof_byte,420032,xor01_from39,VERIFY_PANIC
t1-0,proof_byte,420096,xor01_from246,VERIFY_PANIC
t1-0,proof_byte,420160,xor01_from235,VERIFY_PANIC
t1-0,proof_byte,420224,xor01_from59,VERIFY_PANIC
t1-0,proof_byte,420288,xor01_from191,VERIFY_PANIC
t1-0,proof_byte,420352,xor01_from143,VERIFY_PANIC
t1-0,proof_byte,420416,xor01_from52,VERIFY_PANIC
t1-0,proof_byte,420480,xor01_from126,VERIFY_PANIC
t1-0,proof_byte,420544,xor01_from112,VERIFY_PANIC
t1-0,proof_byte,420608,xor01_from208,VERIFY_PANIC
t1-0,proof_byte,420672,xor01_from144,VERIFY_PANIC
t1-0,proof_byte,420736,xor01_from229,VERIFY_PANIC
t1-0,proof_byte,420800,xor01_from121,VERIFY_PANIC
t1-0,proof_byte,420864,xor01_from139,VERIFY_PANIC
t1-0,proof_byte,420928,xor01_from13,VERIFY_PANIC
t1-0,proof_byte,420992,xor01_from93,VERIFY_PANIC
t1-0,proof_byte,421056,xor01_from152,VERIFY_PANIC
t1-0,proof_byte,421120,xor01_from100,VERIFY_PANIC
t1-0,proof_byte,421184,xor01_from107,VERIFY_PANIC
t1-0,proof_byte,421248,xor01_from3,VERIFY_PANIC
t1-0,proof_byte,421312,xor01_from102,VERIFY_PANIC
t1-0,proof_byte,421376,xor01_from40,VERIFY_PANIC
t1-0,proof_byte,421440,xor01_from69,VERIFY_PANIC
t1-0,proof_byte,421504,xor01_from248,VERIFY_PANIC
t1-0,proof_byte,421568,xor01_from151,VERIFY_PANIC
t1-0,proof_byte,421632,xor01_from68,VERIFY_PANIC
t1-0,proof_byte,421696,xor01_from230,VERIFY_PANIC
t1-0,proof_byte,421760,xor01_from4,VERIFY_PANIC
t1-0,proof_byte,421824,xor01_from72,VERIFY_PANIC
t1-0,proof_byte,421888,xor01_from7,DESERIALIZE_REJECTED
t1-0,proof_byte,421952,xor01_from176,VERIFY_PANIC
t1-0,proof_byte,422016,xor01_from194,VERIFY_PANIC
t1-0,proof_byte,422080,xor01_from217,VERIFY_PANIC
t1-0,proof_byte,422144,xor01_from128,VERIFY_PANIC
t1-0,proof_byte,422208,xor01_from14,VERIFY_PANIC
t1-0,proof_byte,422272,xor01_from214,VERIFY_PANIC
t1-0,proof_byte,422336,xor01_from18,VERIFY_PANIC
t1-0,proof_byte,422400,xor01_from115,VERIFY_PANIC
t1-0,proof_byte,422464,xor01_from133,VERIFY_PANIC
t1-0,proof_byte,422528,xor01_from173,VERIFY_PANIC
t1-0,proof_byte,422592,xor01_from51,VERIFY_PANIC
t1-0,proof_byte,422656,xor01_from137,VERIFY_PANIC
t1-0,proof_byte,422720,xor01_from10,VERIFY_PANIC
t1-0,proof_byte,422784,xor01_from153,VERIFY_PANIC
t1-0,proof_byte,422848,xor01_from236,VERIFY_PANIC
t1-0,proof_byte,422912,xor01_from41,VERIFY_PANIC
t1-0,proof_byte,422976,xor01_from38,VERIFY_PANIC
t1-0,proof_byte,423040,xor01_from85,VERIFY_PANIC
t1-0,proof_byte,423104,xor01_from44,VERIFY_PANIC
t1-0,proof_byte,423168,xor01_from155,VERIFY_PANIC
t1-0,proof_byte,423232,xor01_from34,VERIFY_PANIC
t1-0,proof_byte,423296,xor01_from231,VERIFY_PANIC
t1-0,proof_byte,423360,xor01_from160,VERIFY_PANIC
t1-0,proof_byte,423424,xor01_from148,VERIFY_PANIC
t1-0,proof_byte,423488,xor01_from20,VERIFY_PANIC
t1-0,proof_byte,423552,xor01_from60,VERIFY_PANIC
t1-0,proof_byte,423616,xor01_from36,VERIFY_PANIC
t1-0,proof_byte,423680,xor01_from9,VERIFY_PANIC
t1-0,proof_byte,423744,xor01_from36,VERIFY_PANIC
t1-0,proof_byte,423808,xor01_from229,VERIFY_PANIC
t1-0,proof_byte,423872,xor01_from0,DESERIALIZE_REJECTED
t1-0,proof_byte,423936,xor01_from196,VERIFY_PANIC
t1-0,proof_byte,424000,xor01_from191,VERIFY_PANIC
t1-0,proof_byte,424064,xor01_from255,VERIFY_PANIC
t1-0,proof_byte,424128,xor01_from51,VERIFY_PANIC
t1-0,proof_byte,424192,xor01_from201,VERIFY_PANIC
t1-0,proof_byte,424256,xor01_from199,VERIFY_PANIC
t1-0,proof_byte,424320,xor01_from59,VERIFY_PANIC
t1-0,proof_byte,424384,xor01_from179,VERIFY_PANIC
t1-0,proof_byte,424448,xor01_from0,DESERIALIZE_REJECTED
t1-0,proof_byte,424512,xor01_from192,VERIFY_PANIC
t1-0,proof_byte,424576,xor01_from187,VERIFY_PANIC
t1-0,proof_byte,424640,xor01_from140,VERIFY_PANIC
t1-0,proof_byte,424704,xor01_from248,VERIFY_PANIC
t1-0,proof_byte,424768,xor01_from89,VERIFY_PANIC
t1-0,proof_byte,424832,xor01_from130,VERIFY_PANIC
t1-0,proof_byte,424896,xor01_from234,VERIFY_PANIC
t1-0,proof_byte,424960,xor01_from179,VERIFY_PANIC
t1-0,proof_byte,425024,xor01_from7,VERIFY_PANIC
t1-0,proof_byte,425088,xor01_from169,VERIFY_PANIC
t1-0,proof_byte,425152,xor01_from110,VERIFY_PANIC
t1-0,proof_byte,425216,xor01_from39,VERIFY_PANIC
t1-0,proof_byte,425280,xor01_from110,VERIFY_PANIC
t1-0,proof_byte,425344,xor01_from87,VERIFY_PANIC
t1-0,proof_byte,425408,xor01_from251,VERIFY_PANIC
t1-0,proof_byte,425472,xor01_from50,VERIFY_PANIC
t1-0,proof_byte,425536,xor01_from231,VERIFY_PANIC
t1-0,proof_byte,425600,xor01_from88,VERIFY_PANIC
t1-0,proof_byte,425664,xor01_from86,VERIFY_PANIC
t1-0,proof_byte,425728,xor01_from76,VERIFY_PANIC
t1-0,proof_byte,425792,xor01_from165,VERIFY_PANIC
t1-0,proof_byte,425856,xor01_from146,VERIFY_PANIC
t1-0,proof_byte,425920,xor01_from240,VERIFY_PANIC
t1-0,proof_byte,425984,xor01_from222,VERIFY_PANIC
t1-0,proof_byte,426048,xor01_from234,VERIFY_PANIC
t1-0,proof_byte,426112,xor01_from251,VERIFY_PANIC
t1-0,proof_byte,426176,xor01_from131,VERIFY_PANIC
t1-0,proof_byte,426240,xor01_from1,VERIFY_PANIC
t1-0,proof_byte,426304,xor01_from197,VERIFY_PANIC
t1-0,proof_byte,426368,xor01_from143,VERIFY_PANIC
t1-0,proof_byte,426432,xor01_from242,VERIFY_PANIC
t1-0,proof_byte,426496,xor01_from196,VERIFY_PANIC
t1-0,proof_byte,426560,xor01_from247,VERIFY_PANIC
t1-0,proof_byte,426624,xor01_from8,VERIFY_PANIC
t1-0,proof_byte,426688,xor01_from14,VERIFY_PANIC
t1-0,proof_byte,426752,xor01_from2,VERIFY_PANIC
t1-0,proof_byte,426816,xor01_from99,VERIFY_PANIC
t1-0,proof_byte,426880,xor01_from241,VERIFY_PANIC
t1-0,proof_byte,426944,xor01_from69,VERIFY_PANIC
t1-0,proof_byte,427008,xor01_from224,VERIFY_PANIC
t1-0,proof_byte,427072,xor01_from146,VERIFY_PANIC
t1-0,proof_byte,427136,xor01_from159,VERIFY_PANIC
t1-0,proof_byte,427200,xor01_from117,VERIFY_PANIC
t1-0,proof_byte,427264,xor01_from205,VERIFY_PANIC
t1-0,proof_byte,427328,xor01_from48,VERIFY_PANIC
t1-0,proof_byte,427392,xor01_from191,VERIFY_PANIC
t1-0,proof_byte,427456,xor01_from85,VERIFY_PANIC
t1-0,proof_byte,427520,xor01_from236,VERIFY_PANIC
t1-0,proof_byte,427584,xor01_from141,VERIFY_PANIC
t1-0,proof_byte,427648,xor01_from43,VERIFY_PANIC
t1-0,proof_byte,427712,xor01_from91,VERIFY_PANIC
t1-0,proof_byte,427776,xor01_from127,VERIFY_PANIC
t1-0,proof_byte,427840,xor01_from148,VERIFY_PANIC
t1-0,proof_byte,427904,xor01_from47,VERIFY_PANIC
t1-0,proof_byte,427968,xor01_from124,VERIFY_PANIC
t1-0,proof_byte,428032,xor01_from135,VERIFY_PANIC
t1-0,proof_byte,428096,xor01_from114,VERIFY_PANIC
t1-0,proof_byte,428160,xor01_from47,VERIFY_PANIC
t1-0,proof_byte,428224,xor01_from153,VERIFY_PANIC
t1-0,proof_byte,428288,xor01_from186,VERIFY_PANIC
t1-0,proof_byte,428352,xor01_from207,VERIFY_PANIC
t1-0,proof_byte,428416,xor01_from151,VERIFY_PANIC
t1-0,proof_byte,428480,xor01_from78,VERIFY_PANIC
t1-0,proof_byte,428544,xor01_from247,VERIFY_PANIC
t1-0,proof_byte,428608,xor01_from0,DESERIALIZE_REJECTED
t1-0,proof_byte,428672,xor01_from152,VERIFY_PANIC
t1-0,proof_byte,428736,xor01_from151,VERIFY_PANIC
t1-0,proof_byte,428800,xor01_from83,VERIFY_PANIC
t1-0,proof_byte,428864,xor01_from54,VERIFY_PANIC
t1-0,proof_byte,428928,xor01_from51,VERIFY_PANIC
t1-0,proof_byte,428992,xor01_from192,VERIFY_PANIC
t1-0,proof_byte,429056,xor01_from65,VERIFY_PANIC
t1-0,proof_byte,429120,xor01_from114,VERIFY_PANIC
t1-0,proof_byte,429184,xor01_from190,VERIFY_PANIC
t1-0,proof_byte,429248,xor01_from38,VERIFY_PANIC
t1-0,proof_byte,429312,xor01_from198,VERIFY_PANIC
t1-0,proof_byte,429376,xor01_from101,VERIFY_PANIC
t1-0,proof_byte,429440,xor01_from39,VERIFY_PANIC
t1-0,proof_byte,429504,xor01_from227,VERIFY_PANIC
t1-0,proof_byte,429568,xor01_from7,VERIFY_PANIC
t1-0,proof_byte,429632,xor01_from228,VERIFY_PANIC
t1-0,proof_byte,429696,xor01_from140,VERIFY_PANIC
t1-0,proof_byte,429760,xor01_from72,VERIFY_PANIC
t1-0,proof_byte,429824,xor01_from95,VERIFY_PANIC
t1-0,proof_byte,429888,xor01_from60,VERIFY_PANIC
t1-0,proof_byte,429952,xor01_from20,VERIFY_PANIC
t1-0,proof_byte,430016,xor01_from43,VERIFY_PANIC
t1-0,proof_byte,430080,xor01_from157,VERIFY_PANIC
t1-0,proof_byte,430144,xor01_from193,VERIFY_PANIC
t1-0,proof_byte,430208,xor01_from32,VERIFY_PANIC
t1-0,proof_byte,430272,xor01_from103,VERIFY_PANIC
t1-0,proof_byte,430336,xor01_from60,VERIFY_PANIC
t1-0,proof_byte,430400,xor01_from140,VERIFY_PANIC
t1-0,proof_byte,430464,xor01_from13,VERIFY_PANIC
t1-0,proof_byte,430528,xor01_from146,VERIFY_PANIC
t1-0,proof_byte,430592,xor01_from136,VERIFY_PANIC
t1-0,proof_byte,430656,xor01_from169,VERIFY_PANIC
t1-0,proof_byte,430720,xor01_from0,DESERIALIZE_REJECTED
t1-0,proof_byte,430784,xor01_from175,VERIFY_PANIC
t1-0,proof_byte,430848,xor01_from247,VERIFY_PANIC
t1-0,proof_byte,430912,xor01_from205,VERIFY_PANIC
t1-0,proof_byte,430976,xor01_from0,DESERIALIZE_REJECTED
t1-0,proof_byte,431040,xor01_from14,VERIFY_PANIC
t1-0,proof_byte,431104,xor01_from0,DESERIALIZE_REJECTED
t1-0,proof_byte,431168,xor01_from145,VERIFY_PANIC
t1-0,proof_byte,431232,xor01_from243,VERIFY_PANIC
t1-0,proof_byte,431296,xor01_from143,VERIFY_PANIC
t1-0,proof_byte,431360,xor01_from191,VERIFY_PANIC
t1-0,proof_byte,431424,xor01_from128,VERIFY_PANIC
t1-0,proof_byte,431488,xor01_from217,VERIFY_PANIC
t1-0,proof_byte,431552,xor01_from157,VERIFY_PANIC
t1-0,proof_byte,431616,xor01_from1,VERIFY_PANIC
t1-0,proof_byte,431680,xor01_from200,VERIFY_PANIC
t1-0,proof_byte,431744,xor01_from89,VERIFY_PANIC
t1-0,proof_byte,431808,xor01_from151,VERIFY_PANIC
t1-0,proof_byte,431872,xor01_from0,DESERIALIZE_REJECTED
t1-0,proof_byte,431936,xor01_from26,VERIFY_PANIC
t1-0,proof_byte,432000,xor01_from45,VERIFY_PANIC
t1-0,proof_byte,432064,xor01_from255,VERIFY_PANIC
t1-0,proof_byte,432128,xor01_from225,VERIFY_PANIC
t1-0,proof_byte,432192,xor01_from115,VERIFY_PANIC
t1-0,proof_byte,432256,xor01_from206,VERIFY_PANIC
t1-0,proof_byte,432320,xor01_from61,VERIFY_PANIC
t1-0,proof_byte,432384,xor01_from189,VERIFY_PANIC
t1-0,proof_byte,432448,xor01_from19,DESERIALIZE_REJECTED
t1-0,proof_byte,432512,xor01_from168,VERIFY_PANIC
t1-0,proof_byte,432576,xor01_from144,VERIFY_PANIC
t1-0,proof_byte,432640,xor01_from133,VERIFY_PANIC
t1-0,proof_byte,432704,xor01_from138,VERIFY_PANIC
t1-0,proof_byte,432768,xor01_from123,VERIFY_PANIC
t1-0,proof_byte,432832,xor01_from186,VERIFY_PANIC
t1-0,proof_byte,432896,xor01_from53,VERIFY_PANIC
t1-0,proof_byte,432960,xor01_from140,VERIFY_PANIC
t1-0,proof_byte,433024,xor01_from54,VERIFY_PANIC
t1-0,proof_byte,433088,xor01_from210,VERIFY_PANIC
t1-0,proof_byte,433152,xor01_from251,VERIFY_PANIC
t1-0,proof_byte,433216,xor01_from222,VERIFY_PANIC
t1-0,proof_byte,433280,xor01_from219,VERIFY_PANIC
t1-0,proof_byte,433344,xor01_from130,VERIFY_PANIC
t1-0,proof_byte,433408,xor01_from233,VERIFY_PANIC
t1-0,proof_byte,433472,xor01_from244,VERIFY_PANIC
t1-0,proof_byte,433536,xor01_from239,VERIFY_PANIC
t1-0,proof_byte,433600,xor01_from111,VERIFY_PANIC
t1-0,proof_byte,433664,xor01_from118,VERIFY_PANIC
t1-0,proof_byte,433728,xor01_from125,VERIFY_PANIC
t1-0,proof_byte,433792,xor01_from145,VERIFY_PANIC
t1-0,proof_byte,433856,xor01_from45,VERIFY_PANIC
t1-0,proof_byte,433920,xor01_from39,VERIFY_PANIC
t1-0,proof_byte,433984,xor01_from121,VERIFY_PANIC
t1-0,proof_byte,434048,xor01_from236,VERIFY_PANIC
t1-0,proof_byte,434112,xor01_from89,VERIFY_PANIC
t1-0,proof_byte,434176,xor01_from171,VERIFY_PANIC
t1-0,proof_byte,434240,xor01_from77,VERIFY_PANIC
t1-0,proof_byte,434304,xor01_from78,VERIFY_PANIC
t1-0,proof_byte,434368,xor01_from57,VERIFY_PANIC
t1-0,proof_byte,434432,xor01_from173,VERIFY_PANIC
t1-0,proof_byte,434496,xor01_from78,VERIFY_PANIC
t1-0,proof_byte,434560,xor01_from204,VERIFY_PANIC
t1-0,proof_byte,434624,xor01_from215,VERIFY_PANIC
t1-0,proof_byte,434688,xor01_from110,VERIFY_PANIC
t1-0,proof_byte,434752,xor01_from32,VERIFY_PANIC
t1-0,proof_byte,434816,xor01_from140,VERIFY_PANIC
t1-0,proof_byte,434880,xor01_from155,VERIFY_PANIC
t1-0,proof_byte,434944,xor01_from23,VERIFY_PANIC
t1-0,proof_byte,435008,xor01_from228,VERIFY_PANIC
t1-0,proof_byte,435072,xor01_from212,VERIFY_PANIC
t1-0,proof_byte,435136,xor01_from86,VERIFY_PANIC
t1-0,proof_byte,435200,xor01_from215,VERIFY_PANIC
t1-0,proof_byte,435264,xor01_from85,VERIFY_PANIC
t1-0,proof_byte,435328,xor01_from228,VERIFY_PANIC
t1-0,proof_byte,435392,xor01_from146,VERIFY_PANIC
t1-0,proof_byte,435456,xor01_from255,VERIFY_PANIC
t1-0,proof_byte,435520,xor01_from154,VERIFY_PANIC
t1-0,proof_byte,435584,xor01_from85,VERIFY_PANIC
t1-0,proof_byte,435648,xor01_from215,VERIFY_PANIC
t1-0,proof_byte,435712,xor01_from228,VERIFY_PANIC
t1-0,proof_byte,435776,xor01_from213,VERIFY_PANIC
t1-0,proof_byte,435840,xor01_from200,VERIFY_PANIC
t1-0,proof_byte,435904,xor01_from88,VERIFY_PANIC
t1-0,proof_byte,435968,xor01_from240,VERIFY_PANIC
t1-0,proof_byte,436032,xor01_from92,VERIFY_PANIC
t1-0,proof_byte,436096,xor01_from128,VERIFY_PANIC
t1-0,proof_byte,436160,xor01_from161,VERIFY_PANIC
t1-0,proof_byte,436224,xor01_from12,DESERIALIZE_REJECTED
t1-0,proof_byte,436288,xor01_from197,VERIFY_PANIC
t1-0,proof_byte,436352,xor01_from204,VERIFY_PANIC
t1-0,proof_byte,436416,xor01_from35,VERIFY_PANIC
t1-0,proof_byte,436480,xor01_from211,VERIFY_PANIC
t1-0,proof_byte,436544,xor01_from223,VERIFY_PANIC
t1-0,proof_byte,436608,xor01_from10,VERIFY_PANIC
t1-0,proof_byte,436672,xor01_from236,VERIFY_PANIC
t1-0,proof_byte,436736,xor01_from165,VERIFY_PANIC
t1-0,proof_byte,436800,xor01_from132,VERIFY_PANIC
t1-0,proof_byte,436864,xor01_from119,VERIFY_PANIC
t1-0,proof_byte,436928,xor01_from151,VERIFY_PANIC
t1-0,proof_byte,436992,xor01_from125,VERIFY_PANIC
t1-0,proof_byte,437056,xor01_from11,VERIFY_PANIC
t1-0,proof_byte,437120,xor01_from179,VERIFY_PANIC
t1-0,proof_byte,437184,xor01_from225,VERIFY_PANIC
t1-0,proof_byte,437248,xor01_from71,VERIFY_PANIC
t1-0,proof_byte,437312,xor01_from46,VERIFY_PANIC
t1-0,proof_byte,437376,xor01_from87,VERIFY_PANIC
t1-0,proof_byte,437440,xor01_from245,VERIFY_PANIC
t1-0,proof_byte,437504,xor01_from66,VERIFY_PANIC
t1-0,proof_byte,437568,xor01_from237,VERIFY_PANIC
t1-0,proof_byte,437632,xor01_from179,VERIFY_PANIC
t1-0,proof_byte,437696,xor01_from184,VERIFY_PANIC
t1-0,proof_byte,437760,xor01_from242,VERIFY_PANIC
t1-0,proof_byte,437824,xor01_from205,VERIFY_PANIC
t1-0,proof_byte,437888,xor01_from13,VERIFY_PANIC
t1-0,proof_byte,437952,xor01_from151,VERIFY_PANIC
t1-0,proof_byte,438016,xor01_from162,VERIFY_PANIC
t1-0,proof_byte,438080,xor01_from213,VERIFY_PANIC
t1-0,proof_byte,438144,xor01_from108,VERIFY_PANIC
t1-0,proof_byte,438208,xor01_from127,VERIFY_PANIC
t1-0,proof_byte,438272,xor01_from120,VERIFY_PANIC
t1-0,proof_byte,438336,xor01_from149,VERIFY_PANIC
t1-0,proof_byte,438400,xor01_from228,VERIFY_PANIC
t1-0,proof_byte,438464,xor01_from132,VERIFY_PANIC
t1-0,proof_byte,438528,xor01_from188,VERIFY_PANIC
t1-0,proof_byte,438592,xor01_from4,DESERIALIZE_REJECTED
t1-0,proof_byte,438656,xor01_from200,VERIFY_PANIC
t1-0,proof_byte,438720,xor01_from27,VERIFY_PANIC
t1-0,proof_byte,438784,xor01_from129,VERIFY_PANIC
t1-0,proof_byte,438848,xor01_from183,VERIFY_PANIC
t1-0,proof_byte,438912,xor01_from110,VERIFY_PANIC
t1-0,proof_byte,438976,xor01_from10,VERIFY_PANIC
t1-0,proof_byte,439040,xor01_from117,VERIFY_PANIC
t1-0,proof_byte,439104,xor01_from139,VERIFY_PANIC
t1-0,proof_byte,439168,xor01_from6,DESERIALIZE_REJECTED
t1-0,proof_byte,439232,xor01_from15,VERIFY_PANIC
t1-0,proof_byte,439296,xor01_from113,VERIFY_PANIC
t1-0,proof_byte,439360,xor01_from181,VERIFY_PANIC
t1-0,proof_byte,439424,xor01_from7,VERIFY_PANIC
t1-0,proof_byte,439488,xor01_from67,VERIFY_PANIC
t1-0,proof_byte,439552,xor01_from106,VERIFY_PANIC
t1-0,proof_byte,439616,xor01_from101,VERIFY_PANIC
t1-0,proof_byte,439680,xor01_from239,VERIFY_PANIC
t1-0,proof_byte,439744,xor01_from220,VERIFY_PANIC
t1-0,proof_byte,439808,xor01_from254,VERIFY_PANIC
t1-0,proof_byte,439872,xor01_from190,VERIFY_PANIC
t1-0,proof_byte,439936,xor01_from36,VERIFY_PANIC
t1-0,proof_byte,440000,xor01_from202,VERIFY_PANIC
t1-0,proof_byte,440064,xor01_from229,VERIFY_PANIC
t1-0,proof_byte,440128,xor01_from152,VERIFY_PANIC
t1-0,proof_byte,440192,xor01_from23,VERIFY_PANIC
t1-0,proof_byte,440256,xor01_from0,VERIFY_PANIC
t1-0,proof_byte,440320,xor01_from102,VERIFY_PANIC
t1-0,proof_byte,440384,xor01_from65,VERIFY_PANIC
t1-0,proof_byte,440448,xor01_from114,VERIFY_PANIC
t1-0,proof_byte,440512,xor01_from60,VERIFY_PANIC
t1-0,proof_byte,440576,xor01_from158,VERIFY_PANIC
t1-0,proof_byte,440640,xor01_from103,VERIFY_PANIC
t1-0,proof_byte,440704,xor01_from143,VERIFY_PANIC
t1-0,proof_byte,440768,xor01_from246,VERIFY_PANIC
t1-0,proof_byte,440832,xor01_from69,VERIFY_PANIC
t1-0,proof_byte,440896,xor01_from7,VERIFY_PANIC
t1-0,proof_byte,440960,xor01_from216,VERIFY_PANIC
t1-0,proof_byte,441024,xor01_from39,VERIFY_PANIC
t1-0,proof_byte,441088,xor01_from236,VERIFY_PANIC
t1-0,proof_byte,441152,xor01_from90,VERIFY_PANIC
t1-0,proof_byte,441216,xor01_from88,VERIFY_PANIC
t1-0,proof_byte,441280,xor01_from95,VERIFY_PANIC
t1-0,proof_byte,441344,xor01_from19,VERIFY_PANIC
t1-0,proof_byte,441408,xor01_from108,VERIFY_PANIC
t1-0,proof_byte,441472,xor01_from68,VERIFY_PANIC
t1-0,proof_byte,441536,xor01_from45,VERIFY_PANIC
t1-0,proof_byte,441600,xor01_from45,VERIFY_PANIC
t1-0,proof_byte,441664,xor01_from11,VERIFY_PANIC
t1-0,proof_byte,441728,xor01_from107,VERIFY_PANIC
t1-0,proof_byte,441792,xor01_from194,VERIFY_PANIC
t1-0,proof_byte,441856,xor01_from41,VERIFY_PANIC
t1-0,proof_byte,441920,xor01_from159,VERIFY_PANIC
t1-0,proof_byte,441984,xor01_from53,VERIFY_PANIC
t1-0,proof_byte,442048,xor01_from14,VERIFY_PANIC
t1-0,proof_byte,442112,xor01_from232,VERIFY_PANIC
t1-0,proof_byte,442176,xor01_from95,VERIFY_PANIC
t1-0,proof_byte,442240,xor01_from70,VERIFY_PANIC
t1-0,proof_byte,442304,xor01_from0,DESERIALIZE_REJECTED
t1-0,proof_byte,442368,xor01_from224,VERIFY_PANIC
t1-0,proof_byte,442432,xor01_from8,VERIFY_PANIC
t1-0,proof_byte,442496,xor01_from108,VERIFY_PANIC
t1-0,proof_byte,442560,xor01_from227,VERIFY_PANIC
t1-0,proof_byte,442624,xor01_from79,VERIFY_PANIC
t1-0,proof_byte,442688,xor01_from160,VERIFY_PANIC
t1-0,proof_byte,442752,xor01_from141,VERIFY_PANIC
t1-0,proof_byte,442816,xor01_from19,VERIFY_PANIC
t1-0,proof_byte,442880,xor01_from223,VERIFY_PANIC
t1-0,proof_byte,442944,xor01_from65,VERIFY_PANIC
t1-0,proof_byte,443008,xor01_from31,VERIFY_PANIC
t1-0,proof_byte,443072,xor01_from116,VERIFY_PANIC
t1-0,proof_byte,443136,xor01_from114,VERIFY_PANIC
t1-0,proof_byte,443200,xor01_from66,VERIFY_PANIC
t1-0,proof_byte,443264,xor01_from157,VERIFY_PANIC
t1-0,proof_byte,443328,xor01_from194,VERIFY_PANIC
t1-0,proof_byte,443392,xor01_from164,VERIFY_PANIC
t1-0,proof_byte,443456,xor01_from255,VERIFY_PANIC
t1-0,proof_byte,443520,xor01_from1,VERIFY_PANIC
t1-0,proof_byte,443584,xor01_from79,VERIFY_PANIC
t1-0,proof_byte,443648,xor01_from31,VERIFY_PANIC
t1-0,proof_byte,443712,xor01_from197,VERIFY_PANIC
t1-0,proof_byte,443776,xor01_from248,VERIFY_PANIC
t1-0,proof_byte,443840,xor01_from163,VERIFY_PANIC
t1-0,proof_byte,443904,xor01_from239,VERIFY_PANIC
t1-0,proof_byte,443968,xor01_from132,VERIFY_PANIC
t1-0,proof_byte,444032,xor01_from23,VERIFY_PANIC
t1-0,proof_byte,444096,xor01_from118,VERIFY_PANIC
t1-0,proof_byte,444160,xor01_from50,VERIFY_PANIC
t1-0,proof_byte,444224,xor01_from93,VERIFY_PANIC
t1-0,proof_byte,444288,xor01_from41,VERIFY_PANIC
t1-0,proof_byte,444352,xor01_from143,VERIFY_PANIC
t1-0,proof_byte,444416,xor01_from68,VERIFY_PANIC
t1-0,proof_byte,444480,xor01_from43,VERIFY_PANIC
t1-0,proof_byte,444544,xor01_from205,VERIFY_PANIC
t1-0,proof_byte,444608,xor01_from236,VERIFY_PANIC
t1-0,proof_byte,444672,xor01_from49,VERIFY_PANIC
t1-0,proof_byte,444736,xor01_from105,VERIFY_PANIC
t1-0,proof_byte,444800,xor01_from202,VERIFY_PANIC
t1-0,proof_byte,444864,xor01_from218,VERIFY_PANIC
t1-0,proof_byte,444928,xor01_from82,VERIFY_PANIC
t1-0,proof_byte,444992,xor01_from218,VERIFY_PANIC
t1-0,proof_byte,445056,xor01_from153,VERIFY_PANIC
t1-0,proof_byte,445120,xor01_from157,VERIFY_PANIC
t1-0,proof_byte,445184,xor01_from39,VERIFY_PANIC
t1-0,proof_byte,445248,xor01_from63,VERIFY_PANIC
t1-0,proof_byte,445312,xor01_from193,VERIFY_PANIC
t1-0,proof_byte,445376,xor01_from152,VERIFY_PANIC
t1-0,proof_byte,445440,xor01_from188,VERIFY_PANIC
t1-0,proof_byte,445504,xor01_from155,VERIFY_PANIC
t1-0,proof_byte,445568,xor01_from17,VERIFY_PANIC
t1-0,proof_byte,445632,xor01_from0,VERIFY_PANIC
t1-0,proof_byte,445696,xor01_from0,DESERIALIZE_REJECTED
t1-0,proof_byte,445760,xor01_from211,VERIFY_PANIC
t1-0,proof_byte,445824,xor01_from4,VERIFY_PANIC
t1-0,proof_byte,445888,xor01_from22,VERIFY_PANIC
t1-0,proof_byte,445952,xor01_from194,VERIFY_PANIC
t1-0,proof_byte,446016,xor01_from88,VERIFY_PANIC
t1-0,proof_byte,446080,xor01_from64,VERIFY_PANIC
t1-0,proof_byte,446144,xor01_from159,VERIFY_PANIC
t1-0,proof_byte,446208,xor01_from145,VERIFY_PANIC
t1-0,proof_byte,446272,xor01_from37,VERIFY_PANIC
t1-0,proof_byte,446336,xor01_from171,VERIFY_PANIC
t1-0,proof_byte,446400,xor01_from238,VERIFY_PANIC
t1-0,proof_byte,446464,xor01_from95,VERIFY_PANIC
t1-0,proof_byte,446528,xor01_from79,VERIFY_PANIC
t1-0,proof_byte,446592,xor01_from232,VERIFY_PANIC
t1-0,proof_byte,446656,xor01_from149,VERIFY_PANIC
t1-0,proof_byte,446720,xor01_from23,VERIFY_PANIC
t1-0,proof_byte,446784,xor01_from110,VERIFY_PANIC
t1-0,proof_byte,446848,xor01_from239,VERIFY_PANIC
t1-0,proof_byte,446912,xor01_from11,VERIFY_PANIC
t1-0,proof_byte,446976,xor01_from157,VERIFY_PANIC
t1-0,proof_byte,447040,xor01_from0,DESERIALIZE_REJECTED
t1-0,proof_byte,447104,xor01_from27,VERIFY_PANIC
t1-0,proof_byte,447168,xor01_from125,VERIFY_PANIC
t1-0,proof_byte,447232,xor01_from0,DESERIALIZE_REJECTED
t1-0,proof_byte,447296,xor01_from239,VERIFY_PANIC
t1-0,proof_byte,447360,xor01_from21,VERIFY_PANIC
t1-0,proof_byte,447424,xor01_from209,VERIFY_PANIC
t1-0,proof_byte,447488,xor01_from4,VERIFY_PANIC
t1-0,proof_byte,447552,xor01_from172,VERIFY_PANIC
t1-0,proof_byte,447616,xor01_from97,VERIFY_PANIC
t1-0,proof_byte,447680,xor01_from67,VERIFY_PANIC
t1-0,proof_byte,447744,xor01_from104,VERIFY_PANIC
t1-0,proof_byte,447808,xor01_from38,VERIFY_PANIC
t1-0,proof_byte,447872,xor01_from179,VERIFY_PANIC
t1-0,proof_byte,447936,xor01_from123,VERIFY_PANIC
t1-0,proof_byte,448000,xor01_from14,VERIFY_PANIC
t1-0,proof_byte,448064,xor01_from174,VERIFY_PANIC
t1-0,proof_byte,448128,xor01_from212,VERIFY_PANIC
t1-0,proof_byte,448192,xor01_from28,VERIFY_PANIC
t1-0,proof_byte,448256,xor01_from234,VERIFY_PANIC
t1-0,proof_byte,448320,xor01_from236,VERIFY_PANIC
t1-0,proof_byte,448384,xor01_from133,VERIFY_PANIC
t1-0,proof_byte,448448,xor01_from192,VERIFY_PANIC
t1-0,proof_byte,448512,xor01_from133,VERIFY_PANIC
t1-0,proof_byte,448576,xor01_from207,VERIFY_PANIC
t1-0,proof_byte,448640,xor01_from172,VERIFY_PANIC
t1-0,proof_byte,448704,xor01_from233,VERIFY_PANIC
t1-0,proof_byte,448768,xor01_from214,VERIFY_PANIC
t1-0,proof_byte,448832,xor01_from192,VERIFY_PANIC
t1-0,proof_byte,448896,xor01_from33,VERIFY_PANIC
t1-0,proof_byte,448960,xor01_from78,VERIFY_PANIC
t1-0,proof_byte,449024,xor01_from214,VERIFY_PANIC
t1-0,proof_byte,449088,xor01_from23,VERIFY_PANIC
t1-0,proof_byte,449152,xor01_from173,VERIFY_PANIC
t1-0,proof_byte,449216,xor01_from214,VERIFY_PANIC
t1-0,proof_byte,449280,xor01_from46,VERIFY_PANIC
t1-0,proof_byte,449344,xor01_from151,VERIFY_PANIC
t1-0,proof_byte,449408,xor01_from62,VERIFY_PANIC
t1-0,proof_byte,449472,xor01_from72,VERIFY_PANIC
t1-0,proof_byte,449536,xor01_from195,VERIFY_PANIC
t1-0,proof_byte,449600,xor01_from133,VERIFY_PANIC
t1-0,proof_byte,449664,xor01_from87,VERIFY_PANIC
t1-0,proof_byte,449728,xor01_from16,VERIFY_PANIC
t1-0,proof_byte,449792,xor01_from114,VERIFY_PANIC
t1-0,proof_byte,449856,xor01_from161,VERIFY_PANIC
t1-0,proof_byte,449920,xor01_from192,VERIFY_PANIC
t1-0,proof_byte,449984,xor01_from34,VERIFY_PANIC
t1-0,proof_byte,450048,xor01_from129,VERIFY_PANIC
t1-0,proof_byte,450112,xor01_from141,VERIFY_PANIC
t1-0,proof_byte,450176,xor01_from148,VERIFY_PANIC
t1-0,proof_byte,450240,xor01_from66,VERIFY_PANIC
t1-0,proof_byte,450304,xor01_from144,VERIFY_PANIC
t1-0,proof_byte,450368,xor01_from103,VERIFY_PANIC
t1-0,proof_byte,450432,xor01_from124,VERIFY_PANIC
t1-0,proof_byte,450496,xor01_from3,VERIFY_PANIC
t1-0,proof_byte,450560,xor01_from168,VERIFY_PANIC
t1-0,proof_byte,450624,xor01_from59,VERIFY_PANIC
t1-0,proof_byte,450688,xor01_from47,VERIFY_PANIC
t1-0,proof_byte,450752,xor01_from99,VERIFY_PANIC
t1-0,proof_byte,450816,xor01_from113,VERIFY_PANIC
t1-0,proof_byte,450880,xor01_from48,VERIFY_PANIC
t1-0,proof_byte,450944,xor01_from134,VERIFY_PANIC
t1-0,proof_byte,451008,xor01_from85,VERIFY_PANIC
t1-0,proof_byte,451072,xor01_from220,VERIFY_PANIC
t1-0,proof_byte,451136,xor01_from14,VERIFY_PANIC
t1-0,proof_byte,451200,xor01_from9,VERIFY_PANIC
t1-0,proof_byte,451264,xor01_from61,VERIFY_PANIC
t1-0,proof_byte,451328,xor01_from54,VERIFY_PANIC
t1-0,proof_byte,451392,xor01_from168,VERIFY_PANIC
t1-0,proof_byte,451456,xor01_from15,VERIFY_PANIC
t1-0,proof_byte,451520,xor01_from5,VERIFY_PANIC
t1-0,proof_byte,451584,xor01_from124,VERIFY_PANIC
t1-0,proof_byte,451648,xor01_from62,VERIFY_PANIC
t1-0,proof_byte,451712,xor01_from157,VERIFY_PANIC
t1-0,proof_byte,451776,xor01_from162,VERIFY_PANIC
t1-0,proof_byte,451840,xor01_from13,DESERIALIZE_REJECTED
t1-0,proof_byte,451904,xor01_from163,VERIFY_PANIC
t1-0,proof_byte,451968,xor01_from130,VERIFY_PANIC
t1-0,proof_byte,452032,xor01_from182,VERIFY_PANIC
t1-0,proof_byte,452096,xor01_from131,VERIFY_PANIC
t1-0,proof_byte,452160,xor01_from237,VERIFY_PANIC
t1-0,proof_byte,452224,xor01_from32,VERIFY_PANIC
t1-0,proof_byte,452288,xor01_from208,VERIFY_PANIC
t1-0,proof_byte,452352,xor01_from219,VERIFY_PANIC
t1-0,proof_byte,452416,xor01_from92,VERIFY_PANIC
t1-0,proof_byte,452480,xor01_from179,VERIFY_PANIC
t1-0,proof_byte,452544,xor01_from142,VERIFY_PANIC
t1-0,proof_byte,452608,xor01_from62,VERIFY_PANIC
t1-0,proof_byte,452672,xor01_from10,VERIFY_PANIC
t1-0,proof_byte,452736,xor01_from94,VERIFY_PANIC
t1-0,proof_byte,452800,xor01_from88,VERIFY_PANIC
t1-0,proof_byte,452864,xor01_from107,VERIFY_PANIC
t1-0,proof_byte,452928,xor01_from243,VERIFY_PANIC
t1-0,proof_byte,452992,xor01_from196,VERIFY_PANIC
t1-0,proof_byte,453056,xor01_from10,VERIFY_PANIC
t1-0,proof_byte,453120,xor01_from68,VERIFY_PANIC
t1-0,proof_byte,453184,xor01_from68,VERIFY_PANIC
t1-0,proof_byte,453248,xor01_from75,VERIFY_PANIC
t1-0,proof_byte,453312,xor01_from170,VERIFY_PANIC
t1-0,proof_byte,453376,xor01_from253,VERIFY_PANIC
t1-0,proof_byte,453440,xor01_from189,VERIFY_PANIC
t1-0,proof_byte,453504,xor01_from238,VERIFY_PANIC
t1-0,proof_byte,453568,xor01_from32,VERIFY_PANIC
t1-0,proof_byte,453632,xor01_from65,VERIFY_PANIC
t1-0,proof_byte,453696,xor01_from210,VERIFY_PANIC
t1-0,proof_byte,453760,xor01_from254,VERIFY_PANIC
t1-0,proof_byte,453824,xor01_from140,VERIFY_PANIC
t1-0,proof_byte,453888,xor01_from179,VERIFY_PANIC
t1-0,proof_byte,453952,xor01_from248,VERIFY_PANIC
t1-0,proof_byte,454016,xor01_from148,VERIFY_PANIC
t1-0,proof_byte,454080,xor01_from227,VERIFY_PANIC
t1-0,proof_byte,454144,xor01_from147,VERIFY_PANIC
t1-0,proof_byte,454208,xor01_from124,VERIFY_PANIC
t1-0,proof_byte,454272,xor01_from18,VERIFY_PANIC
t1-0,proof_byte,454336,xor01_from214,VERIFY_PANIC
t1-0,proof_byte,454400,xor01_from107,VERIFY_PANIC
t1-0,proof_byte,454464,xor01_from5,DESERIALIZE_REJECTED
t1-0,proof_byte,454528,xor01_from25,VERIFY_PANIC
t1-0,proof_byte,454592,xor01_from234,VERIFY_PANIC
t1-0,proof_byte,454656,xor01_from177,VERIFY_PANIC
t1-0,proof_byte,454720,xor01_from84,VERIFY_PANIC
t1-0,proof_byte,454784,xor01_from184,VERIFY_PANIC
t1-0,proof_byte,454848,xor01_from205,VERIFY_PANIC
t1-0,proof_byte,454912,xor01_from157,VERIFY_PANIC
t1-0,proof_byte,454976,xor01_from39,VERIFY_PANIC
t1-0,proof_byte,455040,xor01_from229,VERIFY_PANIC
t1-0,proof_byte,455104,xor01_from8,DESERIALIZE_REJECTED
t1-0,proof_byte,455168,xor01_from6,VERIFY_PANIC
t1-0,proof_byte,455232,xor01_from223,VERIFY_PANIC
t1-0,proof_byte,455296,xor01_from108,VERIFY_PANIC
t1-0,proof_byte,455360,xor01_from211,VERIFY_PANIC
t1-0,proof_byte,455424,xor01_from50,VERIFY_PANIC
t1-0,proof_byte,455488,xor01_from147,VERIFY_PANIC
t1-0,proof_byte,455552,xor01_from22,VERIFY_PANIC
t1-0,proof_byte,455616,xor01_from237,VERIFY_PANIC
t1-0,proof_byte,455680,xor01_from175,VERIFY_PANIC
t1-0,proof_byte,455744,xor01_from59,VERIFY_PANIC
t1-0,proof_byte,455808,xor01_from149,VERIFY_PANIC
t1-0,proof_byte,455872,xor01_from241,VERIFY_PANIC
t1-0,proof_byte,455936,xor01_from141,VERIFY_PANIC
t1-0,proof_byte,456000,xor01_from10,VERIFY_PANIC
t1-0,proof_byte,456064,xor01_from119,VERIFY_PANIC
t1-0,proof_byte,456128,xor01_from148,VERIFY_PANIC
t1-0,proof_byte,456192,xor01_from135,VERIFY_PANIC
t1-0,proof_byte,456256,xor01_from192,VERIFY_PANIC
t1-0,proof_byte,456320,xor01_from120,VERIFY_PANIC
t1-0,proof_byte,456384,xor01_from62,VERIFY_PANIC
t1-0,proof_byte,456448,xor01_from127,VERIFY_PANIC
t1-0,proof_byte,456512,xor01_from51,VERIFY_PANIC
t1-0,proof_byte,456576,xor01_from146,VERIFY_PANIC
t1-0,proof_byte,456640,xor01_from66,VERIFY_PANIC
t1-0,proof_byte,456704,xor01_from183,VERIFY_PANIC
t1-0,proof_byte,456768,xor01_from9,VERIFY_PANIC
t1-0,proof_byte,456832,xor01_from208,VERIFY_PANIC
t1-0,proof_byte,456896,xor01_from241,VERIFY_PANIC
t1-0,proof_byte,456960,xor01_from136,VERIFY_PANIC
t1-0,proof_byte,457024,xor01_from185,VERIFY_PANIC
t1-0,proof_byte,457088,xor01_from8,VERIFY_PANIC
t1-0,proof_byte,457152,xor01_from105,VERIFY_PANIC
t1-0,proof_byte,457216,xor01_from17,VERIFY_PANIC
t1-0,proof_byte,457280,xor01_from156,VERIFY_PANIC
t1-0,proof_byte,457344,xor01_from4,VERIFY_PANIC
t1-0,proof_byte,457408,xor01_from165,VERIFY_PANIC
t1-0,proof_byte,457472,xor01_from175,VERIFY_PANIC
t1-0,proof_byte,457536,xor01_from5,VERIFY_PANIC
t1-0,proof_byte,457600,xor01_from238,VERIFY_PANIC
t1-0,proof_byte,457664,xor01_from255,VERIFY_PANIC
t1-0,proof_byte,457728,xor01_from83,VERIFY_PANIC
t1-0,proof_byte,457792,xor01_from0,DESERIALIZE_REJECTED
t1-0,proof_byte,457856,xor01_from18,VERIFY_PANIC
t1-0,proof_byte,457920,xor01_from34,VERIFY_PANIC
t1-0,proof_byte,457984,xor01_from81,VERIFY_PANIC
t1-0,proof_byte,458048,xor01_from125,VERIFY_PANIC
t1-0,proof_byte,458112,xor01_from105,VERIFY_PANIC
t1-0,proof_byte,458176,xor01_from145,VERIFY_PANIC
t1-0,proof_byte,458240,xor01_from244,VERIFY_PANIC
t1-0,proof_byte,458304,xor01_from199,VERIFY_PANIC
t1-0,proof_byte,458368,xor01_from87,VERIFY_PANIC
t1-0,proof_byte,458432,xor01_from54,VERIFY_PANIC
t1-0,proof_byte,458496,xor01_from173,VERIFY_PANIC
t1-0,proof_byte,458560,xor01_from153,VERIFY_PANIC
t1-0,proof_byte,458624,xor01_from214,VERIFY_PANIC
t1-0,proof_byte,458688,xor01_from111,VERIFY_PANIC
t1-0,proof_byte,458752,xor01_from151,VERIFY_PANIC
t1-0,proof_byte,458816,xor01_from98,VERIFY_PANIC
t1-0,proof_byte,458880,xor01_from176,VERIFY_PANIC
t1-0,proof_byte,458944,xor01_from200,VERIFY_PANIC
t1-0,proof_byte,459008,xor01_from153,VERIFY_PANIC
t1-0,proof_byte,459072,xor01_from213,VERIFY_PANIC
t1-0,proof_byte,459136,xor01_from221,VERIFY_PANIC
t1-0,proof_byte,459200,xor01_from160,VERIFY_PANIC
t1-0,proof_byte,459264,xor01_from186,VERIFY_PANIC
t1-0,proof_byte,459328,xor01_from37,VERIFY_PANIC
t1-0,proof_byte,459392,xor01_from111,VERIFY_PANIC
t1-0,proof_byte,459456,xor01_from216,VERIFY_PANIC
t1-0,proof_byte,459520,xor01_from207,VERIFY_PANIC
t1-0,proof_byte,459584,xor01_from174,VERIFY_PANIC
t1-0,proof_byte,459648,xor01_from9,VERIFY_PANIC
t1-0,proof_byte,459712,xor01_from234,VERIFY_PANIC
t1-0,proof_byte,459776,xor01_from128,VERIFY_PANIC
t1-0,proof_byte,459840,xor01_from125,VERIFY_PANIC
t1-0,proof_byte,459904,xor01_from108,VERIFY_PANIC
t1-0,proof_byte,459968,xor01_from223,VERIFY_PANIC
t1-0,proof_byte,460032,xor01_from173,VERIFY_PANIC
t1-0,proof_byte,460096,xor01_from42,VERIFY_PANIC
t1-0,proof_byte,460160,xor01_from253,VERIFY_PANIC
t1-0,proof_byte,460224,xor01_from126,VERIFY_PANIC
t1-0,proof_byte,460288,xor01_from84,VERIFY_PANIC
t1-0,proof_byte,460352,xor01_from104,VERIFY_PANIC
t1-0,proof_byte,460416,xor01_from119,VERIFY_PANIC
t1-0,proof_byte,460480,xor01_from89,VERIFY_PANIC
t1-0,proof_byte,460544,xor01_from190,VERIFY_PANIC
t1-0,proof_byte,460608,xor01_from139,VERIFY_PANIC
t1-0,proof_byte,460672,xor01_from89,VERIFY_PANIC
t1-0,proof_byte,460736,xor01_from99,VERIFY_PANIC
t1-0,proof_byte,460800,xor01_from143,VERIFY_PANIC
t1-0,proof_byte,460864,xor01_from49,VERIFY_PANIC
t1-0,proof_byte,460928,xor01_from52,VERIFY_PANIC
t1-0,proof_byte,460992,xor01_from58,VERIFY_PANIC
t1-0,proof_byte,461056,xor01_from142,VERIFY_PANIC
t1-0,proof_byte,461120,xor01_from91,VERIFY_PANIC
t1-0,proof_byte,461184,xor01_from58,VERIFY_PANIC
t1-0,proof_byte,461248,xor01_from133,VERIFY_PANIC
t1-0,proof_byte,461312,xor01_from171,VERIFY_PANIC
t1-0,proof_byte,461376,xor01_from39,VERIFY_PANIC
t1-0,proof_byte,461440,xor01_from0,DESERIALIZE_REJECTED
t1-0,proof_byte,461504,xor01_from60,VERIFY_PANIC
t1-0,proof_byte,461568,xor01_from195,VERIFY_PANIC
t1-0,proof_byte,461632,xor01_from109,VERIFY_PANIC
t1-0,proof_byte,461696,xor01_from177,VERIFY_PANIC
t1-0,proof_byte,461760,xor01_from190,VERIFY_PANIC
t1-0,proof_byte,461824,xor01_from199,VERIFY_PANIC
t1-0,proof_byte,461888,xor01_from238,VERIFY_PANIC
t1-0,proof_byte,461952,xor01_from211,VERIFY_PANIC
t1-0,proof_byte,462016,xor01_from12,VERIFY_PANIC
t1-0,proof_byte,462080,xor01_from1,VERIFY_PANIC
t1-0,proof_byte,462144,xor01_from189,VERIFY_PANIC
t1-0,proof_byte,462208,xor01_from38,VERIFY_PANIC
t1-0,proof_byte,462272,xor01_from192,VERIFY_PANIC
t1-0,proof_byte,462336,xor01_from241,VERIFY_PANIC
t1-0,proof_byte,462400,xor01_from118,VERIFY_PANIC
t1-0,proof_byte,462464,xor01_from160,VERIFY_PANIC
t1-0,proof_byte,462528,xor01_from26,VERIFY_PANIC
t1-0,proof_byte,462592,xor01_from0,VERIFY_PANIC
t1-0,proof_byte,462656,xor01_from96,VERIFY_PANIC
t1-0,proof_byte,462720,xor01_from162,VERIFY_PANIC
t1-0,proof_byte,462784,xor01_from70,VERIFY_PANIC
t1-0,proof_byte,462848,xor01_from235,VERIFY_PANIC
t1-0,proof_byte,462912,xor01_from47,VERIFY_PANIC
t1-0,proof_byte,462976,xor01_from193,VERIFY_PANIC
t1-0,proof_byte,463040,xor01_from0,DESERIALIZE_REJECTED
t1-0,proof_byte,463104,xor01_from104,VERIFY_PANIC
t1-0,proof_byte,463168,xor01_from254,VERIFY_PANIC
t1-0,proof_byte,463232,xor01_from44,VERIFY_PANIC
t1-0,proof_byte,463296,xor01_from20,VERIFY_PANIC
t1-0,proof_byte,463360,xor01_from81,VERIFY_PANIC
t1-0,proof_byte,463424,xor01_from9,VERIFY_PANIC
t1-0,proof_byte,463488,xor01_from67,VERIFY_PANIC
t1-0,proof_byte,463552,xor01_from118,VERIFY_PANIC
t1-0,proof_byte,463616,xor01_from133,VERIFY_PANIC
t1-0,proof_byte,463680,xor01_from219,VERIFY_PANIC
t1-0,proof_byte,463744,xor01_from240,VERIFY_PANIC
t1-0,proof_byte,463808,xor01_from178,VERIFY_PANIC
t1-0,proof_byte,463872,xor01_from225,VERIFY_PANIC
t1-0,proof_byte,463936,xor01_from0,DESERIALIZE_REJECTED
t1-0,proof_byte,464000,xor01_from143,VERIFY_PANIC
t1-0,proof_byte,464064,xor01_from95,VERIFY_PANIC
t1-0,proof_byte,464128,xor01_from85,VERIFY_PANIC
t1-0,proof_byte,464192,xor01_from223,VERIFY_PANIC
t1-0,proof_byte,464256,xor01_from152,VERIFY_PANIC
t1-0,proof_byte,464320,xor01_from150,VERIFY_PANIC
t1-0,proof_byte,464384,xor01_from121,VERIFY_PANIC
t1-0,proof_byte,464448,xor01_from25,VERIFY_PANIC
t1-0,proof_byte,464512,xor01_from215,VERIFY_PANIC
t1-0,proof_byte,464576,xor01_from12,VERIFY_PANIC
t1-0,proof_byte,464640,xor01_from176,VERIFY_PANIC
t1-0,proof_byte,464704,xor01_from212,VERIFY_PANIC
t1-0,proof_byte,464768,xor01_from177,VERIFY_PANIC
t1-0,proof_byte,464832,xor01_from160,VERIFY_PANIC
t1-0,proof_byte,464896,xor01_from153,VERIFY_PANIC
t1-0,proof_byte,464960,xor01_from207,VERIFY_PANIC
t1-0,proof_byte,465024,xor01_from43,VERIFY_PANIC
t1-0,proof_byte,465088,xor01_from213,VERIFY_PANIC
t1-0,proof_byte,465152,xor01_from153,VERIFY_PANIC
t1-0,proof_byte,465216,xor01_from18,DESERIALIZE_REJECTED
t1-0,proof_byte,465280,xor01_from82,VERIFY_PANIC
t1-0,proof_byte,465344,xor01_from234,VERIFY_PANIC
t1-0,proof_byte,465408,xor01_from231,VERIFY_PANIC
t1-0,proof_byte,465472,xor01_from139,VERIFY_PANIC
t1-0,proof_byte,465536,xor01_from215,VERIFY_PANIC
t1-0,proof_byte,465600,xor01_from80,VERIFY_PANIC
t1-0,proof_byte,465664,xor01_from53,VERIFY_PANIC
t1-0,proof_byte,465728,xor01_from155,VERIFY_PANIC
t1-0,proof_byte,465792,xor01_from78,VERIFY_PANIC
t1-0,proof_byte,465856,xor01_from134,VERIFY_PANIC
t1-0,proof_byte,465920,xor01_from127,VERIFY_PANIC
t1-0,proof_byte,465984,xor01_from59,VERIFY_PANIC
t1-0,proof_byte,466048,xor01_from0,VERIFY_PANIC
t1-0,proof_byte,466112,xor01_from67,VERIFY_PANIC
t1-0,proof_byte,466176,xor01_from181,VERIFY_PANIC
t1-0,proof_byte,466240,xor01_from69,VERIFY_PANIC
t1-0,proof_byte,466304,xor01_from154,VERIFY_PANIC
t1-0,proof_byte,466368,xor01_from71,VERIFY_PANIC
t1-0,proof_byte,466432,xor01_from107,VERIFY_PANIC
t1-0,proof_byte,466496,xor01_from130,VERIFY_PANIC
t1-0,proof_byte,466560,xor01_from244,VERIFY_PANIC
t1-0,proof_byte,466624,xor01_from58,VERIFY_PANIC
t1-0,proof_byte,466688,xor01_from4,VERIFY_PANIC
t1-0,proof_byte,466752,xor01_from130,VERIFY_PANIC
t1-0,proof_byte,466816,xor01_from211,VERIFY_PANIC
t1-0,proof_byte,466880,xor01_from112,VERIFY_PANIC
t1-0,proof_byte,466944,xor01_from19,VERIFY_PANIC
t1-0,proof_byte,467008,xor01_from52,VERIFY_PANIC
t1-0,proof_byte,467072,xor01_from211,VERIFY_PANIC
t1-0,proof_byte,467136,xor01_from188,VERIFY_PANIC
t1-0,proof_byte,467200,xor01_from201,VERIFY_PANIC
t1-0,proof_byte,467264,xor01_from73,VERIFY_PANIC
t1-0,proof_byte,467328,xor01_from54,VERIFY_PANIC
t1-0,proof_byte,467392,xor01_from174,VERIFY_PANIC
t1-0,proof_byte,467456,xor01_from175,VERIFY_PANIC
t1-0,proof_byte,467520,xor01_from160,VERIFY_PANIC
t1-0,proof_byte,467584,xor01_from90,VERIFY_PANIC
t1-0,proof_byte,467648,xor01_from178,VERIFY_PANIC
t1-0,proof_byte,467712,xor01_from29,VERIFY_PANIC
t1-0,proof_byte,467776,xor01_from155,VERIFY_PANIC
t1-0,proof_byte,467840,xor01_from90,VERIFY_PANIC
t1-0,proof_byte,467904,xor01_from125,VERIFY_PANIC
t1-0,proof_byte,467968,xor01_from79,VERIFY_PANIC
t1-0,proof_byte,468032,xor01_from165,VERIFY_PANIC
t1-0,proof_byte,468096,xor01_from44,VERIFY_PANIC
t1-0,proof_byte,468160,xor01_from61,VERIFY_PANIC
t1-0,proof_byte,468224,xor01_from29,VERIFY_PANIC
t1-0,proof_byte,468288,xor01_from36,VERIFY_PANIC
t1-0,proof_byte,468352,xor01_from58,VERIFY_PANIC
t1-0,proof_byte,468416,xor01_from242,VERIFY_PANIC
t1-0,proof_byte,468480,xor01_from90,VERIFY_PANIC
t1-0,proof_byte,468544,xor01_from175,VERIFY_PANIC
t1-0,proof_byte,468608,xor01_from229,VERIFY_PANIC
t1-0,proof_byte,468672,xor01_from210,VERIFY_PANIC
t1-0,proof_byte,468736,xor01_from92,VERIFY_PANIC
t1-0,proof_byte,468800,xor01_from113,VERIFY_PANIC
t1-0,proof_byte,468864,xor01_from220,VERIFY_PANIC
t1-0,proof_byte,468928,xor01_from0,VERIFY_PANIC
t1-0,proof_byte,468992,xor01_from113,VERIFY_PANIC
t1-0,proof_byte,469056,xor01_from81,VERIFY_PANIC
t1-0,proof_byte,469120,xor01_from10,DESERIALIZE_REJECTED
t1-0,proof_byte,469184,xor01_from126,VERIFY_PANIC
t1-0,proof_byte,469248,xor01_from176,VERIFY_PANIC
t1-0,proof_byte,469312,xor01_from36,VERIFY_PANIC
t1-0,proof_byte,469376,xor01_from94,VERIFY_PANIC
t1-0,proof_byte,469440,xor01_from54,VERIFY_PANIC
t1-0,proof_byte,469504,xor01_from62,VERIFY_PANIC
t1-0,proof_byte,469568,xor01_from228,VERIFY_PANIC
t1-0,proof_byte,469632,xor01_from194,VERIFY_PANIC
t1-0,proof_byte,469696,xor01_from30,VERIFY_PANIC
t1-0,proof_byte,469760,xor01_from136,VERIFY_PANIC
t1-0,proof_byte,469824,xor01_from71,VERIFY_PANIC
t1-0,proof_byte,469888,xor01_from199,VERIFY_PANIC
t1-0,proof_byte,469952,xor01_from63,VERIFY_PANIC
t1-0,proof_byte,470016,xor01_from204,VERIFY_PANIC
t1-0,proof_byte,470080,xor01_from194,VERIFY_PANIC
t1-0,proof_byte,470144,xor01_from58,VERIFY_PANIC
t1-0,proof_byte,470208,xor01_from238,VERIFY_PANIC
t1-0,proof_byte,470272,xor01_from115,VERIFY_PANIC
t1-0,proof_byte,470336,xor01_from151,VERIFY_PANIC
t1-0,proof_byte,470400,xor01_from197,VERIFY_PANIC
t1-0,proof_byte,470464,xor01_from232,VERIFY_PANIC
t1-0,proof_byte,470528,xor01_from37,VERIFY_PANIC
t1-0,proof_byte,470592,xor01_from190,VERIFY_PANIC
t1-0,proof_byte,470656,xor01_from105,VERIFY_PANIC
t1-0,proof_byte,470720,xor01_from170,VERIFY_PANIC
t1-0,proof_byte,470784,xor01_from101,VERIFY_PANIC
t1-0,proof_byte,470848,xor01_from16,VERIFY_PANIC
t1-0,proof_byte,470912,xor01_from207,VERIFY_PANIC
t1-0,proof_byte,470976,xor01_from2,DESERIALIZE_REJECTED
t1-0,proof_byte,471040,xor01_from239,VERIFY_PANIC
t1-0,proof_byte,471104,xor01_from2,DESERIALIZE_REJECTED
t1-0,proof_byte,471168,xor01_from250,VERIFY_PANIC
t1-0,proof_byte,471232,xor01_from122,VERIFY_PANIC
t1-0,proof_byte,471296,xor01_from78,VERIFY_PANIC
t1-0,proof_byte,471360,xor01_from22,VERIFY_PANIC
t1-0,proof_byte,471424,xor01_from20,VERIFY_PANIC
t1-0,proof_byte,471488,xor01_from199,VERIFY_PANIC
t1-0,proof_byte,471552,xor01_from178,VERIFY_PANIC
t1-0,proof_byte,471616,xor01_from154,VERIFY_PANIC
t1-0,proof_byte,471680,xor01_from169,VERIFY_PANIC
t1-0,proof_byte,471744,xor01_from94,VERIFY_PANIC
t1-0,proof_byte,471808,xor01_from228,VERIFY_PANIC
t1-0,proof_byte,471872,xor01_from25,VERIFY_PANIC
t1-0,proof_byte,471936,xor01_from248,VERIFY_PANIC
t1-0,proof_byte,472000,xor01_from126,VERIFY_PANIC
t1-0,proof_byte,472064,xor01_from137,VERIFY_PANIC
t1-0,proof_byte,472128,xor01_from28,VERIFY_PANIC
t1-0,proof_byte,472192,xor01_from44,VERIFY_PANIC
t1-0,proof_byte,472256,xor01_from112,VERIFY_PANIC
t1-0,proof_byte,472320,xor01_from192,VERIFY_PANIC
t1-0,proof_byte,472384,xor01_from127,VERIFY_PANIC
t1-0,proof_byte,472448,xor01_from98,VERIFY_PANIC
t1-0,proof_byte,472512,xor01_from145,VERIFY_PANIC
t1-0,proof_byte,472576,xor01_from162,VERIFY_PANIC
t1-0,proof_byte,472640,xor01_from156,VERIFY_PANIC
t1-0,proof_byte,472704,xor01_from186,VERIFY_PANIC
t1-0,proof_byte,472768,xor01_from73,VERIFY_PANIC
t1-0,proof_byte,472832,xor01_from166,VERIFY_PANIC
t1-0,proof_byte,472896,xor01_from113,VERIFY_PANIC
t1-0,proof_byte,472960,xor01_from172,VERIFY_PANIC
t1-0,proof_byte,473024,xor01_from112,VERIFY_PANIC
t1-0,proof_byte,473088,xor01_from89,VERIFY_PANIC
t1-0,proof_byte,473152,xor01_from58,VERIFY_PANIC
t1-0,proof_byte,473216,xor01_from183,VERIFY_PANIC
t1-0,proof_byte,473280,xor01_from244,VERIFY_PANIC
t1-0,proof_byte,473344,xor01_from249,VERIFY_PANIC
t1-0,proof_byte,473408,xor01_from211,VERIFY_PANIC
t1-0,proof_byte,473472,xor01_from83,VERIFY_PANIC
t1-0,proof_byte,473536,xor01_from47,VERIFY_PANIC
t1-0,proof_byte,473600,xor01_from35,VERIFY_PANIC
t1-0,proof_byte,473664,xor01_from28,VERIFY_PANIC
t1-0,proof_byte,473728,xor01_from219,VERIFY_PANIC
t1-0,proof_byte,473792,xor01_from103,VERIFY_PANIC
t1-0,proof_byte,473856,xor01_from134,VERIFY_PANIC
t1-0,proof_byte,473920,xor01_from150,VERIFY_PANIC
t1-0,proof_byte,473984,xor01_from67,VERIFY_PANIC
t1-0,proof_byte,474048,xor01_from246,VERIFY_PANIC
t1-0,proof_byte,474112,xor01_from27,VERIFY_PANIC
t1-0,proof_byte,474176,xor01_from206,VERIFY_PANIC
t1-0,proof_byte,474240,xor01_from210,VERIFY_PANIC
t1-0,proof_byte,474304,xor01_from77,VERIFY_PANIC
t1-0,proof_byte,474368,xor01_from217,VERIFY_PANIC
t1-0,proof_byte,474432,xor01_from168,VERIFY_PANIC
t1-0,proof_byte,474496,xor01_from61,VERIFY_PANIC
t1-0,proof_byte,474560,xor01_from131,VERIFY_PANIC
t1-0,proof_byte,474624,xor01_from129,VERIFY_PANIC
t1-0,proof_byte,474688,xor01_from28,VERIFY_PANIC
t1-0,proof_byte,474752,xor01_from82,VERIFY_PANIC
t1-0,proof_byte,474816,xor01_from221,VERIFY_PANIC
t1-0,proof_byte,474880,xor01_from83,VERIFY_PANIC
t1-0,proof_byte,474944,xor01_from246,VERIFY_PANIC
t1-0,proof_byte,475008,xor01_from9,VERIFY_PANIC
t1-0,proof_byte,475072,xor01_from124,VERIFY_PANIC
t1-0,proof_byte,475136,xor01_from84,VERIFY_PANIC
t1-0,proof_byte,475200,xor01_from150,VERIFY_PANIC
t1-0,proof_byte,475264,xor01_from67,VERIFY_PANIC
t1-0,proof_byte,475328,xor01_from65,VERIFY_PANIC
t1-0,proof_byte,475392,xor01_from115,VERIFY_PANIC
t1-0,proof_byte,475456,xor01_from0,DESERIALIZE_REJECTED
t1-0,proof_byte,475520,xor01_from223,VERIFY_PANIC
t1-0,proof_byte,475584,xor01_from86,VERIFY_PANIC
t1-0,proof_byte,475648,xor01_from138,VERIFY_PANIC
t1-0,proof_byte,475712,xor01_from112,VERIFY_PANIC
t1-0,proof_byte,475776,xor01_from91,VERIFY_PANIC
t1-0,proof_byte,475840,xor01_from111,VERIFY_PANIC
t1-0,proof_byte,475904,xor01_from62,VERIFY_PANIC
t1-0,proof_byte,475968,xor01_from212,VERIFY_PANIC
t1-0,proof_byte,476032,xor01_from201,VERIFY_PANIC
t1-0,proof_byte,476096,xor01_from198,VERIFY_PANIC
t1-0,proof_byte,476160,xor01_from143,VERIFY_PANIC
t1-0,proof_byte,476224,xor01_from167,VERIFY_PANIC
t1-0,proof_byte,476288,xor01_from38,VERIFY_PANIC
t1-0,proof_byte,476352,xor01_from85,VERIFY_PANIC
t1-0,proof_byte,476416,xor01_from206,VERIFY_PANIC
t1-0,proof_byte,476480,xor01_from232,VERIFY_PANIC
t1-0,proof_byte,476544,xor01_from197,VERIFY_PANIC
t1-0,proof_byte,476608,xor01_from28,VERIFY_PANIC
t1-0,proof_byte,476672,xor01_from150,VERIFY_PANIC
t1-0,proof_byte,476736,xor01_from65,VERIFY_PANIC
t1-0,proof_byte,476800,xor01_from228,VERIFY_PANIC
t1-0,proof_byte,476864,xor01_from180,VERIFY_PANIC
t1-0,proof_byte,476928,xor01_from22,VERIFY_PANIC
t1-0,proof_byte,476992,xor01_from6,VERIFY_PANIC
t1-0,proof_byte,477056,xor01_from250,VERIFY_PANIC
t1-0,proof_byte,477120,xor01_from207,VERIFY_PANIC
t1-0,proof_byte,477184,xor01_from180,VERIFY_PANIC
t1-0,proof_byte,477248,xor01_from196,VERIFY_PANIC
t1-0,proof_byte,477312,xor01_from2,VERIFY_PANIC
t1-0,proof_byte,477376,xor01_from92,VERIFY_PANIC
t1-0,proof_byte,477440,xor01_from95,VERIFY_PANIC
t1-0,proof_byte,477504,xor01_from159,VERIFY_PANIC
t1-0,proof_byte,477568,xor01_from159,VERIFY_PANIC
t1-0,proof_byte,477632,xor01_from205,VERIFY_PANIC
t1-0,proof_byte,477696,xor01_from18,VERIFY_PANIC
t1-0,proof_byte,477760,xor01_from37,VERIFY_PANIC
t1-0,proof_byte,477824,xor01_from195,VERIFY_PANIC
t1-0,proof_byte,477888,xor01_from13,VERIFY_PANIC
t1-0,proof_byte,477952,xor01_from105,VERIFY_PANIC
t1-0,proof_byte,478016,xor01_from163,VERIFY_PANIC
t1-0,proof_byte,478080,xor01_from59,VERIFY_PANIC
t1-0,proof_byte,478144,xor01_from48,VERIFY_PANIC
t1-0,proof_byte,478208,xor01_from208,VERIFY_PANIC
t1-0,proof_byte,478272,xor01_from222,VERIFY_PANIC
t1-0,proof_byte,478336,xor01_from0,DESERIALIZE_REJECTED
t1-0,proof_byte,478400,xor01_from57,VERIFY_PANIC
t1-0,proof_byte,478464,xor01_from34,VERIFY_PANIC
t1-0,proof_byte,478528,xor01_from11,VERIFY_PANIC
t1-0,proof_byte,478592,xor01_from186,VERIFY_PANIC
t1-0,proof_byte,478656,xor01_from130,VERIFY_PANIC
t1-0,proof_byte,478720,xor01_from149,VERIFY_PANIC
t1-0,proof_byte,478784,xor01_from171,VERIFY_PANIC
t1-0,proof_byte,478848,xor01_from205,VERIFY_PANIC
t1-0,proof_byte,478912,xor01_from71,VERIFY_PANIC
t1-0,proof_byte,478976,xor01_from43,VERIFY_PANIC
t1-0,proof_byte,479040,xor01_from135,VERIFY_PANIC
t1-0,proof_byte,479104,xor01_from78,VERIFY_PANIC
t1-0,proof_byte,479168,xor01_from124,VERIFY_PANIC
t1-0,proof_byte,479232,xor01_from0,DESERIALIZE_REJECTED
t1-0,proof_byte,479296,xor01_from236,VERIFY_PANIC
t1-0,proof_byte,479360,xor01_from147,VERIFY_PANIC
t1-0,proof_byte,479424,xor01_from61,VERIFY_PANIC
t1-0,proof_byte,479488,xor01_from115,VERIFY_PANIC
t1-0,proof_byte,479552,xor01_from211,VERIFY_PANIC
t1-0,proof_byte,479616,xor01_from55,VERIFY_PANIC
t1-0,proof_byte,479680,xor01_from102,VERIFY_PANIC
t1-0,proof_byte,479744,xor01_from28,VERIFY_PANIC
t1-0,proof_byte,479808,xor01_from231,VERIFY_PANIC
t1-0,proof_byte,479872,xor01_from55,VERIFY_PANIC
t1-0,proof_byte,479936,xor01_from25,VERIFY_PANIC
t1-0,proof_byte,480000,xor01_from0,DESERIALIZE_REJECTED
t1-0,proof_byte,480064,xor01_from17,DESERIALIZE_REJECTED
t1-0,proof_byte,480128,xor01_from180,VERIFY_PANIC
t1-0,proof_byte,480192,xor01_from248,VERIFY_PANIC
t1-0,proof_byte,480256,xor01_from8,VERIFY_PANIC
t1-0,proof_byte,480320,xor01_from2,VERIFY_PANIC
t1-0,proof_byte,480384,xor01_from71,VERIFY_PANIC
t1-0,proof_byte,480448,xor01_from13,VERIFY_PANIC
t1-0,proof_byte,480512,xor01_from224,VERIFY_PANIC
t1-0,proof_byte,480576,xor01_from222,VERIFY_PANIC
t1-0,proof_byte,480640,xor01_from19,DESERIALIZE_REJECTED
t1-0,proof_byte,480704,xor01_from64,VERIFY_PANIC
t1-0,proof_byte,480768,xor01_from22,VERIFY_PANIC
t1-0,proof_byte,480832,xor01_from138,VERIFY_PANIC
t1-0,proof_byte,480896,xor01_from112,VERIFY_PANIC
t1-0,proof_byte,480960,xor01_from247,VERIFY_PANIC
t1-0,proof_byte,481024,xor01_from201,VERIFY_PANIC
t1-0,proof_byte,481088,xor01_from5,VERIFY_PANIC
t1-0,proof_byte,481152,xor01_from65,VERIFY_PANIC
t1-0,proof_byte,481216,xor01_from11,VERIFY_PANIC
t1-0,proof_byte,481280,xor01_from247,VERIFY_PANIC
t1-0,proof_byte,481344,xor01_from37,VERIFY_PANIC
t1-0,proof_byte,481408,xor01_from204,VERIFY_PANIC
t1-0,proof_byte,481472,xor01_from22,VERIFY_PANIC
t1-0,proof_byte,481536,xor01_from187,VERIFY_PANIC
t1-0,proof_byte,481600,xor01_from36,VERIFY_PANIC
t1-0,proof_byte,481664,xor01_from142,VERIFY_PANIC
t1-0,proof_byte,481728,xor01_from88,VERIFY_PANIC
t1-0,proof_byte,481792,xor01_from74,VERIFY_PANIC
t1-0,proof_byte,481856,xor01_from209,VERIFY_PANIC
t1-0,proof_byte,481920,xor01_from186,VERIFY_PANIC
t1-0,proof_byte,481984,xor01_from152,VERIFY_PANIC
t1-0,proof_byte,482048,xor01_from219,VERIFY_PANIC
t1-0,proof_byte,482112,xor01_from18,VERIFY_PANIC
t1-0,proof_byte,482176,xor01_from96,VERIFY_PANIC
t1-0,proof_byte,482240,xor01_from8,VERIFY_PANIC
t1-0,proof_byte,482304,xor01_from111,VERIFY_PANIC
t1-0,proof_byte,482368,xor01_from250,VERIFY_PANIC
t1-0,proof_byte,482432,xor01_from253,VERIFY_PANIC
t1-0,proof_byte,482496,xor01_from189,VERIFY_PANIC
t1-0,proof_byte,482560,xor01_from14,VERIFY_PANIC
t1-0,proof_byte,482624,xor01_from155,VERIFY_PANIC
t1-0,proof_byte,482688,xor01_from148,VERIFY_PANIC
t1-0,proof_byte,482752,xor01_from73,VERIFY_PANIC
t1-0,proof_byte,482816,xor01_from167,VERIFY_PANIC
t1-0,proof_byte,482880,xor01_from126,VERIFY_PANIC
t1-0,proof_byte,482944,xor01_from146,VERIFY_PANIC
t1-0,proof_byte,483008,xor01_from160,VERIFY_PANIC
t1-0,proof_byte,483072,xor01_from52,VERIFY_PANIC
t1-0,proof_byte,483136,xor01_from142,VERIFY_PANIC
t1-0,proof_byte,483200,xor01_from195,VERIFY_PANIC
t1-0,proof_byte,483264,xor01_from236,VERIFY_PANIC
t1-0,proof_byte,483328,xor01_from169,VERIFY_PANIC
t1-0,proof_byte,483392,xor01_from5,VERIFY_PANIC
t1-0,proof_byte,483456,xor01_from173,VERIFY_PANIC
t1-0,proof_byte,483520,xor01_from24,VERIFY_PANIC
t1-0,proof_byte,483584,xor01_from105,VERIFY_PANIC
t1-0,proof_byte,483648,xor01_from142,VERIFY_PANIC
t1-0,proof_byte,483712,xor01_from170,VERIFY_PANIC
t1-0,proof_byte,483776,xor01_from47,VERIFY_PANIC
t1-0,proof_byte,483840,xor01_from76,VERIFY_PANIC
t1-0,proof_byte,483904,xor01_from170,VERIFY_PANIC
t1-0,proof_byte,483968,xor01_from175,VERIFY_PANIC
t1-0,proof_byte,484032,xor01_from191,VERIFY_PANIC
t1-0,proof_byte,484096,xor01_from238,VERIFY_PANIC
t1-0,proof_byte,484160,xor01_from157,VERIFY_PANIC
t1-0,proof_byte,484224,xor01_from56,VERIFY_PANIC
t1-0,proof_byte,484288,xor01_from7,VERIFY_PANIC
t1-0,proof_byte,484352,xor01_from131,VERIFY_PANIC
t1-0,proof_byte,484416,xor01_from23,VERIFY_PANIC
t1-0,proof_byte,484480,xor01_from171,VERIFY_PANIC
t1-0,proof_byte,484544,xor01_from82,VERIFY_PANIC
t1-0,proof_byte,484608,xor01_from252,VERIFY_PANIC
t1-0,proof_byte,484672,xor01_from68,VERIFY_PANIC
t1-0,proof_byte,484736,xor01_from145,VERIFY_PANIC
t1-0,proof_byte,484800,xor01_from11,DESERIALIZE_REJECTED
t1-0,proof_byte,484864,xor01_from105,VERIFY_PANIC
t1-0,proof_byte,484928,xor01_from123,VERIFY_PANIC
t1-0,proof_byte,484992,xor01_from21,VERIFY_PANIC
t1-0,proof_byte,485056,xor01_from53,VERIFY_PANIC
t1-0,proof_byte,485120,xor01_from252,VERIFY_PANIC
t1-0,proof_byte,485184,xor01_from80,VERIFY_PANIC
t1-0,proof_byte,485248,xor01_from213,VERIFY_PANIC
t1-0,proof_byte,485312,xor01_from87,VERIFY_PANIC
t1-0,proof_byte,485376,xor01_from70,VERIFY_PANIC
t1-0,proof_byte,485440,xor01_from24,VERIFY_PANIC
t1-0,proof_byte,485504,xor01_from25,VERIFY_PANIC
t1-0,proof_byte,485568,xor01_from98,VERIFY_PANIC
t1-0,proof_byte,485632,xor01_from55,VERIFY_PANIC
t1-0,proof_byte,485696,xor01_from109,VERIFY_PANIC
t1-0,proof_byte,485760,xor01_from174,VERIFY_PANIC
t1-0,proof_byte,485824,xor01_from39,VERIFY_PANIC
t1-0,proof_byte,485888,xor01_from60,VERIFY_PANIC
t1-0,proof_byte,485952,xor01_from147,VERIFY_PANIC
t1-0,proof_byte,486016,xor01_from9,VERIFY_PANIC
t1-0,proof_byte,486080,xor01_from38,VERIFY_PANIC
t1-0,proof_byte,486144,xor01_from171,VERIFY_PANIC
t1-0,proof_byte,486208,xor01_from93,VERIFY_PANIC
t1-0,proof_byte,486272,xor01_from183,VERIFY_PANIC
t1-0,proof_byte,486336,xor01_from171,VERIFY_PANIC
t1-0,proof_byte,486400,xor01_from184,VERIFY_PANIC
t1-0,proof_byte,486464,xor01_from127,VERIFY_PANIC
t1-0,proof_byte,486528,xor01_from111,VERIFY_PANIC
t1-0,proof_byte,486592,xor01_from123,VERIFY_PANIC
t1-0,proof_byte,486656,xor01_from176,VERIFY_PANIC
t1-0,proof_byte,486720,xor01_from159,VERIFY_PANIC
t1-0,proof_byte,486784,xor01_from202,VERIFY_PANIC
t1-0,proof_byte,486848,xor01_from29,VERIFY_PANIC
t1-0,proof_byte,486912,xor01_from3,DESERIALIZE_REJECTED
t1-0,proof_byte,486976,xor01_from248,VERIFY_PANIC
t1-0,proof_byte,487040,xor01_from220,VERIFY_PANIC
t1-0,proof_byte,487104,xor01_from58,VERIFY_PANIC
t1-0,proof_byte,487168,xor01_from5,DESERIALIZE_REJECTED
t1-0,proof_byte,487232,xor01_from56,VERIFY_PANIC
t1-0,proof_byte,487296,xor01_from8,DESERIALIZE_REJECTED
t1-0,proof_byte,487360,xor01_from192,VERIFY_PANIC
t1-0,proof_byte,487424,xor01_from7,VERIFY_PANIC
t1-0,proof_byte,487488,xor01_from61,VERIFY_PANIC
t1-0,proof_byte,487552,xor01_from108,VERIFY_PANIC
t1-0,proof_byte,487616,xor01_from59,VERIFY_PANIC
t1-0,proof_byte,487680,xor01_from101,VERIFY_PANIC
t1-0,proof_byte,487744,xor01_from47,VERIFY_PANIC
t1-0,proof_byte,487808,xor01_from94,VERIFY_PANIC
t1-0,proof_byte,487872,xor01_from239,VERIFY_PANIC
t1-0,proof_byte,487936,xor01_from29,VERIFY_PANIC
t1-0,proof_byte,488000,xor01_from0,VERIFY_PANIC
t1-0,proof_byte,488064,xor01_from5,DESERIALIZE_REJECTED
t1-0,proof_byte,488128,xor01_from177,VERIFY_PANIC
t1-0,proof_byte,488192,xor01_from176,VERIFY_PANIC
t1-0,proof_byte,488256,xor01_from122,VERIFY_PANIC
t1-0,proof_byte,488320,xor01_from129,VERIFY_PANIC
t1-0,proof_byte,488384,xor01_from171,VERIFY_PANIC
t1-0,proof_byte,488448,xor01_from161,VERIFY_PANIC
t1-0,proof_byte,488512,xor01_from175,VERIFY_PANIC
t1-0,proof_byte,488576,xor01_from121,VERIFY_PANIC
t1-0,proof_byte,488640,xor01_from126,VERIFY_PANIC
t1-0,proof_byte,488704,xor01_from138,VERIFY_PANIC
t1-0,proof_byte,488768,xor01_from245,VERIFY_PANIC
t1-0,proof_byte,488832,xor01_from70,VERIFY_PANIC
t1-0,proof_byte,488896,xor01_from180,VERIFY_PANIC
t1-0,proof_byte,488960,xor01_from103,VERIFY_PANIC
t1-0,proof_byte,489024,xor01_from18,VERIFY_PANIC
t1-0,proof_byte,489088,xor01_from192,VERIFY_PANIC
t1-0,proof_byte,489152,xor01_from198,VERIFY_PANIC
t1-0,proof_byte,489216,xor01_from197,VERIFY_PANIC
t1-0,proof_byte,489280,xor01_from32,VERIFY_PANIC
t1-0,proof_byte,489344,xor01_from48,VERIFY_PANIC
t1-0,proof_byte,489408,xor01_from58,VERIFY_PANIC
t1-0,proof_byte,489472,xor01_from85,VERIFY_PANIC
t1-0,proof_byte,489536,xor01_from130,VERIFY_PANIC
t1-0,proof_byte,489600,xor01_from147,VERIFY_PANIC
t1-0,proof_byte,489664,xor01_from90,VERIFY_PANIC
t1-0,proof_byte,489728,xor01_from203,VERIFY_PANIC
t1-0,proof_byte,489792,xor01_from82,VERIFY_PANIC
t1-0,proof_byte,489856,xor01_from94,VERIFY_PANIC
t1-0,proof_byte,489920,xor01_from167,VERIFY_PANIC
t1-0,proof_byte,489984,xor01_from0,VERIFY_PANIC
t1-0,proof_byte,490048,xor01_from195,VERIFY_PANIC
t1-0,proof_byte,490112,xor01_from18,VERIFY_PANIC
t1-0,proof_byte,490176,xor01_from251,VERIFY_PANIC
t1-0,proof_byte,490240,xor01_from100,VERIFY_PANIC
t1-0,proof_byte,490304,xor01_from247,VERIFY_PANIC
t1-0,proof_byte,490368,xor01_from242,VERIFY_PANIC
t1-0,proof_byte,490432,xor01_from73,VERIFY_PANIC
t1-0,proof_byte,490496,xor01_from115,VERIFY_PANIC
t1-0,proof_byte,490560,xor01_from73,VERIFY_PANIC
t1-0,proof_byte,490624,xor01_from168,VERIFY_PANIC
t1-0,proof_byte,490688,xor01_from255,VERIFY_PANIC
t1-0,proof_byte,490752,xor01_from230,VERIFY_PANIC
t1-0,proof_byte,490816,xor01_from80,VERIFY_PANIC
t1-0,proof_byte,490880,xor01_from118,VERIFY_PANIC
t1-0,proof_byte,490944,xor01_from244,VERIFY_PANIC
t1-0,proof_byte,491008,xor01_from0,DESERIALIZE_REJECTED
t1-0,proof_byte,491072,xor01_from199,VERIFY_PANIC
t1-0,proof_byte,491136,xor01_from219,VERIFY_PANIC
t1-0,proof_byte,491200,xor01_from160,VERIFY_PANIC
t1-0,proof_byte,491264,xor01_from242,VERIFY_PANIC
t1-0,proof_byte,491328,xor01_from152,VERIFY_PANIC
t1-0,proof_byte,491392,xor01_from203,VERIFY_PANIC
t1-0,proof_byte,491456,xor01_from98,VERIFY_PANIC
t1-0,proof_byte,491520,xor01_from101,VERIFY_PANIC
t1-0,proof_byte,491584,xor01_from55,VERIFY_PANIC
t1-0,proof_byte,491648,xor01_from212,VERIFY_PANIC
t1-0,proof_byte,491712,xor01_from14,VERIFY_PANIC
t1-0,proof_byte,491776,xor01_from66,VERIFY_PANIC
t1-0,proof_byte,491840,xor01_from123,VERIFY_PANIC
t1-0,proof_byte,491904,xor01_from196,VERIFY_PANIC
t1-0,proof_byte,491968,xor01_from127,VERIFY_PANIC
t1-0,proof_byte,492032,xor01_from188,VERIFY_PANIC
t1-0,proof_byte,492096,xor01_from141,VERIFY_PANIC
t1-0,proof_byte,492160,xor01_from235,VERIFY_PANIC
t1-0,proof_byte,492224,xor01_from60,VERIFY_PANIC
t1-0,proof_byte,492288,xor01_from110,VERIFY_PANIC
t1-0,proof_byte,492352,xor01_from76,VERIFY_PANIC
t1-0,proof_byte,492416,xor01_from142,VERIFY_PANIC
t1-0,proof_byte,492480,xor01_from76,VERIFY_PANIC
t1-0,proof_byte,492544,xor01_from139,VERIFY_PANIC
t1-0,proof_byte,492608,xor01_from59,VERIFY_PANIC
t1-0,proof_byte,492672,xor01_from214,VERIFY_PANIC
t1-0,proof_byte,492736,xor01_from66,VERIFY_PANIC
t1-0,proof_byte,492800,xor01_from59,VERIFY_PANIC
t1-0,proof_byte,492864,xor01_from243,VERIFY_PANIC
t1-0,proof_byte,492928,xor01_from245,VERIFY_PANIC
t1-0,proof_byte,492992,xor01_from250,VERIFY_PANIC
t1-0,proof_byte,493056,xor01_from165,VERIFY_PANIC
t1-0,proof_byte,493120,xor01_from110,VERIFY_PANIC
t1-0,proof_byte,493184,xor01_from89,VERIFY_PANIC
t1-0,proof_byte,493248,xor01_from48,VERIFY_PANIC
t1-0,proof_byte,493312,xor01_from12,VERIFY_PANIC
t1-0,proof_byte,493376,xor01_from20,VERIFY_PANIC
t1-0,proof_byte,493440,xor01_from249,VERIFY_PANIC
t1-0,proof_byte,493504,xor01_from61,VERIFY_PANIC
t1-0,proof_byte,493568,xor01_from106,VERIFY_PANIC
t1-0,proof_byte,493632,xor01_from139,VERIFY_PANIC
t1-0,proof_byte,493696,xor01_from81,VERIFY_PANIC
t1-0,proof_byte,493760,xor01_from76,VERIFY_PANIC
t1-0,proof_byte,493824,xor01_from211,VERIFY_PANIC
t1-0,proof_byte,493888,xor01_from105,VERIFY_PANIC
t1-0,proof_byte,493952,xor01_from232,VERIFY_PANIC
t1-0,proof_byte,494016,xor01_from177,VERIFY_PANIC
t1-0,proof_byte,494080,xor01_from214,VERIFY_PANIC
t1-0,proof_byte,494144,xor01_from0,DESERIALIZE_REJECTED
t1-0,proof_byte,494208,xor01_from132,VERIFY_PANIC
t1-0,proof_byte,494272,xor01_from130,VERIFY_PANIC
t1-0,proof_byte,494336,xor01_from132,VERIFY_PANIC
t1-0,proof_byte,494400,xor01_from114,VERIFY_PANIC
t1-0,proof_byte,494464,xor01_from74,VERIFY_PANIC
t1-0,proof_byte,494528,xor01_from38,VERIFY_PANIC
t1-0,proof_byte,494592,xor01_from155,VERIFY_PANIC
t1-0,proof_byte,494656,xor01_from244,VERIFY_PANIC
t1-0,proof_byte,494720,xor01_from104,VERIFY_PANIC
t1-0,proof_byte,494784,xor01_from92,VERIFY_PANIC
t1-0,proof_byte,494848,xor01_from12,VERIFY_PANIC
t1-0,proof_byte,494912,xor01_from41,VERIFY_PANIC
t1-0,proof_byte,494976,xor01_from86,VERIFY_PANIC
t1-0,proof_byte,495040,xor01_from214,VERIFY_PANIC
t1-0,proof_byte,495104,xor01_from50,VERIFY_PANIC
t1-0,proof_byte,495168,xor01_from44,VERIFY_PANIC
t1-0,proof_byte,495232,xor01_from191,VERIFY_PANIC
t1-0,proof_byte,495296,xor01_from76,VERIFY_PANIC
t1-0,proof_byte,495360,xor01_from8,VERIFY_PANIC
t1-0,proof_byte,495424,xor01_from20,VERIFY_PANIC
t1-0,proof_byte,495488,xor01_from239,VERIFY_PANIC
t1-0,proof_byte,495552,xor01_from11,VERIFY_PANIC
t1-0,proof_byte,495616,xor01_from203,VERIFY_PANIC
t1-0,proof_byte,495680,xor01_from88,VERIFY_PANIC
t1-0,proof_byte,495744,xor01_from102,VERIFY_PANIC
t1-0,proof_byte,495808,xor01_from49,VERIFY_PANIC
t1-0,proof_byte,495872,xor01_from3,VERIFY_PANIC
t1-0,proof_byte,495936,xor01_from55,VERIFY_PANIC
t1-0,proof_byte,496000,xor01_from189,VERIFY_PANIC
t1-0,proof_byte,496064,xor01_from217,VERIFY_PANIC
t1-0,proof_byte,496128,xor01_from215,VERIFY_PANIC
t1-0,proof_byte,496192,xor01_from26,VERIFY_PANIC
t1-0,proof_byte,496256,xor01_from74,VERIFY_PANIC
t1-0,proof_byte,496320,xor01_from226,VERIFY_PANIC
t1-0,proof_byte,496384,xor01_from235,VERIFY_PANIC
t1-0,proof_byte,496448,xor01_from255,VERIFY_PANIC
t1-0,proof_byte,496512,xor01_from163,VERIFY_PANIC
t1-0,proof_byte,496576,xor01_from83,VERIFY_PANIC
t1-0,proof_byte,496640,xor01_from130,VERIFY_PANIC
t1-0,proof_byte,496704,xor01_from218,VERIFY_PANIC
t1-0,proof_byte,496768,xor01_from71,VERIFY_PANIC
t1-0,proof_byte,496832,xor01_from37,VERIFY_PANIC
t1-0,proof_byte,496896,xor01_from114,VERIFY_PANIC
t1-0,proof_byte,496960,xor01_from121,VERIFY_PANIC
t1-0,proof_byte,497024,xor01_from220,VERIFY_PANIC
t1-0,proof_byte,497088,xor01_from155,VERIFY_PANIC
t1-0,proof_byte,497152,xor01_from227,VERIFY_PANIC
t1-0,proof_byte,497216,xor01_from241,VERIFY_PANIC
t1-0,proof_byte,497280,xor01_from80,VERIFY_PANIC
t1-0,proof_byte,497344,xor01_from121,VERIFY_PANIC
t1-0,proof_byte,497408,xor01_from116,VERIFY_PANIC
t1-0,proof_byte,497472,xor01_from76,VERIFY_PANIC
t1-0,proof_byte,497536,xor01_from217,VERIFY_PANIC
t1-0,proof_byte,497600,xor01_from94,VERIFY_PANIC
t1-0,proof_byte,497664,xor01_from74,VERIFY_PANIC
t1-0,proof_byte,497728,xor01_from57,VERIFY_PANIC
t1-0,proof_byte,497792,xor01_from234,VERIFY_PANIC
t1-0,proof_byte,497856,xor01_from173,VERIFY_PANIC
t1-0,proof_byte,497920,xor01_from53,VERIFY_PANIC
t1-0,proof_byte,497984,xor01_from183,VERIFY_PANIC
t1-0,proof_byte,498048,xor01_from201,VERIFY_PANIC
t1-0,proof_byte,498112,xor01_from35,VERIFY_PANIC
t1-0,proof_byte,498176,xor01_from225,VERIFY_PANIC
t1-0,proof_byte,498240,xor01_from7,VERIFY_PANIC
t1-0,proof_byte,498304,xor01_from111,VERIFY_PANIC
t1-0,proof_byte,498368,xor01_from145,VERIFY_PANIC
t1-0,proof_byte,498432,xor01_from171,VERIFY_PANIC
t1-0,proof_byte,498496,xor01_from16,DESERIALIZE_REJECTED
t1-0,proof_byte,498560,xor01_from245,VERIFY_PANIC
t1-0,proof_byte,498624,xor01_from84,VERIFY_PANIC
t1-0,proof_byte,498688,xor01_from84,VERIFY_PANIC
t1-0,proof_byte,498752,xor01_from209,VERIFY_PANIC
t1-0,proof_byte,498816,xor01_from240,VERIFY_PANIC
t1-0,proof_byte,498880,xor01_from26,VERIFY_PANIC
t1-0,proof_byte,498944,xor01_from156,VERIFY_PANIC
t1-0,proof_byte,499008,xor01_from97,VERIFY_PANIC
t1-0,proof_byte,499072,xor01_from38,VERIFY_PANIC
t1-0,proof_byte,499136,xor01_from120,VERIFY_PANIC
t1-0,proof_byte,499200,xor01_from146,VERIFY_PANIC
t1-0,proof_byte,499264,xor01_from188,VERIFY_PANIC
t1-0,proof_byte,499328,xor01_from177,VERIFY_PANIC
t1-0,proof_byte,499392,xor01_from224,VERIFY_PANIC
t1-0,proof_byte,499456,xor01_from238,VERIFY_PANIC
t1-0,proof_byte,499520,xor01_from230,VERIFY_PANIC
t1-0,proof_byte,499584,xor01_from2,VERIFY_PANIC
t1-0,proof_byte,499648,xor01_from81,VERIFY_PANIC
t1-0,proof_byte,499712,xor01_from155,VERIFY_PANIC
t1-0,proof_byte,499776,xor01_from237,VERIFY_PANIC
t1-0,proof_byte,499840,xor01_from48,VERIFY_PANIC
t1-0,proof_byte,499904,xor01_from86,VERIFY_PANIC
t1-0,proof_byte,499968,xor01_from70,VERIFY_PANIC
t1-0,proof_byte,500032,xor01_from141,VERIFY_PANIC
t1-0,proof_byte,500096,xor01_from216,VERIFY_PANIC
t1-0,proof_byte,500160,xor01_from23,VERIFY_PANIC
t1-0,proof_byte,500224,xor01_from129,VERIFY_PANIC
t1-0,proof_byte,500288,xor01_from152,VERIFY_PANIC
t1-0,proof_byte,500352,xor01_from54,VERIFY_PANIC
t1-0,proof_byte,500416,xor01_from122,VERIFY_PANIC
t1-0,proof_byte,500480,xor01_from184,VERIFY_PANIC
t1-0,proof_byte,500544,xor01_from248,VERIFY_PANIC
t1-0,proof_byte,500608,xor01_from179,VERIFY_PANIC
t1-0,proof_byte,500672,xor01_from214,VERIFY_PANIC
t1-0,proof_byte,500736,xor01_from202,VERIFY_PANIC
t1-0,proof_byte,500800,xor01_from23,VERIFY_PANIC
t1-0,proof_byte,500864,xor01_from130,VERIFY_PANIC
t1-0,proof_byte,500928,xor01_from36,VERIFY_PANIC
t1-0,proof_byte,500992,xor01_from24,VERIFY_PANIC
t1-0,proof_byte,501056,xor01_from120,VERIFY_PANIC
t1-0,proof_byte,501120,xor01_from69,VERIFY_PANIC
t1-0,proof_byte,501184,xor01_from148,VERIFY_PANIC
t1-0,proof_byte,501248,xor01_from142,VERIFY_PANIC
t1-0,proof_byte,501312,xor01_from172,VERIFY_PANIC
t1-0,proof_byte,501376,xor01_from58,VERIFY_PANIC
t1-0,proof_byte,501440,xor01_from227,VERIFY_PANIC
t1-0,proof_byte,501504,xor01_from235,VERIFY_PANIC
t1-0,proof_byte,501568,xor01_from123,VERIFY_PANIC
t1-0,proof_byte,501632,xor01_from6,VERIFY_PANIC
t1-0,proof_byte,501696,xor01_from201,VERIFY_PANIC
t1-0,proof_byte,501760,xor01_from133,VERIFY_PANIC
t1-0,proof_byte,501824,xor01_from104,VERIFY_PANIC
t1-0,proof_byte,501888,xor01_from8,DESERIALIZE_REJECTED
t1-0,proof_byte,501952,xor01_from15,VERIFY_PANIC
t1-0,proof_byte,502016,xor01_from116,VERIFY_PANIC
t1-0,proof_byte,502080,xor01_from191,VERIFY_PANIC
t1-0,proof_byte,502144,xor01_from105,VERIFY_PANIC
t1-0,proof_byte,502208,xor01_from90,VERIFY_PANIC
t1-0,proof_byte,502272,xor01_from14,VERIFY_PANIC
t1-0,proof_byte,502336,xor01_from15,VERIFY_PANIC
t1-0,proof_byte,502400,xor01_from65,VERIFY_PANIC
t1-0,proof_byte,502464,xor01_from237,VERIFY_PANIC
t1-0,proof_byte,502528,xor01_from183,VERIFY_PANIC
t1-0,proof_byte,502592,xor01_from179,VERIFY_PANIC
t1-0,proof_byte,502656,xor01_from235,VERIFY_PANIC
t1-0,proof_byte,502720,xor01_from76,VERIFY_PANIC
t1-0,proof_byte,502784,xor01_from231,VERIFY_PANIC
t1-0,proof_byte,502848,xor01_from211,VERIFY_PANIC
t1-0,proof_byte,502912,xor01_from162,VERIFY_PANIC
t1-0,proof_byte,502976,xor01_from224,VERIFY_PANIC
t1-0,proof_byte,503040,xor01_from229,VERIFY_PANIC
t1-0,proof_byte,503104,xor01_from28,VERIFY_PANIC
t1-0,proof_byte,503168,xor01_from53,VERIFY_PANIC
t1-0,proof_byte,503232,xor01_from8,DESERIALIZE_REJECTED
t1-0,proof_byte,503296,xor01_from28,VERIFY_PANIC
t1-0,proof_byte,503360,xor01_from232,VERIFY_PANIC
t1-0,proof_byte,503424,xor01_from20,DESERIALIZE_REJECTED
t1-0,proof_byte,503488,xor01_from57,VERIFY_PANIC
t1-0,proof_byte,503552,xor01_from182,VERIFY_PANIC
t1-0,proof_byte,503616,xor01_from246,VERIFY_PANIC
t1-0,proof_byte,503680,xor01_from14,VERIFY_PANIC
t1-0,proof_byte,503744,xor01_from146,VERIFY_PANIC
t1-0,proof_byte,503808,xor01_from203,VERIFY_PANIC
t1-0,proof_byte,503872,xor01_from143,VERIFY_PANIC
t1-0,proof_byte,503936,xor01_from26,VERIFY_PANIC
t1-0,proof_byte,504000,xor01_from21,VERIFY_PANIC
t1-0,proof_byte,504064,xor01_from76,VERIFY_PANIC
t1-0,proof_byte,504128,xor01_from96,VERIFY_PANIC
t1-0,proof_byte,504192,xor01_from135,VERIFY_PANIC
t1-0,proof_byte,504256,xor01_from21,VERIFY_PANIC
t1-0,proof_byte,504320,xor01_from149,VERIFY_PANIC
t1-0,proof_byte,504384,xor01_from84,VERIFY_PANIC
t1-0,proof_byte,504448,xor01_from233,VERIFY_PANIC
t1-0,proof_byte,504512,xor01_from70,VERIFY_PANIC
t1-0,proof_byte,504576,xor01_from162,VERIFY_PANIC
t1-0,proof_byte,504640,xor01_from9,VERIFY_PANIC
t1-0,proof_byte,504704,xor01_from0,DESERIALIZE_REJECTED
t1-0,proof_byte,504768,xor01_from247,VERIFY_PANIC
t1-0,proof_byte,504832,xor01_from44,VERIFY_PANIC
t1-0,proof_byte,504896,xor01_from214,VERIFY_PANIC
t1-0,proof_byte,504960,xor01_from192,VERIFY_PANIC
t1-0,proof_byte,505024,xor01_from176,VERIFY_PANIC
t1-0,proof_byte,505088,xor01_from160,VERIFY_PANIC
t1-0,proof_byte,505152,xor01_from12,VERIFY_PANIC
t1-0,proof_byte,505216,xor01_from173,VERIFY_PANIC
t1-0,proof_byte,505280,xor01_from106,VERIFY_PANIC
t1-0,proof_byte,505344,xor01_from63,VERIFY_PANIC
t1-0,proof_byte,505408,xor01_from83,VERIFY_PANIC
t1-0,proof_byte,505472,xor01_from109,VERIFY_PANIC
t1-0,proof_byte,505536,xor01_from117,VERIFY_PANIC
t1-0,proof_byte,505600,xor01_from200,VERIFY_PANIC
t1-0,proof_byte,505664,xor01_from35,VERIFY_PANIC
t1-0,proof_byte,505728,xor01_from171,VERIFY_PANIC
t1-0,proof_byte,505792,xor01_from194,VERIFY_PANIC
t1-0,proof_byte,505856,xor01_from40,VERIFY_PANIC
t1-0,proof_byte,505920,xor01_from151,VERIFY_PANIC
t1-0,proof_byte,505984,xor01_from78,VERIFY_PANIC
t1-0,proof_byte,506048,xor01_from154,VERIFY_PANIC
t1-0,proof_byte,506112,xor01_from84,VERIFY_PANIC
t1-0,proof_byte,506176,xor01_from21,VERIFY_PANIC
t1-0,proof_byte,506240,xor01_from37,VERIFY_PANIC
t1-0,proof_byte,506304,xor01_from157,VERIFY_PANIC
t1-0,proof_byte,506368,xor01_from196,VERIFY_PANIC
t1-0,proof_byte,506432,xor01_from80,VERIFY_PANIC
t1-0,proof_byte,506496,xor01_from11,VERIFY_PANIC
t1-0,proof_byte,506560,xor01_from52,VERIFY_PANIC
t1-0,proof_byte,506624,xor01_from207,VERIFY_PANIC
t1-0,proof_byte,506688,xor01_from147,VERIFY_PANIC
t1-0,proof_byte,506752,xor01_from122,VERIFY_PANIC
t1-0,proof_byte,506816,xor01_from22,VERIFY_PANIC
t1-0,proof_byte,506880,xor01_from2,VERIFY_PANIC
t1-0,proof_byte,506944,xor01_from91,VERIFY_PANIC
t1-0,proof_byte,507008,xor01_from242,VERIFY_PANIC
t1-0,proof_byte,507072,xor01_from232,VERIFY_PANIC
t1-0,proof_byte,507136,xor01_from63,VERIFY_PANIC
t1-0,proof_byte,507200,xor01_from3,VERIFY_PANIC
t1-0,proof_byte,507264,xor01_from131,VERIFY_PANIC
t1-0,proof_byte,507328,xor01_from242,VERIFY_PANIC
t1-0,proof_byte,507392,xor01_from16,VERIFY_PANIC
t1-0,proof_byte,507456,xor01_from10,VERIFY_PANIC
t1-0,proof_byte,507520,xor01_from76,VERIFY_PANIC
t1-0,proof_byte,507584,xor01_from98,VERIFY_PANIC
t1-0,proof_byte,507648,xor01_from255,VERIFY_PANIC
t1-0,proof_byte,507712,xor01_from10,VERIFY_PANIC
t1-0,proof_byte,507776,xor01_from193,VERIFY_PANIC
t1-0,proof_byte,507840,xor01_from243,VERIFY_PANIC
t1-0,proof_byte,507904,xor01_from200,VERIFY_PANIC
t1-0,proof_byte,507968,xor01_from175,VERIFY_PANIC
t1-0,proof_byte,508032,xor01_from194,VERIFY_PANIC
t1-0,proof_byte,508096,xor01_from84,VERIFY_PANIC
t1-0,proof_byte,508160,xor01_from227,VERIFY_PANIC
t1-0,proof_byte,508224,xor01_from65,VERIFY_PANIC
t1-0,proof_byte,508288,xor01_from3,VERIFY_PANIC
t1-0,proof_byte,508352,xor01_from62,VERIFY_PANIC
t1-0,proof_byte,508416,xor01_from109,VERIFY_PANIC
t1-0,proof_byte,508480,xor01_from0,DESERIALIZE_REJECTED
t1-0,proof_byte,508544,xor01_from229,VERIFY_PANIC
t1-0,proof_byte,508608,xor01_from97,VERIFY_PANIC
t1-0,proof_byte,508672,xor01_from224,VERIFY_PANIC
t1-0,proof_byte,508736,xor01_from150,VERIFY_PANIC
t1-0,proof_byte,508800,xor01_from42,VERIFY_PANIC
t1-0,proof_byte,508864,xor01_from28,VERIFY_PANIC
t1-0,proof_byte,508928,xor01_from24,VERIFY_PANIC
t1-0,proof_byte,508992,xor01_from197,VERIFY_PANIC
t1-0,proof_byte,509056,xor01_from3,VERIFY_PANIC
t1-0,proof_byte,509120,xor01_from34,VERIFY_PANIC
t1-0,proof_byte,509184,xor01_from64,VERIFY_PANIC
t1-0,proof_byte,509248,xor01_from49,VERIFY_PANIC
t1-0,proof_byte,509312,xor01_from187,VERIFY_PANIC
t1-0,proof_byte,509376,xor01_from81,VERIFY_PANIC
t1-0,proof_byte,509440,xor01_from36,VERIFY_PANIC
t1-0,proof_byte,509504,xor01_from135,VERIFY_PANIC
t1-0,proof_byte,509568,xor01_from246,VERIFY_PANIC
t1-0,proof_byte,509632,xor01_from197,VERIFY_PANIC
t1-0,proof_byte,509696,xor01_from88,VERIFY_PANIC
t1-0,proof_byte,509760,xor01_from183,VERIFY_PANIC
t1-0,proof_byte,509824,xor01_from31,VERIFY_PANIC
t1-0,proof_byte,509888,xor01_from88,VERIFY_PANIC
t1-0,proof_byte,509952,xor01_from65,VERIFY_PANIC
t1-0,proof_byte,510016,xor01_from92,VERIFY_PANIC
t1-0,proof_byte,510080,xor01_from247,VERIFY_PANIC
t1-0,proof_byte,510144,xor01_from5,VERIFY_PANIC
t1-0,proof_byte,510208,xor01_from202,VERIFY_PANIC
t1-0,proof_byte,510272,xor01_from110,VERIFY_PANIC
t1-0,proof_byte,510336,xor01_from170,VERIFY_PANIC
t1-0,proof_byte,510400,xor01_from128,VERIFY_PANIC
t1-0,proof_byte,510464,xor01_from168,VERIFY_PANIC
t1-0,proof_byte,510528,xor01_from163,VERIFY_PANIC
t1-0,proof_byte,510592,xor01_from87,VERIFY_PANIC
t1-0,proof_byte,510656,xor01_from168,VERIFY_PANIC
t1-0,proof_byte,510720,xor01_from53,VERIFY_PANIC
t1-0,proof_byte,510784,xor01_from14,VERIFY_PANIC
t1-0,proof_byte,510848,xor01_from0,DESERIALIZE_REJECTED
t1-0,proof_byte,510912,xor01_from27,VERIFY_PANIC
t1-0,proof_byte,510976,xor01_from99,VERIFY_PANIC
t1-0,proof_byte,511040,xor01_from101,VERIFY_PANIC
t1-0,proof_byte,511104,xor01_from102,VERIFY_PANIC
t1-0,proof_byte,511168,xor01_from251,VERIFY_PANIC
t1-0,proof_byte,511232,xor01_from60,VERIFY_PANIC
t1-0,proof_byte,511296,xor01_from108,VERIFY_PANIC
t1-0,proof_byte,511360,xor01_from239,VERIFY_PANIC
t1-0,proof_byte,511424,xor01_from0,DESERIALIZE_REJECTED
t1-0,proof_byte,511488,xor01_from214,VERIFY_PANIC
t1-0,proof_byte,511552,xor01_from153,VERIFY_PANIC
t1-0,proof_byte,511616,xor01_from62,VERIFY_PANIC
t1-0,proof_byte,511680,xor01_from147,VERIFY_PANIC
t1-0,proof_byte,511744,xor01_from67,VERIFY_PANIC
t1-0,proof_byte,511808,xor01_from154,VERIFY_PANIC
t1-0,proof_byte,511872,xor01_from140,VERIFY_PANIC
t1-0,proof_byte,511936,xor01_from207,VERIFY_PANIC
t1-0,proof_byte,512000,xor01_from220,VERIFY_PANIC
t1-0,proof_byte,512064,xor01_from204,VERIFY_PANIC
t1-0,proof_byte,512128,xor01_from62,VERIFY_PANIC
t1-0,proof_byte,512192,xor01_from6,VERIFY_PANIC
t1-0,proof_byte,512256,xor01_from30,VERIFY_PANIC
t1-0,proof_byte,512320,xor01_from204,VERIFY_PANIC
t1-0,proof_byte,512384,xor01_from13,VERIFY_PANIC
t1-0,proof_byte,512448,xor01_from9,VERIFY_PANIC
t1-0,proof_byte,512512,xor01_from21,VERIFY_PANIC
t1-0,proof_byte,512576,xor01_from248,VERIFY_PANIC
t1-0,proof_byte,512640,xor01_from120,VERIFY_PANIC
t1-0,proof_byte,512704,xor01_from42,VERIFY_PANIC
t1-0,proof_byte,512768,xor01_from120,VERIFY_PANIC
t1-0,proof_byte,512832,xor01_from37,VERIFY_PANIC
t1-0,proof_byte,512896,xor01_from68,VERIFY_PANIC
t1-0,proof_byte,512960,xor01_from239,VERIFY_PANIC
t1-0,proof_byte,513024,xor01_from206,VERIFY_PANIC
t1-0,proof_byte,513088,xor01_from249,VERIFY_PANIC
t1-0,proof_byte,513152,xor01_from251,VERIFY_PANIC
t1-0,proof_byte,513216,xor01_from140,VERIFY_PANIC
t1-0,proof_byte,513280,xor01_from61,VERIFY_PANIC
t1-0,proof_byte,513344,xor01_from227,VERIFY_PANIC
t1-0,proof_byte,513408,xor01_from11,VERIFY_PANIC
t1-0,proof_byte,513472,xor01_from118,VERIFY_PANIC
t1-0,proof_byte,513536,xor01_from252,VERIFY_PANIC
t1-0,proof_byte,513600,xor01_from187,VERIFY_PANIC
t1-0,proof_byte,513664,xor01_from105,VERIFY_PANIC
t1-0,proof_byte,513728,xor01_from244,VERIFY_PANIC
t1-0,proof_byte,513792,xor01_from79,VERIFY_PANIC
t1-0,proof_byte,513856,xor01_from89,VERIFY_PANIC
t1-0,proof_byte,513920,xor01_from238,VERIFY_PANIC
t1-0,proof_byte,513984,xor01_from17,DESERIALIZE_REJECTED
t1-0,proof_byte,514048,xor01_from237,VERIFY_PANIC
t1-0,proof_byte,514112,xor01_from78,VERIFY_PANIC
t1-0,proof_byte,514176,xor01_from96,VERIFY_PANIC
t1-0,proof_byte,514240,xor01_from87,VERIFY_PANIC
t1-0,proof_byte,514304,xor01_from33,VERIFY_PANIC
t1-0,proof_byte,514368,xor01_from130,VERIFY_PANIC
t1-0,proof_byte,514432,xor01_from236,VERIFY_PANIC
t1-0,proof_byte,514496,xor01_from36,VERIFY_PANIC
t1-0,proof_byte,514560,xor01_from102,VERIFY_PANIC
t1-0,proof_byte,514624,xor01_from104,VERIFY_PANIC
t1-0,proof_byte,514688,xor01_from97,VERIFY_PANIC
t1-0,proof_byte,514752,xor01_from228,VERIFY_PANIC
t1-0,proof_byte,514816,xor01_from24,VERIFY_PANIC
t1-0,proof_byte,514880,xor01_from31,VERIFY_PANIC
t1-0,proof_byte,514944,xor01_from101,VERIFY_PANIC
t1-0,proof_byte,515008,xor01_from197,VERIFY_PANIC
t1-0,proof_byte,515072,xor01_from190,VERIFY_PANIC
t1-0,proof_byte,515136,xor01_from15,VERIFY_PANIC
t1-0,proof_byte,515200,xor01_from177,VERIFY_PANIC
t1-0,proof_byte,515264,xor01_from111,VERIFY_PANIC
t1-0,proof_byte,515328,xor01_from154,VERIFY_PANIC
t1-0,proof_byte,515392,xor01_from49,VERIFY_PANIC
t1-0,proof_byte,515456,xor01_from64,VERIFY_PANIC
t1-0,proof_byte,515520,xor01_from195,VERIFY_PANIC
t1-0,proof_byte,515584,xor01_from182,VERIFY_PANIC
t1-0,proof_byte,515648,xor01_from73,VERIFY_PANIC
t1-0,proof_byte,515712,xor01_from89,VERIFY_PANIC
t1-0,proof_byte,515776,xor01_from1,VERIFY_PANIC
t1-0,proof_byte,515840,xor01_from95,VERIFY_PANIC
t1-0,proof_byte,515904,xor01_from60,VERIFY_PANIC
t1-0,proof_byte,515968,xor01_from46,VERIFY_PANIC
t1-0,proof_byte,516032,xor01_from57,VERIFY_PANIC
t1-0,proof_byte,516096,xor01_from120,VERIFY_PANIC
t1-0,proof_byte,516160,xor01_from164,VERIFY_PANIC
t1-0,proof_byte,516224,xor01_from143,VERIFY_PANIC
t1-0,proof_byte,516288,xor01_from133,VERIFY_PANIC
t1-0,proof_byte,516352,xor01_from119,VERIFY_PANIC
t1-0,proof_byte,516416,xor01_from206,VERIFY_PANIC
t1-0,proof_byte,516480,xor01_from180,VERIFY_PANIC
t1-0,proof_byte,516544,xor01_from93,VERIFY_PANIC
t1-0,proof_byte,516608,xor01_from100,VERIFY_PANIC
t1-0,proof_byte,516672,xor01_from55,VERIFY_PANIC
t1-0,proof_byte,516736,xor01_from160,VERIFY_PANIC
t1-0,proof_byte,516800,xor01_from107,VERIFY_PANIC
t1-0,proof_byte,516864,xor01_from117,VERIFY_PANIC
t1-0,proof_byte,516928,xor01_from109,VERIFY_PANIC
t1-0,proof_byte,516992,xor01_from27,VERIFY_PANIC
t1-0,proof_byte,517056,xor01_from2,VERIFY_PANIC
t1-0,proof_byte,517120,xor01_from166,VERIFY_PANIC
t1-0,proof_byte,517184,xor01_from180,VERIFY_PANIC
t1-0,proof_byte,517248,xor01_from184,VERIFY_PANIC
t1-0,proof_byte,517312,xor01_from243,VERIFY_PANIC
t1-0,proof_byte,517376,xor01_from213,VERIFY_PANIC
t1-0,proof_byte,517440,xor01_from228,VERIFY_PANIC
t1-0,proof_byte,517504,xor01_from244,VERIFY_PANIC
t1-0,proof_byte,517568,xor01_from250,VERIFY_PANIC
t1-0,proof_byte,517632,xor01_from9,DESERIALIZE_REJECTED
t1-0,proof_byte,517696,xor01_from171,VERIFY_PANIC
t1-0,proof_byte,517760,xor01_from190,VERIFY_PANIC
t1-0,proof_byte,517824,xor01_from70,VERIFY_PANIC
t1-0,proof_byte,517888,xor01_from106,VERIFY_PANIC
t1-0,proof_byte,517952,xor01_from238,VERIFY_PANIC
t1-0,proof_byte,518016,xor01_from70,VERIFY_PANIC
t1-0,proof_byte,518080,xor01_from207,VERIFY_PANIC
t1-0,proof_byte,518144,xor01_from43,VERIFY_PANIC
t1-0,proof_byte,518208,xor01_from120,VERIFY_PANIC
t1-0,proof_byte,518272,xor01_from202,VERIFY_PANIC
t1-0,proof_byte,518336,xor01_from99,VERIFY_PANIC
t1-0,proof_byte,518400,xor01_from19,VERIFY_PANIC
t1-0,proof_byte,518464,xor01_from0,VERIFY_PANIC
t1-0,proof_byte,518528,xor01_from168,VERIFY_PANIC
t1-0,proof_byte,518592,xor01_from250,VERIFY_PANIC
t1-0,proof_byte,518656,xor01_from111,VERIFY_PANIC
t1-0,proof_byte,518720,xor01_from75,VERIFY_PANIC
t1-0,proof_byte,518784,xor01_from168,VERIFY_PANIC
t1-0,proof_byte,518848,xor01_from24,VERIFY_PANIC
t1-0,proof_byte,518912,xor01_from234,VERIFY_PANIC
t1-0,proof_byte,518976,xor01_from161,VERIFY_PANIC
t1-0,proof_byte,519040,xor01_from209,VERIFY_PANIC
t1-0,proof_byte,519104,xor01_from188,VERIFY_PANIC
t1-0,proof_byte,519168,xor01_from159,VERIFY_PANIC
t1-0,proof_byte,519232,xor01_from1,DESERIALIZE_REJECTED
t1-0,proof_byte,519296,xor01_from20,VERIFY_PANIC
t1-0,proof_byte,519360,xor01_from42,VERIFY_PANIC
t1-0,proof_byte,519424,xor01_from186,VERIFY_PANIC
t1-0,proof_byte,519488,xor01_from5,VERIFY_PANIC
t1-0,proof_byte,519552,xor01_from26,VERIFY_PANIC
t1-0,proof_byte,519616,xor01_from118,VERIFY_PANIC
t1-0,proof_byte,519680,xor01_from13,VERIFY_PANIC
t1-0,proof_byte,519744,xor01_from33,VERIFY_PANIC
t1-0,proof_byte,519808,xor01_from5,VERIFY_PANIC
t1-0,proof_byte,519872,xor01_from116,VERIFY_PANIC
t1-0,proof_byte,519936,xor01_from66,VERIFY_PANIC
t1-0,proof_byte,520000,xor01_from250,VERIFY_PANIC
t1-0,proof_byte,520064,xor01_from97,VERIFY_PANIC
t1-0,proof_byte,520128,xor01_from2,DESERIALIZE_REJECTED
t1-0,proof_byte,520192,xor01_from35,VERIFY_PANIC
t1-0,proof_byte,520256,xor01_from93,VERIFY_PANIC
t1-0,proof_byte,520320,xor01_from33,VERIFY_PANIC
t1-0,proof_byte,520384,xor01_from220,VERIFY_PANIC
t1-0,proof_byte,520448,xor01_from209,VERIFY_PANIC
t1-0,proof_byte,520512,xor01_from165,VERIFY_PANIC
t1-0,proof_byte,520576,xor01_from236,VERIFY_PANIC
t1-0,proof_byte,520640,xor01_from98,VERIFY_PANIC
t1-0,proof_byte,520704,xor01_from40,VERIFY_PANIC
t1-0,proof_byte,520768,xor01_from10,VERIFY_PANIC
t1-0,proof_byte,520832,xor01_from228,VERIFY_PANIC
t1-0,proof_byte,520896,xor01_from36,VERIFY_PANIC
t1-0,proof_byte,520960,xor01_from104,VERIFY_PANIC
t1-0,proof_byte,521024,xor01_from111,VERIFY_PANIC
t1-0,proof_byte,521088,xor01_from109,VERIFY_PANIC
t1-0,proof_byte,521152,xor01_from224,VERIFY_PANIC
t1-0,proof_byte,521216,xor01_from174,VERIFY_PANIC
t1-0,proof_byte,521280,xor01_from140,VERIFY_PANIC
t1-0,proof_byte,521344,xor01_from54,VERIFY_PANIC
t1-0,proof_byte,521408,xor01_from248,VERIFY_PANIC
t1-0,proof_byte,521472,xor01_from82,VERIFY_PANIC
t1-0,proof_byte,521536,xor01_from219,VERIFY_PANIC
t1-0,proof_byte,521600,xor01_from118,VERIFY_PANIC
t1-0,proof_byte,521664,xor01_from112,VERIFY_PANIC
t1-0,proof_byte,521728,xor01_from79,VERIFY_PANIC
t1-0,proof_byte,521792,xor01_from69,VERIFY_PANIC
t1-0,proof_byte,521856,xor01_from116,VERIFY_PANIC
t1-0,proof_byte,521920,xor01_from106,VERIFY_PANIC
t1-0,proof_byte,521984,xor01_from77,VERIFY_PANIC
t1-0,proof_byte,522048,xor01_from94,VERIFY_PANIC
t1-0,proof_byte,522112,xor01_from199,VERIFY_PANIC
t1-0,proof_byte,522176,xor01_from230,VERIFY_PANIC
t1-0,proof_byte,522240,xor01_from80,VERIFY_PANIC
t1-0,proof_byte,522304,xor01_from81,VERIFY_PANIC
t1-0,proof_byte,522368,xor01_from45,VERIFY_PANIC
t1-0,proof_byte,522432,xor01_from43,VERIFY_PANIC
t1-0,proof_byte,522496,xor01_from196,VERIFY_PANIC
t1-0,proof_byte,522560,xor01_from75,VERIFY_PANIC
t1-0,proof_byte,522624,xor01_from50,VERIFY_PANIC
t1-0,proof_byte,522688,xor01_from33,VERIFY_PANIC
t1-0,proof_byte,522752,xor01_from215,VERIFY_PANIC
t1-0,proof_byte,522816,xor01_from93,VERIFY_PANIC
t1-0,proof_byte,522880,xor01_from135,VERIFY_PANIC
t1-0,proof_byte,522944,xor01_from156,VERIFY_PANIC
t1-0,proof_byte,523008,xor01_from6,VERIFY_PANIC
t1-0,proof_byte,523072,xor01_from212,VERIFY_PANIC
t1-0,proof_byte,523136,xor01_from34,VERIFY_PANIC
t1-0,proof_byte,523200,xor01_from6,VERIFY_PANIC
t1-0,proof_byte,523264,xor01_from56,VERIFY_PANIC
t1-0,proof_byte,523328,xor01_from196,VERIFY_PANIC
t1-0,proof_byte,523392,xor01_from80,VERIFY_PANIC
t1-0,proof_byte,523456,xor01_from24,VERIFY_PANIC
t1-0,proof_byte,523520,xor01_from211,VERIFY_PANIC
t1-0,proof_byte,523584,xor01_from65,VERIFY_PANIC
t1-0,proof_byte,523648,xor01_from59,VERIFY_PANIC
t1-0,proof_byte,523712,xor01_from231,VERIFY_PANIC
t1-0,proof_byte,523776,xor01_from251,VERIFY_PANIC
t1-0,proof_byte,523840,xor01_from214,VERIFY_PANIC
t1-0,proof_byte,523904,xor01_from211,VERIFY_PANIC
t1-0,proof_byte,523968,xor01_from6,VERIFY_PANIC
t1-0,proof_byte,524032,xor01_from184,VERIFY_PANIC
t1-0,proof_byte,524096,xor01_from0,DESERIALIZE_REJECTED
t1-0,proof_byte,524160,xor01_from243,VERIFY_PANIC
t1-0,proof_byte,524224,xor01_from3,VERIFY_PANIC
t1-0,proof_byte,524288,xor01_from131,VERIFY_PANIC
t1-0,proof_byte,524352,xor01_from194,VERIFY_PANIC
t1-0,proof_byte,524416,xor01_from86,VERIFY_PANIC
t1-0,proof_byte,524480,xor01_from209,VERIFY_PANIC
t1-0,proof_byte,524544,xor01_from9,VERIFY_PANIC
t1-0,proof_byte,524608,xor01_from6,VERIFY_PANIC
t1-0,proof_byte,524672,xor01_from234,VERIFY_PANIC
t1-0,proof_byte,524736,xor01_from197,VERIFY_PANIC
t1-0,proof_byte,524800,xor01_from109,VERIFY_PANIC
t1-0,proof_byte,524864,xor01_from103,VERIFY_PANIC
t1-0,proof_byte,524928,xor01_from207,VERIFY_PANIC
t1-0,proof_byte,524992,xor01_from9,VERIFY_PANIC
t1-0,proof_byte,525056,xor01_from191,VERIFY_PANIC
t1-0,proof_byte,525120,xor01_from237,VERIFY_PANIC
t1-0,proof_byte,525184,xor01_from109,VERIFY_PANIC
t1-0,proof_byte,525248,xor01_from166,VERIFY_PANIC
t1-0,proof_byte,525312,xor01_from29,VERIFY_PANIC
t1-0,proof_byte,525376,xor01_from81,VERIFY_PANIC
t1-0,proof_byte,525440,xor01_from249,VERIFY_PANIC
t1-0,proof_byte,525504,xor01_from217,VERIFY_PANIC
t1-0,proof_byte,525568,xor01_from23,VERIFY_PANIC
t1-0,proof_byte,525632,xor01_from233,VERIFY_PANIC
t1-0,proof_byte,525696,xor01_from148,VERIFY_PANIC
t1-0,proof_byte,525760,xor01_from58,VERIFY_PANIC
t1-0,proof_byte,525824,xor01_from181,VERIFY_PANIC
t1-0,proof_byte,525888,xor01_from168,VERIFY_PANIC
t1-0,proof_byte,525952,xor01_from70,VERIFY_PANIC
t1-0,proof_byte,526016,xor01_from248,VERIFY_PANIC
t1-0,proof_byte,526080,xor01_from32,VERIFY_PANIC
t1-0,proof_byte,526144,xor01_from70,VERIFY_PANIC
t1-0,proof_byte,526208,xor01_from188,VERIFY_PANIC
t1-0,proof_byte,526272,xor01_from35,VERIFY_PANIC
t1-0,proof_byte,526336,xor01_from215,VERIFY_PANIC
t1-0,proof_byte,526400,xor01_from53,VERIFY_PANIC
t1-0,proof_byte,526464,xor01_from139,VERIFY_PANIC
t1-0,proof_byte,526528,xor01_from229,VERIFY_PANIC
t1-0,proof_byte,526592,xor01_from187,VERIFY_PANIC
t1-0,proof_byte,526656,xor01_from106,VERIFY_PANIC
t1-0,proof_byte,526720,xor01_from0,DESERIALIZE_REJECTED
t1-0,proof_byte,526784,xor01_from200,VERIFY_PANIC
t1-0,proof_byte,526848,xor01_from38,VERIFY_PANIC
t1-0,proof_byte,526912,xor01_from235,VERIFY_PANIC
t1-0,proof_byte,526976,xor01_from50,VERIFY_PANIC
t1-0,proof_byte,527040,xor01_from144,VERIFY_PANIC
t1-0,proof_byte,527104,xor01_from246,VERIFY_PANIC
t1-0,proof_byte,527168,xor01_from22,VERIFY_PANIC
t1-0,proof_byte,527232,xor01_from180,VERIFY_PANIC
t1-0,proof_byte,527296,xor01_from45,VERIFY_PANIC
t1-0,proof_byte,527360,xor01_from0,DESERIALIZE_REJECTED
t1-0,proof_byte,527424,xor01_from7,VERIFY_PANIC
t1-0,proof_byte,527488,xor01_from30,VERIFY_PANIC
t1-0,proof_byte,527552,xor01_from10,VERIFY_PANIC
t1-0,proof_byte,527616,xor01_from222,VERIFY_PANIC
t1-0,proof_byte,527680,xor01_from37,VERIFY_PANIC
t1-0,proof_byte,527744,xor01_from136,VERIFY_PANIC
t1-0,proof_byte,527808,xor01_from24,VERIFY_PANIC
t1-0,proof_byte,527872,xor01_from204,VERIFY_PANIC
t1-0,proof_byte,527936,xor01_from52,VERIFY_PANIC
t1-0,proof_byte,528000,xor01_from27,VERIFY_PANIC
t1-0,proof_byte,528064,xor01_from80,VERIFY_PANIC
t1-0,proof_byte,528128,xor01_from233,VERIFY_PANIC
t1-0,proof_byte,528192,xor01_from185,VERIFY_PANIC
t1-0,proof_byte,528256,xor01_from95,VERIFY_PANIC
t1-0,proof_byte,528320,xor01_from111,VERIFY_PANIC
t1-0,proof_byte,528384,xor01_from117,VERIFY_PANIC
t1-0,proof_byte,528448,xor01_from162,VERIFY_PANIC
t1-0,proof_byte,528512,xor01_from13,VERIFY_PANIC
t1-0,proof_byte,528576,xor01_from10,VERIFY_PANIC
t1-0,proof_byte,528640,xor01_from184,VERIFY_PANIC
t1-0,proof_byte,528704,xor01_from143,VERIFY_PANIC
t1-0,proof_byte,528768,xor01_from98,VERIFY_PANIC
t1-0,proof_byte,528832,xor01_from245,VERIFY_PANIC
t1-0,proof_byte,528896,xor01_from235,VERIFY_PANIC
t1-0,proof_byte,528960,xor01_from226,VERIFY_PANIC
t1-0,proof_byte,529024,xor01_from197,VERIFY_PANIC
t1-0,proof_byte,529088,xor01_from23,VERIFY_PANIC
t1-0,proof_byte,529152,xor01_from169,VERIFY_PANIC
t1-0,proof_byte,529216,xor01_from47,VERIFY_PANIC
t1-0,proof_byte,529280,xor01_from51,VERIFY_PANIC
t1-0,proof_byte,529344,xor01_from60,VERIFY_PANIC
t1-0,proof_byte,529408,xor01_from23,VERIFY_PANIC
t1-0,proof_byte,529472,xor01_from44,VERIFY_PANIC
t1-0,proof_byte,529536,xor01_from70,VERIFY_PANIC
t1-0,proof_byte,529600,xor01_from246,VERIFY_PANIC
t1-0,proof_byte,529664,xor01_from52,VERIFY_PANIC
t1-0,proof_byte,529728,xor01_from251,VERIFY_PANIC
t1-0,proof_byte,529792,xor01_from235,VERIFY_PANIC
t1-0,proof_byte,529856,xor01_from2,VERIFY_PANIC
t1-0,proof_byte,529920,xor01_from150,VERIFY_PANIC
t1-0,proof_byte,529984,xor01_from141,VERIFY_PANIC
t1-0,proof_byte,530048,xor01_from117,VERIFY_PANIC
t1-0,proof_byte,530112,xor01_from113,VERIFY_PANIC
t1-0,proof_byte,530176,xor01_from16,VERIFY_PANIC
t1-0,proof_byte,530240,xor01_from232,VERIFY_PANIC
t1-0,proof_byte,530304,xor01_from44,VERIFY_PANIC
t1-0,proof_byte,530368,xor01_from13,VERIFY_PANIC
t1-0,proof_byte,530432,xor01_from15,VERIFY_PANIC
t1-0,proof_byte,530496,xor01_from76,VERIFY_PANIC
t1-0,proof_byte,530560,xor01_from148,VERIFY_PANIC
t1-0,proof_byte,530624,xor01_from249,VERIFY_PANIC
t1-0,proof_byte,530688,xor01_from242,VERIFY_PANIC
t1-0,proof_byte,530752,xor01_from73,VERIFY_PANIC
t1-0,proof_byte,530816,xor01_from62,VERIFY_PANIC
t1-0,proof_byte,530880,xor01_from94,VERIFY_PANIC
t1-0,proof_byte,530944,xor01_from182,VERIFY_PANIC
t1-0,proof_byte,531008,xor01_from87,VERIFY_PANIC
t1-0,proof_byte,531072,xor01_from246,VERIFY_PANIC
t1-0,proof_byte,531136,xor01_from243,VERIFY_PANIC
t1-0,proof_byte,531200,xor01_from48,VERIFY_PANIC
t1-0,proof_byte,531264,xor01_from131,VERIFY_PANIC
t1-0,proof_byte,531328,xor01_from142,VERIFY_PANIC
t1-0,proof_byte,531392,xor01_from107,VERIFY_PANIC
t1-0,proof_byte,531456,xor01_from34,VERIFY_PANIC
t1-0,proof_byte,531520,xor01_from40,VERIFY_PANIC
t1-0,proof_byte,531584,xor01_from17,VERIFY_PANIC
t1-0,proof_byte,531648,xor01_from14,DESERIALIZE_REJECTED
t1-0,proof_byte,531712,xor01_from90,VERIFY_PANIC
t1-0,proof_byte,531776,xor01_from63,VERIFY_PANIC
t1-0,proof_byte,531840,xor01_from88,VERIFY_PANIC
t1-0,proof_byte,531904,xor01_from29,VERIFY_PANIC
t1-0,proof_byte,531968,xor01_from132,VERIFY_PANIC
t1-0,proof_byte,532032,xor01_from181,VERIFY_PANIC
t1-0,proof_byte,532096,xor01_from185,VERIFY_PANIC
t1-0,proof_byte,532160,xor01_from30,VERIFY_PANIC
t1-0,proof_byte,532224,xor01_from223,VERIFY_PANIC
t1-0,proof_byte,532288,xor01_from143,VERIFY_PANIC
t1-0,proof_byte,532352,xor01_from155,VERIFY_PANIC
t1-0,proof_byte,532416,xor01_from35,VERIFY_PANIC
t1-0,proof_byte,532480,xor01_from159,VERIFY_PANIC
t1-0,proof_byte,532544,xor01_from251,VERIFY_PANIC
t1-0,proof_byte,532608,xor01_from120,VERIFY_PANIC
t1-0,proof_byte,532672,xor01_from205,VERIFY_PANIC
t1-0,proof_byte,532736,xor01_from16,VERIFY_PANIC
t1-0,proof_byte,532800,xor01_from81,VERIFY_PANIC
t1-0,proof_byte,532864,xor01_from163,VERIFY_PANIC
t1-0,proof_byte,532928,xor01_from15,VERIFY_PANIC
t1-0,proof_byte,532992,xor01_from120,VERIFY_PANIC
t1-0,proof_byte,533056,xor01_from74,VERIFY_PANIC
t1-0,proof_byte,533120,xor01_from57,VERIFY_PANIC
t1-0,proof_byte,533184,xor01_from68,VERIFY_PANIC
t1-0,proof_byte,533248,xor01_from16,VERIFY_PANIC
t1-0,proof_byte,533312,xor01_from223,VERIFY_PANIC
t1-0,proof_byte,533376,xor01_from0,VERIFY_PANIC
t1-0,proof_byte,533440,xor01_from191,VERIFY_PANIC
t1-0,proof_byte,533504,xor01_from151,VERIFY_PANIC
t1-0,proof_byte,533568,xor01_from245,VERIFY_PANIC
t1-0,proof_byte,533632,xor01_from105,VERIFY_PANIC
t1-0,proof_byte,533696,xor01_from73,VERIFY_PANIC
t1-0,proof_byte,533760,xor01_from27,VERIFY_PANIC
t1-0,proof_byte,533824,xor01_from250,VERIFY_PANIC
t1-0,proof_byte,533888,xor01_from110,VERIFY_PANIC
t1-0,proof_byte,533952,xor01_from26,VERIFY_PANIC
t1-0,proof_byte,534016,xor01_from14,VERIFY_PANIC
t1-0,proof_byte,534080,xor01_from239,VERIFY_PANIC
t1-0,proof_byte,534144,xor01_from111,VERIFY_PANIC
t1-0,proof_byte,534208,xor01_from160,VERIFY_PANIC
t1-0,proof_byte,534272,xor01_from45,VERIFY_PANIC
t1-0,proof_byte,534336,xor01_from92,VERIFY_PANIC
t1-0,proof_byte,534400,xor01_from140,VERIFY_PANIC
t1-0,proof_byte,534464,xor01_from40,VERIFY_PANIC
t1-0,proof_byte,534528,xor01_from6,DESERIALIZE_REJECTED
t1-0,proof_byte,534592,xor01_from24,VERIFY_PANIC
t1-0,proof_byte,534656,xor01_from115,VERIFY_PANIC
t1-0,proof_byte,534720,xor01_from113,VERIFY_PANIC
t1-0,proof_byte,534784,xor01_from214,VERIFY_PANIC
t1-0,proof_byte,534848,xor01_from120,VERIFY_PANIC
t1-0,proof_byte,534912,xor01_from223,VERIFY_PANIC
t1-0,proof_byte,534976,xor01_from115,VERIFY_PANIC
t1-0,proof_byte,535040,xor01_from156,VERIFY_PANIC
t1-0,proof_byte,535104,xor01_from184,VERIFY_PANIC
t1-0,proof_byte,535168,xor01_from232,VERIFY_PANIC
t1-0,proof_byte,535232,xor01_from233,VERIFY_PANIC
t1-0,proof_byte,535296,xor01_from170,VERIFY_PANIC
t1-0,proof_byte,535360,xor01_from141,VERIFY_PANIC
t1-0,proof_byte,535424,xor01_from8,DESERIALIZE_REJECTED
t1-0,proof_byte,535488,xor01_from216,VERIFY_PANIC
t1-0,proof_byte,535552,xor01_from223,VERIFY_PANIC
t1-0,proof_byte,535616,xor01_from142,VERIFY_PANIC
t1-0,proof_byte,535680,xor01_from162,VERIFY_PANIC
t1-0,proof_byte,535744,xor01_from11,VERIFY_PANIC
t1-0,proof_byte,535808,xor01_from44,VERIFY_PANIC
t1-0,proof_byte,535872,xor01_from249,VERIFY_PANIC
t1-0,proof_byte,535936,xor01_from17,VERIFY_PANIC
t1-0,proof_byte,536000,xor01_from156,VERIFY_PANIC
t1-0,proof_byte,536064,xor01_from163,VERIFY_PANIC
t1-0,proof_byte,536128,xor01_from41,VERIFY_PANIC
t1-0,proof_byte,536192,xor01_from8,DESERIALIZE_REJECTED
t1-0,proof_byte,536256,xor01_from101,VERIFY_PANIC
t1-0,proof_byte,536320,xor01_from187,VERIFY_PANIC
t1-0,proof_byte,536384,xor01_from109,VERIFY_PANIC
t1-0,proof_byte,536448,xor01_from97,VERIFY_PANIC
t1-0,proof_byte,536512,xor01_from208,VERIFY_PANIC
t1-0,proof_byte,536576,xor01_from227,VERIFY_PANIC
t1-0,proof_byte,536640,xor01_from112,VERIFY_PANIC
t1-0,proof_byte,536704,xor01_from45,VERIFY_PANIC
t1-0,proof_byte,536768,xor01_from251,VERIFY_PANIC
t1-0,proof_byte,536832,xor01_from70,VERIFY_PANIC
t1-0,proof_byte,536896,xor01_from219,VERIFY_PANIC
t1-0,proof_byte,536960,xor01_from20,VERIFY_PANIC
t1-0,proof_byte,537024,xor01_from195,VERIFY_PANIC
t1-0,proof_byte,537088,xor01_from219,VERIFY_PANIC
t1-0,proof_byte,537152,xor01_from249,VERIFY_PANIC
t1-0,proof_byte,537216,xor01_from12,VERIFY_PANIC
t1-0,proof_byte,537280,xor01_from69,VERIFY_PANIC
t1-0,proof_byte,537344,xor01_from82,VERIFY_PANIC
t1-0,proof_byte,537408,xor01_from222,VERIFY_PANIC
t1-0,proof_byte,537472,xor01_from0,DESERIALIZE_REJECTED
t1-0,proof_byte,537536,xor01_from164,VERIFY_PANIC
t1-0,proof_byte,537600,xor01_from126,VERIFY_PANIC
t1-0,proof_byte,537664,xor01_from72,VERIFY_PANIC
t1-0,proof_byte,537728,xor01_from69,VERIFY_PANIC
t1-0,proof_byte,537792,xor01_from85,VERIFY_PANIC
t1-0,proof_byte,537856,xor01_from123,VERIFY_PANIC
t1-0,proof_byte,537920,xor01_from185,VERIFY_PANIC
t1-0,proof_byte,537984,xor01_from1,VERIFY_PANIC
t1-0,proof_byte,538048,xor01_from205,VERIFY_PANIC
t1-0,proof_byte,538112,xor01_from177,VERIFY_PANIC
t1-0,proof_byte,538176,xor01_from213,VERIFY_PANIC
t1-0,proof_byte,538240,xor01_from132,VERIFY_PANIC
t1-0,proof_byte,538304,xor01_from152,VERIFY_PANIC
t1-0,proof_byte,538368,xor01_from30,VERIFY_PANIC
t1-0,proof_byte,538432,xor01_from125,VERIFY_PANIC
t1-0,proof_byte,538496,xor01_from52,VERIFY_PANIC
t1-0,proof_byte,538560,xor01_from44,VERIFY_PANIC
t1-0,proof_byte,538624,xor01_from62,VERIFY_PANIC
t1-0,proof_byte,538688,xor01_from146,VERIFY_PANIC
t1-0,proof_byte,538752,xor01_from168,VERIFY_PANIC
t1-0,proof_byte,538816,xor01_from105,VERIFY_PANIC
t1-0,proof_byte,538880,xor01_from139,VERIFY_PANIC
t1-0,proof_byte,538944,xor01_from103,VERIFY_PANIC
t1-0,proof_byte,539008,xor01_from139,VERIFY_PANIC
t1-0,proof_byte,539072,xor01_from138,VERIFY_PANIC
t1-0,proof_byte,539136,xor01_from135,VERIFY_PANIC
t1-0,proof_byte,539200,xor01_from211,VERIFY_PANIC
t1-0,proof_byte,539264,xor01_from42,VERIFY_PANIC
t1-0,proof_byte,539328,xor01_from114,VERIFY_PANIC
t1-0,proof_byte,539392,xor01_from32,VERIFY_PANIC
t1-0,proof_byte,539456,xor01_from232,VERIFY_PANIC
t1-0,proof_byte,539520,xor01_from42,VERIFY_PANIC
t1-0,proof_byte,539584,xor01_from136,VERIFY_PANIC
t1-0,proof_byte,539648,xor01_from70,VERIFY_PANIC
t1-0,proof_byte,539712,xor01_from116,VERIFY_PANIC
t1-0,proof_byte,539776,xor01_from142,VERIFY_PANIC
t1-0,proof_byte,539840,xor01_from223,VERIFY_PANIC
t1-0,proof_byte,539904,xor01_from89,VERIFY_PANIC
t1-0,proof_byte,539968,xor01_from4,VERIFY_PANIC
t1-0,proof_byte,540032,xor01_from3,VERIFY_PANIC
t1-0,proof_byte,540096,xor01_from170,VERIFY_PANIC
t1-0,proof_byte,540160,xor01_from135,VERIFY_PANIC
t1-0,proof_byte,540224,xor01_from137,VERIFY_PANIC
t1-0,proof_byte,540288,xor01_from206,VERIFY_PANIC
t1-0,proof_byte,540352,xor01_from62,VERIFY_PANIC
t1-0,proof_byte,540416,xor01_from36,VERIFY_PANIC
t1-0,proof_byte,540480,xor01_from187,VERIFY_PANIC
t1-0,proof_byte,540544,xor01_from216,VERIFY_PANIC
t1-0,proof_byte,540608,xor01_from51,VERIFY_PANIC
t1-0,proof_byte,540672,xor01_from109,VERIFY_PANIC
t1-0,proof_byte,540736,xor01_from103,VERIFY_PANIC
t1-0,proof_byte,540800,xor01_from204,VERIFY_PANIC
t1-0,proof_byte,540864,xor01_from45,VERIFY_PANIC
t1-0,proof_byte,540928,xor01_from230,VERIFY_PANIC
t1-0,proof_byte,540992,xor01_from9,VERIFY_PANIC
t1-0,proof_byte,541056,xor01_from183,VERIFY_PANIC
t1-0,proof_byte,541120,xor01_from251,VERIFY_PANIC
t1-0,proof_byte,541184,xor01_from177,VERIFY_PANIC
t1-0,proof_byte,541248,xor01_from159,VERIFY_PANIC
t1-0,proof_byte,541312,xor01_from70,VERIFY_PANIC
t1-0,proof_byte,541376,xor01_from0,DESERIALIZE_REJECTED
t1-0,proof_byte,541440,xor01_from196,VERIFY_PANIC
t1-0,proof_byte,541504,xor01_from253,VERIFY_PANIC
t1-0,proof_byte,541568,xor01_from47,VERIFY_PANIC
t1-0,proof_byte,541632,xor01_from192,VERIFY_PANIC
t1-0,proof_byte,541696,xor01_from36,VERIFY_PANIC
t1-0,proof_byte,541760,xor01_from11,VERIFY_PANIC
t1-0,proof_byte,541824,xor01_from186,VERIFY_PANIC
t1-0,proof_byte,541888,xor01_from2,VERIFY_PANIC
t1-0,proof_byte,541952,xor01_from211,VERIFY_PANIC
t1-0,proof_byte,542016,xor01_from73,VERIFY_PANIC
t1-0,proof_byte,542080,xor01_from219,VERIFY_PANIC
t1-0,proof_byte,542144,xor01_from156,VERIFY_PANIC
t1-0,proof_byte,542208,xor01_from171,VERIFY_PANIC
t1-0,proof_byte,542272,xor01_from255,VERIFY_PANIC
t1-0,proof_byte,542336,xor01_from12,VERIFY_PANIC
t1-0,proof_byte,542400,xor01_from85,VERIFY_PANIC
t1-0,proof_byte,542464,xor01_from89,VERIFY_PANIC
t1-0,proof_byte,542528,xor01_from35,VERIFY_PANIC
t1-0,proof_byte,542592,xor01_from7,VERIFY_PANIC
t1-0,proof_byte,542656,xor01_from231,VERIFY_PANIC
t1-0,proof_byte,542720,xor01_from227,VERIFY_PANIC
t1-0,proof_byte,542784,xor01_from197,VERIFY_PANIC
t1-0,proof_byte,542848,xor01_from150,VERIFY_PANIC
t1-0,proof_byte,542912,xor01_from220,VERIFY_PANIC
t1-0,proof_byte,542976,xor01_from184,VERIFY_PANIC
t1-0,proof_byte,543040,xor01_from35,VERIFY_PANIC
t1-0,proof_byte,543104,xor01_from175,VERIFY_PANIC
t1-0,proof_byte,543168,xor01_from169,VERIFY_PANIC
t1-0,proof_byte,543232,xor01_from0,DESERIALIZE_REJECTED
t1-0,proof_byte,543296,xor01_from252,VERIFY_PANIC
t1-0,proof_byte,543360,xor01_from0,DESERIALIZE_REJECTED
t1-0,proof_byte,543424,xor01_from139,VERIFY_PANIC
t1-0,proof_byte,543488,xor01_from222,VERIFY_PANIC
t1-0,proof_byte,543552,xor01_from65,VERIFY_PANIC
t1-0,proof_byte,543616,xor01_from192,VERIFY_PANIC
t1-0,proof_byte,543680,xor01_from63,VERIFY_PANIC
t1-0,proof_byte,543744,xor01_from135,VERIFY_PANIC
t1-0,proof_byte,543808,xor01_from93,VERIFY_PANIC
t1-0,proof_byte,543872,xor01_from185,VERIFY_PANIC
t1-0,proof_byte,543936,xor01_from197,VERIFY_PANIC
t1-0,proof_byte,544000,xor01_from28,VERIFY_PANIC
t1-0,proof_byte,544064,xor01_from101,VERIFY_PANIC
t1-0,proof_byte,544128,xor01_from7,VERIFY_PANIC
t1-0,proof_byte,544192,xor01_from167,VERIFY_PANIC
t1-0,proof_byte,544256,xor01_from2,VERIFY_PANIC
t1-0,proof_byte,544320,xor01_from92,VERIFY_PANIC
t1-0,proof_byte,544384,xor01_from255,VERIFY_PANIC
t1-0,proof_byte,544448,xor01_from197,VERIFY_PANIC
t1-0,proof_byte,544512,xor01_from218,VERIFY_PANIC
t1-0,proof_byte,544576,xor01_from209,VERIFY_PANIC
t1-0,proof_byte,544640,xor01_from1,VERIFY_PANIC
t1-0,proof_byte,544704,xor01_from17,VERIFY_PANIC
t1-0,proof_byte,544768,xor01_from187,VERIFY_PANIC
t1-0,proof_byte,544832,xor01_from43,VERIFY_PANIC
t1-0,proof_byte,544896,xor01_from68,VERIFY_PANIC
t1-0,proof_byte,544960,xor01_from118,VERIFY_PANIC
t1-0,proof_byte,545024,xor01_from196,VERIFY_PANIC
t1-0,proof_byte,545088,xor01_from59,VERIFY_PANIC
t1-0,proof_byte,545152,xor01_from7,VERIFY_PANIC
t1-0,proof_byte,545216,xor01_from136,VERIFY_PANIC
t1-0,proof_byte,545280,xor01_from4,VERIFY_PANIC
t1-0,proof_byte,545344,xor01_from78,VERIFY_PANIC
t1-0,proof_byte,545408,xor01_from119,VERIFY_PANIC
t1-0,proof_byte,545472,xor01_from70,VERIFY_PANIC
t1-0,proof_byte,545536,xor01_from183,VERIFY_PANIC
t1-0,proof_byte,545600,xor01_from88,VERIFY_PANIC
t1-0,proof_byte,545664,xor01_from120,VERIFY_PANIC
t1-0,proof_byte,545728,xor01_from26,VERIFY_PANIC
t1-0,proof_byte,545792,xor01_from94,VERIFY_PANIC
t1-0,proof_byte,545856,xor01_from245,VERIFY_PANIC
t1-0,proof_byte,545920,xor01_from248,VERIFY_PANIC
t1-0,proof_byte,545984,xor01_from87,VERIFY_PANIC
t1-0,proof_byte,546048,xor01_from52,VERIFY_PANIC
t1-0,proof_byte,546112,xor01_from187,VERIFY_PANIC
t1-0,proof_byte,546176,xor01_from153,VERIFY_PANIC
t1-0,proof_byte,546240,xor01_from17,VERIFY_PANIC
t1-0,proof_byte,546304,xor01_from219,VERIFY_PANIC
t1-0,proof_byte,546368,xor01_from171,VERIFY_PANIC
t1-0,proof_byte,546432,xor01_from49,VERIFY_PANIC
t1-0,proof_byte,546496,xor01_from28,VERIFY_PANIC
t1-0,proof_byte,546560,xor01_from179,VERIFY_PANIC
t1-0,proof_byte,546624,xor01_from215,VERIFY_PANIC
t1-0,proof_byte,546688,xor01_from183,VERIFY_PANIC
t1-0,proof_byte,546752,xor01_from5,VERIFY_PANIC
t1-0,proof_byte,546816,xor01_from217,VERIFY_PANIC
t1-0,proof_byte,546880,xor01_from175,VERIFY_PANIC
t1-0,proof_byte,546944,xor01_from241,VERIFY_PANIC
t1-0,proof_byte,547008,xor01_from167,VERIFY_PANIC
t1-0,proof_byte,547072,xor01_from216,VERIFY_PANIC
t1-0,proof_byte,547136,xor01_from227,VERIFY_PANIC
t1-0,proof_byte,547200,xor01_from15,DESERIALIZE_REJECTED
t1-0,proof_byte,547264,xor01_from8,VERIFY_PANIC
t1-0,proof_byte,547328,xor01_from26,VERIFY_PANIC
t1-0,proof_byte,547392,xor01_from186,VERIFY_PANIC
t1-0,proof_byte,547456,xor01_from255,VERIFY_PANIC
t1-0,proof_byte,547520,xor01_from159,VERIFY_PANIC
t1-0,proof_byte,547584,xor01_from184,VERIFY_PANIC
t1-0,proof_byte,547648,xor01_from35,VERIFY_PANIC
t1-0,proof_byte,547712,xor01_from93,VERIFY_PANIC
t1-0,proof_byte,547776,xor01_from200,VERIFY_PANIC
t1-0,proof_byte,547840,xor01_from249,VERIFY_PANIC
t1-0,proof_byte,547904,xor01_from242,VERIFY_PANIC
t1-0,proof_byte,547968,xor01_from207,VERIFY_PANIC
t1-0,proof_byte,548032,xor01_from170,VERIFY_PANIC
t1-0,proof_byte,548096,xor01_from213,VERIFY_PANIC
t1-0,proof_byte,548160,xor01_from142,VERIFY_PANIC
t1-0,proof_byte,548224,xor01_from23,VERIFY_PANIC
t1-0,proof_byte,548288,xor01_from216,VERIFY_PANIC
t1-0,proof_byte,548352,xor01_from57,VERIFY_PANIC
t1-0,proof_byte,548416,xor01_from78,VERIFY_PANIC
t1-0,proof_byte,548480,xor01_from116,VERIFY_PANIC
t1-0,proof_byte,548544,xor01_from193,VERIFY_PANIC
t1-0,proof_byte,548608,xor01_from233,VERIFY_PANIC
t1-0,proof_byte,548672,xor01_from232,VERIFY_PANIC
t1-0,proof_byte,548736,xor01_from225,VERIFY_PANIC
t1-0,proof_byte,548800,xor01_from63,VERIFY_PANIC
t1-0,proof_byte,548864,xor01_from55,VERIFY_PANIC
t1-0,proof_byte,548928,xor01_from71,VERIFY_PANIC
t1-0,proof_byte,548992,xor01_from112,VERIFY_PANIC
t1-0,proof_byte,549056,xor01_from229,VERIFY_PANIC
t1-0,proof_byte,549120,xor01_from148,VERIFY_PANIC
t1-0,proof_byte,549184,xor01_from224,VERIFY_PANIC
t1-0,proof_byte,549248,xor01_from14,VERIFY_PANIC
t1-0,proof_byte,549312,xor01_from100,VERIFY_PANIC
t1-0,proof_byte,549376,xor01_from13,VERIFY_PANIC
t1-0,proof_byte,549440,xor01_from220,VERIFY_PANIC
t1-0,proof_byte,549504,xor01_from146,VERIFY_PANIC
t1-0,proof_byte,549568,xor01_from90,VERIFY_PANIC
t1-0,proof_byte,549632,xor01_from164,VERIFY_PANIC
t1-0,proof_byte,549696,xor01_from3,VERIFY_PANIC
t1-0,proof_byte,549760,xor01_from27,VERIFY_PANIC
t1-0,proof_byte,549824,xor01_from201,VERIFY_PANIC
t1-0,proof_byte,549888,xor01_from206,VERIFY_PANIC
t1-0,proof_byte,549952,xor01_from61,VERIFY_PANIC
t1-0,proof_byte,550016,xor01_from151,VERIFY_PANIC
t1-0,proof_byte,550080,xor01_from124,VERIFY_PANIC
t1-0,proof_byte,550144,xor01_from154,VERIFY_PANIC
t1-0,proof_byte,550208,xor01_from0,VERIFY_PANIC
t1-0,proof_byte,550272,xor01_from38,VERIFY_PANIC
t1-0,proof_byte,550336,xor01_from7,DESERIALIZE_REJECTED
t1-0,proof_byte,550400,xor01_from206,VERIFY_PANIC
t1-0,proof_byte,550464,xor01_from247,VERIFY_PANIC
t1-0,proof_byte,550528,xor01_from249,VERIFY_PANIC
t1-0,proof_byte,550592,xor01_from11,VERIFY_PANIC
t1-0,proof_byte,550656,xor01_from35,VERIFY_PANIC
t1-0,proof_byte,550720,xor01_from95,VERIFY_PANIC
t1-0,proof_byte,550784,xor01_from138,VERIFY_PANIC
t1-0,proof_byte,550848,xor01_from186,VERIFY_PANIC
t1-0,proof_byte,550912,xor01_from221,VERIFY_PANIC
t1-0,proof_byte,550976,xor01_from118,VERIFY_PANIC
t1-0,proof_byte,551040,xor01_from167,VERIFY_PANIC
t1-0,proof_byte,551104,xor01_from137,VERIFY_PANIC
t1-0,proof_byte,551168,xor01_from119,VERIFY_PANIC
t1-0,proof_byte,551232,xor01_from153,VERIFY_PANIC
t1-0,proof_byte,551296,xor01_from236,VERIFY_PANIC
t1-0,proof_byte,551360,xor01_from41,VERIFY_PANIC
t1-0,proof_byte,551424,xor01_from96,VERIFY_PANIC
t1-0,proof_byte,551488,xor01_from182,VERIFY_PANIC
t1-0,proof_byte,551552,xor01_from179,VERIFY_PANIC
t1-0,proof_byte,551616,xor01_from29,VERIFY_PANIC
t1-0,proof_byte,551680,xor01_from119,VERIFY_PANIC
t1-0,proof_byte,551744,xor01_from25,VERIFY_PANIC
t1-0,proof_byte,551808,xor01_from151,VERIFY_PANIC
t1-0,proof_byte,551872,xor01_from167,VERIFY_PANIC
t1-0,proof_byte,551936,xor01_from185,VERIFY_PANIC
t1-0,proof_byte,552000,xor01_from34,VERIFY_PANIC
t1-0,proof_byte,552064,xor01_from36,VERIFY_PANIC
t1-0,proof_byte,552128,xor01_from9,VERIFY_PANIC
t1-0,proof_byte,552192,xor01_from36,VERIFY_PANIC
t1-0,proof_byte,552256,xor01_from126,VERIFY_PANIC
t1-0,proof_byte,552320,xor01_from0,DESERIALIZE_REJECTED
t1-0,proof_byte,552384,xor01_from36,VERIFY_PANIC
t1-0,proof_byte,552448,xor01_from139,VERIFY_PANIC
t1-0,proof_byte,552512,xor01_from72,VERIFY_PANIC
t1-0,proof_byte,552576,xor01_from8,VERIFY_PANIC
t1-0,proof_byte,552640,xor01_from57,VERIFY_PANIC
t1-0,proof_byte,552704,xor01_from199,VERIFY_PANIC
t1-0,proof_byte,552768,xor01_from59,VERIFY_PANIC
t1-0,proof_byte,552832,xor01_from179,VERIFY_PANIC
t1-0,proof_byte,552896,xor01_from0,DESERIALIZE_REJECTED
t1-0,proof_byte,552960,xor01_from57,VERIFY_PANIC
t1-0,proof_byte,553024,xor01_from22,VERIFY_PANIC
t1-0,proof_byte,553088,xor01_from217,VERIFY_PANIC
t1-0,proof_byte,553152,xor01_from138,VERIFY_PANIC
t1-0,proof_byte,553216,xor01_from21,VERIFY_PANIC
t1-0,proof_byte,553280,xor01_from159,VERIFY_PANIC
t1-0,proof_byte,553344,xor01_from234,VERIFY_PANIC
t1-0,proof_byte,553408,xor01_from179,VERIFY_PANIC
t1-0,proof_byte,553472,xor01_from7,VERIFY_PANIC
t1-0,proof_byte,553536,xor01_from131,VERIFY_PANIC
t1-0,proof_byte,553600,xor01_from185,VERIFY_PANIC
t1-0,proof_byte,553664,xor01_from250,VERIFY_PANIC
t1-0,proof_byte,553728,xor01_from255,VERIFY_PANIC
t1-0,proof_byte,553792,xor01_from248,VERIFY_PANIC
t1-0,proof_byte,553856,xor01_from16,VERIFY_PANIC
t1-0,proof_byte,553920,xor01_from50,VERIFY_PANIC
t1-0,proof_byte,553984,xor01_from231,VERIFY_PANIC
t1-0,proof_byte,554048,xor01_from88,VERIFY_PANIC
t1-0,proof_byte,554112,xor01_from133,VERIFY_PANIC
t1-0,proof_byte,554176,xor01_from132,VERIFY_PANIC
t1-0,proof_byte,554240,xor01_from181,VERIFY_PANIC
t1-0,proof_byte,554304,xor01_from211,VERIFY_PANIC
t1-0,proof_byte,554368,xor01_from202,VERIFY_PANIC
t1-0,proof_byte,554432,xor01_from190,VERIFY_PANIC
t1-0,proof_byte,554496,xor01_from234,VERIFY_PANIC
t1-0,proof_byte,554560,xor01_from251,VERIFY_PANIC
t1-0,proof_byte,554624,xor01_from131,VERIFY_PANIC
t1-0,proof_byte,554688,xor01_from162,VERIFY_PANIC
t1-0,proof_byte,554752,xor01_from239,VERIFY_PANIC
t1-0,proof_byte,554816,xor01_from189,VERIFY_PANIC
t1-0,proof_byte,554880,xor01_from133,VERIFY_PANIC
t1-0,proof_byte,554944,xor01_from35,VERIFY_PANIC
t1-0,proof_byte,555008,xor01_from242,VERIFY_PANIC
t1-0,proof_byte,555072,xor01_from8,VERIFY_PANIC
t1-0,proof_byte,555136,xor01_from14,VERIFY_PANIC
t1-0,proof_byte,555200,xor01_from2,VERIFY_PANIC
t1-0,proof_byte,555264,xor01_from115,VERIFY_PANIC
t1-0,proof_byte,555328,xor01_from233,VERIFY_PANIC
t1-0,proof_byte,555392,xor01_from209,VERIFY_PANIC
t1-0,proof_byte,555456,xor01_from0,VERIFY_PANIC
t1-0,proof_byte,555520,xor01_from161,VERIFY_PANIC
t1-0,proof_byte,555584,xor01_from159,VERIFY_PANIC
t1-0,proof_byte,555648,xor01_from117,VERIFY_PANIC
t1-0,proof_byte,555712,xor01_from205,VERIFY_PANIC
t1-0,proof_byte,555776,xor01_from135,VERIFY_PANIC
t1-0,proof_byte,555840,xor01_from83,VERIFY_PANIC
t1-0,proof_byte,555904,xor01_from157,VERIFY_PANIC
t1-0,proof_byte,555968,xor01_from162,VERIFY_PANIC
t1-0,proof_byte,556032,xor01_from141,VERIFY_PANIC
t1-0,proof_byte,556096,xor01_from43,VERIFY_PANIC
t1-0,proof_byte,556160,xor01_from91,VERIFY_PANIC
t1-0,proof_byte,556224,xor01_from108,VERIFY_PANIC
t1-0,proof_byte,556288,xor01_from21,VERIFY_PANIC
t1-0,proof_byte,556352,xor01_from27,VERIFY_PANIC
t1-0,proof_byte,556416,xor01_from138,VERIFY_PANIC
t1-0,proof_byte,556480,xor01_from135,VERIFY_PANIC
t1-0,proof_byte,556544,xor01_from114,VERIFY_PANIC
t1-0,proof_byte,556608,xor01_from47,VERIFY_PANIC
t1-0,proof_byte,556672,xor01_from232,VERIFY_PANIC
t1-0,proof_byte,556736,xor01_from207,VERIFY_PANIC
t1-0,proof_byte,556800,xor01_from114,VERIFY_PANIC
t1-0,proof_byte,556864,xor01_from151,VERIFY_PANIC
t1-0,proof_byte,556928,xor01_from78,VERIFY_PANIC
t1-0,proof_byte,556992,xor01_from247,VERIFY_PANIC
t1-0,proof_byte,557056,xor01_from0,DESERIALIZE_REJECTED
t1-0,proof_byte,557120,xor01_from193,VERIFY_PANIC
t1-0,proof_byte,557184,xor01_from51,VERIFY_PANIC
t1-0,proof_byte,557248,xor01_from83,VERIFY_PANIC
t1-0,proof_byte,557312,xor01_from54,VERIFY_PANIC
t1-0,proof_byte,557376,xor01_from51,VERIFY_PANIC
t1-0,proof_byte,557440,xor01_from202,VERIFY_PANIC
t1-0,proof_byte,557504,xor01_from28,VERIFY_PANIC
t1-0,proof_byte,557568,xor01_from114,VERIFY_PANIC
t1-0,proof_byte,557632,xor01_from190,VERIFY_PANIC
t1-0,proof_byte,557696,xor01_from38,VERIFY_PANIC
t1-0,proof_byte,557760,xor01_from170,VERIFY_PANIC
t1-0,proof_byte,557824,xor01_from7,VERIFY_PANIC
t1-0,proof_byte,557888,xor01_from39,VERIFY_PANIC
t1-0,proof_byte,557952,xor01_from227,VERIFY_PANIC
t1-0,proof_byte,558016,xor01_from7,VERIFY_PANIC
t1-0,proof_byte,558080,xor01_from98,VERIFY_PANIC
t1-0,proof_byte,558144,xor01_from180,VERIFY_PANIC
t1-0,proof_byte,558208,xor01_from72,VERIFY_PANIC
t1-0,proof_byte,558272,xor01_from95,VERIFY_PANIC
t1-0,proof_byte,558336,xor01_from60,VERIFY_PANIC
t1-0,proof_byte,558400,xor01_from44,VERIFY_PANIC
t1-0,proof_byte,558464,xor01_from43,VERIFY_PANIC
t1-0,proof_byte,558528,xor01_from157,VERIFY_PANIC
t1-0,proof_byte,558592,xor01_from193,VERIFY_PANIC
t1-0,proof_byte,558656,xor01_from32,VERIFY_PANIC
t1-0,proof_byte,558720,xor01_from103,VERIFY_PANIC
t1-0,proof_byte,558784,xor01_from60,VERIFY_PANIC
t1-0,proof_byte,558848,xor01_from140,VERIFY_PANIC
t1-0,proof_byte,558912,xor01_from13,VERIFY_PANIC
t1-0,proof_byte,558976,xor01_from146,VERIFY_PANIC
t1-0,proof_byte,559040,xor01_from136,VERIFY_PANIC
t1-0,proof_byte,559104,xor01_from169,VERIFY_PANIC
t1-0,proof_byte,559168,xor01_from0,DESERIALIZE_REJECTED
t1-0,proof_byte,559232,xor01_from175,VERIFY_PANIC
t1-0,proof_byte,559296,xor01_from247,VERIFY_PANIC
t1-0,proof_byte,559360,xor01_from205,VERIFY_PANIC
t1-0,proof_byte,559424,xor01_from0,DESERIALIZE_REJECTED
t1-0,proof_byte,559488,xor01_from200,VERIFY_PANIC
t1-0,proof_byte,559552,xor01_from0,DESERIALIZE_REJECTED
t1-0,proof_byte,559616,xor01_from13,VERIFY_PANIC
t1-0,proof_byte,559680,xor01_from168,VERIFY_PANIC
t1-0,proof_byte,559744,xor01_from220,VERIFY_PANIC
t1-0,proof_byte,559808,xor01_from71,VERIFY_PANIC
t1-0,proof_byte,559872,xor01_from78,VERIFY_PANIC
t1-0,proof_byte,559936,xor01_from159,VERIFY_PANIC
t1-0,proof_byte,560000,xor01_from204,VERIFY_PANIC
t1-0,proof_byte,560064,xor01_from131,VERIFY_PANIC
t1-0,proof_byte,560128,xor01_from200,VERIFY_PANIC
t1-0,proof_byte,560192,xor01_from89,VERIFY_PANIC
t1-0,proof_byte,560256,xor01_from151,VERIFY_PANIC
t1-0,proof_byte,560320,xor01_from0,DESERIALIZE_REJECTED
t1-0,proof_byte,560384,xor01_from37,VERIFY_PANIC
t1-0,proof_byte,560448,xor01_from230,VERIFY_PANIC
t1-0,proof_byte,560512,xor01_from124,VERIFY_PANIC
t1-0,proof_byte,560576,xor01_from104,VERIFY_PANIC
t1-0,proof_byte,560640,xor01_from57,VERIFY_PANIC
t1-0,proof_byte,560704,xor01_from147,VERIFY_PANIC
t1-0,proof_byte,560768,xor01_from61,VERIFY_PANIC
t1-0,proof_byte,560832,xor01_from189,VERIFY_PANIC
t1-0,proof_byte,560896,xor01_from19,DESERIALIZE_REJECTED
t1-0,proof_byte,560960,xor01_from37,VERIFY_PANIC
t1-0,proof_byte,561024,xor01_from164,VERIFY_PANIC
t1-0,proof_byte,561088,xor01_from24,VERIFY_PANIC
t1-0,proof_byte,561152,xor01_from79,VERIFY_PANIC
t1-0,proof_byte,561216,xor01_from224,VERIFY_PANIC
t1-0,proof_byte,561280,xor01_from108,VERIFY_PANIC
t1-0,proof_byte,561344,xor01_from96,VERIFY_PANIC
t1-0,proof_byte,561408,xor01_from140,VERIFY_PANIC
t1-0,proof_byte,561472,xor01_from54,VERIFY_PANIC
t1-0,proof_byte,561536,xor01_from123,VERIFY_PANIC
t1-0,proof_byte,561600,xor01_from71,VERIFY_PANIC
t1-0,proof_byte,561664,xor01_from13,VERIFY_PANIC
t1-0,proof_byte,561728,xor01_from143,VERIFY_PANIC
t1-0,proof_byte,561792,xor01_from129,VERIFY_PANIC
t1-0,proof_byte,561856,xor01_from31,VERIFY_PANIC
t1-0,proof_byte,561920,xor01_from20,VERIFY_PANIC
t1-0,proof_byte,561984,xor01_from239,VERIFY_PANIC
t1-0,proof_byte,562048,xor01_from111,VERIFY_PANIC
t1-0,proof_byte,562112,xor01_from118,VERIFY_PANIC
t1-0,proof_byte,562176,xor01_from71,VERIFY_PANIC
t1-0,proof_byte,562240,xor01_from29,VERIFY_PANIC
t1-0,proof_byte,562304,xor01_from122,VERIFY_PANIC
t1-0,proof_byte,562368,xor01_from210,VERIFY_PANIC
t1-0,proof_byte,562432,xor01_from105,VERIFY_PANIC
t1-0,proof_byte,562496,xor01_from228,VERIFY_PANIC
t1-0,proof_byte,562560,xor01_from89,VERIFY_PANIC
t1-0,proof_byte,562624,xor01_from171,VERIFY_PANIC
t1-0,proof_byte,562688,xor01_from77,VERIFY_PANIC
t1-0,proof_byte,562752,xor01_from154,VERIFY_PANIC
t1-0,proof_byte,562816,xor01_from28,VERIFY_PANIC
t1-0,proof_byte,562880,xor01_from59,VERIFY_PANIC
t1-0,proof_byte,562944,xor01_from240,VERIFY_PANIC
t1-0,proof_byte,563008,xor01_from76,VERIFY_PANIC
t1-0,proof_byte,563072,xor01_from39,VERIFY_PANIC
t1-0,proof_byte,563136,xor01_from110,VERIFY_PANIC
t1-0,proof_byte,563200,xor01_from32,VERIFY_PANIC
t1-0,proof_byte,563264,xor01_from17,VERIFY_PANIC
t1-0,proof_byte,563328,xor01_from71,VERIFY_PANIC
t1-0,proof_byte,563392,xor01_from155,VERIFY_PANIC
t1-0,proof_byte,563456,xor01_from151,VERIFY_PANIC
t1-0,proof_byte,563520,xor01_from2,VERIFY_PANIC
t1-0,proof_byte,563584,xor01_from86,VERIFY_PANIC
t1-0,proof_byte,563648,xor01_from215,VERIFY_PANIC
t1-0,proof_byte,563712,xor01_from85,VERIFY_PANIC
t1-0,proof_byte,563776,xor01_from58,VERIFY_PANIC
t1-0,proof_byte,563840,xor01_from103,VERIFY_PANIC
t1-0,proof_byte,563904,xor01_from124,VERIFY_PANIC
t1-0,proof_byte,563968,xor01_from186,VERIFY_PANIC
t1-0,proof_byte,564032,xor01_from48,VERIFY_PANIC
t1-0,proof_byte,564096,xor01_from215,VERIFY_PANIC
t1-0,proof_byte,564160,xor01_from228,VERIFY_PANIC
t1-0,proof_byte,564224,xor01_from187,VERIFY_PANIC
t1-0,proof_byte,564288,xor01_from168,VERIFY_PANIC
t1-0,proof_byte,564352,xor01_from64,VERIFY_PANIC
t1-0,proof_byte,564416,xor01_from241,VERIFY_PANIC
t1-0,proof_byte,564480,xor01_from90,VERIFY_PANIC
t1-0,proof_byte,564544,xor01_from128,VERIFY_PANIC
t1-0,proof_byte,564608,xor01_from161,VERIFY_PANIC
t1-0,proof_byte,564672,xor01_from12,DESERIALIZE_REJECTED
t1-0,proof_byte,564736,xor01_from190,VERIFY_PANIC
t1-0,proof_byte,564800,xor01_from65,VERIFY_PANIC
t1-0,proof_byte,564864,xor01_from156,VERIFY_PANIC
t1-0,proof_byte,564928,xor01_from211,VERIFY_PANIC
t1-0,proof_byte,564992,xor01_from223,VERIFY_PANIC
t1-0,proof_byte,565056,xor01_from10,VERIFY_PANIC
t1-0,proof_byte,565120,xor01_from162,VERIFY_PANIC
t1-0,proof_byte,565184,xor01_from230,VERIFY_PANIC
t1-0,proof_byte,565248,xor01_from94,VERIFY_PANIC
t1-0,proof_byte,565312,xor01_from119,VERIFY_PANIC
t1-0,proof_byte,565376,xor01_from151,VERIFY_PANIC
t1-0,proof_byte,565440,xor01_from72,VERIFY_PANIC
t1-0,proof_byte,565504,xor01_from182,VERIFY_PANIC
t1-0,proof_byte,565568,xor01_from112,VERIFY_PANIC
t1-0,proof_byte,565632,xor01_from225,VERIFY_PANIC
t1-0,proof_byte,565696,xor01_from71,VERIFY_PANIC
t1-0,proof_byte,565760,xor01_from46,VERIFY_PANIC
t1-0,proof_byte,565824,xor01_from87,VERIFY_PANIC
t1-0,proof_byte,565888,xor01_from254,VERIFY_PANIC
t1-0,proof_byte,565952,xor01_from66,VERIFY_PANIC
t1-0,proof_byte,566016,xor01_from237,VERIFY_PANIC
t1-0,proof_byte,566080,xor01_from179,VERIFY_PANIC
t1-0,proof_byte,566144,xor01_from14,VERIFY_PANIC
t1-0,proof_byte,566208,xor01_from64,VERIFY_PANIC
t1-0,proof_byte,566272,xor01_from205,VERIFY_PANIC
t1-0,proof_byte,566336,xor01_from13,VERIFY_PANIC
t1-0,proof_byte,566400,xor01_from213,VERIFY_PANIC
t1-0,proof_byte,566464,xor01_from162,VERIFY_PANIC
t1-0,proof_byte,566528,xor01_from213,VERIFY_PANIC
t1-0,proof_byte,566592,xor01_from108,VERIFY_PANIC
t1-0,proof_byte,566656,xor01_from197,VERIFY_PANIC
t1-0,proof_byte,566720,xor01_from120,VERIFY_PANIC
t1-0,proof_byte,566784,xor01_from149,VERIFY_PANIC
t1-0,proof_byte,566848,xor01_from77,VERIFY_PANIC
t1-0,proof_byte,566912,xor01_from132,VERIFY_PANIC
t1-0,proof_byte,566976,xor01_from188,VERIFY_PANIC
t1-0,proof_byte,567040,xor01_from4,DESERIALIZE_REJECTED
t1-0,proof_byte,567104,xor01_from200,VERIFY_PANIC
t1-0,proof_byte,567168,xor01_from27,VERIFY_PANIC
t1-0,proof_byte,567232,xor01_from129,VERIFY_PANIC
t1-0,proof_byte,567296,xor01_from183,VERIFY_PANIC
t1-0,proof_byte,567360,xor01_from110,VERIFY_PANIC
t1-0,proof_byte,567424,xor01_from10,VERIFY_PANIC
t1-0,proof_byte,567488,xor01_from141,VERIFY_PANIC
t1-0,proof_byte,567552,xor01_from225,VERIFY_PANIC
t1-0,proof_byte,567616,xor01_from6,DESERIALIZE_REJECTED
t1-0,proof_byte,567680,xor01_from146,VERIFY_PANIC
t1-0,proof_byte,567744,xor01_from134,VERIFY_PANIC
t1-0,proof_byte,567808,xor01_from115,VERIFY_PANIC
t1-0,proof_byte,567872,xor01_from221,VERIFY_PANIC
t1-0,proof_byte,567936,xor01_from54,VERIFY_PANIC
t1-0,proof_byte,568000,xor01_from55,VERIFY_PANIC
t1-0,proof_byte,568064,xor01_from9,VERIFY_PANIC
t1-0,proof_byte,568128,xor01_from152,VERIFY_PANIC
t1-0,proof_byte,568192,xor01_from62,VERIFY_PANIC
t1-0,proof_byte,568256,xor01_from107,VERIFY_PANIC
t1-0,proof_byte,568320,xor01_from242,VERIFY_PANIC
t1-0,proof_byte,568384,xor01_from222,VERIFY_PANIC
t1-0,proof_byte,568448,xor01_from126,VERIFY_PANIC
t1-0,proof_byte,568512,xor01_from48,VERIFY_PANIC
t1-0,proof_byte,568576,xor01_from70,VERIFY_PANIC
t1-0,proof_byte,568640,xor01_from181,VERIFY_PANIC
t1-0,proof_byte,568704,xor01_from178,VERIFY_PANIC
t1-0,proof_byte,568768,xor01_from232,VERIFY_PANIC
t1-0,proof_byte,568832,xor01_from224,VERIFY_PANIC
t1-0,proof_byte,568896,xor01_from114,VERIFY_PANIC
t1-0,proof_byte,568960,xor01_from36,VERIFY_PANIC
t1-0,proof_byte,569024,xor01_from172,VERIFY_PANIC
t1-0,proof_byte,569088,xor01_from87,VERIFY_PANIC
t1-0,proof_byte,569152,xor01_from92,VERIFY_PANIC
t1-0,proof_byte,569216,xor01_from34,VERIFY_PANIC
t1-0,proof_byte,569280,xor01_from94,VERIFY_PANIC
t1-0,proof_byte,569344,xor01_from9,VERIFY_PANIC
t1-0,proof_byte,569408,xor01_from61,VERIFY_PANIC
t1-0,proof_byte,569472,xor01_from199,VERIFY_PANIC
t1-0,proof_byte,569536,xor01_from236,VERIFY_PANIC
t1-0,proof_byte,569600,xor01_from12,VERIFY_PANIC
t1-0,proof_byte,569664,xor01_from43,VERIFY_PANIC
t1-0,proof_byte,569728,xor01_from239,VERIFY_PANIC
t1-0,proof_byte,569792,xor01_from227,VERIFY_PANIC
t1-0,proof_byte,569856,xor01_from226,VERIFY_PANIC
t1-0,proof_byte,569920,xor01_from221,VERIFY_PANIC
t1-0,proof_byte,569984,xor01_from255,VERIFY_PANIC
t1-0,proof_byte,570048,xor01_from158,VERIFY_PANIC
t1-0,proof_byte,570112,xor01_from231,VERIFY_PANIC
t1-0,proof_byte,570176,xor01_from17,VERIFY_PANIC
t1-0,proof_byte,570240,xor01_from121,VERIFY_PANIC
t1-0,proof_byte,570304,xor01_from6,VERIFY_PANIC
t1-0,proof_byte,570368,xor01_from28,VERIFY_PANIC
t1-0,proof_byte,570432,xor01_from88,VERIFY_PANIC
t1-0,proof_byte,570496,xor01_from98,VERIFY_PANIC
t1-0,proof_byte,570560,xor01_from12,VERIFY_PANIC
t1-0,proof_byte,570624,xor01_from47,VERIFY_PANIC
t1-0,proof_byte,570688,xor01_from154,VERIFY_PANIC
t1-0,proof_byte,570752,xor01_from0,DESERIALIZE_REJECTED
t1-0,proof_byte,570816,xor01_from65,VERIFY_PANIC
t1-0,proof_byte,570880,xor01_from126,VERIFY_PANIC
t1-0,proof_byte,570944,xor01_from51,VERIFY_PANIC
t1-0,proof_byte,571008,xor01_from0,VERIFY_PANIC
t1-0,proof_byte,571072,xor01_from155,VERIFY_PANIC
t1-0,proof_byte,571136,xor01_from208,VERIFY_PANIC
t1-0,proof_byte,571200,xor01_from1,VERIFY_PANIC
t1-0,proof_byte,571264,xor01_from19,VERIFY_PANIC
t1-0,proof_byte,571328,xor01_from32,VERIFY_PANIC
t1-0,proof_byte,571392,xor01_from60,VERIFY_PANIC
t1-0,proof_byte,571456,xor01_from87,VERIFY_PANIC
t1-0,proof_byte,571520,xor01_from165,VERIFY_PANIC
t1-0,proof_byte,571584,xor01_from207,VERIFY_PANIC
t1-0,proof_byte,571648,xor01_from20,VERIFY_PANIC
t1-0,proof_byte,571712,xor01_from104,VERIFY_PANIC
t1-0,proof_byte,571776,xor01_from168,VERIFY_PANIC
t1-0,proof_byte,571840,xor01_from16,VERIFY_PANIC
t1-0,proof_byte,571904,xor01_from118,VERIFY_PANIC
t1-0,proof_byte,571968,xor01_from103,VERIFY_PANIC
t1-0,proof_byte,572032,xor01_from3,VERIFY_PANIC
t1-0,proof_byte,572096,xor01_from99,VERIFY_PANIC
t1-0,proof_byte,572160,xor01_from226,VERIFY_PANIC
t1-0,proof_byte,572224,xor01_from248,VERIFY_PANIC
t1-0,proof_byte,572288,xor01_from236,VERIFY_PANIC
t1-0,proof_byte,572352,xor01_from95,VERIFY_PANIC
t1-0,proof_byte,572416,xor01_from101,VERIFY_PANIC
t1-0,proof_byte,572480,xor01_from152,VERIFY_PANIC
t1-0,proof_byte,572544,xor01_from94,VERIFY_PANIC
t1-0,proof_byte,572608,xor01_from245,VERIFY_PANIC
t1-0,proof_byte,572672,xor01_from93,VERIFY_PANIC
t1-0,proof_byte,572736,xor01_from218,VERIFY_PANIC
t1-0,proof_byte,572800,xor01_from215,VERIFY_PANIC
t1-0,proof_byte,572864,xor01_from137,VERIFY_PANIC
t1-0,proof_byte,572928,xor01_from120,VERIFY_PANIC
t1-0,proof_byte,572992,xor01_from124,VERIFY_PANIC
t1-0,proof_byte,573056,xor01_from73,VERIFY_PANIC
t1-0,proof_byte,573120,xor01_from234,VERIFY_PANIC
t1-0,proof_byte,573184,xor01_from200,VERIFY_PANIC
t1-0,proof_byte,573248,xor01_from56,VERIFY_PANIC
t1-0,proof_byte,573312,xor01_from172,VERIFY_PANIC
t1-0,proof_byte,573376,xor01_from205,VERIFY_PANIC
t1-0,proof_byte,573440,xor01_from218,VERIFY_PANIC
t1-0,proof_byte,573504,xor01_from66,VERIFY_PANIC
t1-0,proof_byte,573568,xor01_from128,VERIFY_PANIC
t1-0,proof_byte,573632,xor01_from77,VERIFY_PANIC
t1-0,proof_byte,573696,xor01_from57,VERIFY_PANIC
t1-0,proof_byte,573760,xor01_from37,VERIFY_PANIC
t1-0,proof_byte,573824,xor01_from27,VERIFY_PANIC
t1-0,proof_byte,573888,xor01_from225,VERIFY_PANIC
t1-0,proof_byte,573952,xor01_from154,VERIFY_PANIC
t1-0,proof_byte,574016,xor01_from37,VERIFY_PANIC
t1-0,proof_byte,574080,xor01_from84,VERIFY_PANIC
t1-0,proof_byte,574144,xor01_from0,DESERIALIZE_REJECTED
t1-0,proof_byte,574208,xor01_from161,VERIFY_PANIC
t1-0,proof_byte,574272,xor01_from91,VERIFY_PANIC
t1-0,proof_byte,574336,xor01_from191,VERIFY_PANIC
t1-0,proof_byte,574400,xor01_from194,VERIFY_PANIC
t1-0,proof_byte,574464,xor01_from255,VERIFY_PANIC
t1-0,proof_byte,574528,xor01_from110,VERIFY_PANIC
t1-0,proof_byte,574592,xor01_from165,VERIFY_PANIC
t1-0,proof_byte,574656,xor01_from118,VERIFY_PANIC
t1-0,proof_byte,574720,xor01_from218,VERIFY_PANIC
t1-0,proof_byte,574784,xor01_from139,VERIFY_PANIC
t1-0,proof_byte,574848,xor01_from238,VERIFY_PANIC
t1-0,proof_byte,574912,xor01_from189,VERIFY_PANIC
t1-0,proof_byte,574976,xor01_from106,VERIFY_PANIC
t1-0,proof_byte,575040,xor01_from232,VERIFY_PANIC
t1-0,proof_byte,575104,xor01_from56,VERIFY_PANIC
t1-0,proof_byte,575168,xor01_from232,VERIFY_PANIC
t1-0,proof_byte,575232,xor01_from106,VERIFY_PANIC
t1-0,proof_byte,575296,xor01_from239,VERIFY_PANIC
t1-0,proof_byte,575360,xor01_from53,VERIFY_PANIC
t1-0,proof_byte,575424,xor01_from94,VERIFY_PANIC
t1-0,proof_byte,575488,xor01_from0,DESERIALIZE_REJECTED
t1-0,proof_byte,575552,xor01_from141,VERIFY_PANIC
t1-0,proof_byte,575616,xor01_from98,VERIFY_PANIC
t1-0,proof_byte,575680,xor01_from0,DESERIALIZE_REJECTED
t1-0,proof_byte,575744,xor01_from150,VERIFY_PANIC
t1-0,proof_byte,575808,xor01_from17,VERIFY_PANIC
t1-0,proof_byte,575872,xor01_from80,VERIFY_PANIC
t1-0,proof_byte,575936,xor01_from125,VERIFY_PANIC
t1-0,proof_byte,576000,xor01_from182,VERIFY_PANIC
t1-0,proof_byte,576064,xor01_from96,VERIFY_PANIC
t1-0,proof_byte,576128,xor01_from168,VERIFY_PANIC
t1-0,proof_byte,576192,xor01_from1,VERIFY_PANIC
t1-0,proof_byte,576256,xor01_from155,VERIFY_PANIC
t1-0,proof_byte,576320,xor01_from179,VERIFY_PANIC
t1-0,proof_byte,576384,xor01_from8,VERIFY_PANIC
t1-0,proof_byte,576448,xor01_from180,VERIFY_PANIC
t1-0,proof_byte,576512,xor01_from61,VERIFY_PANIC
t1-0,proof_byte,576576,xor01_from244,VERIFY_PANIC
t1-0,proof_byte,576640,xor01_from200,VERIFY_PANIC
t1-0,proof_byte,576704,xor01_from30,VERIFY_PANIC
t1-0,proof_byte,576768,xor01_from4,VERIFY_PANIC
t1-0,proof_byte,576832,xor01_from251,VERIFY_PANIC
t1-0,proof_byte,576896,xor01_from156,VERIFY_PANIC
t1-0,proof_byte,576960,xor01_from123,VERIFY_PANIC
t1-0,proof_byte,577024,xor01_from255,VERIFY_PANIC
t1-0,proof_byte,577088,xor01_from57,VERIFY_PANIC
t1-0,proof_byte,577152,xor01_from204,VERIFY_PANIC
t1-0,proof_byte,577216,xor01_from50,VERIFY_PANIC
t1-0,proof_byte,577280,xor01_from47,VERIFY_PANIC
t1-0,proof_byte,577344,xor01_from23,VERIFY_PANIC
t1-0,proof_byte,577408,xor01_from144,VERIFY_PANIC
t1-0,proof_byte,577472,xor01_from182,VERIFY_PANIC
t1-0,proof_byte,577536,xor01_from201,VERIFY_PANIC
t1-0,proof_byte,577600,xor01_from80,VERIFY_PANIC
t1-0,proof_byte,577664,xor01_from202,VERIFY_PANIC
t1-0,proof_byte,577728,xor01_from10,VERIFY_PANIC
t1-0,proof_byte,577792,xor01_from182,VERIFY_PANIC
t1-0,proof_byte,577856,xor01_from102,VERIFY_PANIC
t1-0,proof_byte,577920,xor01_from42,VERIFY_PANIC
t1-0,proof_byte,577984,xor01_from152,VERIFY_PANIC
t1-0,proof_byte,578048,xor01_from253,VERIFY_PANIC
t1-0,proof_byte,578112,xor01_from6,VERIFY_PANIC
t1-0,proof_byte,578176,xor01_from16,VERIFY_PANIC
t1-0,proof_byte,578240,xor01_from162,VERIFY_PANIC
t1-0,proof_byte,578304,xor01_from198,VERIFY_PANIC
t1-0,proof_byte,578368,xor01_from214,VERIFY_PANIC
t1-0,proof_byte,578432,xor01_from218,VERIFY_PANIC
t1-0,proof_byte,578496,xor01_from252,VERIFY_PANIC
t1-0,proof_byte,578560,xor01_from152,VERIFY_PANIC
t1-0,proof_byte,578624,xor01_from85,VERIFY_PANIC
t1-0,proof_byte,578688,xor01_from15,VERIFY_PANIC
t1-0,proof_byte,578752,xor01_from144,VERIFY_PANIC
t1-0,proof_byte,578816,xor01_from220,VERIFY_PANIC
t1-0,proof_byte,578880,xor01_from100,VERIFY_PANIC
t1-0,proof_byte,578944,xor01_from239,VERIFY_PANIC
t1-0,proof_byte,579008,xor01_from242,VERIFY_PANIC
t1-0,proof_byte,579072,xor01_from76,VERIFY_PANIC
t1-0,proof_byte,579136,xor01_from71,VERIFY_PANIC
t1-0,proof_byte,579200,xor01_from10,VERIFY_PANIC
t1-0,proof_byte,579264,xor01_from113,VERIFY_PANIC
t1-0,proof_byte,579328,xor01_from51,VERIFY_PANIC
t1-0,proof_byte,579392,xor01_from230,VERIFY_PANIC
t1-0,proof_byte,579456,xor01_from193,VERIFY_PANIC
t1-0,proof_byte,579520,xor01_from152,VERIFY_PANIC
t1-0,proof_byte,579584,xor01_from121,VERIFY_PANIC
t1-0,proof_byte,579648,xor01_from167,VERIFY_PANIC
t1-0,proof_byte,579712,xor01_from113,VERIFY_PANIC
t1-0,proof_byte,579776,xor01_from54,VERIFY_PANIC
t1-0,proof_byte,579840,xor01_from131,VERIFY_PANIC
t1-0,proof_byte,579904,xor01_from128,VERIFY_PANIC
t1-0,proof_byte,579968,xor01_from163,VERIFY_PANIC
t1-0,proof_byte,580032,xor01_from244,VERIFY_PANIC
t1-0,proof_byte,580096,xor01_from200,VERIFY_PANIC
t1-0,proof_byte,580160,xor01_from247,VERIFY_PANIC
t1-0,proof_byte,580224,xor01_from116,VERIFY_PANIC
t1-0,proof_byte,580288,xor01_from13,DESERIALIZE_REJECTED
t1-0,proof_byte,580352,xor01_from105,VERIFY_PANIC
t1-0,proof_byte,580416,xor01_from138,VERIFY_PANIC
t1-0,proof_byte,580480,xor01_from104,VERIFY_PANIC
t1-0,proof_byte,580544,xor01_from145,VERIFY_PANIC
t1-0,proof_byte,580608,xor01_from129,VERIFY_PANIC
t1-0,proof_byte,580672,xor01_from171,VERIFY_PANIC
t1-0,proof_byte,580736,xor01_from92,VERIFY_PANIC
t1-0,proof_byte,580800,xor01_from77,VERIFY_PANIC
t1-0,proof_byte,580864,xor01_from201,VERIFY_PANIC
t1-0,proof_byte,580928,xor01_from19,VERIFY_PANIC
t1-0,proof_byte,580992,xor01_from142,VERIFY_PANIC
t1-0,proof_byte,581056,xor01_from109,VERIFY_PANIC
t1-0,proof_byte,581120,xor01_from100,VERIFY_PANIC
t1-0,proof_byte,581184,xor01_from31,VERIFY_PANIC
t1-0,proof_byte,581248,xor01_from157,VERIFY_PANIC
t1-0,proof_byte,581312,xor01_from114,VERIFY_PANIC
t1-0,proof_byte,581376,xor01_from174,VERIFY_PANIC
t1-0,proof_byte,581440,xor01_from21,VERIFY_PANIC
t1-0,proof_byte,581504,xor01_from112,VERIFY_PANIC
t1-0,proof_byte,581568,xor01_from135,VERIFY_PANIC
t1-0,proof_byte,581632,xor01_from16,VERIFY_PANIC
t1-0,proof_byte,581696,xor01_from65,VERIFY_PANIC
t1-0,proof_byte,581760,xor01_from89,VERIFY_PANIC
t1-0,proof_byte,581824,xor01_from253,VERIFY_PANIC
t1-0,proof_byte,581888,xor01_from46,VERIFY_PANIC
t1-0,proof_byte,581952,xor01_from125,VERIFY_PANIC
t1-0,proof_byte,582016,xor01_from64,VERIFY_PANIC
t1-0,proof_byte,582080,xor01_from85,VERIFY_PANIC
t1-0,proof_byte,582144,xor01_from210,VERIFY_PANIC
t1-0,proof_byte,582208,xor01_from136,VERIFY_PANIC
t1-0,proof_byte,582272,xor01_from99,VERIFY_PANIC
t1-0,proof_byte,582336,xor01_from169,VERIFY_PANIC
t1-0,proof_byte,582400,xor01_from248,VERIFY_PANIC
t1-0,proof_byte,582464,xor01_from45,VERIFY_PANIC
t1-0,proof_byte,582528,xor01_from136,VERIFY_PANIC
t1-0,proof_byte,582592,xor01_from78,VERIFY_PANIC
t1-0,proof_byte,582656,xor01_from124,VERIFY_PANIC
t1-0,proof_byte,582720,xor01_from91,VERIFY_PANIC
t1-0,proof_byte,582784,xor01_from200,VERIFY_PANIC
t1-0,proof_byte,582848,xor01_from179,VERIFY_PANIC
t1-0,proof_byte,582912,xor01_from5,DESERIALIZE_REJECTED
t1-0,proof_byte,582976,xor01_from139,VERIFY_PANIC
t1-0,proof_byte,583040,xor01_from112,VERIFY_PANIC
t1-0,proof_byte,583104,xor01_from16,VERIFY_PANIC
t1-0,proof_byte,583168,xor01_from104,VERIFY_PANIC
t1-0,proof_byte,583232,xor01_from51,VERIFY_PANIC
t1-0,proof_byte,583296,xor01_from219,VERIFY_PANIC
t1-0,proof_byte,583360,xor01_from73,VERIFY_PANIC
t1-0,proof_byte,583424,xor01_from39,VERIFY_PANIC
t1-0,proof_byte,583488,xor01_from229,VERIFY_PANIC
t1-0,proof_byte,583552,xor01_from8,DESERIALIZE_REJECTED
t1-0,proof_byte,583616,xor01_from172,VERIFY_PANIC
t1-0,proof_byte,583680,xor01_from38,VERIFY_PANIC
t1-0,proof_byte,583744,xor01_from245,VERIFY_PANIC
t1-0,proof_byte,583808,xor01_from0,VERIFY_PANIC
t1-0,proof_byte,583872,xor01_from25,VERIFY_PANIC
t1-0,proof_byte,583936,xor01_from135,VERIFY_PANIC
t1-0,proof_byte,584000,xor01_from57,VERIFY_PANIC
t1-0,proof_byte,584064,xor01_from65,VERIFY_PANIC
t1-0,proof_byte,584128,xor01_from248,VERIFY_PANIC
t1-0,proof_byte,584192,xor01_from106,VERIFY_PANIC
t1-0,proof_byte,584256,xor01_from127,VERIFY_PANIC
t1-0,proof_byte,584320,xor01_from241,VERIFY_PANIC
t1-0,proof_byte,584384,xor01_from66,VERIFY_PANIC
t1-0,proof_byte,584448,xor01_from31,VERIFY_PANIC
t1-0,proof_byte,584512,xor01_from251,VERIFY_PANIC
t1-0,proof_byte,584576,xor01_from225,VERIFY_PANIC
t1-0,proof_byte,584640,xor01_from145,VERIFY_PANIC
t1-0,proof_byte,584704,xor01_from0,VERIFY_PANIC
t1-0,proof_byte,584768,xor01_from255,VERIFY_PANIC
t1-0,proof_byte,584832,xor01_from77,VERIFY_PANIC
t1-0,proof_byte,584896,xor01_from241,VERIFY_PANIC
t1-0,proof_byte,584960,xor01_from51,VERIFY_PANIC
t1-0,proof_byte,585024,xor01_from184,VERIFY_PANIC
t1-0,proof_byte,585088,xor01_from45,VERIFY_PANIC
t1-0,proof_byte,585152,xor01_from192,VERIFY_PANIC
t1-0,proof_byte,585216,xor01_from67,VERIFY_PANIC
t1-0,proof_byte,585280,xor01_from235,VERIFY_PANIC
t1-0,proof_byte,585344,xor01_from57,VERIFY_PANIC
t1-0,proof_byte,585408,xor01_from196,VERIFY_PANIC
t1-0,proof_byte,585472,xor01_from115,VERIFY_PANIC
t1-0,proof_byte,585536,xor01_from103,VERIFY_PANIC
t1-0,proof_byte,585600,xor01_from105,VERIFY_PANIC
t1-0,proof_byte,585664,xor01_from248,VERIFY_PANIC
t1-0,proof_byte,585728,xor01_from25,VERIFY_PANIC
t1-0,proof_byte,585792,xor01_from44,VERIFY_PANIC
t1-0,proof_byte,585856,xor01_from138,VERIFY_PANIC
t1-0,proof_byte,585920,xor01_from83,VERIFY_PANIC
t1-0,proof_byte,585984,xor01_from142,VERIFY_PANIC
t1-0,proof_byte,586048,xor01_from223,VERIFY_PANIC
t1-0,proof_byte,586112,xor01_from242,VERIFY_PANIC
t1-0,proof_byte,586176,xor01_from83,VERIFY_PANIC
t1-0,proof_byte,586240,xor01_from0,DESERIALIZE_REJECTED
t1-0,proof_byte,586304,xor01_from224,VERIFY_PANIC
t1-0,proof_byte,586368,xor01_from0,VERIFY_PANIC
t1-0,proof_byte,586432,xor01_from192,VERIFY_PANIC
t1-0,proof_byte,586496,xor01_from185,VERIFY_PANIC
t1-0,proof_byte,586560,xor01_from118,VERIFY_PANIC
t1-0,proof_byte,586624,xor01_from151,VERIFY_PANIC
t1-0,proof_byte,586688,xor01_from228,VERIFY_PANIC
t1-0,proof_byte,586752,xor01_from199,VERIFY_PANIC
t1-0,proof_byte,586816,xor01_from223,VERIFY_PANIC
t1-0,proof_byte,586880,xor01_from52,VERIFY_PANIC
t1-0,proof_byte,586944,xor01_from155,VERIFY_PANIC
t1-0,proof_byte,587008,xor01_from40,VERIFY_PANIC
t1-0,proof_byte,587072,xor01_from96,VERIFY_PANIC
t1-0,proof_byte,587136,xor01_from245,VERIFY_PANIC
t1-0,proof_byte,587200,xor01_from87,VERIFY_PANIC
t1-0,proof_byte,587264,xor01_from98,VERIFY_PANIC
t1-0,proof_byte,587328,xor01_from183,VERIFY_PANIC
t1-0,proof_byte,587392,xor01_from225,VERIFY_PANIC
t1-0,proof_byte,587456,xor01_from51,VERIFY_PANIC
t1-0,proof_byte,587520,xor01_from95,VERIFY_PANIC
t1-0,proof_byte,587584,xor01_from4,VERIFY_PANIC
t1-0,proof_byte,587648,xor01_from97,VERIFY_PANIC
t1-0,proof_byte,587712,xor01_from251,VERIFY_PANIC
t1-0,proof_byte,587776,xor01_from37,VERIFY_PANIC
t1-0,proof_byte,587840,xor01_from23,VERIFY_PANIC
t1-0,proof_byte,587904,xor01_from168,VERIFY_PANIC
t1-0,proof_byte,587968,xor01_from225,VERIFY_PANIC
t1-0,proof_byte,588032,xor01_from208,VERIFY_PANIC
t1-0,proof_byte,588096,xor01_from103,VERIFY_PANIC
t1-0,proof_byte,588160,xor01_from131,VERIFY_PANIC
t1-0,proof_byte,588224,xor01_from227,VERIFY_PANIC
t1-0,proof_byte,588288,xor01_from125,VERIFY_PANIC
t1-0,proof_byte,588352,xor01_from160,VERIFY_PANIC
t1-0,proof_byte,588416,xor01_from215,VERIFY_PANIC
t1-0,proof_byte,588480,xor01_from226,VERIFY_PANIC
t1-0,proof_byte,588544,xor01_from173,VERIFY_PANIC
t1-0,proof_byte,588608,xor01_from77,VERIFY_PANIC
t1-0,proof_byte,588672,xor01_from69,VERIFY_PANIC
t1-0,proof_byte,588736,xor01_from84,VERIFY_PANIC
t1-0,proof_byte,588800,xor01_from91,VERIFY_PANIC
t1-0,proof_byte,588864,xor01_from109,VERIFY_PANIC
t1-0,proof_byte,588928,xor01_from4,VERIFY_PANIC
t1-0,proof_byte,588992,xor01_from195,VERIFY_PANIC
t1-0,proof_byte,589056,xor01_from178,VERIFY_PANIC
t1-0,proof_byte,589120,xor01_from89,VERIFY_PANIC
t1-0,proof_byte,589184,xor01_from185,VERIFY_PANIC
t1-0,proof_byte,589248,xor01_from135,VERIFY_PANIC
t1-0,proof_byte,589312,xor01_from252,VERIFY_PANIC
t1-0,proof_byte,589376,xor01_from216,VERIFY_PANIC
t1-0,proof_byte,589440,xor01_from234,VERIFY_PANIC
t1-0,proof_byte,589504,xor01_from142,VERIFY_PANIC
t1-0,proof_byte,589568,xor01_from247,VERIFY_PANIC
t1-0,proof_byte,589632,xor01_from130,VERIFY_PANIC
t1-0,proof_byte,589696,xor01_from131,VERIFY_PANIC
t1-0,proof_byte,589760,xor01_from254,VERIFY_PANIC
t1-0,proof_byte,589824,xor01_from39,VERIFY_PANIC
t1-0,proof_byte,589888,xor01_from0,DESERIALIZE_REJECTED
t1-0,proof_byte,589952,xor01_from222,VERIFY_PANIC
t1-0,proof_byte,590016,xor01_from153,VERIFY_PANIC
t1-0,proof_byte,590080,xor01_from125,VERIFY_PANIC
t1-0,proof_byte,590144,xor01_from177,VERIFY_PANIC
t1-0,proof_byte,590208,xor01_from95,VERIFY_PANIC
t1-0,proof_byte,590272,xor01_from177,VERIFY_PANIC
t1-0,proof_byte,590336,xor01_from28,VERIFY_PANIC
t1-0,proof_byte,590400,xor01_from211,VERIFY_PANIC
t1-0,proof_byte,590464,xor01_from138,VERIFY_PANIC
t1-0,proof_byte,590528,xor01_from236,VERIFY_PANIC
t1-0,proof_byte,590592,xor01_from95,VERIFY_PANIC
t1-0,proof_byte,590656,xor01_from38,VERIFY_PANIC
t1-0,proof_byte,590720,xor01_from55,VERIFY_PANIC
t1-0,proof_byte,590784,xor01_from17,VERIFY_PANIC
t1-0,proof_byte,590848,xor01_from213,VERIFY_PANIC
t1-0,proof_byte,590912,xor01_from160,VERIFY_PANIC
t1-0,proof_byte,590976,xor01_from233,VERIFY_PANIC
t1-0,proof_byte,591040,xor01_from221,VERIFY_PANIC
t1-0,proof_byte,591104,xor01_from96,VERIFY_PANIC
t1-0,proof_byte,591168,xor01_from156,VERIFY_PANIC
t1-0,proof_byte,591232,xor01_from70,VERIFY_PANIC
t1-0,proof_byte,591296,xor01_from133,VERIFY_PANIC
t1-0,proof_byte,591360,xor01_from47,VERIFY_PANIC
t1-0,proof_byte,591424,xor01_from193,VERIFY_PANIC
t1-0,proof_byte,591488,xor01_from0,DESERIALIZE_REJECTED
t1-0,proof_byte,591552,xor01_from5,VERIFY_PANIC
t1-0,proof_byte,591616,xor01_from72,VERIFY_PANIC
t1-0,proof_byte,591680,xor01_from2,VERIFY_PANIC
t1-0,proof_byte,591744,xor01_from124,VERIFY_PANIC
t1-0,proof_byte,591808,xor01_from219,VERIFY_PANIC
t1-0,proof_byte,591872,xor01_from66,VERIFY_PANIC
t1-0,proof_byte,591936,xor01_from158,VERIFY_PANIC
t1-0,proof_byte,592000,xor01_from101,VERIFY_PANIC
t1-0,proof_byte,592064,xor01_from127,VERIFY_PANIC
t1-0,proof_byte,592128,xor01_from239,VERIFY_PANIC
t1-0,proof_byte,592192,xor01_from44,VERIFY_PANIC
t1-0,proof_byte,592256,xor01_from205,VERIFY_PANIC
t1-0,proof_byte,592320,xor01_from12,VERIFY_PANIC
t1-0,proof_byte,592384,xor01_from0,DESERIALIZE_REJECTED
t1-0,proof_byte,592448,xor01_from140,VERIFY_PANIC
t1-0,proof_byte,592512,xor01_from144,VERIFY_PANIC
t1-0,proof_byte,592576,xor01_from205,VERIFY_PANIC
t1-0,proof_byte,592640,xor01_from242,VERIFY_PANIC
t1-0,proof_byte,592704,xor01_from158,VERIFY_PANIC
t1-0,proof_byte,592768,xor01_from91,VERIFY_PANIC
t1-0,proof_byte,592832,xor01_from187,VERIFY_PANIC
t1-0,proof_byte,592896,xor01_from153,VERIFY_PANIC
t1-0,proof_byte,592960,xor01_from141,VERIFY_PANIC
t1-0,proof_byte,593024,xor01_from89,VERIFY_PANIC
t1-0,proof_byte,593088,xor01_from26,VERIFY_PANIC
t1-0,proof_byte,593152,xor01_from219,VERIFY_PANIC
t1-0,proof_byte,593216,xor01_from96,VERIFY_PANIC
t1-0,proof_byte,593280,xor01_from91,VERIFY_PANIC
t1-0,proof_byte,593344,xor01_from161,VERIFY_PANIC
t1-0,proof_byte,593408,xor01_from19,VERIFY_PANIC
t1-0,proof_byte,593472,xor01_from169,VERIFY_PANIC
t1-0,proof_byte,593536,xor01_from76,VERIFY_PANIC
t1-0,proof_byte,593600,xor01_from164,VERIFY_PANIC
t1-0,proof_byte,593664,xor01_from18,DESERIALIZE_REJECTED
t1-0,proof_byte,593728,xor01_from129,VERIFY_PANIC
t1-0,proof_byte,593792,xor01_from15,VERIFY_PANIC
t1-0,proof_byte,593856,xor01_from251,VERIFY_PANIC
t1-0,proof_byte,593920,xor01_from39,VERIFY_PANIC
t1-0,proof_byte,593984,xor01_from27,VERIFY_PANIC
t1-0,proof_byte,594048,xor01_from74,VERIFY_PANIC
t1-0,proof_byte,594112,xor01_from181,VERIFY_PANIC
t1-0,proof_byte,594176,xor01_from23,VERIFY_PANIC
t1-0,proof_byte,594240,xor01_from60,VERIFY_PANIC
t1-0,proof_byte,594304,xor01_from148,VERIFY_PANIC
t1-0,proof_byte,594368,xor01_from182,VERIFY_PANIC
t1-0,proof_byte,594432,xor01_from13,VERIFY_PANIC
t1-0,proof_byte,594496,xor01_from157,VERIFY_PANIC
t1-0,proof_byte,594560,xor01_from188,VERIFY_PANIC
t1-0,proof_byte,594624,xor01_from132,VERIFY_PANIC
t1-0,proof_byte,594688,xor01_from152,VERIFY_PANIC
t1-0,proof_byte,594752,xor01_from233,VERIFY_PANIC
t1-0,proof_byte,594816,xor01_from209,VERIFY_PANIC
t1-0,proof_byte,594880,xor01_from26,VERIFY_PANIC
t1-0,proof_byte,594944,xor01_from189,VERIFY_PANIC
t1-0,proof_byte,595008,xor01_from173,VERIFY_PANIC
t1-0,proof_byte,595072,xor01_from140,VERIFY_PANIC
t1-0,proof_byte,595136,xor01_from147,VERIFY_PANIC
t1-0,proof_byte,595200,xor01_from15,VERIFY_PANIC
t1-0,proof_byte,595264,xor01_from207,VERIFY_PANIC
t1-0,proof_byte,595328,xor01_from75,VERIFY_PANIC
t1-0,proof_byte,595392,xor01_from104,VERIFY_PANIC
t1-0,proof_byte,595456,xor01_from196,VERIFY_PANIC
t1-0,proof_byte,595520,xor01_from164,VERIFY_PANIC
t1-0,proof_byte,595584,xor01_from250,VERIFY_PANIC
t1-0,proof_byte,595648,xor01_from166,VERIFY_PANIC
t1-0,proof_byte,595712,xor01_from175,VERIFY_PANIC
t1-0,proof_byte,595776,xor01_from180,VERIFY_PANIC
t1-0,proof_byte,595840,xor01_from6,VERIFY_PANIC
t1-0,proof_byte,595904,xor01_from218,VERIFY_PANIC
t1-0,proof_byte,595968,xor01_from246,VERIFY_PANIC
t1-0,proof_byte,596032,xor01_from193,VERIFY_PANIC
t1-0,proof_byte,596096,xor01_from8,VERIFY_PANIC
t1-0,proof_byte,596160,xor01_from157,VERIFY_PANIC
t1-0,proof_byte,596224,xor01_from4,VERIFY_PANIC
t1-0,proof_byte,596288,xor01_from158,VERIFY_PANIC
t1-0,proof_byte,596352,xor01_from119,VERIFY_PANIC
t1-0,proof_byte,596416,xor01_from70,VERIFY_PANIC
t1-0,proof_byte,596480,xor01_from106,VERIFY_PANIC
t1-0,proof_byte,596544,xor01_from208,VERIFY_PANIC
t1-0,proof_byte,596608,xor01_from58,VERIFY_PANIC
t1-0,proof_byte,596672,xor01_from245,VERIFY_PANIC
t1-0,proof_byte,596736,xor01_from23,VERIFY_PANIC
t1-0,proof_byte,596800,xor01_from136,VERIFY_PANIC
t1-0,proof_byte,596864,xor01_from174,VERIFY_PANIC
t1-0,proof_byte,596928,xor01_from66,VERIFY_PANIC
t1-0,proof_byte,596992,xor01_from106,VERIFY_PANIC
t1-0,proof_byte,597056,xor01_from243,VERIFY_PANIC
t1-0,proof_byte,597120,xor01_from46,VERIFY_PANIC
t1-0,proof_byte,597184,xor01_from144,VERIFY_PANIC
t1-0,proof_byte,597248,xor01_from244,VERIFY_PANIC
t1-0,proof_byte,597312,xor01_from190,VERIFY_PANIC
t1-0,proof_byte,597376,xor01_from238,VERIFY_PANIC
t1-0,proof_byte,597440,xor01_from163,VERIFY_PANIC
t1-0,proof_byte,597504,xor01_from217,VERIFY_PANIC
t1-0,proof_byte,597568,xor01_from10,DESERIALIZE_REJECTED
t1-0,proof_byte,597632,xor01_from76,VERIFY_PANIC
t1-0,proof_byte,597696,xor01_from96,VERIFY_PANIC
t1-0,proof_byte,597760,xor01_from187,VERIFY_PANIC
t1-0,proof_byte,597824,xor01_from2,VERIFY_PANIC
t1-0,proof_byte,597888,xor01_from10,VERIFY_PANIC
t1-0,proof_byte,597952,xor01_from188,VERIFY_PANIC
t1-0,proof_byte,598016,xor01_from144,VERIFY_PANIC
t1-0,proof_byte,598080,xor01_from218,VERIFY_PANIC
t1-0,proof_byte,598144,xor01_from108,VERIFY_PANIC
t1-0,proof_byte,598208,xor01_from59,VERIFY_PANIC
t1-0,proof_byte,598272,xor01_from41,VERIFY_PANIC
t1-0,proof_byte,598336,xor01_from45,VERIFY_PANIC
t1-0,proof_byte,598400,xor01_from117,VERIFY_PANIC
t1-0,proof_byte,598464,xor01_from232,VERIFY_PANIC
t1-0,proof_byte,598528,xor01_from243,VERIFY_PANIC
t1-0,proof_byte,598592,xor01_from62,VERIFY_PANIC
t1-0,proof_byte,598656,xor01_from153,VERIFY_PANIC
t1-0,proof_byte,598720,xor01_from47,VERIFY_PANIC
t1-0,proof_byte,598784,xor01_from53,VERIFY_PANIC
t1-0,proof_byte,598848,xor01_from30,VERIFY_PANIC
t1-0,proof_byte,598912,xor01_from72,VERIFY_PANIC
t1-0,proof_byte,598976,xor01_from74,VERIFY_PANIC
t1-0,proof_byte,599040,xor01_from14,VERIFY_PANIC
t1-0,proof_byte,599104,xor01_from73,VERIFY_PANIC
t1-0,proof_byte,599168,xor01_from244,VERIFY_PANIC
t1-0,proof_byte,599232,xor01_from71,VERIFY_PANIC
t1-0,proof_byte,599296,xor01_from16,VERIFY_PANIC
t1-0,proof_byte,599360,xor01_from218,VERIFY_PANIC
t1-0,proof_byte,599424,xor01_from2,DESERIALIZE_REJECTED
t1-0,proof_byte,599488,xor01_from170,VERIFY_PANIC
t1-0,proof_byte,599552,xor01_from2,DESERIALIZE_REJECTED
t1-0,proof_byte,599616,xor01_from161,VERIFY_PANIC
t1-0,proof_byte,599680,xor01_from10,VERIFY_PANIC
t1-0,proof_byte,599744,xor01_from131,VERIFY_PANIC
t1-0,proof_byte,599808,xor01_from129,VERIFY_PANIC
t1-0,proof_byte,599872,xor01_from12,VERIFY_PANIC
t1-0,proof_byte,599936,xor01_from55,VERIFY_PANIC
t1-0,proof_byte,600000,xor01_from236,VERIFY_PANIC
t1-0,proof_byte,600064,xor01_from243,VERIFY_PANIC
t1-0,proof_byte,600128,xor01_from224,VERIFY_PANIC
t1-0,proof_byte,600192,xor01_from148,VERIFY_PANIC
t1-0,proof_byte,600256,xor01_from94,VERIFY_PANIC
t1-0,proof_byte,600320,xor01_from205,VERIFY_PANIC
t1-0,proof_byte,600384,xor01_from35,VERIFY_PANIC
t1-0,proof_byte,600448,xor01_from0,VERIFY_PANIC
t1-0,proof_byte,600512,xor01_from19,VERIFY_PANIC
t1-0,proof_byte,600576,xor01_from87,VERIFY_PANIC
t1-0,proof_byte,600640,xor01_from133,VERIFY_PANIC
t1-0,proof_byte,600704,xor01_from233,VERIFY_PANIC
t1-0,proof_byte,600768,xor01_from76,VERIFY_PANIC
t1-0,proof_byte,600832,xor01_from151,VERIFY_PANIC
t1-0,proof_byte,600896,xor01_from155,VERIFY_PANIC
t1-0,proof_byte,600960,xor01_from160,VERIFY_PANIC
t1-0,proof_byte,601024,xor01_from224,VERIFY_PANIC
t1-0,proof_byte,601088,xor01_from221,VERIFY_PANIC
t1-0,proof_byte,601152,xor01_from180,VERIFY_PANIC
t1-0,proof_byte,601216,xor01_from90,VERIFY_PANIC
t1-0,proof_byte,601280,xor01_from193,VERIFY_PANIC
t1-0,proof_byte,601344,xor01_from236,VERIFY_PANIC
t1-0,proof_byte,601408,xor01_from196,VERIFY_PANIC
t1-0,proof_byte,601472,xor01_from39,VERIFY_PANIC
t1-0,proof_byte,601536,xor01_from128,VERIFY_PANIC
t1-0,proof_byte,601600,xor01_from142,VERIFY_PANIC
t1-0,proof_byte,601664,xor01_from213,VERIFY_PANIC
t1-0,proof_byte,601728,xor01_from30,VERIFY_PANIC
t1-0,proof_byte,601792,xor01_from99,VERIFY_PANIC
t1-0,proof_byte,601856,xor01_from126,VERIFY_PANIC
t1-0,proof_byte,601920,xor01_from103,VERIFY_PANIC
t1-0,proof_byte,601984,xor01_from114,VERIFY_PANIC
t1-0,proof_byte,602048,xor01_from178,VERIFY_PANIC
t1-0,proof_byte,602112,xor01_from133,VERIFY_PANIC
t1-0,proof_byte,602176,xor01_from111,VERIFY_PANIC
t1-0,proof_byte,602240,xor01_from115,VERIFY_PANIC
t1-0,proof_byte,602304,xor01_from248,VERIFY_PANIC
t1-0,proof_byte,602368,xor01_from231,VERIFY_PANIC
t1-0,proof_byte,602432,xor01_from54,VERIFY_PANIC
t1-0,proof_byte,602496,xor01_from135,VERIFY_PANIC
t1-0,proof_byte,602560,xor01_from131,VERIFY_PANIC
t1-0,proof_byte,602624,xor01_from248,VERIFY_PANIC
t1-0,proof_byte,602688,xor01_from126,VERIFY_PANIC
t1-0,proof_byte,602752,xor01_from146,VERIFY_PANIC
t1-0,proof_byte,602816,xor01_from30,VERIFY_PANIC
t1-0,proof_byte,602880,xor01_from89,VERIFY_PANIC
t1-0,proof_byte,602944,xor01_from123,VERIFY_PANIC
t1-0,proof_byte,603008,xor01_from36,VERIFY_PANIC
t1-0,proof_byte,603072,xor01_from63,VERIFY_PANIC
t1-0,proof_byte,603136,xor01_from114,VERIFY_PANIC
t1-0,proof_byte,603200,xor01_from98,VERIFY_PANIC
t1-0,proof_byte,603264,xor01_from114,VERIFY_PANIC
t1-0,proof_byte,603328,xor01_from93,VERIFY_PANIC
t1-0,proof_byte,603392,xor01_from15,VERIFY_PANIC
t1-0,proof_byte,603456,xor01_from240,VERIFY_PANIC
t1-0,proof_byte,603520,xor01_from100,VERIFY_PANIC
t1-0,proof_byte,603584,xor01_from58,VERIFY_PANIC
t1-0,proof_byte,603648,xor01_from206,VERIFY_PANIC
t1-0,proof_byte,603712,xor01_from95,VERIFY_PANIC
t1-0,proof_byte,603776,xor01_from18,VERIFY_PANIC
t1-0,proof_byte,603840,xor01_from212,VERIFY_PANIC
t1-0,proof_byte,603904,xor01_from0,DESERIALIZE_REJECTED
t1-0,proof_byte,603968,xor01_from156,VERIFY_PANIC
t1-0,proof_byte,604032,xor01_from250,VERIFY_PANIC
t1-0,proof_byte,604096,xor01_from29,VERIFY_PANIC
t1-0,proof_byte,604160,xor01_from90,VERIFY_PANIC
t1-0,proof_byte,604224,xor01_from230,VERIFY_PANIC
t1-0,proof_byte,604288,xor01_from90,VERIFY_PANIC
t1-0,proof_byte,604352,xor01_from196,VERIFY_PANIC
t1-0,proof_byte,604416,xor01_from159,VERIFY_PANIC
t1-0,proof_byte,604480,xor01_from36,VERIFY_PANIC
t1-0,proof_byte,604544,xor01_from142,VERIFY_PANIC
t1-0,proof_byte,604608,xor01_from210,VERIFY_PANIC
t1-0,proof_byte,604672,xor01_from172,VERIFY_PANIC
t1-0,proof_byte,604736,xor01_from190,VERIFY_PANIC
t1-0,proof_byte,604800,xor01_from169,VERIFY_PANIC
t1-0,proof_byte,604864,xor01_from142,VERIFY_PANIC
t1-0,proof_byte,604928,xor01_from62,VERIFY_PANIC
t1-0,proof_byte,604992,xor01_from190,VERIFY_PANIC
t1-0,proof_byte,605056,xor01_from165,VERIFY_PANIC
t1-0,proof_byte,605120,xor01_from207,VERIFY_PANIC
t1-0,proof_byte,605184,xor01_from168,VERIFY_PANIC
t1-0,proof_byte,605248,xor01_from41,VERIFY_PANIC
t1-0,proof_byte,605312,xor01_from139,VERIFY_PANIC
t1-0,proof_byte,605376,xor01_from132,VERIFY_PANIC
t1-0,proof_byte,605440,xor01_from189,VERIFY_PANIC
t1-0,proof_byte,605504,xor01_from32,VERIFY_PANIC
t1-0,proof_byte,605568,xor01_from66,VERIFY_PANIC
t1-0,proof_byte,605632,xor01_from78,VERIFY_PANIC
t1-0,proof_byte,605696,xor01_from220,VERIFY_PANIC
t1-0,proof_byte,605760,xor01_from194,VERIFY_PANIC
t1-0,proof_byte,605824,xor01_from222,VERIFY_PANIC
t1-0,proof_byte,605888,xor01_from163,VERIFY_PANIC
t1-0,proof_byte,605952,xor01_from222,VERIFY_PANIC
t1-0,proof_byte,606016,xor01_from72,VERIFY_PANIC
t1-0,proof_byte,606080,xor01_from200,VERIFY_PANIC
t1-0,proof_byte,606144,xor01_from176,VERIFY_PANIC
t1-0,proof_byte,606208,xor01_from8,VERIFY_PANIC
t1-0,proof_byte,606272,xor01_from24,VERIFY_PANIC
t1-0,proof_byte,606336,xor01_from210,VERIFY_PANIC
t1-0,proof_byte,606400,xor01_from63,VERIFY_PANIC
t1-0,proof_byte,606464,xor01_from255,VERIFY_PANIC
t1-0,proof_byte,606528,xor01_from97,VERIFY_PANIC
t1-0,proof_byte,606592,xor01_from22,VERIFY_PANIC
t1-0,proof_byte,606656,xor01_from160,VERIFY_PANIC
t1-0,proof_byte,606720,xor01_from26,VERIFY_PANIC
t1-0,proof_byte,606784,xor01_from0,DESERIALIZE_REJECTED
t1-0,proof_byte,606848,xor01_from1,VERIFY_PANIC
t1-0,proof_byte,606912,xor01_from132,VERIFY_PANIC
t1-0,proof_byte,606976,xor01_from168,VERIFY_PANIC
t1-0,proof_byte,607040,xor01_from132,VERIFY_PANIC
t1-0,proof_byte,607104,xor01_from149,VERIFY_PANIC
t1-0,proof_byte,607168,xor01_from4,VERIFY_PANIC
t1-0,proof_byte,607232,xor01_from11,VERIFY_PANIC
t1-0,proof_byte,607296,xor01_from141,VERIFY_PANIC
t1-0,proof_byte,607360,xor01_from4,VERIFY_PANIC
t1-0,proof_byte,607424,xor01_from202,VERIFY_PANIC
t1-0,proof_byte,607488,xor01_from189,VERIFY_PANIC
t1-0,proof_byte,607552,xor01_from224,VERIFY_PANIC
t1-0,proof_byte,607616,xor01_from213,VERIFY_PANIC
t1-0,proof_byte,607680,xor01_from0,DESERIALIZE_REJECTED
t1-0,proof_byte,607744,xor01_from205,VERIFY_PANIC
t1-0,proof_byte,607808,xor01_from220,VERIFY_PANIC
t1-0,proof_byte,607872,xor01_from200,VERIFY_PANIC
t1-0,proof_byte,607936,xor01_from16,VERIFY_PANIC
t1-0,proof_byte,608000,xor01_from197,VERIFY_PANIC
t1-0,proof_byte,608064,xor01_from11,VERIFY_PANIC
t1-0,proof_byte,608128,xor01_from188,VERIFY_PANIC
t1-0,proof_byte,608192,xor01_from195,VERIFY_PANIC
t1-0,proof_byte,608256,xor01_from211,VERIFY_PANIC
t1-0,proof_byte,608320,xor01_from51,VERIFY_PANIC
t1-0,proof_byte,608384,xor01_from25,VERIFY_PANIC
t1-0,proof_byte,608448,xor01_from0,DESERIALIZE_REJECTED
t1-0,proof_byte,608512,xor01_from17,DESERIALIZE_REJECTED
t1-0,proof_byte,608576,xor01_from134,VERIFY_PANIC
t1-0,proof_byte,608640,xor01_from34,VERIFY_PANIC
t1-0,proof_byte,608704,xor01_from95,VERIFY_PANIC
t1-0,proof_byte,608768,xor01_from121,VERIFY_PANIC
t1-0,proof_byte,608832,xor01_from148,VERIFY_PANIC
t1-0,proof_byte,608896,xor01_from1,VERIFY_PANIC
t1-0,proof_byte,608960,xor01_from159,VERIFY_PANIC
t1-0,proof_byte,609024,xor01_from222,VERIFY_PANIC
t1-0,proof_byte,609088,xor01_from19,DESERIALIZE_REJECTED
t1-0,proof_byte,609152,xor01_from4,VERIFY_PANIC
t1-0,proof_byte,609216,xor01_from171,VERIFY_PANIC
t1-0,proof_byte,609280,xor01_from124,VERIFY_PANIC
t1-0,proof_byte,609344,xor01_from107,VERIFY_PANIC
t1-0,proof_byte,609408,xor01_from58,VERIFY_PANIC
t1-0,proof_byte,609472,xor01_from201,VERIFY_PANIC
t1-0,proof_byte,609536,xor01_from140,VERIFY_PANIC
t1-0,proof_byte,609600,xor01_from182,VERIFY_PANIC
t1-0,proof_byte,609664,xor01_from11,VERIFY_PANIC
t1-0,proof_byte,609728,xor01_from130,VERIFY_PANIC
t1-0,proof_byte,609792,xor01_from218,VERIFY_PANIC
t1-0,proof_byte,609856,xor01_from234,VERIFY_PANIC
t1-0,proof_byte,609920,xor01_from79,VERIFY_PANIC
t1-0,proof_byte,609984,xor01_from55,VERIFY_PANIC
t1-0,proof_byte,610048,xor01_from59,VERIFY_PANIC
t1-0,proof_byte,610112,xor01_from114,VERIFY_PANIC
t1-0,proof_byte,610176,xor01_from82,VERIFY_PANIC
t1-0,proof_byte,610240,xor01_from74,VERIFY_PANIC
t1-0,proof_byte,610304,xor01_from96,VERIFY_PANIC
t1-0,proof_byte,610368,xor01_from36,VERIFY_PANIC
t1-0,proof_byte,610432,xor01_from17,VERIFY_PANIC
t1-0,proof_byte,610496,xor01_from255,VERIFY_PANIC
t1-0,proof_byte,610560,xor01_from20,VERIFY_PANIC
t1-0,proof_byte,610624,xor01_from127,VERIFY_PANIC
t1-0,proof_byte,610688,xor01_from129,VERIFY_PANIC
t1-0,proof_byte,610752,xor01_from114,VERIFY_PANIC
t1-0,proof_byte,610816,xor01_from250,VERIFY_PANIC
t1-0,proof_byte,610880,xor01_from223,VERIFY_PANIC
t1-0,proof_byte,610944,xor01_from158,VERIFY_PANIC
t1-0,proof_byte,611008,xor01_from253,VERIFY_PANIC
t1-0,proof_byte,611072,xor01_from27,VERIFY_PANIC
t1-0,proof_byte,611136,xor01_from230,VERIFY_PANIC
t1-0,proof_byte,611200,xor01_from190,VERIFY_PANIC
t1-0,proof_byte,611264,xor01_from237,VERIFY_PANIC
t1-0,proof_byte,611328,xor01_from126,VERIFY_PANIC
t1-0,proof_byte,611392,xor01_from146,VERIFY_PANIC
t1-0,proof_byte,611456,xor01_from242,VERIFY_PANIC
t1-0,proof_byte,611520,xor01_from35,VERIFY_PANIC
t1-0,proof_byte,611584,xor01_from116,VERIFY_PANIC
t1-0,proof_byte,611648,xor01_from133,VERIFY_PANIC
t1-0,proof_byte,611712,xor01_from29,VERIFY_PANIC
t1-0,proof_byte,611776,xor01_from228,VERIFY_PANIC
t1-0,proof_byte,611840,xor01_from5,VERIFY_PANIC
t1-0,proof_byte,611904,xor01_from173,VERIFY_PANIC
t1-0,proof_byte,611968,xor01_from107,VERIFY_PANIC
t1-0,proof_byte,612032,xor01_from93,VERIFY_PANIC
t1-0,proof_byte,612096,xor01_from98,VERIFY_PANIC
t1-0,proof_byte,612160,xor01_from124,VERIFY_PANIC
t1-0,proof_byte,612224,xor01_from227,VERIFY_PANIC
t1-0,proof_byte,612288,xor01_from76,VERIFY_PANIC
t1-0,proof_byte,612352,xor01_from170,VERIFY_PANIC
t1-0,proof_byte,612416,xor01_from61,VERIFY_PANIC
t1-0,proof_byte,612480,xor01_from82,VERIFY_PANIC
t1-0,proof_byte,612544,xor01_from103,VERIFY_PANIC
t1-0,proof_byte,612608,xor01_from224,VERIFY_PANIC
t1-0,proof_byte,612672,xor01_from79,VERIFY_PANIC
t1-0,proof_byte,612736,xor01_from7,VERIFY_PANIC
t1-0,proof_byte,612800,xor01_from131,VERIFY_PANIC
t1-0,proof_byte,612864,xor01_from22,VERIFY_PANIC
t1-0,proof_byte,612928,xor01_from83,VERIFY_PANIC
t1-0,proof_byte,612992,xor01_from201,VERIFY_PANIC
t1-0,proof_byte,613056,xor01_from10,VERIFY_PANIC
t1-0,proof_byte,613120,xor01_from175,VERIFY_PANIC
t1-0,proof_byte,613184,xor01_from145,VERIFY_PANIC
t1-0,proof_byte,613248,xor01_from11,DESERIALIZE_REJECTED
t1-0,proof_byte,613312,xor01_from25,VERIFY_PANIC
t1-0,proof_byte,613376,xor01_from198,VERIFY_PANIC
t1-0,proof_byte,613440,xor01_from147,VERIFY_PANIC
t1-0,proof_byte,613504,xor01_from21,VERIFY_PANIC
t1-0,proof_byte,613568,xor01_from252,VERIFY_PANIC
t1-0,proof_byte,613632,xor01_from76,VERIFY_PANIC
t1-0,proof_byte,613696,xor01_from78,VERIFY_PANIC
t1-0,proof_byte,613760,xor01_from75,VERIFY_PANIC
t1-0,proof_byte,613824,xor01_from125,VERIFY_PANIC
t1-0,proof_byte,613888,xor01_from24,VERIFY_PANIC
t1-0,proof_byte,613952,xor01_from140,VERIFY_PANIC
t1-0,proof_byte,614016,xor01_from116,VERIFY_PANIC
t1-0,proof_byte,614080,xor01_from145,VERIFY_PANIC
t1-0,proof_byte,614144,xor01_from97,VERIFY_PANIC
t1-0,proof_byte,614208,xor01_from174,VERIFY_PANIC
t1-0,proof_byte,614272,xor01_from65,VERIFY_PANIC
t1-0,proof_byte,614336,xor01_from200,VERIFY_PANIC
t1-0,proof_byte,614400,xor01_from185,VERIFY_PANIC
t1-0,proof_byte,614464,xor01_from9,VERIFY_PANIC
t1-0,proof_byte,614528,xor01_from38,VERIFY_PANIC
t1-0,proof_byte,614592,xor01_from13,VERIFY_PANIC
t1-0,proof_byte,614656,xor01_from157,VERIFY_PANIC
t1-0,proof_byte,614720,xor01_from183,VERIFY_PANIC
t1-0,proof_byte,614784,xor01_from171,VERIFY_PANIC
t1-0,proof_byte,614848,xor01_from88,VERIFY_PANIC
t1-0,proof_byte,614912,xor01_from127,VERIFY_PANIC
t1-0,proof_byte,614976,xor01_from111,VERIFY_PANIC
t1-0,proof_byte,615040,xor01_from83,VERIFY_PANIC
t1-0,proof_byte,615104,xor01_from176,VERIFY_PANIC
t1-0,proof_byte,615168,xor01_from159,VERIFY_PANIC
t1-0,proof_byte,615232,xor01_from227,VERIFY_PANIC
t1-0,proof_byte,615296,xor01_from29,VERIFY_PANIC
t1-0,proof_byte,615360,xor01_from3,DESERIALIZE_REJECTED
t1-0,proof_byte,615424,xor01_from248,VERIFY_PANIC
t1-0,proof_byte,615488,xor01_from220,VERIFY_PANIC
t1-0,proof_byte,615552,xor01_from58,VERIFY_PANIC
t1-0,proof_byte,615616,xor01_from5,DESERIALIZE_REJECTED
t1-0,proof_byte,615680,xor01_from73,VERIFY_PANIC
t1-0,proof_byte,615744,xor01_from8,DESERIALIZE_REJECTED
t1-0,proof_byte,615808,xor01_from1,VERIFY_PANIC
t1-0,proof_byte,615872,xor01_from16,VERIFY_PANIC
t1-0,proof_byte,615936,xor01_from29,VERIFY_PANIC
t1-0,proof_byte,616000,xor01_from178,VERIFY_PANIC
t1-0,proof_byte,616064,xor01_from11,VERIFY_PANIC
t1-0,proof_byte,616128,xor01_from136,VERIFY_PANIC
t1-0,proof_byte,616192,xor01_from175,VERIFY_PANIC
t1-0,proof_byte,616256,xor01_from252,VERIFY_PANIC
t1-0,proof_byte,616320,xor01_from162,VERIFY_PANIC
t1-0,proof_byte,616384,xor01_from132,VERIFY_PANIC
t1-0,proof_byte,616448,xor01_from131,VERIFY_PANIC
t1-0,proof_byte,616512,xor01_from5,DESERIALIZE_REJECTED
t1-0,proof_byte,616576,xor01_from22,VERIFY_PANIC
t1-0,proof_byte,616640,xor01_from240,VERIFY_PANIC
t1-0,proof_byte,616704,xor01_from117,VERIFY_PANIC
t1-0,proof_byte,616768,xor01_from75,VERIFY_PANIC
t1-0,proof_byte,616832,xor01_from27,VERIFY_PANIC
t1-0,proof_byte,616896,xor01_from99,VERIFY_PANIC
t1-0,proof_byte,616960,xor01_from65,VERIFY_PANIC
t1-0,proof_byte,617024,xor01_from186,VERIFY_PANIC
t1-0,proof_byte,617088,xor01_from146,VERIFY_PANIC
t1-0,proof_byte,617152,xor01_from28,VERIFY_PANIC
t1-0,proof_byte,617216,xor01_from23,VERIFY_PANIC
t1-0,proof_byte,617280,xor01_from29,VERIFY_PANIC
t1-0,proof_byte,617344,xor01_from189,VERIFY_PANIC
t1-0,proof_byte,617408,xor01_from242,VERIFY_PANIC
t1-0,proof_byte,617472,xor01_from131,VERIFY_PANIC
t1-0,proof_byte,617536,xor01_from8,VERIFY_PANIC
t1-0,proof_byte,617600,xor01_from167,VERIFY_PANIC
t1-0,proof_byte,617664,xor01_from232,VERIFY_PANIC
t1-0,proof_byte,617728,xor01_from98,VERIFY_PANIC
t1-0,proof_byte,617792,xor01_from48,VERIFY_PANIC
t1-0,proof_byte,617856,xor01_from172,VERIFY_PANIC
t1-0,proof_byte,617920,xor01_from61,VERIFY_PANIC
t1-0,proof_byte,617984,xor01_from23,VERIFY_PANIC
t1-0,proof_byte,618048,xor01_from112,VERIFY_PANIC
t1-0,proof_byte,618112,xor01_from182,VERIFY_PANIC
t1-0,proof_byte,618176,xor01_from8,VERIFY_PANIC
t1-0,proof_byte,618240,xor01_from255,VERIFY_PANIC
t1-0,proof_byte,618304,xor01_from173,VERIFY_PANIC
t1-0,proof_byte,618368,xor01_from252,VERIFY_PANIC
t1-0,proof_byte,618432,xor01_from167,VERIFY_PANIC
t1-0,proof_byte,618496,xor01_from149,VERIFY_PANIC
t1-0,proof_byte,618560,xor01_from55,VERIFY_PANIC
t1-0,proof_byte,618624,xor01_from132,VERIFY_PANIC
t1-0,proof_byte,618688,xor01_from57,VERIFY_PANIC
t1-0,proof_byte,618752,xor01_from196,VERIFY_PANIC
t1-0,proof_byte,618816,xor01_from64,VERIFY_PANIC
t1-0,proof_byte,618880,xor01_from179,VERIFY_PANIC
t1-0,proof_byte,618944,xor01_from100,VERIFY_PANIC
t1-0,proof_byte,619008,xor01_from225,VERIFY_PANIC
t1-0,proof_byte,619072,xor01_from245,VERIFY_PANIC
t1-0,proof_byte,619136,xor01_from57,VERIFY_PANIC
t1-0,proof_byte,619200,xor01_from106,VERIFY_PANIC
t1-0,proof_byte,619264,xor01_from218,VERIFY_PANIC
t1-0,proof_byte,619328,xor01_from86,VERIFY_PANIC
t1-0,proof_byte,619392,xor01_from58,VERIFY_PANIC
t1-0,proof_byte,619456,xor01_from0,DESERIALIZE_REJECTED
t1-0,proof_byte,619520,xor01_from117,VERIFY_PANIC
t1-0,proof_byte,619584,xor01_from129,VERIFY_PANIC
t1-0,proof_byte,619648,xor01_from28,VERIFY_PANIC
t1-0,proof_byte,619712,xor01_from43,VERIFY_PANIC
t1-0,proof_byte,619776,xor01_from116,VERIFY_PANIC
t1-0,proof_byte,619840,xor01_from35,VERIFY_PANIC
t1-0,proof_byte,619904,xor01_from36,VERIFY_PANIC
t1-0,proof_byte,619968,xor01_from159,VERIFY_PANIC
t1-0,proof_byte,620032,xor01_from114,VERIFY_PANIC
t1-0,proof_byte,620096,xor01_from20,VERIFY_PANIC
t1-0,proof_byte,620160,xor01_from114,VERIFY_PANIC
t1-0,proof_byte,620224,xor01_from73,VERIFY_PANIC
t1-0,proof_byte,620288,xor01_from13,VERIFY_PANIC
t1-0,proof_byte,620352,xor01_from246,VERIFY_PANIC
t1-0,proof_byte,620416,xor01_from218,VERIFY_PANIC
t1-0,proof_byte,620480,xor01_from75,VERIFY_PANIC
t1-0,proof_byte,620544,xor01_from1,VERIFY_PANIC
t1-0,proof_byte,620608,xor01_from184,VERIFY_PANIC
t1-0,proof_byte,620672,xor01_from15,VERIFY_PANIC
t1-0,proof_byte,620736,xor01_from123,VERIFY_PANIC
t1-0,proof_byte,620800,xor01_from171,VERIFY_PANIC
t1-0,proof_byte,620864,xor01_from57,VERIFY_PANIC
t1-0,proof_byte,620928,xor01_from75,VERIFY_PANIC
t1-0,proof_byte,620992,xor01_from53,VERIFY_PANIC
t1-0,proof_byte,621056,xor01_from206,VERIFY_PANIC
t1-0,proof_byte,621120,xor01_from214,VERIFY_PANIC
t1-0,proof_byte,621184,xor01_from195,VERIFY_PANIC
t1-0,proof_byte,621248,xor01_from1,VERIFY_PANIC
t1-0,proof_byte,621312,xor01_from146,VERIFY_PANIC
t1-0,proof_byte,621376,xor01_from15,VERIFY_PANIC
t1-0,proof_byte,621440,xor01_from49,VERIFY_PANIC
t1-0,proof_byte,621504,xor01_from23,VERIFY_PANIC
t1-0,proof_byte,621568,xor01_from212,VERIFY_PANIC
t1-0,proof_byte,621632,xor01_from65,VERIFY_PANIC
t1-0,proof_byte,621696,xor01_from46,VERIFY_PANIC
t1-0,proof_byte,621760,xor01_from247,VERIFY_PANIC
t1-0,proof_byte,621824,xor01_from0,VERIFY_PANIC
t1-0,proof_byte,621888,xor01_from242,VERIFY_PANIC
t1-0,proof_byte,621952,xor01_from165,VERIFY_PANIC
t1-0,proof_byte,622016,xor01_from207,VERIFY_PANIC
t1-0,proof_byte,622080,xor01_from39,VERIFY_PANIC
t1-0,proof_byte,622144,xor01_from127,VERIFY_PANIC
t1-0,proof_byte,622208,xor01_from13,VERIFY_PANIC
t1-0,proof_byte,622272,xor01_from66,VERIFY_PANIC
t1-0,proof_byte,622336,xor01_from79,VERIFY_PANIC
t1-0,proof_byte,622400,xor01_from226,VERIFY_PANIC
t1-0,proof_byte,622464,xor01_from105,VERIFY_PANIC
t1-0,proof_byte,622528,xor01_from177,VERIFY_PANIC
t1-0,proof_byte,622592,xor01_from0,DESERIALIZE_REJECTED
t1-0,proof_byte,622656,xor01_from111,VERIFY_PANIC
t1-0,proof_byte,622720,xor01_from22,VERIFY_PANIC
t1-0,proof_byte,622784,xor01_from232,VERIFY_PANIC
t1-0,proof_byte,622848,xor01_from121,VERIFY_PANIC
t1-0,proof_byte,622912,xor01_from231,VERIFY_PANIC
t1-0,proof_byte,622976,xor01_from99,VERIFY_PANIC
t1-0,proof_byte,623040,xor01_from83,VERIFY_PANIC
t1-0,proof_byte,623104,xor01_from148,VERIFY_PANIC
t1-0,proof_byte,623168,xor01_from71,VERIFY_PANIC
t1-0,proof_byte,623232,xor01_from230,VERIFY_PANIC
t1-0,proof_byte,623296,xor01_from56,VERIFY_PANIC
t1-0,proof_byte,623360,xor01_from58,VERIFY_PANIC
t1-0,proof_byte,623424,xor01_from216,VERIFY_PANIC
t1-0,proof_byte,623488,xor01_from98,VERIFY_PANIC
t1-0,proof_byte,623552,xor01_from164,VERIFY_PANIC
t1-0,proof_byte,623616,xor01_from111,VERIFY_PANIC
t1-0,proof_byte,623680,xor01_from123,VERIFY_PANIC
t1-0,proof_byte,623744,xor01_from123,VERIFY_PANIC
t1-0,proof_byte,623808,xor01_from125,VERIFY_PANIC
t1-0,proof_byte,623872,xor01_from217,VERIFY_PANIC
t1-0,proof_byte,623936,xor01_from99,VERIFY_PANIC
t1-0,proof_byte,624000,xor01_from80,VERIFY_PANIC
t1-0,proof_byte,624064,xor01_from69,VERIFY_PANIC
t1-0,proof_byte,624128,xor01_from47,VERIFY_PANIC
t1-0,proof_byte,624192,xor01_from99,VERIFY_PANIC
t1-0,proof_byte,624256,xor01_from2,VERIFY_PANIC
t1-0,proof_byte,624320,xor01_from32,VERIFY_PANIC
t1-0,proof_byte,624384,xor01_from7,VERIFY_PANIC
t1-0,proof_byte,624448,xor01_from3,VERIFY_PANIC
t1-0,proof_byte,624512,xor01_from5,VERIFY_PANIC
t1-0,proof_byte,624576,xor01_from79,VERIFY_PANIC
t1-0,proof_byte,624640,xor01_from207,VERIFY_PANIC
t1-0,proof_byte,624704,xor01_from35,VERIFY_PANIC
t1-0,proof_byte,624768,xor01_from140,VERIFY_PANIC
t1-0,proof_byte,624832,xor01_from100,VERIFY_PANIC
t1-0,proof_byte,624896,xor01_from71,VERIFY_PANIC
t1-0,proof_byte,624960,xor01_from24,VERIFY_PANIC
t1-0,proof_byte,625024,xor01_from4,VERIFY_PANIC
t1-0,proof_byte,625088,xor01_from144,VERIFY_PANIC
t1-0,proof_byte,625152,xor01_from54,VERIFY_PANIC
t1-0,proof_byte,625216,xor01_from234,VERIFY_PANIC
t1-0,proof_byte,625280,xor01_from61,VERIFY_PANIC
t1-0,proof_byte,625344,xor01_from255,VERIFY_PANIC
t1-0,proof_byte,625408,xor01_from2,VERIFY_PANIC
t1-0,proof_byte,625472,xor01_from68,VERIFY_PANIC
t1-0,proof_byte,625536,xor01_from191,VERIFY_PANIC
t1-0,proof_byte,625600,xor01_from247,VERIFY_PANIC
t1-0,proof_byte,625664,xor01_from70,VERIFY_PANIC
t1-0,proof_byte,625728,xor01_from112,VERIFY_PANIC
t1-0,proof_byte,625792,xor01_from91,VERIFY_PANIC
t1-0,proof_byte,625856,xor01_from206,VERIFY_PANIC
t1-0,proof_byte,625920,xor01_from33,VERIFY_PANIC
t1-0,proof_byte,625984,xor01_from138,VERIFY_PANIC
t1-0,proof_byte,626048,xor01_from67,VERIFY_PANIC
t1-0,proof_byte,626112,xor01_from127,VERIFY_PANIC
t1-0,proof_byte,626176,xor01_from26,VERIFY_PANIC
t1-0,proof_byte,626240,xor01_from102,VERIFY_PANIC
t1-0,proof_byte,626304,xor01_from238,VERIFY_PANIC
t1-0,proof_byte,626368,xor01_from46,VERIFY_PANIC
t1-0,proof_byte,626432,xor01_from187,VERIFY_PANIC
t1-0,proof_byte,626496,xor01_from217,VERIFY_PANIC
t1-0,proof_byte,626560,xor01_from193,VERIFY_PANIC
t1-0,proof_byte,626624,xor01_from17,VERIFY_PANIC
t1-0,proof_byte,626688,xor01_from44,VERIFY_PANIC
t1-0,proof_byte,626752,xor01_from90,VERIFY_PANIC
t1-0,proof_byte,626816,xor01_from0,VERIFY_PANIC
t1-0,proof_byte,626880,xor01_from57,VERIFY_PANIC
t1-0,proof_byte,626944,xor01_from16,DESERIALIZE_REJECTED
t1-0,proof_byte,627008,xor01_from132,VERIFY_PANIC
t1-0,proof_byte,627072,xor01_from174,VERIFY_PANIC
t1-0,proof_byte,627136,xor01_from54,VERIFY_PANIC
t1-0,proof_byte,627200,xor01_from19,VERIFY_PANIC
t1-0,proof_byte,627264,xor01_from33,VERIFY_PANIC
t1-0,proof_byte,627328,xor01_from53,VERIFY_PANIC
t1-0,proof_byte,627392,xor01_from76,VERIFY_PANIC
t1-0,proof_byte,627456,xor01_from218,VERIFY_PANIC
t1-0,proof_byte,627520,xor01_from13,VERIFY_PANIC
t1-0,proof_byte,627584,xor01_from224,VERIFY_PANIC
t1-0,proof_byte,627648,xor01_from191,VERIFY_PANIC
t1-0,proof_byte,627712,xor01_from175,VERIFY_PANIC
t1-0,proof_byte,627776,xor01_from126,VERIFY_PANIC
t1-0,proof_byte,627840,xor01_from169,VERIFY_PANIC
t1-0,proof_byte,627904,xor01_from245,VERIFY_PANIC
t1-0,proof_byte,627968,xor01_from187,VERIFY_PANIC
t1-0,proof_byte,628032,xor01_from246,VERIFY_PANIC
t1-0,proof_byte,628096,xor01_from6,VERIFY_PANIC
t1-0,proof_byte,628160,xor01_from157,VERIFY_PANIC
t1-0,proof_byte,628224,xor01_from223,VERIFY_PANIC
t1-0,proof_byte,628288,xor01_from14,VERIFY_PANIC
t1-0,proof_byte,628352,xor01_from212,VERIFY_PANIC
t1-0,proof_byte,628416,xor01_from217,VERIFY_PANIC
t1-0,proof_byte,628480,xor01_from237,VERIFY_PANIC
t1-0,proof_byte,628544,xor01_from82,VERIFY_PANIC
t1-0,proof_byte,628608,xor01_from63,VERIFY_PANIC
t1-0,proof_byte,628672,xor01_from173,VERIFY_PANIC
t1-0,proof_byte,628736,xor01_from147,VERIFY_PANIC
t1-0,proof_byte,628800,xor01_from45,VERIFY_PANIC
t1-0,proof_byte,628864,xor01_from160,VERIFY_PANIC
t1-0,proof_byte,628928,xor01_from182,VERIFY_PANIC
t1-0,proof_byte,628992,xor01_from177,VERIFY_PANIC
t1-0,proof_byte,629056,xor01_from64,VERIFY_PANIC
t1-0,proof_byte,629120,xor01_from142,VERIFY_PANIC
t1-0,proof_byte,629184,xor01_from86,VERIFY_PANIC
t1-0,proof_byte,629248,xor01_from18,VERIFY_PANIC
t1-0,proof_byte,629312,xor01_from99,VERIFY_PANIC
t1-0,proof_byte,629376,xor01_from182,VERIFY_PANIC
t1-0,proof_byte,629440,xor01_from223,VERIFY_PANIC
t1-0,proof_byte,629504,xor01_from224,VERIFY_PANIC
t1-0,proof_byte,629568,xor01_from186,VERIFY_PANIC
t1-0,proof_byte,629632,xor01_from64,VERIFY_PANIC
t1-0,proof_byte,629696,xor01_from199,VERIFY_PANIC
t1-0,proof_byte,629760,xor01_from129,VERIFY_PANIC
t1-0,proof_byte,629824,xor01_from151,VERIFY_PANIC
t1-0,proof_byte,629888,xor01_from121,VERIFY_PANIC
t1-0,proof_byte,629952,xor01_from60,VERIFY_PANIC
t1-0,proof_byte,630016,xor01_from36,VERIFY_PANIC
t1-0,proof_byte,630080,xor01_from193,VERIFY_PANIC
t1-0,proof_byte,630144,xor01_from242,VERIFY_PANIC
t1-0,proof_byte,630208,xor01_from107,VERIFY_PANIC
t1-0,proof_byte,630272,xor01_from199,VERIFY_PANIC
t1-0,proof_byte,630336,xor01_from8,DESERIALIZE_REJECTED
t1-0,proof_byte,630400,xor01_from249,VERIFY_PANIC
t1-0,proof_byte,630464,xor01_from163,VERIFY_PANIC
t1-0,proof_byte,630528,xor01_from61,VERIFY_PANIC
t1-0,proof_byte,630592,xor01_from231,VERIFY_PANIC
t1-0,proof_byte,630656,xor01_from58,VERIFY_PANIC
t1-0,proof_byte,630720,xor01_from191,VERIFY_PANIC
t1-0,proof_byte,630784,xor01_from226,VERIFY_PANIC
t1-0,proof_byte,630848,xor01_from146,VERIFY_PANIC
t1-0,proof_byte,630912,xor01_from101,VERIFY_PANIC
t1-0,proof_byte,630976,xor01_from230,VERIFY_PANIC
t1-0,proof_byte,631040,xor01_from29,VERIFY_PANIC
t1-0,proof_byte,631104,xor01_from121,VERIFY_PANIC
t1-0,proof_byte,631168,xor01_from3,VERIFY_PANIC
t1-0,proof_byte,631232,xor01_from166,VERIFY_PANIC
t1-0,proof_byte,631296,xor01_from140,VERIFY_PANIC
t1-0,proof_byte,631360,xor01_from252,VERIFY_PANIC
t1-0,proof_byte,631424,xor01_from22,VERIFY_PANIC
t1-0,proof_byte,631488,xor01_from216,VERIFY_PANIC
t1-0,proof_byte,631552,xor01_from136,VERIFY_PANIC
t1-0,proof_byte,631616,xor01_from236,VERIFY_PANIC
t1-0,proof_byte,631680,xor01_from8,DESERIALIZE_REJECTED
t1-0,proof_byte,631744,xor01_from81,VERIFY_PANIC
t1-0,proof_byte,631808,xor01_from198,VERIFY_PANIC
t1-0,proof_byte,631872,xor01_from20,DESERIALIZE_REJECTED
t1-0,proof_byte,631936,xor01_from215,VERIFY_PANIC
t1-0,proof_byte,632000,xor01_from60,VERIFY_PANIC
t1-0,proof_byte,632064,xor01_from168,VERIFY_PANIC
t1-0,proof_byte,632128,xor01_from108,VERIFY_PANIC
t1-0,proof_byte,632192,xor01_from82,VERIFY_PANIC
t1-0,proof_byte,632256,xor01_from207,VERIFY_PANIC
t1-0,proof_byte,632320,xor01_from74,VERIFY_PANIC
t1-0,proof_byte,632384,xor01_from111,VERIFY_PANIC
t1-0,proof_byte,632448,xor01_from94,VERIFY_PANIC
t1-0,proof_byte,632512,xor01_from208,VERIFY_PANIC
t1-0,proof_byte,632576,xor01_from234,VERIFY_PANIC
t1-0,proof_byte,632640,xor01_from138,VERIFY_PANIC
t1-0,proof_byte,632704,xor01_from7,VERIFY_PANIC
t1-0,proof_byte,632768,xor01_from184,VERIFY_PANIC
t1-0,proof_byte,632832,xor01_from246,VERIFY_PANIC
t1-0,proof_byte,632896,xor01_from245,VERIFY_PANIC
t1-0,proof_byte,632960,xor01_from198,VERIFY_PANIC
t1-0,proof_byte,633024,xor01_from118,VERIFY_PANIC
t1-0,proof_byte,633088,xor01_from123,VERIFY_PANIC
t1-0,proof_byte,633152,xor01_from0,DESERIALIZE_REJECTED
t1-0,proof_byte,633216,xor01_from172,VERIFY_PANIC
t1-0,proof_byte,633280,xor01_from162,VERIFY_PANIC
t1-0,proof_byte,633344,xor01_from204,VERIFY_PANIC
t1-0,proof_byte,633408,xor01_from236,VERIFY_PANIC
t1-0,proof_byte,633472,xor01_from96,VERIFY_PANIC
t1-0,proof_byte,633536,xor01_from250,VERIFY_PANIC
t1-0,proof_byte,633600,xor01_from24,VERIFY_PANIC
t1-0,proof_byte,633664,xor01_from127,VERIFY_PANIC
t1-0,proof_byte,633728,xor01_from31,VERIFY_PANIC
t1-0,proof_byte,633792,xor01_from232,VERIFY_PANIC
t1-0,proof_byte,633856,xor01_from224,VERIFY_PANIC
t1-0,proof_byte,633920,xor01_from249,VERIFY_PANIC
t1-0,proof_byte,633984,xor01_from25,VERIFY_PANIC
t1-0,proof_byte,634048,xor01_from93,VERIFY_PANIC
t1-0,proof_byte,634112,xor01_from165,VERIFY_PANIC
t1-0,proof_byte,634176,xor01_from102,VERIFY_PANIC
t1-0,proof_byte,634240,xor01_from255,VERIFY_PANIC
t1-0,proof_byte,634304,xor01_from233,VERIFY_PANIC
t1-0,proof_byte,634368,xor01_from158,VERIFY_PANIC
t1-0,proof_byte,634432,xor01_from222,VERIFY_PANIC
t1-0,proof_byte,634496,xor01_from244,VERIFY_PANIC
t1-0,proof_byte,634560,xor01_from31,VERIFY_PANIC
t1-0,proof_byte,634624,xor01_from206,VERIFY_PANIC
t1-0,proof_byte,634688,xor01_from226,VERIFY_PANIC
t1-0,proof_byte,634752,xor01_from79,VERIFY_PANIC
t1-0,proof_byte,634816,xor01_from161,VERIFY_PANIC
t1-0,proof_byte,634880,xor01_from199,VERIFY_PANIC
t1-0,proof_byte,634944,xor01_from210,VERIFY_PANIC
t1-0,proof_byte,635008,xor01_from16,VERIFY_PANIC
t1-0,proof_byte,635072,xor01_from164,VERIFY_PANIC
t1-0,proof_byte,635136,xor01_from89,VERIFY_PANIC
t1-0,proof_byte,635200,xor01_from145,VERIFY_PANIC
t1-0,proof_byte,635264,xor01_from153,VERIFY_PANIC
t1-0,proof_byte,635328,xor01_from166,VERIFY_PANIC
t1-0,proof_byte,635392,xor01_from78,VERIFY_PANIC
t1-0,proof_byte,635456,xor01_from161,VERIFY_PANIC
t1-0,proof_byte,635520,xor01_from120,VERIFY_PANIC
t1-0,proof_byte,635584,xor01_from162,VERIFY_PANIC
t1-0,proof_byte,635648,xor01_from186,VERIFY_PANIC
t1-0,proof_byte,635712,xor01_from65,VERIFY_PANIC
t1-0,proof_byte,635776,xor01_from190,VERIFY_PANIC
t1-0,proof_byte,635840,xor01_from227,VERIFY_PANIC
t1-0,proof_byte,635904,xor01_from166,VERIFY_PANIC
t1-0,proof_byte,635968,xor01_from195,VERIFY_PANIC
t1-0,proof_byte,636032,xor01_from27,VERIFY_PANIC
t1-0,proof_byte,636096,xor01_from6,VERIFY_PANIC
t1-0,proof_byte,636160,xor01_from248,VERIFY_PANIC
t1-0,proof_byte,636224,xor01_from132,VERIFY_PANIC
t1-0,proof_byte,636288,xor01_from70,VERIFY_PANIC
t1-0,proof_byte,636352,xor01_from76,VERIFY_PANIC
t1-0,proof_byte,636416,xor01_from216,VERIFY_PANIC
t1-0,proof_byte,636480,xor01_from40,VERIFY_PANIC
t1-0,proof_byte,636544,xor01_from37,VERIFY_PANIC
t1-0,proof_byte,636608,xor01_from103,VERIFY_PANIC
t1-0,proof_byte,636672,xor01_from138,VERIFY_PANIC
t1-0,proof_byte,636736,xor01_from94,VERIFY_PANIC
t1-0,proof_byte,636800,xor01_from140,VERIFY_PANIC
t1-0,proof_byte,636864,xor01_from81,VERIFY_PANIC
t1-0,proof_byte,636928,xor01_from0,DESERIALIZE_REJECTED
t1-0,proof_byte,636992,xor01_from205,VERIFY_PANIC
t1-0,proof_byte,637056,xor01_from255,VERIFY_PANIC
t1-0,proof_byte,637120,xor01_from34,VERIFY_PANIC
t1-0,proof_byte,637184,xor01_from184,VERIFY_PANIC
t1-0,proof_byte,637248,xor01_from124,VERIFY_PANIC
t1-0,proof_byte,637312,xor01_from209,VERIFY_PANIC
t1-0,proof_byte,637376,xor01_from137,VERIFY_PANIC
t1-0,proof_byte,637440,xor01_from188,VERIFY_PANIC
t1-0,proof_byte,637504,xor01_from253,VERIFY_PANIC
t1-0,proof_byte,637568,xor01_from182,VERIFY_PANIC
t1-0,proof_byte,637632,xor01_from118,VERIFY_PANIC
t1-0,proof_byte,637696,xor01_from144,VERIFY_PANIC
t1-0,proof_byte,637760,xor01_from113,VERIFY_PANIC
t1-0,proof_byte,637824,xor01_from251,VERIFY_PANIC
t1-0,proof_byte,637888,xor01_from190,VERIFY_PANIC
t1-0,proof_byte,637952,xor01_from59,VERIFY_PANIC
t1-0,proof_byte,638016,xor01_from86,VERIFY_PANIC
t1-0,proof_byte,638080,xor01_from192,VERIFY_PANIC
t1-0,proof_byte,638144,xor01_from231,VERIFY_PANIC
t1-0,proof_byte,638208,xor01_from230,VERIFY_PANIC
t1-0,proof_byte,638272,xor01_from188,VERIFY_PANIC
t1-0,proof_byte,638336,xor01_from226,VERIFY_PANIC
t1-0,proof_byte,638400,xor01_from121,VERIFY_PANIC
t1-0,proof_byte,638464,xor01_from60,VERIFY_PANIC
t1-0,proof_byte,638528,xor01_from166,VERIFY_PANIC
t1-0,proof_byte,638592,xor01_from85,VERIFY_PANIC
t1-0,proof_byte,638656,xor01_from139,VERIFY_PANIC
t1-0,proof_byte,638720,xor01_from38,VERIFY_PANIC
t1-0,proof_byte,638784,xor01_from248,VERIFY_PANIC
t1-0,proof_byte,638848,xor01_from253,VERIFY_PANIC
t1-0,proof_byte,638912,xor01_from175,VERIFY_PANIC
t1-0,proof_byte,638976,xor01_from165,VERIFY_PANIC
t1-0,proof_byte,639040,xor01_from148,VERIFY_PANIC
t1-0,proof_byte,639104,xor01_from103,VERIFY_PANIC
t1-0,proof_byte,639168,xor01_from170,VERIFY_PANIC
t1-0,proof_byte,639232,xor01_from124,VERIFY_PANIC
t1-0,proof_byte,639296,xor01_from0,DESERIALIZE_REJECTED
t1-0,proof_byte,639360,xor01_from245,VERIFY_PANIC
t1-0,proof_byte,639424,xor01_from162,VERIFY_PANIC
t1-0,proof_byte,639488,xor01_from254,VERIFY_PANIC
t1-0,proof_byte,639552,xor01_from55,VERIFY_PANIC
t1-0,proof_byte,639616,xor01_from132,VERIFY_PANIC
t1-0,proof_byte,639680,xor01_from64,VERIFY_PANIC
t1-0,proof_byte,639744,xor01_from85,VERIFY_PANIC
t1-0,proof_byte,639808,xor01_from86,VERIFY_PANIC
t1-0,proof_byte,639872,xor01_from0,DESERIALIZE_REJECTED
t1-0,proof_byte,639936,xor01_from222,VERIFY_PANIC
t1-0,proof_byte,640000,xor01_from224,VERIFY_PANIC
t1-0,proof_byte,640064,xor01_from5,VERIFY_PANIC
t1-0,proof_byte,640128,xor01_from165,VERIFY_PANIC
t1-0,proof_byte,640192,xor01_from182,VERIFY_PANIC
t1-0,proof_byte,640256,xor01_from134,VERIFY_PANIC
t1-0,proof_byte,640320,xor01_from213,VERIFY_PANIC
t1-0,proof_byte,640384,xor01_from207,VERIFY_PANIC
t1-0,proof_byte,640448,xor01_from220,VERIFY_PANIC
t1-0,proof_byte,640512,xor01_from204,VERIFY_PANIC
t1-0,proof_byte,640576,xor01_from35,VERIFY_PANIC
t1-0,proof_byte,640640,xor01_from72,VERIFY_PANIC
t1-0,proof_byte,640704,xor01_from163,VERIFY_PANIC
t1-0,proof_byte,640768,xor01_from214,VERIFY_PANIC
t1-0,proof_byte,640832,xor01_from92,VERIFY_PANIC
t1-0,proof_byte,640896,xor01_from16,VERIFY_PANIC
t1-0,proof_byte,640960,xor01_from21,VERIFY_PANIC
t1-0,proof_byte,641024,xor01_from248,VERIFY_PANIC
t1-0,proof_byte,641088,xor01_from120,VERIFY_PANIC
t1-0,proof_byte,641152,xor01_from42,VERIFY_PANIC
t1-0,proof_byte,641216,xor01_from139,VERIFY_PANIC
t1-0,proof_byte,641280,xor01_from227,VERIFY_PANIC
t1-0,proof_byte,641344,xor01_from100,VERIFY_PANIC
t1-0,proof_byte,641408,xor01_from3,VERIFY_PANIC
t1-0,proof_byte,641472,xor01_from223,VERIFY_PANIC
t1-0,proof_byte,641536,xor01_from164,VERIFY_PANIC
t1-0,proof_byte,641600,xor01_from251,VERIFY_PANIC
t1-0,proof_byte,641664,xor01_from140,VERIFY_PANIC
t1-0,proof_byte,641728,xor01_from61,VERIFY_PANIC
t1-0,proof_byte,641792,xor01_from227,VERIFY_PANIC
t1-0,proof_byte,641856,xor01_from212,VERIFY_PANIC
t1-0,proof_byte,641920,xor01_from34,VERIFY_PANIC
t1-0,proof_byte,641984,xor01_from39,VERIFY_PANIC
t1-0,proof_byte,642048,xor01_from250,VERIFY_PANIC
t1-0,proof_byte,642112,xor01_from48,VERIFY_PANIC
t1-0,proof_byte,642176,xor01_from216,VERIFY_PANIC
t1-0,proof_byte,642240,xor01_from79,VERIFY_PANIC
t1-0,proof_byte,642304,xor01_from89,VERIFY_PANIC
t1-0,proof_byte,642368,xor01_from238,VERIFY_PANIC
t1-0,proof_byte,642432,xor01_from17,DESERIALIZE_REJECTED
t1-0,proof_byte,642496,xor01_from237,VERIFY_PANIC
t1-0,proof_byte,642560,xor01_from77,VERIFY_PANIC
t1-0,proof_byte,642624,xor01_from160,VERIFY_PANIC
t1-0,proof_byte,642688,xor01_from194,VERIFY_PANIC
t1-0,proof_byte,642752,xor01_from212,VERIFY_PANIC
t1-0,proof_byte,642816,xor01_from130,VERIFY_PANIC
t1-0,proof_byte,642880,xor01_from236,VERIFY_PANIC
t1-0,proof_byte,642944,xor01_from36,VERIFY_PANIC
t1-0,proof_byte,643008,xor01_from63,VERIFY_PANIC
t1-0,proof_byte,643072,xor01_from155,VERIFY_PANIC
t1-0,proof_byte,643136,xor01_from111,VERIFY_PANIC
t1-0,proof_byte,643200,xor01_from4,VERIFY_PANIC
t1-0,proof_byte,643264,xor01_from110,VERIFY_PANIC
t1-0,proof_byte,643328,xor01_from31,VERIFY_PANIC
t1-0,proof_byte,643392,xor01_from101,VERIFY_PANIC
t1-0,proof_byte,643456,xor01_from197,VERIFY_PANIC
t1-0,proof_byte,643520,xor01_from58,VERIFY_PANIC
t1-0,proof_byte,643584,xor01_from46,VERIFY_PANIC
t1-0,proof_byte,643648,xor01_from147,VERIFY_PANIC
t1-0,proof_byte,643712,xor01_from180,VERIFY_PANIC
t1-0,proof_byte,643776,xor01_from209,VERIFY_PANIC
t1-0,proof_byte,643840,xor01_from49,VERIFY_PANIC
t1-0,proof_byte,643904,xor01_from64,VERIFY_PANIC
t1-0,proof_byte,643968,xor01_from195,VERIFY_PANIC
t1-0,proof_byte,644032,xor01_from13,VERIFY_PANIC
t1-0,proof_byte,644096,xor01_from238,VERIFY_PANIC
t1-0,proof_byte,644160,xor01_from158,VERIFY_PANIC
t1-0,proof_byte,644224,xor01_from173,VERIFY_PANIC
t1-0,proof_byte,644288,xor01_from95,VERIFY_PANIC
t1-0,proof_byte,644352,xor01_from60,VERIFY_PANIC
t1-0,proof_byte,644416,xor01_from46,VERIFY_PANIC
t1-0,proof_byte,644480,xor01_from57,VERIFY_PANIC
t1-0,proof_byte,644544,xor01_from109,VERIFY_PANIC
t1-0,proof_byte,644608,xor01_from227,VERIFY_PANIC
t1-0,proof_byte,644672,xor01_from167,VERIFY_PANIC
t1-0,proof_byte,644736,xor01_from133,VERIFY_PANIC
t1-0,proof_byte,644800,xor01_from119,VERIFY_PANIC
t1-0,proof_byte,644864,xor01_from206,VERIFY_PANIC
t1-0,proof_byte,644928,xor01_from180,VERIFY_PANIC
t1-0,proof_byte,644992,xor01_from157,VERIFY_PANIC
t1-0,proof_byte,645056,xor01_from104,VERIFY_PANIC
t1-0,proof_byte,645120,xor01_from55,VERIFY_PANIC
t1-0,proof_byte,645184,xor01_from160,VERIFY_PANIC
t1-0,proof_byte,645248,xor01_from107,VERIFY_PANIC
t1-0,proof_byte,645312,xor01_from117,VERIFY_PANIC
t1-0,proof_byte,645376,xor01_from134,VERIFY_PANIC
t1-0,proof_byte,645440,xor01_from147,VERIFY_PANIC
t1-0,proof_byte,645504,xor01_from2,VERIFY_PANIC
t1-0,proof_byte,645568,xor01_from166,VERIFY_PANIC
t1-0,proof_byte,645632,xor01_from180,VERIFY_PANIC
t1-0,proof_byte,645696,xor01_from184,VERIFY_PANIC
t1-0,proof_byte,645760,xor01_from200,VERIFY_PANIC
t1-0,proof_byte,645824,xor01_from80,VERIFY_PANIC
t1-0,proof_byte,645888,xor01_from228,VERIFY_PANIC
t1-0,proof_byte,645952,xor01_from244,VERIFY_PANIC
t1-0,proof_byte,646016,xor01_from250,VERIFY_PANIC
t1-0,proof_byte,646080,xor01_from9,DESERIALIZE_REJECTED
t1-0,proof_byte,646144,xor01_from108,VERIFY_PANIC
t1-0,proof_byte,646208,xor01_from190,VERIFY_PANIC
t1-0,proof_byte,646272,xor01_from70,VERIFY_PANIC
t1-0,proof_byte,646336,xor01_from106,VERIFY_PANIC
t1-0,proof_byte,646400,xor01_from208,VERIFY_PANIC
t1-0,proof_byte,646464,xor01_from70,VERIFY_PANIC
t1-0,proof_byte,646528,xor01_from207,VERIFY_PANIC
t1-0,proof_byte,646592,xor01_from43,VERIFY_PANIC
t1-0,proof_byte,646656,xor01_from216,VERIFY_PANIC
t1-0,proof_byte,646720,xor01_from202,VERIFY_PANIC
t1-0,proof_byte,646784,xor01_from99,VERIFY_PANIC
t1-0,proof_byte,646848,xor01_from19,VERIFY_PANIC
t1-0,proof_byte,646912,xor01_from0,VERIFY_PANIC
t1-0,proof_byte,646976,xor01_from168,VERIFY_PANIC
t1-0,proof_byte,647040,xor01_from250,VERIFY_PANIC
t1-0,proof_byte,647104,xor01_from111,VERIFY_PANIC
t1-0,proof_byte,647168,xor01_from75,VERIFY_PANIC
t1-0,proof_byte,647232,xor01_from168,VERIFY_PANIC
t1-0,proof_byte,647296,xor01_from24,VERIFY_PANIC
t1-0,proof_byte,647360,xor01_from234,VERIFY_PANIC
t1-0,proof_byte,647424,xor01_from161,VERIFY_PANIC
t1-0,proof_byte,647488,xor01_from209,VERIFY_PANIC
t1-0,proof_byte,647552,xor01_from188,VERIFY_PANIC
t1-0,proof_byte,647616,xor01_from159,VERIFY_PANIC
t1-0,proof_byte,647680,xor01_from1,DESERIALIZE_REJECTED
t1-0,proof_byte,647744,xor01_from156,VERIFY_PANIC
t1-0,proof_byte,647808,xor01_from82,VERIFY_PANIC
t1-0,proof_byte,647872,xor01_from83,VERIFY_PANIC
t1-0,proof_byte,647936,xor01_from61,VERIFY_PANIC
t1-0,proof_byte,648000,xor01_from189,VERIFY_PANIC
t1-0,proof_byte,648064,xor01_from251,VERIFY_PANIC
t1-0,proof_byte,648128,xor01_from100,VERIFY_PANIC
t1-0,proof_byte,648192,xor01_from195,VERIFY_PANIC
t1-0,proof_byte,648256,xor01_from232,VERIFY_PANIC
t1-0,proof_byte,648320,xor01_from30,VERIFY_PANIC
t1-0,proof_byte,648384,xor01_from208,VERIFY_PANIC
t1-0,proof_byte,648448,xor01_from115,VERIFY_PANIC
t1-0,proof_byte,648512,xor01_from157,VERIFY_PANIC
t1-0,proof_byte,648576,xor01_from2,DESERIALIZE_REJECTED
t1-0,proof_byte,648640,xor01_from64,VERIFY_PANIC
t1-0,proof_byte,648704,xor01_from19,VERIFY_PANIC
t1-0,proof_byte,648768,xor01_from131,VERIFY_PANIC
t1-0,proof_byte,648832,xor01_from84,VERIFY_PANIC
t1-0,proof_byte,648896,xor01_from83,VERIFY_PANIC
t1-0,proof_byte,648960,xor01_from0,VERIFY_PANIC
t1-0,proof_byte,649024,xor01_from243,VERIFY_PANIC
t1-0,proof_byte,649088,xor01_from181,VERIFY_PANIC
t1-0,proof_byte,649152,xor01_from133,VERIFY_PANIC
t1-0,proof_byte,649216,xor01_from145,VERIFY_PANIC
t1-0,proof_byte,649280,xor01_from114,VERIFY_PANIC
t1-0,proof_byte,649344,xor01_from115,VERIFY_PANIC
t1-0,proof_byte,649408,xor01_from133,VERIFY_PANIC
t1-0,proof_byte,649472,xor01_from187,VERIFY_PANIC
t1-0,proof_byte,649536,xor01_from2,VERIFY_PANIC
t1-0,proof_byte,649600,xor01_from180,VERIFY_PANIC
t1-0,proof_byte,649664,xor01_from0,VERIFY_PANIC
t1-0,proof_byte,649728,xor01_from206,VERIFY_PANIC
t1-0,proof_byte,649792,xor01_from28,VERIFY_PANIC
t1-0,proof_byte,649856,xor01_from124,VERIFY_PANIC
t1-0,proof_byte,649920,xor01_from194,VERIFY_PANIC
t1-0,proof_byte,649984,xor01_from81,VERIFY_PANIC
t1-0,proof_byte,650048,xor01_from75,VERIFY_PANIC
t1-0,proof_byte,650112,xor01_from28,VERIFY_PANIC
t1-0,proof_byte,650176,xor01_from227,VERIFY_PANIC
t1-0,proof_byte,650240,xor01_from5,VERIFY_PANIC
t1-0,proof_byte,650304,xor01_from40,VERIFY_PANIC
t1-0,proof_byte,650368,xor01_from52,VERIFY_PANIC
t1-0,proof_byte,650432,xor01_from77,VERIFY_PANIC
t1-0,proof_byte,650496,xor01_from73,VERIFY_PANIC
t1-0,proof_byte,650560,xor01_from10,VERIFY_PANIC
t1-0,proof_byte,650624,xor01_from45,VERIFY_PANIC
t1-0,proof_byte,650688,xor01_from84,VERIFY_PANIC
t1-0,proof_byte,650752,xor01_from192,VERIFY_PANIC
t1-0,proof_byte,650816,xor01_from192,VERIFY_PANIC
t1-0,proof_byte,650880,xor01_from134,VERIFY_PANIC
t1-0,proof_byte,650944,xor01_from145,VERIFY_PANIC
t1-0,proof_byte,651008,xor01_from75,VERIFY_PANIC
t1-0,proof_byte,651072,xor01_from66,VERIFY_PANIC
t1-0,proof_byte,651136,xor01_from200,VERIFY_PANIC
t1-0,proof_byte,651200,xor01_from174,VERIFY_PANIC
t1-0,proof_byte,651264,xor01_from182,VERIFY_PANIC
t1-0,proof_byte,651328,xor01_from108,VERIFY_PANIC
t1-0,proof_byte,651392,xor01_from249,VERIFY_PANIC
t1-0,proof_byte,651456,xor01_from121,VERIFY_PANIC
t1-0,proof_byte,651520,xor01_from212,VERIFY_PANIC
t1-0,proof_byte,651584,xor01_from84,VERIFY_PANIC
t1-0,proof_byte,651648,xor01_from60,VERIFY_PANIC
t1-0,proof_byte,651712,xor01_from224,VERIFY_PANIC
t1-0,proof_byte,651776,xor01_from254,VERIFY_PANIC
t1-0,proof_byte,651840,xor01_from142,VERIFY_PANIC
t1-0,proof_byte,651904,xor01_from239,VERIFY_PANIC
t1-0,proof_byte,651968,xor01_from147,VERIFY_PANIC
t1-0,proof_byte,652032,xor01_from65,VERIFY_PANIC
t1-0,proof_byte,652096,xor01_from90,VERIFY_PANIC
t1-0,proof_byte,652160,xor01_from77,VERIFY_PANIC
t1-0,proof_byte,652224,xor01_from69,VERIFY_PANIC
t1-0,proof_byte,652288,xor01_from104,VERIFY_PANIC
t1-0,proof_byte,652352,xor01_from239,VERIFY_PANIC
t1-0,proof_byte,652416,xor01_from139,VERIFY_PANIC
t1-0,proof_byte,652480,xor01_from13,VERIFY_PANIC
t1-0,proof_byte,652544,xor01_from0,DESERIALIZE_REJECTED
t1-0,proof_byte,652608,xor01_from44,VERIFY_PANIC
t1-0,proof_byte,652672,xor01_from193,VERIFY_PANIC
t1-0,proof_byte,652736,xor01_from160,VERIFY_PANIC
t1-0,proof_byte,652800,xor01_from148,VERIFY_PANIC
t1-0,proof_byte,652864,xor01_from246,VERIFY_PANIC
t1-0,proof_byte,652928,xor01_from192,VERIFY_PANIC
t1-0,proof_byte,652992,xor01_from165,VERIFY_PANIC
t1-0,proof_byte,653056,xor01_from140,VERIFY_PANIC
t1-0,proof_byte,653120,xor01_from77,VERIFY_PANIC
t1-0,proof_byte,653184,xor01_from152,VERIFY_PANIC
t1-0,proof_byte,653248,xor01_from105,VERIFY_PANIC
t1-0,proof_byte,653312,xor01_from10,VERIFY_PANIC
t1-0,proof_byte,653376,xor01_from221,VERIFY_PANIC
t1-0,proof_byte,653440,xor01_from185,VERIFY_PANIC
t1-0,proof_byte,653504,xor01_from160,VERIFY_PANIC
t1-0,proof_byte,653568,xor01_from46,VERIFY_PANIC
t1-0,proof_byte,653632,xor01_from233,VERIFY_PANIC
t1-0,proof_byte,653696,xor01_from81,VERIFY_PANIC
t1-0,proof_byte,653760,xor01_from47,VERIFY_PANIC
t1-0,proof_byte,653824,xor01_from173,VERIFY_PANIC
t1-0,proof_byte,653888,xor01_from11,VERIFY_PANIC
t1-0,proof_byte,653952,xor01_from110,VERIFY_PANIC
t1-0,proof_byte,654016,xor01_from239,VERIFY_PANIC
t1-0,proof_byte,654080,xor01_from233,VERIFY_PANIC
t1-0,proof_byte,654144,xor01_from95,VERIFY_PANIC
t1-0,proof_byte,654208,xor01_from118,VERIFY_PANIC
t1-0,proof_byte,654272,xor01_from10,VERIFY_PANIC
t1-0,proof_byte,654336,xor01_from170,VERIFY_PANIC
t1-0,proof_byte,654400,xor01_from70,VERIFY_PANIC
t1-0,proof_byte,654464,xor01_from170,VERIFY_PANIC
t1-0,proof_byte,654528,xor01_from62,VERIFY_PANIC
t1-0,proof_byte,654592,xor01_from110,VERIFY_PANIC
t1-0,proof_byte,654656,xor01_from188,VERIFY_PANIC
t1-0,proof_byte,654720,xor01_from172,VERIFY_PANIC
t1-0,proof_byte,654784,xor01_from30,VERIFY_PANIC
t1-0,proof_byte,654848,xor01_from165,VERIFY_PANIC
t1-0,proof_byte,654912,xor01_from139,VERIFY_PANIC
t1-0,proof_byte,654976,xor01_from224,VERIFY_PANIC
t1-0,proof_byte,655040,xor01_from204,VERIFY_PANIC
t1-0,proof_byte,655104,xor01_from131,VERIFY_PANIC
t1-0,proof_byte,655168,xor01_from0,DESERIALIZE_REJECTED
t1-0,proof_byte,655232,xor01_from146,VERIFY_PANIC
t1-0,proof_byte,655296,xor01_from108,VERIFY_PANIC
t1-0,proof_byte,655360,xor01_from124,VERIFY_PANIC
t1-0,proof_byte,655424,xor01_from48,VERIFY_PANIC
t1-0,proof_byte,655488,xor01_from253,VERIFY_PANIC
t1-0,proof_byte,655552,xor01_from202,VERIFY_PANIC
t1-0,proof_byte,655616,xor01_from149,VERIFY_PANIC
t1-0,proof_byte,655680,xor01_from180,VERIFY_PANIC
t1-0,proof_byte,655744,xor01_from45,VERIFY_PANIC
t1-0,proof_byte,655808,xor01_from0,DESERIALIZE_REJECTED
t1-0,proof_byte,655872,xor01_from13,VERIFY_PANIC
t1-0,proof_byte,655936,xor01_from219,VERIFY_PANIC
t1-0,proof_byte,656000,xor01_from47,VERIFY_PANIC
t1-0,proof_byte,656064,xor01_from15,VERIFY_PANIC
t1-0,proof_byte,656128,xor01_from122,VERIFY_PANIC
t1-0,proof_byte,656192,xor01_from2,VERIFY_PANIC
t1-0,proof_byte,656256,xor01_from104,VERIFY_PANIC
t1-0,proof_byte,656320,xor01_from149,VERIFY_PANIC
t1-0,proof_byte,656384,xor01_from221,VERIFY_PANIC
t1-0,proof_byte,656448,xor01_from61,VERIFY_PANIC
t1-0,proof_byte,656512,xor01_from58,VERIFY_PANIC
t1-0,proof_byte,656576,xor01_from233,VERIFY_PANIC
t1-0,proof_byte,656640,xor01_from166,VERIFY_PANIC
t1-0,proof_byte,656704,xor01_from197,VERIFY_PANIC
t1-0,proof_byte,656768,xor01_from169,VERIFY_PANIC
t1-0,proof_byte,656832,xor01_from181,VERIFY_PANIC
t1-0,proof_byte,656896,xor01_from135,VERIFY_PANIC
t1-0,proof_byte,656960,xor01_from244,VERIFY_PANIC
t1-0,proof_byte,657024,xor01_from194,VERIFY_PANIC
t1-0,proof_byte,657088,xor01_from223,VERIFY_PANIC
t1-0,proof_byte,657152,xor01_from129,VERIFY_PANIC
t1-0,proof_byte,657216,xor01_from98,VERIFY_PANIC
t1-0,proof_byte,657280,xor01_from133,VERIFY_PANIC
t1-0,proof_byte,657344,xor01_from38,VERIFY_PANIC
t1-0,proof_byte,657408,xor01_from18,VERIFY_PANIC
t1-0,proof_byte,657472,xor01_from114,VERIFY_PANIC
t1-0,proof_byte,657536,xor01_from175,VERIFY_PANIC
t1-0,proof_byte,657600,xor01_from90,VERIFY_PANIC
t1-0,proof_byte,657664,xor01_from203,VERIFY_PANIC
t1-0,proof_byte,657728,xor01_from155,VERIFY_PANIC
t1-0,proof_byte,657792,xor01_from87,VERIFY_PANIC
t1-0,proof_byte,657856,xor01_from23,VERIFY_PANIC
t1-0,proof_byte,657920,xor01_from18,VERIFY_PANIC
t1-0,proof_byte,657984,xor01_from156,VERIFY_PANIC
t1-0,proof_byte,658048,xor01_from178,VERIFY_PANIC
t1-0,proof_byte,658112,xor01_from134,VERIFY_PANIC
t1-0,proof_byte,658176,xor01_from146,VERIFY_PANIC
t1-0,proof_byte,658240,xor01_from7,VERIFY_PANIC
t1-0,proof_byte,658304,xor01_from47,VERIFY_PANIC
t1-0,proof_byte,658368,xor01_from148,VERIFY_PANIC
t1-0,proof_byte,658432,xor01_from141,VERIFY_PANIC
t1-0,proof_byte,658496,xor01_from223,VERIFY_PANIC
t1-0,proof_byte,658560,xor01_from253,VERIFY_PANIC
t1-0,proof_byte,658624,xor01_from228,VERIFY_PANIC
t1-0,proof_byte,658688,xor01_from210,VERIFY_PANIC
t1-0,proof_byte,658752,xor01_from240,VERIFY_PANIC
t1-0,proof_byte,658816,xor01_from140,VERIFY_PANIC
t1-0,proof_byte,658880,xor01_from56,VERIFY_PANIC
t1-0,proof_byte,658944,xor01_from1,VERIFY_PANIC
t1-0,proof_byte,659008,xor01_from148,VERIFY_PANIC
t1-0,proof_byte,659072,xor01_from181,VERIFY_PANIC
t1-0,proof_byte,659136,xor01_from102,VERIFY_PANIC
t1-0,proof_byte,659200,xor01_from96,VERIFY_PANIC
t1-0,proof_byte,659264,xor01_from65,VERIFY_PANIC
t1-0,proof_byte,659328,xor01_from116,VERIFY_PANIC
t1-0,proof_byte,659392,xor01_from228,VERIFY_PANIC
t1-0,proof_byte,659456,xor01_from110,VERIFY_PANIC
t1-0,proof_byte,659520,xor01_from246,VERIFY_PANIC
t1-0,proof_byte,659584,xor01_from124,VERIFY_PANIC
t1-0,proof_byte,659648,xor01_from33,VERIFY_PANIC
t1-0,proof_byte,659712,xor01_from142,VERIFY_PANIC
t1-0,proof_byte,659776,xor01_from86,VERIFY_PANIC
t1-0,proof_byte,659840,xor01_from103,VERIFY_PANIC
t1-0,proof_byte,659904,xor01_from91,VERIFY_PANIC
t1-0,proof_byte,659968,xor01_from68,VERIFY_PANIC
t1-0,proof_byte,660032,xor01_from17,VERIFY_PANIC
t1-0,proof_byte,660096,xor01_from14,DESERIALIZE_REJECTED
t1-0,proof_byte,660160,xor01_from215,VERIFY_PANIC
t1-0,proof_byte,660224,xor01_from189,VERIFY_PANIC
t1-0,proof_byte,660288,xor01_from173,VERIFY_PANIC
t1-0,proof_byte,660352,xor01_from133,VERIFY_PANIC
t1-0,proof_byte,660416,xor01_from225,VERIFY_PANIC
t1-0,proof_byte,660480,xor01_from123,VERIFY_PANIC
t1-0,proof_byte,660544,xor01_from185,VERIFY_PANIC
t1-0,proof_byte,660608,xor01_from66,VERIFY_PANIC
t1-0,proof_byte,660672,xor01_from35,VERIFY_PANIC
t1-0,proof_byte,660736,xor01_from51,VERIFY_PANIC
t1-0,proof_byte,660800,xor01_from76,VERIFY_PANIC
t1-0,proof_byte,660864,xor01_from91,VERIFY_PANIC
t1-0,proof_byte,660928,xor01_from159,VERIFY_PANIC
t1-0,proof_byte,660992,xor01_from97,VERIFY_PANIC
t1-0,proof_byte,661056,xor01_from149,VERIFY_PANIC
t1-0,proof_byte,661120,xor01_from94,VERIFY_PANIC
t1-0,proof_byte,661184,xor01_from47,VERIFY_PANIC
t1-0,proof_byte,661248,xor01_from121,VERIFY_PANIC
t1-0,proof_byte,661312,xor01_from206,VERIFY_PANIC
t1-0,proof_byte,661376,xor01_from15,VERIFY_PANIC
t1-0,proof_byte,661440,xor01_from11,VERIFY_PANIC
t1-0,proof_byte,661504,xor01_from185,VERIFY_PANIC
t1-0,proof_byte,661568,xor01_from173,VERIFY_PANIC
t1-0,proof_byte,661632,xor01_from70,VERIFY_PANIC
t1-0,proof_byte,661696,xor01_from15,VERIFY_PANIC
t1-0,proof_byte,661760,xor01_from223,VERIFY_PANIC
t1-0,proof_byte,661824,xor01_from248,VERIFY_PANIC
t1-0,proof_byte,661888,xor01_from84,VERIFY_PANIC
t1-0,proof_byte,661952,xor01_from8,VERIFY_PANIC
t1-0,proof_byte,662016,xor01_from26,VERIFY_PANIC
t1-0,proof_byte,662080,xor01_from105,VERIFY_PANIC
t1-0,proof_byte,662144,xor01_from211,VERIFY_PANIC
t1-0,proof_byte,662208,xor01_from133,VERIFY_PANIC
t1-0,proof_byte,662272,xor01_from28,VERIFY_PANIC
t1-0,proof_byte,662336,xor01_from165,VERIFY_PANIC
t1-0,proof_byte,662400,xor01_from26,VERIFY_PANIC
t1-0,proof_byte,662464,xor01_from154,VERIFY_PANIC
t1-0,proof_byte,662528,xor01_from101,VERIFY_PANIC
t1-0,proof_byte,662592,xor01_from113,VERIFY_PANIC
t1-0,proof_byte,662656,xor01_from160,VERIFY_PANIC
t1-0,proof_byte,662720,xor01_from165,VERIFY_PANIC
t1-0,proof_byte,662784,xor01_from244,VERIFY_PANIC
t1-0,proof_byte,662848,xor01_from118,VERIFY_PANIC
t1-0,proof_byte,662912,xor01_from40,VERIFY_PANIC
t1-0,proof_byte,662976,xor01_from6,DESERIALIZE_REJECTED
t1-0,proof_byte,663040,xor01_from85,VERIFY_PANIC
t1-0,proof_byte,663104,xor01_from94,VERIFY_PANIC
t1-0,proof_byte,663168,xor01_from113,VERIFY_PANIC
t1-0,proof_byte,663232,xor01_from67,VERIFY_PANIC
t1-0,proof_byte,663296,xor01_from120,VERIFY_PANIC
t1-0,proof_byte,663360,xor01_from120,VERIFY_PANIC
t1-0,proof_byte,663424,xor01_from166,VERIFY_PANIC
t1-0,proof_byte,663488,xor01_from156,VERIFY_PANIC
t1-0,proof_byte,663552,xor01_from237,VERIFY_PANIC
t1-0,proof_byte,663616,xor01_from232,VERIFY_PANIC
t1-0,proof_byte,663680,xor01_from233,VERIFY_PANIC
t1-0,proof_byte,663744,xor01_from170,VERIFY_PANIC
t1-0,proof_byte,663808,xor01_from81,VERIFY_PANIC
t1-0,proof_byte,663872,xor01_from8,DESERIALIZE_REJECTED
t1-0,proof_byte,663936,xor01_from136,VERIFY_PANIC
t1-0,proof_byte,664000,xor01_from251,VERIFY_PANIC
t1-0,proof_byte,664064,xor01_from170,VERIFY_PANIC
t1-0,proof_byte,664128,xor01_from103,VERIFY_PANIC
t1-0,proof_byte,664192,xor01_from119,VERIFY_PANIC
t1-0,proof_byte,664256,xor01_from192,VERIFY_PANIC
t1-0,proof_byte,664320,xor01_from146,VERIFY_PANIC
t1-0,proof_byte,664384,xor01_from154,VERIFY_PANIC
t1-0,proof_byte,664448,xor01_from234,VERIFY_PANIC
t1-0,proof_byte,664512,xor01_from163,VERIFY_PANIC
t1-0,proof_byte,664576,xor01_from41,VERIFY_PANIC
t1-0,proof_byte,664640,xor01_from8,DESERIALIZE_REJECTED
t1-0,proof_byte,664704,xor01_from170,VERIFY_PANIC
t1-0,proof_byte,664768,xor01_from45,VERIFY_PANIC
t1-0,proof_byte,664832,xor01_from133,VERIFY_PANIC
t1-0,proof_byte,664896,xor01_from53,VERIFY_PANIC
t1-0,proof_byte,664960,xor01_from224,VERIFY_PANIC
t1-0,proof_byte,665024,xor01_from113,VERIFY_PANIC
t1-0,proof_byte,665088,xor01_from20,VERIFY_PANIC
t1-0,proof_byte,665152,xor01_from45,VERIFY_PANIC
t1-0,proof_byte,665216,xor01_from251,VERIFY_PANIC
t1-0,proof_byte,665280,xor01_from63,VERIFY_PANIC
t1-0,proof_byte,665344,xor01_from219,VERIFY_PANIC
t1-0,proof_byte,665408,xor01_from113,VERIFY_PANIC
t1-0,proof_byte,665472,xor01_from81,VERIFY_PANIC
t1-0,proof_byte,665536,xor01_from221,VERIFY_PANIC
t1-0,proof_byte,665600,xor01_from60,VERIFY_PANIC
t1-0,proof_byte,665664,xor01_from242,VERIFY_PANIC
t1-0,proof_byte,665728,xor01_from84,VERIFY_PANIC
t1-0,proof_byte,665792,xor01_from82,VERIFY_PANIC
t1-0,proof_byte,665856,xor01_from222,VERIFY_PANIC
t1-0,proof_byte,665920,xor01_from0,DESERIALIZE_REJECTED
t1-0,proof_byte,665984,xor01_from84,VERIFY_PANIC
t1-0,proof_byte,666048,xor01_from209,VERIFY_PANIC
t1-0,proof_byte,666112,xor01_from19,VERIFY_PANIC
t1-0,proof_byte,666176,xor01_from249,VERIFY_PANIC
t1-0,proof_byte,666240,xor01_from45,VERIFY_PANIC
t1-0,proof_byte,666304,xor01_from196,VERIFY_PANIC
t1-0,proof_byte,666368,xor01_from185,VERIFY_PANIC
t1-0,proof_byte,666432,xor01_from1,VERIFY_PANIC
t1-0,proof_byte,666496,xor01_from205,VERIFY_PANIC
t1-0,proof_byte,666560,xor01_from135,VERIFY_PANIC
t1-0,proof_byte,666624,xor01_from143,VERIFY_PANIC
t1-0,proof_byte,666688,xor01_from26,VERIFY_PANIC
t1-0,proof_byte,666752,xor01_from27,VERIFY_PANIC
t1-0,proof_byte,666816,xor01_from97,VERIFY_PANIC
t1-0,proof_byte,666880,xor01_from93,VERIFY_PANIC
t1-0,proof_byte,666944,xor01_from52,VERIFY_PANIC
t1-0,proof_byte,667008,xor01_from44,VERIFY_PANIC
t1-0,proof_byte,667072,xor01_from225,VERIFY_PANIC
t1-0,proof_byte,667136,xor01_from85,VERIFY_PANIC
t1-0,proof_byte,667200,xor01_from58,VERIFY_PANIC
t1-0,proof_byte,667264,xor01_from49,VERIFY_PANIC
t1-0,proof_byte,667328,xor01_from32,VERIFY_PANIC
t1-0,proof_byte,667392,xor01_from109,VERIFY_PANIC
t1-0,proof_byte,667456,xor01_from139,VERIFY_PANIC
t1-0,proof_byte,667520,xor01_from138,VERIFY_PANIC
t1-0,proof_byte,667584,xor01_from135,VERIFY_PANIC
t1-0,proof_byte,667648,xor01_from137,VERIFY_PANIC
t1-0,proof_byte,667712,xor01_from156,VERIFY_PANIC
t1-0,proof_byte,667776,xor01_from0,VERIFY_PANIC
t1-0,proof_byte,667840,xor01_from213,VERIFY_PANIC
t1-0,proof_byte,667904,xor01_from92,VERIFY_PANIC
t1-0,proof_byte,667968,xor01_from42,VERIFY_PANIC
t1-0,proof_byte,668032,xor01_from136,VERIFY_PANIC
t1-0,proof_byte,668096,xor01_from70,VERIFY_PANIC
t1-0,proof_byte,668160,xor01_from208,VERIFY_PANIC
t1-0,proof_byte,668224,xor01_from91,VERIFY_PANIC
t1-0,proof_byte,668288,xor01_from150,VERIFY_PANIC
t1-0,proof_byte,668352,xor01_from33,VERIFY_PANIC
t1-0,proof_byte,668416,xor01_from142,VERIFY_PANIC
t1-0,proof_byte,668480,xor01_from3,VERIFY_PANIC
t1-0,proof_byte,668544,xor01_from170,VERIFY_PANIC
t1-0,proof_byte,668608,xor01_from254,VERIFY_PANIC
t1-0,proof_byte,668672,xor01_from238,VERIFY_PANIC
t1-0,proof_byte,668736,xor01_from245,VERIFY_PANIC
t1-0,proof_byte,668800,xor01_from171,VERIFY_PANIC
t1-0,proof_byte,668864,xor01_from36,VERIFY_PANIC
t1-0,proof_byte,668928,xor01_from187,VERIFY_PANIC
t1-0,proof_byte,668992,xor01_from216,VERIFY_PANIC
t1-0,proof_byte,669056,xor01_from123,VERIFY_PANIC
t1-0,proof_byte,669120,xor01_from27,VERIFY_PANIC
t1-0,proof_byte,669184,xor01_from131,VERIFY_PANIC
t1-0,proof_byte,669248,xor01_from251,VERIFY_PANIC
t1-0,proof_byte,669312,xor01_from45,VERIFY_PANIC
t1-0,proof_byte,669376,xor01_from230,VERIFY_PANIC
t1-0,proof_byte,669440,xor01_from205,VERIFY_PANIC
t1-0,proof_byte,669504,xor01_from247,VERIFY_PANIC
t1-0,proof_byte,669568,xor01_from86,VERIFY_PANIC
t1-0,proof_byte,669632,xor01_from16,VERIFY_PANIC
t1-0,proof_byte,669696,xor01_from159,VERIFY_PANIC
t1-0,proof_byte,669760,xor01_from70,VERIFY_PANIC
t1-0,proof_byte,669824,xor01_from0,DESERIALIZE_REJECTED
t1-0,proof_byte,669888,xor01_from194,VERIFY_PANIC
t1-0,proof_byte,669952,xor01_from215,VERIFY_PANIC
t1-0,proof_byte,670016,xor01_from47,VERIFY_PANIC
t1-0,proof_byte,670080,xor01_from192,VERIFY_PANIC
t1-0,proof_byte,670144,xor01_from36,VERIFY_PANIC
t1-0,proof_byte,670208,xor01_from64,VERIFY_PANIC
t1-0,proof_byte,670272,xor01_from211,VERIFY_PANIC
t1-0,proof_byte,670336,xor01_from2,VERIFY_PANIC
t1-0,proof_byte,670400,xor01_from211,VERIFY_PANIC
t1-0,proof_byte,670464,xor01_from29,VERIFY_PANIC
t1-0,proof_byte,670528,xor01_from168,VERIFY_PANIC
t1-0,proof_byte,670592,xor01_from156,VERIFY_PANIC
t1-0,proof_byte,670656,xor01_from171,VERIFY_PANIC
t1-0,proof_byte,670720,xor01_from255,VERIFY_PANIC
t1-0,proof_byte,670784,xor01_from169,VERIFY_PANIC
t1-0,proof_byte,670848,xor01_from85,VERIFY_PANIC
t1-0,proof_byte,670912,xor01_from89,VERIFY_PANIC
t1-0,proof_byte,670976,xor01_from35,VERIFY_PANIC
t1-0,proof_byte,671040,xor01_from24,VERIFY_PANIC
t1-0,proof_byte,671104,xor01_from231,VERIFY_PANIC
t1-0,proof_byte,671168,xor01_from227,VERIFY_PANIC
t1-0,proof_byte,671232,xor01_from197,VERIFY_PANIC
t1-0,proof_byte,671296,xor01_from150,VERIFY_PANIC
t1-0,proof_byte,671360,xor01_from220,VERIFY_PANIC
t1-0,proof_byte,671424,xor01_from184,VERIFY_PANIC
t1-0,proof_byte,671488,xor01_from35,VERIFY_PANIC
t1-0,proof_byte,671552,xor01_from175,VERIFY_PANIC
t1-0,proof_byte,671616,xor01_from169,VERIFY_PANIC
t1-0,proof_byte,671680,xor01_from0,DESERIALIZE_REJECTED
t1-0,proof_byte,671744,xor01_from252,VERIFY_PANIC
t1-0,proof_byte,671808,xor01_from0,DESERIALIZE_REJECTED
t1-0,proof_byte,671872,xor01_from163,VERIFY_PANIC
t1-0,proof_byte,671936,xor01_from121,VERIFY_PANIC
t1-0,proof_byte,672000,xor01_from34,VERIFY_PANIC
t1-0,proof_byte,672064,xor01_from184,VERIFY_PANIC
t1-0,proof_byte,672128,xor01_from128,VERIFY_PANIC
t1-0,proof_byte,672192,xor01_from171,VERIFY_PANIC
t1-0,proof_byte,672256,xor01_from175,VERIFY_PANIC
t1-0,proof_byte,672320,xor01_from234,VERIFY_PANIC
t1-0,proof_byte,672384,xor01_from233,VERIFY_PANIC
t1-0,proof_byte,672448,xor01_from82,VERIFY_PANIC
t1-0,proof_byte,672512,xor01_from224,VERIFY_PANIC
t1-0,proof_byte,672576,xor01_from124,VERIFY_PANIC
t1-0,proof_byte,672640,xor01_from167,VERIFY_PANIC
t1-0,proof_byte,672704,xor01_from193,VERIFY_PANIC
t1-0,proof_byte,672768,xor01_from68,VERIFY_PANIC
t1-0,proof_byte,672832,xor01_from71,VERIFY_PANIC
t1-0,proof_byte,672896,xor01_from179,VERIFY_PANIC
t1-0,proof_byte,672960,xor01_from133,VERIFY_PANIC
t1-0,proof_byte,673024,xor01_from56,VERIFY_PANIC
t1-0,proof_byte,673088,xor01_from130,VERIFY_PANIC
t1-0,proof_byte,673152,xor01_from69,VERIFY_PANIC
t1-0,proof_byte,673216,xor01_from205,VERIFY_PANIC
t1-0,proof_byte,673280,xor01_from43,VERIFY_PANIC
t1-0,proof_byte,673344,xor01_from108,VERIFY_PANIC
t1-0,proof_byte,673408,xor01_from99,VERIFY_PANIC
t1-0,proof_byte,673472,xor01_from248,VERIFY_PANIC
t1-0,proof_byte,673536,xor01_from193,VERIFY_PANIC
t1-0,proof_byte,673600,xor01_from216,VERIFY_PANIC
t1-0,proof_byte,673664,xor01_from68,VERIFY_PANIC
t1-0,proof_byte,673728,xor01_from214,VERIFY_PANIC
t1-0,proof_byte,673792,xor01_from112,VERIFY_PANIC
t1-0,proof_byte,673856,xor01_from229,VERIFY_PANIC
t1-0,proof_byte,673920,xor01_from70,VERIFY_PANIC
t1-0,proof_byte,673984,xor01_from40,VERIFY_PANIC
t1-0,proof_byte,674048,xor01_from189,VERIFY_PANIC
t1-0,proof_byte,674112,xor01_from61,VERIFY_PANIC
t1-0,proof_byte,674176,xor01_from137,VERIFY_PANIC
t1-0,proof_byte,674240,xor01_from22,VERIFY_PANIC
t1-0,proof_byte,674304,xor01_from189,VERIFY_PANIC
t1-0,proof_byte,674368,xor01_from4,VERIFY_PANIC
t1-0,proof_byte,674432,xor01_from117,VERIFY_PANIC
t1-0,proof_byte,674496,xor01_from52,VERIFY_PANIC
t1-0,proof_byte,674560,xor01_from98,VERIFY_PANIC
t1-0,proof_byte,674624,xor01_from127,VERIFY_PANIC
t1-0,proof_byte,674688,xor01_from194,VERIFY_PANIC
t1-0,proof_byte,674752,xor01_from255,VERIFY_PANIC
t1-0,proof_byte,674816,xor01_from5,VERIFY_PANIC
t1-0,proof_byte,674880,xor01_from47,VERIFY_PANIC
t1-0,proof_byte,674944,xor01_from181,VERIFY_PANIC
t1-0,proof_byte,675008,xor01_from65,VERIFY_PANIC
t1-0,proof_byte,675072,xor01_from215,VERIFY_PANIC
t1-0,proof_byte,675136,xor01_from187,VERIFY_PANIC
t1-0,proof_byte,675200,xor01_from129,VERIFY_PANIC
t1-0,proof_byte,675264,xor01_from241,VERIFY_PANIC
t1-0,proof_byte,675328,xor01_from174,VERIFY_PANIC
t1-0,proof_byte,675392,xor01_from12,VERIFY_PANIC
t1-0,proof_byte,675456,xor01_from4,VERIFY_PANIC
t1-0,proof_byte,675520,xor01_from192,VERIFY_PANIC
t1-0,proof_byte,675584,xor01_from152,VERIFY_PANIC
t1-0,proof_byte,675648,xor01_from15,DESERIALIZE_REJECTED
t1-0,proof_byte,675712,xor01_from159,VERIFY_PANIC
t1-0,proof_byte,675776,xor01_from225,VERIFY_PANIC
t1-0,proof_byte,675840,xor01_from112,VERIFY_PANIC
t1-0,proof_byte,675904,xor01_from137,VERIFY_PANIC
t1-0,proof_byte,675968,xor01_from249,VERIFY_PANIC
t1-0,proof_byte,676032,xor01_from27,VERIFY_PANIC
t1-0,proof_byte,676096,xor01_from20,VERIFY_PANIC
t1-0,proof_byte,676160,xor01_from164,VERIFY_PANIC
t1-0,proof_byte,676224,xor01_from65,VERIFY_PANIC
t1-0,proof_byte,676288,xor01_from147,VERIFY_PANIC
t1-0,proof_byte,676352,xor01_from1,VERIFY_PANIC
t1-0,proof_byte,676416,xor01_from134,VERIFY_PANIC
t1-0,proof_byte,676480,xor01_from222,VERIFY_PANIC
t1-0,proof_byte,676544,xor01_from104,VERIFY_PANIC
t1-0,proof_byte,676608,xor01_from65,VERIFY_PANIC
t1-0,proof_byte,676672,xor01_from23,VERIFY_PANIC
t1-0,proof_byte,676736,xor01_from88,VERIFY_PANIC
t1-0,proof_byte,676800,xor01_from75,VERIFY_PANIC
t1-0,proof_byte,676864,xor01_from12,VERIFY_PANIC
t1-0,proof_byte,676928,xor01_from66,VERIFY_PANIC
t1-0,proof_byte,676992,xor01_from246,VERIFY_PANIC
t1-0,proof_byte,677056,xor01_from77,VERIFY_PANIC
t1-0,proof_byte,677120,xor01_from247,VERIFY_PANIC
t1-0,proof_byte,677184,xor01_from97,VERIFY_PANIC
t1-0,proof_byte,677248,xor01_from241,VERIFY_PANIC
t1-0,proof_byte,677312,xor01_from193,VERIFY_PANIC
t1-0,proof_byte,677376,xor01_from126,VERIFY_PANIC
t1-0,proof_byte,677440,xor01_from112,VERIFY_PANIC
t1-0,proof_byte,677504,xor01_from16,VERIFY_PANIC
t1-0,proof_byte,677568,xor01_from37,VERIFY_PANIC
t1-0,proof_byte,677632,xor01_from119,VERIFY_PANIC
t1-0,proof_byte,677696,xor01_from78,VERIFY_PANIC
t1-0,proof_byte,677760,xor01_from139,VERIFY_PANIC
t1-0,proof_byte,677824,xor01_from13,VERIFY_PANIC
t1-0,proof_byte,677888,xor01_from200,VERIFY_PANIC
t1-0,proof_byte,677952,xor01_from180,VERIFY_PANIC
t1-0,proof_byte,678016,xor01_from139,VERIFY_PANIC
t1-0,proof_byte,678080,xor01_from107,VERIFY_PANIC
t1-0,proof_byte,678144,xor01_from3,VERIFY_PANIC
t1-0,proof_byte,678208,xor01_from201,VERIFY_PANIC
t1-0,proof_byte,678272,xor01_from62,VERIFY_PANIC
t1-0,proof_byte,678336,xor01_from90,VERIFY_PANIC
t1-0,proof_byte,678400,xor01_from248,VERIFY_PANIC
t1-0,proof_byte,678464,xor01_from151,VERIFY_PANIC
t1-0,proof_byte,678528,xor01_from130,VERIFY_PANIC
t1-0,proof_byte,678592,xor01_from173,VERIFY_PANIC
t1-0,proof_byte,678656,xor01_from134,VERIFY_PANIC
t1-0,proof_byte,678720,xor01_from72,VERIFY_PANIC
t1-0,proof_byte,678784,xor01_from7,DESERIALIZE_REJECTED
t1-0,proof_byte,678848,xor01_from17,VERIFY_PANIC
t1-0,proof_byte,678912,xor01_from139,VERIFY_PANIC
t1-0,proof_byte,678976,xor01_from217,VERIFY_PANIC
t1-0,proof_byte,679040,xor01_from137,VERIFY_PANIC
t1-0,proof_byte,679104,xor01_from140,VERIFY_PANIC
t1-0,proof_byte,679168,xor01_from214,VERIFY_PANIC
t1-0,proof_byte,679232,xor01_from125,VERIFY_PANIC
t1-0,proof_byte,679296,xor01_from115,VERIFY_PANIC
t1-0,proof_byte,679360,xor01_from133,VERIFY_PANIC
t1-0,proof_byte,679424,xor01_from14,VERIFY_PANIC
t1-0,proof_byte,679488,xor01_from51,VERIFY_PANIC
t1-0,proof_byte,679552,xor01_from137,VERIFY_PANIC
t1-0,proof_byte,679616,xor01_from10,VERIFY_PANIC
t1-0,proof_byte,679680,xor01_from153,VERIFY_PANIC
t1-0,proof_byte,679744,xor01_from236,VERIFY_PANIC
t1-0,proof_byte,679808,xor01_from41,VERIFY_PANIC
t1-0,proof_byte,679872,xor01_from201,VERIFY_PANIC
t1-0,proof_byte,679936,xor01_from128,VERIFY_PANIC
t1-0,proof_byte,680000,xor01_from41,VERIFY_PANIC
t1-0,proof_byte,680064,xor01_from8,VERIFY_PANIC
t1-0,proof_byte,680128,xor01_from139,VERIFY_PANIC
t1-0,proof_byte,680192,xor01_from9,VERIFY_PANIC
t1-0,proof_byte,680256,xor01_from160,VERIFY_PANIC
t1-0,proof_byte,680320,xor01_from79,VERIFY_PANIC
t1-0,proof_byte,680384,xor01_from11,VERIFY_PANIC
t1-0,proof_byte,680448,xor01_from230,VERIFY_PANIC
t1-0,proof_byte,680512,xor01_from244,VERIFY_PANIC
t1-0,proof_byte,680576,xor01_from153,VERIFY_PANIC
t1-0,proof_byte,680640,xor01_from190,VERIFY_PANIC
t1-0,proof_byte,680704,xor01_from189,VERIFY_PANIC
t1-0,proof_byte,680768,xor01_from0,DESERIALIZE_REJECTED
t1-0,proof_byte,680832,xor01_from59,VERIFY_PANIC
t1-0,proof_byte,680896,xor01_from182,VERIFY_PANIC
t1-0,proof_byte,680960,xor01_from17,VERIFY_PANIC
t1-0,proof_byte,681024,xor01_from6,VERIFY_PANIC
t1-0,proof_byte,681088,xor01_from134,VERIFY_PANIC
t1-0,proof_byte,681152,xor01_from110,VERIFY_PANIC
t1-0,proof_byte,681216,xor01_from31,VERIFY_PANIC
t1-0,proof_byte,681280,xor01_from3,VERIFY_PANIC
t1-0,proof_byte,681344,xor01_from0,DESERIALIZE_REJECTED
t1-0,proof_byte,681408,xor01_from1,VERIFY_PANIC
t1-0,proof_byte,681472,xor01_from182,VERIFY_PANIC
t1-0,proof_byte,681536,xor01_from78,VERIFY_PANIC
t1-0,proof_byte,681600,xor01_from254,VERIFY_PANIC
t1-0,proof_byte,681664,xor01_from221,VERIFY_PANIC
t1-0,proof_byte,681728,xor01_from49,VERIFY_PANIC
t1-0,proof_byte,681792,xor01_from37,VERIFY_PANIC
t1-0,proof_byte,681856,xor01_from47,VERIFY_PANIC
t1-0,proof_byte,681920,xor01_from228,VERIFY_PANIC
t1-0,proof_byte,681984,xor01_from193,VERIFY_PANIC
t1-0,proof_byte,682048,xor01_from210,VERIFY_PANIC
t1-0,proof_byte,682112,xor01_from168,VERIFY_PANIC
t1-0,proof_byte,682176,xor01_from242,VERIFY_PANIC
t1-0,proof_byte,682240,xor01_from171,VERIFY_PANIC
t1-0,proof_byte,682304,xor01_from11,VERIFY_PANIC
t1-0,proof_byte,682368,xor01_from204,VERIFY_PANIC
t1-0,proof_byte,682432,xor01_from8,VERIFY_PANIC
t1-0,proof_byte,682496,xor01_from110,VERIFY_PANIC
t1-0,proof_byte,682560,xor01_from95,VERIFY_PANIC
t1-0,proof_byte,682624,xor01_from93,VERIFY_PANIC
t1-0,proof_byte,682688,xor01_from139,VERIFY_PANIC
t1-0,proof_byte,682752,xor01_from194,VERIFY_PANIC
t1-0,proof_byte,682816,xor01_from55,VERIFY_PANIC
t1-0,proof_byte,682880,xor01_from116,VERIFY_PANIC
t1-0,proof_byte,682944,xor01_from105,VERIFY_PANIC
t1-0,proof_byte,683008,xor01_from126,VERIFY_PANIC
t1-0,proof_byte,683072,xor01_from117,VERIFY_PANIC
t1-0,proof_byte,683136,xor01_from50,VERIFY_PANIC
t1-0,proof_byte,683200,xor01_from77,VERIFY_PANIC
t1-0,proof_byte,683264,xor01_from12,VERIFY_PANIC
t1-0,proof_byte,683328,xor01_from89,VERIFY_PANIC
t1-0,proof_byte,683392,xor01_from76,VERIFY_PANIC
t1-0,proof_byte,683456,xor01_from39,VERIFY_PANIC
t1-0,proof_byte,683520,xor01_from19,VERIFY_PANIC
t1-0,proof_byte,683584,xor01_from50,VERIFY_PANIC
t1-0,proof_byte,683648,xor01_from2,VERIFY_PANIC
t1-0,proof_byte,683712,xor01_from216,VERIFY_PANIC
t1-0,proof_byte,683776,xor01_from127,VERIFY_PANIC
t1-0,proof_byte,683840,xor01_from75,VERIFY_PANIC
t1-0,proof_byte,683904,xor01_from85,VERIFY_PANIC
t1-0,proof_byte,683968,xor01_from3,VERIFY_PANIC
t1-0,proof_byte,684032,xor01_from216,VERIFY_PANIC
t1-0,proof_byte,684096,xor01_from242,VERIFY_PANIC
t1-0,proof_byte,684160,xor01_from205,VERIFY_PANIC
t1-0,proof_byte,684224,xor01_from133,VERIFY_PANIC
t1-0,proof_byte,684288,xor01_from235,VERIFY_PANIC
t1-0,proof_byte,684352,xor01_from151,VERIFY_PANIC
t1-0,proof_byte,684416,xor01_from194,VERIFY_PANIC
t1-0,proof_byte,684480,xor01_from150,VERIFY_PANIC
t1-0,proof_byte,684544,xor01_from126,VERIFY_PANIC
t1-0,proof_byte,684608,xor01_from91,VERIFY_PANIC
t1-0,proof_byte,684672,xor01_from53,VERIFY_PANIC
t1-0,proof_byte,684736,xor01_from214,VERIFY_PANIC
t1-0,proof_byte,684800,xor01_from78,VERIFY_PANIC
t1-0,proof_byte,684864,xor01_from107,VERIFY_PANIC
t1-0,proof_byte,684928,xor01_from114,VERIFY_PANIC
t1-0,proof_byte,684992,xor01_from214,VERIFY_PANIC
t1-0,proof_byte,685056,xor01_from47,VERIFY_PANIC
t1-0,proof_byte,685120,xor01_from4,VERIFY_PANIC
t1-0,proof_byte,685184,xor01_from172,VERIFY_PANIC
t1-0,proof_byte,685248,xor01_from177,VERIFY_PANIC
t1-0,proof_byte,685312,xor01_from239,VERIFY_PANIC
t1-0,proof_byte,685376,xor01_from169,VERIFY_PANIC
t1-0,proof_byte,685440,xor01_from49,VERIFY_PANIC
t1-0,proof_byte,685504,xor01_from0,DESERIALIZE_REJECTED
t1-0,proof_byte,685568,xor01_from28,VERIFY_PANIC
t1-0,proof_byte,685632,xor01_from85,VERIFY_PANIC
t1-0,proof_byte,685696,xor01_from253,VERIFY_PANIC
t1-0,proof_byte,685760,xor01_from66,VERIFY_PANIC
t1-0,proof_byte,685824,xor01_from46,VERIFY_PANIC
t1-0,proof_byte,685888,xor01_from88,VERIFY_PANIC
t1-0,proof_byte,685952,xor01_from188,VERIFY_PANIC
t1-0,proof_byte,686016,xor01_from16,VERIFY_PANIC
t1-0,proof_byte,686080,xor01_from12,VERIFY_PANIC
t1-0,proof_byte,686144,xor01_from53,VERIFY_PANIC
t1-0,proof_byte,686208,xor01_from204,VERIFY_PANIC
t1-0,proof_byte,686272,xor01_from119,VERIFY_PANIC
t1-0,proof_byte,686336,xor01_from64,VERIFY_PANIC
t1-0,proof_byte,686400,xor01_from57,VERIFY_PANIC
t1-0,proof_byte,686464,xor01_from148,VERIFY_PANIC
t1-0,proof_byte,686528,xor01_from171,VERIFY_PANIC
t1-0,proof_byte,686592,xor01_from136,VERIFY_PANIC
t1-0,proof_byte,686656,xor01_from119,VERIFY_PANIC
t1-0,proof_byte,686720,xor01_from139,VERIFY_PANIC
t1-0,proof_byte,686784,xor01_from60,VERIFY_PANIC
t1-0,proof_byte,686848,xor01_from157,VERIFY_PANIC
t1-0,proof_byte,686912,xor01_from246,VERIFY_PANIC
t1-0,proof_byte,686976,xor01_from66,VERIFY_PANIC
t1-0,proof_byte,687040,xor01_from193,VERIFY_PANIC
t1-0,proof_byte,687104,xor01_from245,VERIFY_PANIC
t1-0,proof_byte,687168,xor01_from146,VERIFY_PANIC
t1-0,proof_byte,687232,xor01_from60,VERIFY_PANIC
t1-0,proof_byte,687296,xor01_from93,VERIFY_PANIC
t1-0,proof_byte,687360,xor01_from182,VERIFY_PANIC
t1-0,proof_byte,687424,xor01_from146,VERIFY_PANIC
t1-0,proof_byte,687488,xor01_from134,VERIFY_PANIC
t1-0,proof_byte,687552,xor01_from159,VERIFY_PANIC
t1-0,proof_byte,687616,xor01_from0,DESERIALIZE_REJECTED
t1-0,proof_byte,687680,xor01_from83,VERIFY_PANIC
t1-0,proof_byte,687744,xor01_from128,VERIFY_PANIC
t1-0,proof_byte,687808,xor01_from224,VERIFY_PANIC
t1-0,proof_byte,687872,xor01_from0,DESERIALIZE_REJECTED
t1-0,proof_byte,687936,xor01_from50,VERIFY_PANIC
t1-0,proof_byte,688000,xor01_from0,DESERIALIZE_REJECTED
t1-0,proof_byte,688064,xor01_from92,VERIFY_PANIC
t1-0,proof_byte,688128,xor01_from218,VERIFY_PANIC
t1-0,proof_byte,688192,xor01_from177,VERIFY_PANIC
t1-0,proof_byte,688256,xor01_from180,VERIFY_PANIC
t1-0,proof_byte,688320,xor01_from131,VERIFY_PANIC
t1-0,proof_byte,688384,xor01_from49,VERIFY_PANIC
t1-0,proof_byte,688448,xor01_from13,VERIFY_PANIC
t1-0,proof_byte,688512,xor01_from173,VERIFY_PANIC
t1-0,proof_byte,688576,xor01_from75,VERIFY_PANIC
t1-0,proof_byte,688640,xor01_from243,VERIFY_PANIC
t1-0,proof_byte,688704,xor01_from156,VERIFY_PANIC
t1-0,proof_byte,688768,xor01_from0,DESERIALIZE_REJECTED
t1-0,proof_byte,688832,xor01_from218,VERIFY_PANIC
t1-0,proof_byte,688896,xor01_from160,VERIFY_PANIC
t1-0,proof_byte,688960,xor01_from182,VERIFY_PANIC
t1-0,proof_byte,689024,xor01_from173,VERIFY_PANIC
t1-0,proof_byte,689088,xor01_from0,VERIFY_PANIC
t1-0,proof_byte,689152,xor01_from85,VERIFY_PANIC
t1-0,proof_byte,689216,xor01_from84,VERIFY_PANIC
t1-0,proof_byte,689280,xor01_from221,VERIFY_PANIC
t1-0,proof_byte,689344,xor01_from19,DESERIALIZE_REJECTED
t1-0,proof_byte,689408,xor01_from205,VERIFY_PANIC
t1-0,proof_byte,689472,xor01_from120,VERIFY_PANIC
t1-0,proof_byte,689536,xor01_from28,VERIFY_PANIC
t1-0,proof_byte,689600,xor01_from233,VERIFY_PANIC
t1-0,proof_byte,689664,xor01_from112,VERIFY_PANIC
t1-0,proof_byte,689728,xor01_from12,VERIFY_PANIC
t1-0,proof_byte,689792,xor01_from107,VERIFY_PANIC
t1-0,proof_byte,689856,xor01_from65,VERIFY_PANIC
t1-0,proof_byte,689920,xor01_from137,VERIFY_PANIC
t1-0,proof_byte,689984,xor01_from61,VERIFY_PANIC
t1-0,proof_byte,690048,xor01_from35,VERIFY_PANIC
t1-0,proof_byte,690112,xor01_from58,VERIFY_PANIC
t1-0,proof_byte,690176,xor01_from31,VERIFY_PANIC
t1-0,proof_byte,690240,xor01_from147,VERIFY_PANIC
t1-0,proof_byte,690304,xor01_from20,VERIFY_PANIC
t1-0,proof_byte,690368,xor01_from180,VERIFY_PANIC
t1-0,proof_byte,690432,xor01_from151,VERIFY_PANIC
t1-0,proof_byte,690496,xor01_from91,VERIFY_PANIC
t1-0,proof_byte,690560,xor01_from138,VERIFY_PANIC
t1-0,proof_byte,690624,xor01_from241,VERIFY_PANIC
t1-0,proof_byte,690688,xor01_from42,VERIFY_PANIC
t1-0,proof_byte,690752,xor01_from120,VERIFY_PANIC
t1-0,proof_byte,690816,xor01_from105,VERIFY_PANIC
t1-0,proof_byte,690880,xor01_from240,VERIFY_PANIC
t1-0,proof_byte,690944,xor01_from169,VERIFY_PANIC
t1-0,proof_byte,691008,xor01_from192,VERIFY_PANIC
t1-0,proof_byte,691072,xor01_from100,VERIFY_PANIC
t1-0,proof_byte,691136,xor01_from234,VERIFY_PANIC
t1-0,proof_byte,691200,xor01_from189,VERIFY_PANIC
t1-0,proof_byte,691264,xor01_from7,VERIFY_PANIC
t1-0,proof_byte,691328,xor01_from119,VERIFY_PANIC
t1-0,proof_byte,691392,xor01_from95,VERIFY_PANIC
t1-0,proof_byte,691456,xor01_from104,VERIFY_PANIC
t1-0,proof_byte,691520,xor01_from168,VERIFY_PANIC
t1-0,proof_byte,691584,xor01_from142,VERIFY_PANIC
t1-0,proof_byte,691648,xor01_from229,VERIFY_PANIC
t1-0,proof_byte,691712,xor01_from162,VERIFY_PANIC
t1-0,proof_byte,691776,xor01_from166,VERIFY_PANIC
t1-0,proof_byte,691840,xor01_from166,VERIFY_PANIC
t1-0,proof_byte,691904,xor01_from68,VERIFY_PANIC
t1-0,proof_byte,691968,xor01_from67,VERIFY_PANIC
t1-0,proof_byte,692032,xor01_from115,VERIFY_PANIC
t1-0,proof_byte,692096,xor01_from177,VERIFY_PANIC
t1-0,proof_byte,692160,xor01_from55,VERIFY_PANIC
t1-0,proof_byte,692224,xor01_from116,VERIFY_PANIC
t1-0,proof_byte,692288,xor01_from30,VERIFY_PANIC
t1-0,proof_byte,692352,xor01_from200,VERIFY_PANIC
t1-0,proof_byte,692416,xor01_from35,VERIFY_PANIC
t1-0,proof_byte,692480,xor01_from222,VERIFY_PANIC
t1-0,proof_byte,692544,xor01_from71,VERIFY_PANIC
t1-0,proof_byte,692608,xor01_from44,VERIFY_PANIC
t1-0,proof_byte,692672,xor01_from185,VERIFY_PANIC
t1-0,proof_byte,692736,xor01_from49,VERIFY_PANIC
t1-0,proof_byte,692800,xor01_from43,VERIFY_PANIC
t1-0,proof_byte,692864,xor01_from167,VERIFY_PANIC
t1-0,proof_byte,692928,xor01_from160,VERIFY_PANIC
t1-0,proof_byte,692992,xor01_from54,VERIFY_PANIC
t1-0,proof_byte,693056,xor01_from170,VERIFY_PANIC
t1-0,proof_byte,693120,xor01_from12,DESERIALIZE_REJECTED
t1-0,proof_byte,693184,xor01_from16,VERIFY_PANIC
t1-0,proof_byte,693248,xor01_from158,VERIFY_PANIC
t1-0,proof_byte,693312,xor01_from32,VERIFY_PANIC
t1-0,proof_byte,693376,xor01_from222,VERIFY_PANIC
t1-0,proof_byte,693440,xor01_from146,VERIFY_PANIC
t1-0,proof_byte,693504,xor01_from43,VERIFY_PANIC
t1-0,proof_byte,693568,xor01_from83,VERIFY_PANIC
t1-0,proof_byte,693632,xor01_from169,VERIFY_PANIC
t1-0,proof_byte,693696,xor01_from82,VERIFY_PANIC
t1-0,proof_byte,693760,xor01_from207,VERIFY_PANIC
t1-0,proof_byte,693824,xor01_from151,VERIFY_PANIC
t1-0,proof_byte,693888,xor01_from155,VERIFY_PANIC
t1-0,proof_byte,693952,xor01_from192,VERIFY_PANIC
t1-0,proof_byte,694016,xor01_from197,VERIFY_PANIC
t1-0,proof_byte,694080,xor01_from115,VERIFY_PANIC
t1-0,proof_byte,694144,xor01_from56,VERIFY_PANIC
t1-0,proof_byte,694208,xor01_from120,VERIFY_PANIC
t1-0,proof_byte,694272,xor01_from15,VERIFY_PANIC
t1-0,proof_byte,694336,xor01_from193,VERIFY_PANIC
t1-0,proof_byte,694400,xor01_from238,VERIFY_PANIC
t1-0,proof_byte,694464,xor01_from104,VERIFY_PANIC
t1-0,proof_byte,694528,xor01_from153,VERIFY_PANIC
t1-0,proof_byte,694592,xor01_from117,VERIFY_PANIC
t1-0,proof_byte,694656,xor01_from134,VERIFY_PANIC
t1-0,proof_byte,694720,xor01_from48,VERIFY_PANIC
t1-0,proof_byte,694784,xor01_from121,VERIFY_PANIC
t1-0,proof_byte,694848,xor01_from116,VERIFY_PANIC
t1-0,proof_byte,694912,xor01_from126,VERIFY_PANIC
t1-0,proof_byte,694976,xor01_from30,VERIFY_PANIC
t1-0,proof_byte,695040,xor01_from101,VERIFY_PANIC
t1-0,proof_byte,695104,xor01_from249,VERIFY_PANIC
t1-0,proof_byte,695168,xor01_from88,VERIFY_PANIC
t1-0,proof_byte,695232,xor01_from102,VERIFY_PANIC
t1-0,proof_byte,695296,xor01_from231,VERIFY_PANIC
t1-0,proof_byte,695360,xor01_from175,VERIFY_PANIC
t1-0,proof_byte,695424,xor01_from177,VERIFY_PANIC
t1-0,proof_byte,695488,xor01_from4,DESERIALIZE_REJECTED
t1-0,proof_byte,695552,xor01_from110,VERIFY_PANIC
t1-0,proof_byte,695616,xor01_from195,VERIFY_PANIC
t1-0,proof_byte,695680,xor01_from27,VERIFY_PANIC
t1-0,proof_byte,695744,xor01_from25,VERIFY_PANIC
t1-0,proof_byte,695808,xor01_from135,VERIFY_PANIC
t1-0,proof_byte,695872,xor01_from151,VERIFY_PANIC
t1-0,proof_byte,695936,xor01_from28,VERIFY_PANIC
t1-0,proof_byte,696000,xor01_from182,VERIFY_PANIC
t1-0,proof_byte,696064,xor01_from6,DESERIALIZE_REJECTED
t1-0,proof_byte,696128,xor01_from217,VERIFY_PANIC
t1-0,proof_byte,696192,xor01_from246,VERIFY_PANIC
t1-0,proof_byte,696256,xor01_from105,VERIFY_PANIC
t1-0,proof_byte,696320,xor01_from84,VERIFY_PANIC
t1-0,proof_byte,696384,xor01_from216,VERIFY_PANIC
t1-0,proof_byte,696448,xor01_from201,VERIFY_PANIC
t1-0,proof_byte,696512,xor01_from145,VERIFY_PANIC
t1-0,proof_byte,696576,xor01_from5,VERIFY_PANIC
t1-0,proof_byte,696640,xor01_from112,VERIFY_PANIC
t1-0,proof_byte,696704,xor01_from84,VERIFY_PANIC
t1-0,proof_byte,696768,xor01_from160,VERIFY_PANIC
t1-0,proof_byte,696832,xor01_from255,VERIFY_PANIC
t1-0,proof_byte,696896,xor01_from67,VERIFY_PANIC
t1-0,proof_byte,696960,xor01_from200,VERIFY_PANIC
t1-0,proof_byte,697024,xor01_from172,VERIFY_PANIC
t1-0,proof_byte,697088,xor01_from183,VERIFY_PANIC
t1-0,proof_byte,697152,xor01_from55,VERIFY_PANIC
t1-0,proof_byte,697216,xor01_from106,VERIFY_PANIC
t1-0,proof_byte,697280,xor01_from142,VERIFY_PANIC
t1-0,proof_byte,697344,xor01_from229,VERIFY_PANIC
t1-0,proof_byte,697408,xor01_from163,VERIFY_PANIC
t1-0,proof_byte,697472,xor01_from221,VERIFY_PANIC
t1-0,proof_byte,697536,xor01_from211,VERIFY_PANIC
t1-0,proof_byte,697600,xor01_from141,VERIFY_PANIC
t1-0,proof_byte,697664,xor01_from179,VERIFY_PANIC
t1-0,proof_byte,697728,xor01_from110,VERIFY_PANIC
t1-0,proof_byte,697792,xor01_from19,VERIFY_PANIC
t1-0,proof_byte,697856,xor01_from11,VERIFY_PANIC
t1-0,proof_byte,697920,xor01_from65,VERIFY_PANIC
t1-0,proof_byte,697984,xor01_from198,VERIFY_PANIC
t1-0,proof_byte,698048,xor01_from180,VERIFY_PANIC
t1-0,proof_byte,698112,xor01_from233,VERIFY_PANIC
t1-0,proof_byte,698176,xor01_from244,VERIFY_PANIC
t1-0,proof_byte,698240,xor01_from131,VERIFY_PANIC
t1-0,proof_byte,698304,xor01_from52,VERIFY_PANIC
t1-0,proof_byte,698368,xor01_from14,VERIFY_PANIC
t1-0,proof_byte,698432,xor01_from31,VERIFY_PANIC
t1-0,proof_byte,698496,xor01_from139,VERIFY_PANIC
t1-0,proof_byte,698560,xor01_from181,VERIFY_PANIC
t1-0,proof_byte,698624,xor01_from109,VERIFY_PANIC
t1-0,proof_byte,698688,xor01_from33,VERIFY_PANIC
t1-0,proof_byte,698752,xor01_from209,VERIFY_PANIC
t1-0,proof_byte,698816,xor01_from122,VERIFY_PANIC
t1-0,proof_byte,698880,xor01_from47,VERIFY_PANIC
t1-0,proof_byte,698944,xor01_from230,VERIFY_PANIC
t1-0,proof_byte,699008,xor01_from44,VERIFY_PANIC
t1-0,proof_byte,699072,xor01_from233,VERIFY_PANIC
t1-0,proof_byte,699136,xor01_from134,VERIFY_PANIC
t1-0,proof_byte,699200,xor01_from0,DESERIALIZE_REJECTED
t1-0,proof_byte,699264,xor01_from47,VERIFY_PANIC
t1-0,proof_byte,699328,xor01_from178,VERIFY_PANIC
t1-0,proof_byte,699392,xor01_from5,VERIFY_PANIC
t1-0,proof_byte,699456,xor01_from93,VERIFY_PANIC
t1-0,proof_byte,699520,xor01_from84,VERIFY_PANIC
t1-0,proof_byte,699584,xor01_from97,VERIFY_PANIC
t1-0,proof_byte,699648,xor01_from209,VERIFY_PANIC
t1-0,proof_byte,699712,xor01_from110,VERIFY_PANIC
t1-0,proof_byte,699776,xor01_from23,VERIFY_PANIC
t1-0,proof_byte,699840,xor01_from59,VERIFY_PANIC
t1-0,proof_byte,699904,xor01_from90,VERIFY_PANIC
t1-0,proof_byte,699968,xor01_from241,VERIFY_PANIC
t1-0,proof_byte,700032,xor01_from71,VERIFY_PANIC
t1-0,proof_byte,700096,xor01_from252,VERIFY_PANIC
t1-0,proof_byte,700160,xor01_from177,VERIFY_PANIC
t1-0,proof_byte,700224,xor01_from41,VERIFY_PANIC
t1-0,proof_byte,700288,xor01_from171,VERIFY_PANIC
t1-0,proof_byte,700352,xor01_from236,VERIFY_PANIC
t1-0,proof_byte,700416,xor01_from184,VERIFY_PANIC
t1-0,proof_byte,700480,xor01_from179,VERIFY_PANIC
t1-0,proof_byte,700544,xor01_from107,VERIFY_PANIC
t1-0,proof_byte,700608,xor01_from99,VERIFY_PANIC
t1-0,proof_byte,700672,xor01_from97,VERIFY_PANIC
t1-0,proof_byte,700736,xor01_from203,VERIFY_PANIC
t1-0,proof_byte,700800,xor01_from228,VERIFY_PANIC
t1-0,proof_byte,700864,xor01_from145,VERIFY_PANIC
t1-0,proof_byte,700928,xor01_from42,VERIFY_PANIC
t1-0,proof_byte,700992,xor01_from213,VERIFY_PANIC
t1-0,proof_byte,701056,xor01_from169,VERIFY_PANIC
t1-0,proof_byte,701120,xor01_from125,VERIFY_PANIC
t1-0,proof_byte,701184,xor01_from6,VERIFY_PANIC
t1-0,proof_byte,701248,xor01_from99,VERIFY_PANIC
t1-0,proof_byte,701312,xor01_from65,VERIFY_PANIC
t1-0,proof_byte,701376,xor01_from121,VERIFY_PANIC
t1-0,proof_byte,701440,xor01_from159,VERIFY_PANIC
t1-0,proof_byte,701504,xor01_from97,VERIFY_PANIC
t1-0,proof_byte,701568,xor01_from209,VERIFY_PANIC
t1-0,proof_byte,701632,xor01_from94,VERIFY_PANIC
t1-0,proof_byte,701696,xor01_from19,VERIFY_PANIC
t1-0,proof_byte,701760,xor01_from70,VERIFY_PANIC
t1-0,proof_byte,701824,xor01_from191,VERIFY_PANIC
t1-0,proof_byte,701888,xor01_from80,VERIFY_PANIC
t1-0,proof_byte,701952,xor01_from235,VERIFY_PANIC
t1-0,proof_byte,702016,xor01_from6,VERIFY_PANIC
t1-0,proof_byte,702080,xor01_from127,VERIFY_PANIC
t1-0,proof_byte,702144,xor01_from96,VERIFY_PANIC
t1-0,proof_byte,702208,xor01_from228,VERIFY_PANIC
t1-0,proof_byte,702272,xor01_from92,VERIFY_PANIC
t1-0,proof_byte,702336,xor01_from169,VERIFY_PANIC
t1-0,proof_byte,702400,xor01_from67,VERIFY_PANIC
t1-0,proof_byte,702464,xor01_from54,VERIFY_PANIC
t1-0,proof_byte,702528,xor01_from217,VERIFY_PANIC
t1-0,proof_byte,702592,xor01_from0,DESERIALIZE_REJECTED
t1-0,proof_byte,702656,xor01_from61,VERIFY_PANIC
t1-0,proof_byte,702720,xor01_from40,VERIFY_PANIC
t1-0,proof_byte,702784,xor01_from233,VERIFY_PANIC
t1-0,proof_byte,702848,xor01_from222,VERIFY_PANIC
t1-0,proof_byte,702912,xor01_from32,VERIFY_PANIC
t1-0,proof_byte,702976,xor01_from13,VERIFY_PANIC
t1-0,proof_byte,703040,xor01_from92,VERIFY_PANIC
t1-0,proof_byte,703104,xor01_from10,VERIFY_PANIC
t1-0,proof_byte,703168,xor01_from13,VERIFY_PANIC
t1-0,proof_byte,703232,xor01_from125,VERIFY_PANIC
t1-0,proof_byte,703296,xor01_from228,VERIFY_PANIC
t1-0,proof_byte,703360,xor01_from223,VERIFY_PANIC
t1-0,proof_byte,703424,xor01_from116,VERIFY_PANIC
t1-0,proof_byte,703488,xor01_from159,VERIFY_PANIC
t1-0,proof_byte,703552,xor01_from106,VERIFY_PANIC
t1-0,proof_byte,703616,xor01_from164,VERIFY_PANIC
t1-0,proof_byte,703680,xor01_from150,VERIFY_PANIC
t1-0,proof_byte,703744,xor01_from92,VERIFY_PANIC
t1-0,proof_byte,703808,xor01_from29,VERIFY_PANIC
t1-0,proof_byte,703872,xor01_from45,VERIFY_PANIC
t1-0,proof_byte,703936,xor01_from0,DESERIALIZE_REJECTED
t1-0,proof_byte,704000,xor01_from76,VERIFY_PANIC
t1-0,proof_byte,704064,xor01_from159,VERIFY_PANIC
t1-0,proof_byte,704128,xor01_from0,DESERIALIZE_REJECTED
t1-0,proof_byte,704192,xor01_from194,VERIFY_PANIC
t1-0,proof_byte,704256,xor01_from236,VERIFY_PANIC
t1-0,proof_byte,704320,xor01_from187,VERIFY_PANIC
t1-0,proof_byte,704384,xor01_from225,VERIFY_PANIC
t1-0,proof_byte,704448,xor01_from229,VERIFY_PANIC
t1-0,proof_byte,704512,xor01_from254,VERIFY_PANIC
t1-0,proof_byte,704576,xor01_from106,VERIFY_PANIC
t1-0,proof_byte,704640,xor01_from152,VERIFY_PANIC
t1-0,proof_byte,704704,xor01_from38,VERIFY_PANIC
t1-0,proof_byte,704768,xor01_from179,VERIFY_PANIC
t1-0,proof_byte,704832,xor01_from147,VERIFY_PANIC
t1-0,proof_byte,704896,xor01_from72,VERIFY_PANIC
t1-0,proof_byte,704960,xor01_from88,VERIFY_PANIC
t1-0,proof_byte,705024,xor01_from33,VERIFY_PANIC
t1-0,proof_byte,705088,xor01_from106,VERIFY_PANIC
t1-0,proof_byte,705152,xor01_from149,VERIFY_PANIC
t1-0,proof_byte,705216,xor01_from188,VERIFY_PANIC
t1-0,proof_byte,705280,xor01_from156,VERIFY_PANIC
t1-0,proof_byte,705344,xor01_from192,VERIFY_PANIC
t1-0,proof_byte,705408,xor01_from42,VERIFY_PANIC
t1-0,proof_byte,705472,xor01_from176,VERIFY_PANIC
t1-0,proof_byte,705536,xor01_from200,VERIFY_PANIC
t1-0,proof_byte,705600,xor01_from249,VERIFY_PANIC
t1-0,proof_byte,705664,xor01_from122,VERIFY_PANIC
t1-0,proof_byte,705728,xor01_from54,VERIFY_PANIC
t1-0,proof_byte,705792,xor01_from57,VERIFY_PANIC
t1-0,proof_byte,705856,xor01_from177,VERIFY_PANIC
t1-0,proof_byte,705920,xor01_from58,VERIFY_PANIC
t1-0,proof_byte,705984,xor01_from23,VERIFY_PANIC
t1-0,proof_byte,706048,xor01_from72,VERIFY_PANIC
t1-0,proof_byte,706112,xor01_from169,VERIFY_PANIC
t1-0,proof_byte,706176,xor01_from132,VERIFY_PANIC
t1-0,proof_byte,706240,xor01_from51,VERIFY_PANIC
t1-0,proof_byte,706304,xor01_from38,VERIFY_PANIC
t1-0,proof_byte,706368,xor01_from222,VERIFY_PANIC
t1-0,proof_byte,706432,xor01_from204,VERIFY_PANIC
t1-0,proof_byte,706496,xor01_from26,VERIFY_PANIC
t1-0,proof_byte,706560,xor01_from87,VERIFY_PANIC
t1-0,proof_byte,706624,xor01_from16,VERIFY_PANIC
t1-0,proof_byte,706688,xor01_from129,VERIFY_PANIC
t1-0,proof_byte,706752,xor01_from197,VERIFY_PANIC
t1-0,proof_byte,706816,xor01_from169,VERIFY_PANIC
t1-0,proof_byte,706880,xor01_from20,VERIFY_PANIC
t1-0,proof_byte,706944,xor01_from119,VERIFY_PANIC
t1-0,proof_byte,707008,xor01_from60,VERIFY_PANIC
t1-0,proof_byte,707072,xor01_from55,VERIFY_PANIC
t1-0,proof_byte,707136,xor01_from66,VERIFY_PANIC
t1-0,proof_byte,707200,xor01_from144,VERIFY_PANIC
t1-0,proof_byte,707264,xor01_from61,VERIFY_PANIC
t1-0,proof_byte,707328,xor01_from128,VERIFY_PANIC
t1-0,proof_byte,707392,xor01_from72,VERIFY_PANIC
t1-0,proof_byte,707456,xor01_from180,VERIFY_PANIC
t1-0,proof_byte,707520,xor01_from99,VERIFY_PANIC
t1-0,proof_byte,707584,xor01_from113,VERIFY_PANIC
t1-0,proof_byte,707648,xor01_from99,VERIFY_PANIC
t1-0,proof_byte,707712,xor01_from113,VERIFY_PANIC
t1-0,proof_byte,707776,xor01_from176,VERIFY_PANIC
t1-0,proof_byte,707840,xor01_from125,VERIFY_PANIC
t1-0,proof_byte,707904,xor01_from65,VERIFY_PANIC
t1-0,proof_byte,707968,xor01_from14,VERIFY_PANIC
t1-0,proof_byte,708032,xor01_from47,VERIFY_PANIC
t1-0,proof_byte,708096,xor01_from188,VERIFY_PANIC
t1-0,proof_byte,708160,xor01_from61,VERIFY_PANIC
t1-0,proof_byte,708224,xor01_from54,VERIFY_PANIC
t1-0,proof_byte,708288,xor01_from228,VERIFY_PANIC
t1-0,proof_byte,708352,xor01_from108,VERIFY_PANIC
t1-0,proof_byte,708416,xor01_from244,VERIFY_PANIC
t1-0,proof_byte,708480,xor01_from161,VERIFY_PANIC
t1-0,proof_byte,708544,xor01_from176,VERIFY_PANIC
t1-0,proof_byte,708608,xor01_from186,VERIFY_PANIC
t1-0,proof_byte,708672,xor01_from162,VERIFY_PANIC
t1-0,proof_byte,708736,xor01_from13,DESERIALIZE_REJECTED
t1-0,proof_byte,708800,xor01_from247,VERIFY_PANIC
t1-0,proof_byte,708864,xor01_from49,VERIFY_PANIC
t1-0,proof_byte,708928,xor01_from192,VERIFY_PANIC
t1-0,proof_byte,708992,xor01_from94,VERIFY_PANIC
t1-0,proof_byte,709056,xor01_from71,VERIFY_PANIC
t1-0,proof_byte,709120,xor01_from32,VERIFY_PANIC
t1-0,proof_byte,709184,xor01_from154,VERIFY_PANIC
t1-0,proof_byte,709248,xor01_from61,VERIFY_PANIC
t1-0,proof_byte,709312,xor01_from72,VERIFY_PANIC
t1-0,proof_byte,709376,xor01_from218,VERIFY_PANIC
t1-0,proof_byte,709440,xor01_from247,VERIFY_PANIC
t1-0,proof_byte,709504,xor01_from62,VERIFY_PANIC
t1-0,proof_byte,709568,xor01_from57,VERIFY_PANIC
t1-0,proof_byte,709632,xor01_from145,VERIFY_PANIC
t1-0,proof_byte,709696,xor01_from3,VERIFY_PANIC
t1-0,proof_byte,709760,xor01_from71,VERIFY_PANIC
t1-0,proof_byte,709824,xor01_from110,VERIFY_PANIC
t1-0,proof_byte,709888,xor01_from196,VERIFY_PANIC
t1-0,proof_byte,709952,xor01_from170,VERIFY_PANIC
t1-0,proof_byte,710016,xor01_from17,VERIFY_PANIC
t1-0,proof_byte,710080,xor01_from210,VERIFY_PANIC
t1-0,proof_byte,710144,xor01_from234,VERIFY_PANIC
t1-0,proof_byte,710208,xor01_from170,VERIFY_PANIC
t1-0,proof_byte,710272,xor01_from253,VERIFY_PANIC
t1-0,proof_byte,710336,xor01_from242,VERIFY_PANIC
t1-0,proof_byte,710400,xor01_from233,VERIFY_PANIC
t1-0,proof_byte,710464,xor01_from236,VERIFY_PANIC
t1-0,proof_byte,710528,xor01_from65,VERIFY_PANIC
t1-0,proof_byte,710592,xor01_from210,VERIFY_PANIC
t1-0,proof_byte,710656,xor01_from143,VERIFY_PANIC
t1-0,proof_byte,710720,xor01_from207,VERIFY_PANIC
t1-0,proof_byte,710784,xor01_from179,VERIFY_PANIC
t1-0,proof_byte,710848,xor01_from248,VERIFY_PANIC
t1-0,proof_byte,710912,xor01_from160,VERIFY_PANIC
t1-0,proof_byte,710976,xor01_from125,VERIFY_PANIC
t1-0,proof_byte,711040,xor01_from147,VERIFY_PANIC
t1-0,proof_byte,711104,xor01_from124,VERIFY_PANIC
t1-0,proof_byte,711168,xor01_from196,VERIFY_PANIC
t1-0,proof_byte,711232,xor01_from13,VERIFY_PANIC
t1-0,proof_byte,711296,xor01_from107,VERIFY_PANIC
t1-0,proof_byte,711360,xor01_from5,DESERIALIZE_REJECTED
t1-0,proof_byte,711424,xor01_from127,VERIFY_PANIC
t1-0,proof_byte,711488,xor01_from234,VERIFY_PANIC
t1-0,proof_byte,711552,xor01_from120,VERIFY_PANIC
t1-0,proof_byte,711616,xor01_from84,VERIFY_PANIC
t1-0,proof_byte,711680,xor01_from216,VERIFY_PANIC
t1-0,proof_byte,711744,xor01_from205,VERIFY_PANIC
t1-0,proof_byte,711808,xor01_from157,VERIFY_PANIC
t1-0,proof_byte,711872,xor01_from39,VERIFY_PANIC
t1-0,proof_byte,711936,xor01_from229,VERIFY_PANIC
t1-0,proof_byte,712000,xor01_from8,DESERIALIZE_REJECTED
t1-0,proof_byte,712064,xor01_from116,VERIFY_PANIC
t1-0,proof_byte,712128,xor01_from185,VERIFY_PANIC
t1-0,proof_byte,712192,xor01_from210,VERIFY_PANIC
t1-0,proof_byte,712256,xor01_from188,VERIFY_PANIC
t1-0,proof_byte,712320,xor01_from118,VERIFY_PANIC
t1-0,proof_byte,712384,xor01_from166,VERIFY_PANIC
t1-0,proof_byte,712448,xor01_from54,VERIFY_PANIC
t1-0,proof_byte,712512,xor01_from114,VERIFY_PANIC
t1-0,proof_byte,712576,xor01_from32,VERIFY_PANIC
t1-0,proof_byte,712640,xor01_from19,VERIFY_PANIC
t1-0,proof_byte,712704,xor01_from127,VERIFY_PANIC
t1-0,proof_byte,712768,xor01_from241,VERIFY_PANIC
t1-0,proof_byte,712832,xor01_from249,VERIFY_PANIC
t1-0,proof_byte,712896,xor01_from231,VERIFY_PANIC
t1-0,proof_byte,712960,xor01_from16,VERIFY_PANIC
t1-0,proof_byte,713024,xor01_from85,VERIFY_PANIC
t1-0,proof_byte,713088,xor01_from240,VERIFY_PANIC
t1-0,proof_byte,713152,xor01_from78,VERIFY_PANIC
t1-0,proof_byte,713216,xor01_from60,VERIFY_PANIC
t1-0,proof_byte,713280,xor01_from160,VERIFY_PANIC
t1-0,proof_byte,713344,xor01_from241,VERIFY_PANIC
t1-0,proof_byte,713408,xor01_from51,VERIFY_PANIC
t1-0,proof_byte,713472,xor01_from243,VERIFY_PANIC
t1-0,proof_byte,713536,xor01_from242,VERIFY_PANIC
t1-0,proof_byte,713600,xor01_from186,VERIFY_PANIC
t1-0,proof_byte,713664,xor01_from136,VERIFY_PANIC
t1-0,proof_byte,713728,xor01_from148,VERIFY_PANIC
t1-0,proof_byte,713792,xor01_from43,VERIFY_PANIC
t1-0,proof_byte,713856,xor01_from86,VERIFY_PANIC
t1-0,proof_byte,713920,xor01_from86,VERIFY_PANIC
t1-0,proof_byte,713984,xor01_from103,VERIFY_PANIC
t1-0,proof_byte,714048,xor01_from105,VERIFY_PANIC
t1-0,proof_byte,714112,xor01_from248,VERIFY_PANIC
t1-0,proof_byte,714176,xor01_from134,VERIFY_PANIC
t1-0,proof_byte,714240,xor01_from180,VERIFY_PANIC
t1-0,proof_byte,714304,xor01_from233,VERIFY_PANIC
t1-0,proof_byte,714368,xor01_from168,VERIFY_PANIC
t1-0,proof_byte,714432,xor01_from117,VERIFY_PANIC
t1-0,proof_byte,714496,xor01_from173,VERIFY_PANIC
t1-0,proof_byte,714560,xor01_from104,VERIFY_PANIC
t1-0,proof_byte,714624,xor01_from83,VERIFY_PANIC
t1-0,proof_byte,714688,xor01_from0,DESERIALIZE_REJECTED
t1-0,proof_byte,714752,xor01_from166,VERIFY_PANIC
t1-0,proof_byte,714816,xor01_from77,VERIFY_PANIC
t1-0,proof_byte,714880,xor01_from135,VERIFY_PANIC
t1-0,proof_byte,714944,xor01_from180,VERIFY_PANIC
t1-0,proof_byte,715008,xor01_from16,VERIFY_PANIC
t1-0,proof_byte,715072,xor01_from186,VERIFY_PANIC
t1-0,proof_byte,715136,xor01_from225,VERIFY_PANIC
t1-0,proof_byte,715200,xor01_from199,VERIFY_PANIC
t1-0,proof_byte,715264,xor01_from204,VERIFY_PANIC
t1-0,proof_byte,715328,xor01_from154,VERIFY_PANIC
t1-0,proof_byte,715392,xor01_from231,VERIFY_PANIC
t1-0,proof_byte,715456,xor01_from103,VERIFY_PANIC
t1-0,proof_byte,715520,xor01_from233,VERIFY_PANIC
t1-0,proof_byte,715584,xor01_from195,VERIFY_PANIC
t1-0,proof_byte,715648,xor01_from172,VERIFY_PANIC
t1-0,proof_byte,715712,xor01_from98,VERIFY_PANIC
t1-0,proof_byte,715776,xor01_from38,VERIFY_PANIC
t1-0,proof_byte,715840,xor01_from229,VERIFY_PANIC
t1-0,proof_byte,715904,xor01_from233,VERIFY_PANIC
t1-0,proof_byte,715968,xor01_from17,VERIFY_PANIC
t1-0,proof_byte,716032,xor01_from170,VERIFY_PANIC
t1-0,proof_byte,716096,xor01_from55,VERIFY_PANIC
t1-0,proof_byte,716160,xor01_from39,VERIFY_PANIC
t1-0,proof_byte,716224,xor01_from37,VERIFY_PANIC
t1-0,proof_byte,716288,xor01_from186,VERIFY_PANIC
t1-0,proof_byte,716352,xor01_from250,VERIFY_PANIC
t1-0,proof_byte,716416,xor01_from1,VERIFY_PANIC
t1-0,proof_byte,716480,xor01_from252,VERIFY_PANIC
t1-0,proof_byte,716544,xor01_from244,VERIFY_PANIC
t1-0,proof_byte,716608,xor01_from241,VERIFY_PANIC
t1-0,proof_byte,716672,xor01_from227,VERIFY_PANIC
t1-0,proof_byte,716736,xor01_from125,VERIFY_PANIC
t1-0,proof_byte,716800,xor01_from126,VERIFY_PANIC
t1-0,proof_byte,716864,xor01_from184,VERIFY_PANIC
t1-0,proof_byte,716928,xor01_from0,VERIFY_PANIC
t1-0,proof_byte,716992,xor01_from235,VERIFY_PANIC
t1-0,proof_byte,717056,xor01_from72,VERIFY_PANIC
t1-0,proof_byte,717120,xor01_from69,VERIFY_PANIC
t1-0,proof_byte,717184,xor01_from84,VERIFY_PANIC
t1-0,proof_byte,717248,xor01_from247,VERIFY_PANIC
t1-0,proof_byte,717312,xor01_from76,VERIFY_PANIC
t1-0,proof_byte,717376,xor01_from19,VERIFY_PANIC
t1-0,proof_byte,717440,xor01_from235,VERIFY_PANIC
t1-0,proof_byte,717504,xor01_from178,VERIFY_PANIC
t1-0,proof_byte,717568,xor01_from89,VERIFY_PANIC
t1-0,proof_byte,717632,xor01_from73,VERIFY_PANIC
t1-0,proof_byte,717696,xor01_from119,VERIFY_PANIC
t1-0,proof_byte,717760,xor01_from220,VERIFY_PANIC
t1-0,proof_byte,717824,xor01_from63,VERIFY_PANIC
t1-0,proof_byte,717888,xor01_from234,VERIFY_PANIC
t1-0,proof_byte,717952,xor01_from142,VERIFY_PANIC
t1-0,proof_byte,718016,xor01_from209,VERIFY_PANIC
t1-0,proof_byte,718080,xor01_from122,VERIFY_PANIC
t1-0,proof_byte,718144,xor01_from21,VERIFY_PANIC
t1-0,proof_byte,718208,xor01_from153,VERIFY_PANIC
t1-0,proof_byte,718272,xor01_from39,VERIFY_PANIC
t1-0,proof_byte,718336,xor01_from0,DESERIALIZE_REJECTED
t1-0,proof_byte,718400,xor01_from201,VERIFY_PANIC
t1-0,proof_byte,718464,xor01_from119,VERIFY_PANIC
t1-0,proof_byte,718528,xor01_from80,VERIFY_PANIC
t1-0,proof_byte,718592,xor01_from177,VERIFY_PANIC
t1-0,proof_byte,718656,xor01_from211,VERIFY_PANIC
t1-0,proof_byte,718720,xor01_from29,VERIFY_PANIC
t1-0,proof_byte,718784,xor01_from112,VERIFY_PANIC
t1-0,proof_byte,718848,xor01_from211,VERIFY_PANIC
t1-0,proof_byte,718912,xor01_from117,VERIFY_PANIC
t1-0,proof_byte,718976,xor01_from83,VERIFY_PANIC
t1-0,proof_byte,719040,xor01_from178,VERIFY_PANIC
t1-0,proof_byte,719104,xor01_from38,VERIFY_PANIC
t1-0,proof_byte,719168,xor01_from51,VERIFY_PANIC
t1-0,proof_byte,719232,xor01_from182,VERIFY_PANIC
t1-0,proof_byte,719296,xor01_from213,VERIFY_PANIC
t1-0,proof_byte,719360,xor01_from160,VERIFY_PANIC
t1-0,proof_byte,719424,xor01_from169,VERIFY_PANIC
t1-0,proof_byte,719488,xor01_from221,VERIFY_PANIC
t1-0,proof_byte,719552,xor01_from96,VERIFY_PANIC
t1-0,proof_byte,719616,xor01_from156,VERIFY_PANIC
t1-0,proof_byte,719680,xor01_from70,VERIFY_PANIC
t1-0,proof_byte,719744,xor01_from133,VERIFY_PANIC
t1-0,proof_byte,719808,xor01_from47,VERIFY_PANIC
t1-0,proof_byte,719872,xor01_from193,VERIFY_PANIC
t1-0,proof_byte,719936,xor01_from0,DESERIALIZE_REJECTED
t1-0,proof_byte,720000,xor01_from250,VERIFY_PANIC
t1-0,proof_byte,720064,xor01_from173,VERIFY_PANIC
t1-0,proof_byte,720128,xor01_from217,VERIFY_PANIC
t1-0,proof_byte,720192,xor01_from32,VERIFY_PANIC
t1-0,proof_byte,720256,xor01_from39,VERIFY_PANIC
t1-0,proof_byte,720320,xor01_from49,VERIFY_PANIC
t1-0,proof_byte,720384,xor01_from81,VERIFY_PANIC
t1-0,proof_byte,720448,xor01_from33,VERIFY_PANIC
t1-0,proof_byte,720512,xor01_from19,VERIFY_PANIC
t1-0,proof_byte,720576,xor01_from170,VERIFY_PANIC
t1-0,proof_byte,720640,xor01_from44,VERIFY_PANIC
t1-0,proof_byte,720704,xor01_from205,VERIFY_PANIC
t1-0,proof_byte,720768,xor01_from12,VERIFY_PANIC
t1-0,proof_byte,720832,xor01_from0,DESERIALIZE_REJECTED
t1-0,proof_byte,720896,xor01_from221,VERIFY_PANIC
t1-0,proof_byte,720960,xor01_from172,VERIFY_PANIC
t1-0,proof_byte,721024,xor01_from231,VERIFY_PANIC
t1-0,proof_byte,721088,xor01_from252,VERIFY_PANIC
t1-0,proof_byte,721152,xor01_from229,VERIFY_PANIC
t1-0,proof_byte,721216,xor01_from253,VERIFY_PANIC
t1-0,proof_byte,721280,xor01_from187,VERIFY_PANIC
t1-0,proof_byte,721344,xor01_from153,VERIFY_PANIC
t1-0,proof_byte,721408,xor01_from141,VERIFY_PANIC
t1-0,proof_byte,721472,xor01_from27,VERIFY_PANIC
t1-0,proof_byte,721536,xor01_from143,VERIFY_PANIC
t1-0,proof_byte,721600,xor01_from103,VERIFY_PANIC
t1-0,proof_byte,721664,xor01_from195,VERIFY_PANIC
t1-0,proof_byte,721728,xor01_from25,VERIFY_PANIC
t1-0,proof_byte,721792,xor01_from185,VERIFY_PANIC
t1-0,proof_byte,721856,xor01_from243,VERIFY_PANIC
t1-0,proof_byte,721920,xor01_from169,VERIFY_PANIC
t1-0,proof_byte,721984,xor01_from76,VERIFY_PANIC
t1-0,proof_byte,722048,xor01_from164,VERIFY_PANIC
t1-0,proof_byte,722112,xor01_from18,DESERIALIZE_REJECTED
t1-0,proof_byte,722176,xor01_from204,VERIFY_PANIC
t1-0,proof_byte,722240,xor01_from18,VERIFY_PANIC
t1-0,proof_byte,722304,xor01_from168,VERIFY_PANIC
t1-0,proof_byte,722368,xor01_from11,VERIFY_PANIC
t1-0,proof_byte,722432,xor01_from201,VERIFY_PANIC
t1-0,proof_byte,722496,xor01_from158,VERIFY_PANIC
t1-0,proof_byte,722560,xor01_from181,VERIFY_PANIC
t1-0,proof_byte,722624,xor01_from23,VERIFY_PANIC
t1-0,proof_byte,722688,xor01_from60,VERIFY_PANIC
t1-0,proof_byte,722752,xor01_from31,VERIFY_PANIC
t1-0,proof_byte,722816,xor01_from41,VERIFY_PANIC
t1-0,proof_byte,722880,xor01_from109,VERIFY_PANIC
t1-0,proof_byte,722944,xor01_from47,VERIFY_PANIC
t1-0,proof_byte,723008,xor01_from33,VERIFY_PANIC
t1-0,proof_byte,723072,xor01_from132,VERIFY_PANIC
t1-0,proof_byte,723136,xor01_from152,VERIFY_PANIC
t1-0,proof_byte,723200,xor01_from233,VERIFY_PANIC
t1-0,proof_byte,723264,xor01_from99,VERIFY_PANIC
t1-0,proof_byte,723328,xor01_from82,VERIFY_PANIC
t1-0,proof_byte,723392,xor01_from34,VERIFY_PANIC
t1-0,proof_byte,723456,xor01_from3,VERIFY_PANIC
t1-0,proof_byte,723520,xor01_from169,VERIFY_PANIC
t1-0,proof_byte,723584,xor01_from241,VERIFY_PANIC
t1-0,proof_byte,723648,xor01_from15,VERIFY_PANIC
t1-0,proof_byte,723712,xor01_from207,VERIFY_PANIC
t1-0,proof_byte,723776,xor01_from75,VERIFY_PANIC
t1-0,proof_byte,723840,xor01_from133,VERIFY_PANIC
t1-0,proof_byte,723904,xor01_from126,VERIFY_PANIC
t1-0,proof_byte,723968,xor01_from82,VERIFY_PANIC
t1-0,proof_byte,724032,xor01_from21,VERIFY_PANIC
t1-0,proof_byte,724096,xor01_from137,VERIFY_PANIC
t1-0,proof_byte,724160,xor01_from175,VERIFY_PANIC
t1-0,proof_byte,724224,xor01_from180,VERIFY_PANIC
t1-0,proof_byte,724288,xor01_from6,VERIFY_PANIC
t1-0,proof_byte,724352,xor01_from253,VERIFY_PANIC
t1-0,proof_byte,724416,xor01_from4,VERIFY_PANIC
t1-0,proof_byte,724480,xor01_from246,VERIFY_PANIC
t1-0,proof_byte,724544,xor01_from104,VERIFY_PANIC
t1-0,proof_byte,724608,xor01_from157,VERIFY_PANIC
t1-0,proof_byte,724672,xor01_from4,VERIFY_PANIC
t1-0,proof_byte,724736,xor01_from158,VERIFY_PANIC
t1-0,proof_byte,724800,xor01_from172,VERIFY_PANIC
t1-0,proof_byte,724864,xor01_from196,VERIFY_PANIC
t1-0,proof_byte,724928,xor01_from230,VERIFY_PANIC
t1-0,proof_byte,724992,xor01_from6,VERIFY_PANIC
t1-0,proof_byte,725056,xor01_from58,VERIFY_PANIC
t1-0,proof_byte,725120,xor01_from245,VERIFY_PANIC
t1-0,proof_byte,725184,xor01_from23,VERIFY_PANIC
t1-0,proof_byte,725248,xor01_from154,VERIFY_PANIC
t1-0,proof_byte,725312,xor01_from228,VERIFY_PANIC
t1-0,proof_byte,725376,xor01_from25,VERIFY_PANIC
t1-0,proof_byte,725440,xor01_from106,VERIFY_PANIC
t1-0,proof_byte,725504,xor01_from243,VERIFY_PANIC
t1-0,proof_byte,725568,xor01_from46,VERIFY_PANIC
t1-0,proof_byte,725632,xor01_from190,VERIFY_PANIC
t1-0,proof_byte,725696,xor01_from88,VERIFY_PANIC
t1-0,proof_byte,725760,xor01_from233,VERIFY_PANIC
t1-0,proof_byte,725824,xor01_from238,VERIFY_PANIC
t1-0,proof_byte,725888,xor01_from163,VERIFY_PANIC
t1-0,proof_byte,725952,xor01_from217,VERIFY_PANIC
t1-0,proof_byte,726016,xor01_from10,DESERIALIZE_REJECTED
t1-0,proof_byte,726080,xor01_from47,VERIFY_PANIC
t1-0,proof_byte,726144,xor01_from160,VERIFY_PANIC
t1-0,proof_byte,726208,xor01_from187,VERIFY_PANIC
t1-0,proof_byte,726272,xor01_from2,VERIFY_PANIC
t1-0,proof_byte,726336,xor01_from10,VERIFY_PANIC
t1-0,proof_byte,726400,xor01_from65,VERIFY_PANIC
t1-0,proof_byte,726464,xor01_from144,VERIFY_PANIC
t1-0,proof_byte,726528,xor01_from218,VERIFY_PANIC
t1-0,proof_byte,726592,xor01_from108,VERIFY_PANIC
t1-0,proof_byte,726656,xor01_from193,VERIFY_PANIC
t1-0,proof_byte,726720,xor01_from36,VERIFY_PANIC
t1-0,proof_byte,726784,xor01_from45,VERIFY_PANIC
t1-0,proof_byte,726848,xor01_from117,VERIFY_PANIC
t1-0,proof_byte,726912,xor01_from232,VERIFY_PANIC
t1-0,proof_byte,726976,xor01_from100,VERIFY_PANIC
t1-0,proof_byte,727040,xor01_from62,VERIFY_PANIC
t1-0,proof_byte,727104,xor01_from153,VERIFY_PANIC
t1-0,proof_byte,727168,xor01_from47,VERIFY_PANIC
t1-0,proof_byte,727232,xor01_from53,VERIFY_PANIC
t1-0,proof_byte,727296,xor01_from30,VERIFY_PANIC
t1-0,proof_byte,727360,xor01_from72,VERIFY_PANIC
t1-0,proof_byte,727424,xor01_from74,VERIFY_PANIC
t1-0,proof_byte,727488,xor01_from14,VERIFY_PANIC
t1-0,proof_byte,727552,xor01_from73,VERIFY_PANIC
t1-0,proof_byte,727616,xor01_from244,VERIFY_PANIC
t1-0,proof_byte,727680,xor01_from71,VERIFY_PANIC
t1-0,proof_byte,727744,xor01_from16,VERIFY_PANIC
t1-0,proof_byte,727808,xor01_from218,VERIFY_PANIC
t1-0,proof_byte,727872,xor01_from2,DESERIALIZE_REJECTED
t1-0,proof_byte,727936,xor01_from170,VERIFY_PANIC
t1-0,proof_byte,728000,xor01_from2,DESERIALIZE_REJECTED
t1-0,proof_byte,728064,xor01_from23,VERIFY_PANIC
t1-0,proof_byte,728128,xor01_from14,VERIFY_PANIC
t1-0,proof_byte,728192,xor01_from170,VERIFY_PANIC
t1-0,proof_byte,728256,xor01_from129,VERIFY_PANIC
t1-0,proof_byte,728320,xor01_from188,VERIFY_PANIC
t1-0,proof_byte,728384,xor01_from28,VERIFY_PANIC
t1-0,proof_byte,728448,xor01_from49,VERIFY_PANIC
t1-0,proof_byte,728512,xor01_from64,VERIFY_PANIC
t1-0,proof_byte,728576,xor01_from39,VERIFY_PANIC
t1-0,proof_byte,728640,xor01_from113,VERIFY_PANIC
t1-0,proof_byte,728704,xor01_from152,VERIFY_PANIC
t1-0,proof_byte,728768,xor01_from205,VERIFY_PANIC
t1-0,proof_byte,728832,xor01_from35,VERIFY_PANIC
t1-0,proof_byte,728896,xor01_from0,VERIFY_PANIC
t1-0,proof_byte,728960,xor01_from203,VERIFY_PANIC
t1-0,proof_byte,729024,xor01_from140,VERIFY_PANIC
t1-0,proof_byte,729088,xor01_from101,VERIFY_PANIC
t1-0,proof_byte,729152,xor01_from94,VERIFY_PANIC
t1-0,proof_byte,729216,xor01_from24,VERIFY_PANIC
t1-0,proof_byte,729280,xor01_from78,VERIFY_PANIC
t1-0,proof_byte,729344,xor01_from170,VERIFY_PANIC
t1-0,proof_byte,729408,xor01_from160,VERIFY_PANIC
t1-0,proof_byte,729472,xor01_from224,VERIFY_PANIC
t1-0,proof_byte,729536,xor01_from37,VERIFY_PANIC
t1-0,proof_byte,729600,xor01_from74,VERIFY_PANIC
t1-0,proof_byte,729664,xor01_from82,VERIFY_PANIC
t1-0,proof_byte,729728,xor01_from96,VERIFY_PANIC
t1-0,proof_byte,729792,xor01_from184,VERIFY_PANIC
t1-0,proof_byte,729856,xor01_from134,VERIFY_PANIC
t1-0,proof_byte,729920,xor01_from12,VERIFY_PANIC
t1-0,proof_byte,729984,xor01_from1,VERIFY_PANIC
t1-0,proof_byte,730048,xor01_from142,VERIFY_PANIC
t1-0,proof_byte,730112,xor01_from213,VERIFY_PANIC
t1-0,proof_byte,730176,xor01_from225,VERIFY_PANIC
t1-0,proof_byte,730240,xor01_from87,VERIFY_PANIC
t1-0,proof_byte,730304,xor01_from241,VERIFY_PANIC
t1-0,proof_byte,730368,xor01_from19,VERIFY_PANIC
t1-0,proof_byte,730432,xor01_from239,VERIFY_PANIC
t1-0,proof_byte,730496,xor01_from11,VERIFY_PANIC
t1-0,proof_byte,730560,xor01_from9,VERIFY_PANIC
t1-0,proof_byte,730624,xor01_from111,VERIFY_PANIC
t1-0,proof_byte,730688,xor01_from115,VERIFY_PANIC
t1-0,proof_byte,730752,xor01_from198,VERIFY_PANIC
t1-0,proof_byte,730816,xor01_from58,VERIFY_PANIC
t1-0,proof_byte,730880,xor01_from163,VERIFY_PANIC
t1-0,proof_byte,730944,xor01_from43,VERIFY_PANIC
t1-0,proof_byte,731008,xor01_from7,VERIFY_PANIC
t1-0,proof_byte,731072,xor01_from189,VERIFY_PANIC
t1-0,proof_byte,731136,xor01_from171,VERIFY_PANIC
t1-0,proof_byte,731200,xor01_from146,VERIFY_PANIC
t1-0,proof_byte,731264,xor01_from30,VERIFY_PANIC
t1-0,proof_byte,731328,xor01_from146,VERIFY_PANIC
t1-0,proof_byte,731392,xor01_from187,VERIFY_PANIC
t1-0,proof_byte,731456,xor01_from236,VERIFY_PANIC
t1-0,proof_byte,731520,xor01_from194,VERIFY_PANIC
t1-0,proof_byte,731584,xor01_from224,VERIFY_PANIC
t1-0,proof_byte,731648,xor01_from255,VERIFY_PANIC
t1-0,proof_byte,731712,xor01_from114,VERIFY_PANIC
t1-0,proof_byte,731776,xor01_from93,VERIFY_PANIC
t1-0,proof_byte,731840,xor01_from69,VERIFY_PANIC
t1-0,proof_byte,731904,xor01_from98,VERIFY_PANIC
t1-0,proof_byte,731968,xor01_from121,VERIFY_PANIC
t1-0,proof_byte,732032,xor01_from106,VERIFY_PANIC
t1-0,proof_byte,732096,xor01_from208,VERIFY_PANIC
t1-0,proof_byte,732160,xor01_from227,VERIFY_PANIC
t1-0,proof_byte,732224,xor01_from18,VERIFY_PANIC
t1-0,proof_byte,732288,xor01_from212,VERIFY_PANIC
t1-0,proof_byte,732352,xor01_from0,DESERIALIZE_REJECTED
t1-0,proof_byte,732416,xor01_from12,VERIFY_PANIC
t1-0,proof_byte,732480,xor01_from8,VERIFY_PANIC
t1-0,proof_byte,732544,xor01_from70,VERIFY_PANIC
t1-0,proof_byte,732608,xor01_from244,VERIFY_PANIC
t1-0,proof_byte,732672,xor01_from54,VERIFY_PANIC
t1-0,proof_byte,732736,xor01_from90,VERIFY_PANIC
t1-0,proof_byte,732800,xor01_from196,VERIFY_PANIC
t1-0,proof_byte,732864,xor01_from90,VERIFY_PANIC
t1-0,proof_byte,732928,xor01_from224,VERIFY_PANIC
t1-0,proof_byte,732992,xor01_from25,VERIFY_PANIC
t1-0,proof_byte,733056,xor01_from133,VERIFY_PANIC
t1-0,proof_byte,733120,xor01_from172,VERIFY_PANIC
t1-0,proof_byte,733184,xor01_from190,VERIFY_PANIC
t1-0,proof_byte,733248,xor01_from184,VERIFY_PANIC
t1-0,proof_byte,733312,xor01_from182,VERIFY_PANIC
t1-0,proof_byte,733376,xor01_from82,VERIFY_PANIC
t1-0,proof_byte,733440,xor01_from135,VERIFY_PANIC
t1-0,proof_byte,733504,xor01_from11,VERIFY_PANIC
t1-0,proof_byte,733568,xor01_from207,VERIFY_PANIC
t1-0,proof_byte,733632,xor01_from168,VERIFY_PANIC
t1-0,proof_byte,733696,xor01_from25,VERIFY_PANIC
t1-0,proof_byte,733760,xor01_from17,VERIFY_PANIC
t1-0,proof_byte,733824,xor01_from23,VERIFY_PANIC
t1-0,proof_byte,733888,xor01_from93,VERIFY_PANIC
t1-0,proof_byte,733952,xor01_from32,VERIFY_PANIC
t1-0,proof_byte,734016,xor01_from66,VERIFY_PANIC
t1-0,proof_byte,734080,xor01_from4,VERIFY_PANIC
t1-0,proof_byte,734144,xor01_from106,VERIFY_PANIC
t1-0,proof_byte,734208,xor01_from26,VERIFY_PANIC
t1-0,proof_byte,734272,xor01_from222,VERIFY_PANIC
t1-0,proof_byte,734336,xor01_from163,VERIFY_PANIC
t1-0,proof_byte,734400,xor01_from41,VERIFY_PANIC
t1-0,proof_byte,734464,xor01_from239,VERIFY_PANIC
t1-0,proof_byte,734528,xor01_from92,VERIFY_PANIC
t1-0,proof_byte,734592,xor01_from176,VERIFY_PANIC
t1-0,proof_byte,734656,xor01_from8,VERIFY_PANIC
t1-0,proof_byte,734720,xor01_from156,VERIFY_PANIC
t1-0,proof_byte,734784,xor01_from183,VERIFY_PANIC
t1-0,proof_byte,734848,xor01_from63,VERIFY_PANIC
t1-0,proof_byte,734912,xor01_from255,VERIFY_PANIC
t1-0,proof_byte,734976,xor01_from60,VERIFY_PANIC
t1-0,proof_byte,735040,xor01_from92,VERIFY_PANIC
t1-0,proof_byte,735104,xor01_from160,VERIFY_PANIC
t1-0,proof_byte,735168,xor01_from26,VERIFY_PANIC
t1-0,proof_byte,735232,xor01_from0,DESERIALIZE_REJECTED
t1-0,proof_byte,735296,xor01_from196,VERIFY_PANIC
t1-0,proof_byte,735360,xor01_from132,VERIFY_PANIC
t1-0,proof_byte,735424,xor01_from168,VERIFY_PANIC
t1-0,proof_byte,735488,xor01_from132,VERIFY_PANIC
t1-0,proof_byte,735552,xor01_from149,VERIFY_PANIC
t1-0,proof_byte,735616,xor01_from186,VERIFY_PANIC
t1-0,proof_byte,735680,xor01_from11,VERIFY_PANIC
t1-0,proof_byte,735744,xor01_from141,VERIFY_PANIC
t1-0,proof_byte,735808,xor01_from4,VERIFY_PANIC
t1-0,proof_byte,735872,xor01_from202,VERIFY_PANIC
t1-0,proof_byte,735936,xor01_from189,VERIFY_PANIC
t1-0,proof_byte,736000,xor01_from224,VERIFY_PANIC
t1-0,proof_byte,736064,xor01_from6,VERIFY_PANIC
t1-0,proof_byte,736128,xor01_from0,DESERIALIZE_REJECTED
t1-0,proof_byte,736192,xor01_from244,VERIFY_PANIC
t1-0,proof_byte,736256,xor01_from58,VERIFY_PANIC
t1-0,proof_byte,736320,xor01_from67,VERIFY_PANIC
t1-0,proof_byte,736384,xor01_from246,VERIFY_PANIC
t1-0,proof_byte,736448,xor01_from129,VERIFY_PANIC
t1-0,proof_byte,736512,xor01_from101,VERIFY_PANIC
t1-0,proof_byte,736576,xor01_from179,VERIFY_PANIC
t1-0,proof_byte,736640,xor01_from1,VERIFY_PANIC
t1-0,proof_byte,736704,xor01_from249,VERIFY_PANIC
t1-0,proof_byte,736768,xor01_from55,VERIFY_PANIC
t1-0,proof_byte,736832,xor01_from25,VERIFY_PANIC
t1-0,proof_byte,736896,xor01_from0,DESERIALIZE_REJECTED
t1-0,proof_byte,736960,xor01_from17,DESERIALIZE_REJECTED
t1-0,proof_byte,737024,xor01_from84,VERIFY_PANIC
t1-0,proof_byte,737088,xor01_from164,VERIFY_PANIC
t1-0,proof_byte,737152,xor01_from81,VERIFY_PANIC
t1-0,proof_byte,737216,xor01_from84,VERIFY_PANIC
t1-0,proof_byte,737280,xor01_from212,VERIFY_PANIC
t1-0,proof_byte,737344,xor01_from217,VERIFY_PANIC
t1-0,proof_byte,737408,xor01_from224,VERIFY_PANIC
t1-0,proof_byte,737472,xor01_from222,VERIFY_PANIC
t1-0,proof_byte,737536,xor01_from19,DESERIALIZE_REJECTED
t1-0,proof_byte,737600,xor01_from247,VERIFY_PANIC
t1-0,proof_byte,737664,xor01_from63,VERIFY_PANIC
t1-0,proof_byte,737728,xor01_from147,VERIFY_PANIC
t1-0,proof_byte,737792,xor01_from105,VERIFY_PANIC
t1-0,proof_byte,737856,xor01_from143,VERIFY_PANIC
t1-0,proof_byte,737920,xor01_from118,VERIFY_PANIC
t1-0,proof_byte,737984,xor01_from74,VERIFY_PANIC
t1-0,proof_byte,738048,xor01_from65,VERIFY_PANIC
t1-0,proof_byte,738112,xor01_from11,VERIFY_PANIC
t1-0,proof_byte,738176,xor01_from211,VERIFY_PANIC
t1-0,proof_byte,738240,xor01_from224,VERIFY_PANIC
t1-0,proof_byte,738304,xor01_from145,VERIFY_PANIC
t1-0,proof_byte,738368,xor01_from255,VERIFY_PANIC
t1-0,proof_byte,738432,xor01_from200,VERIFY_PANIC
t1-0,proof_byte,738496,xor01_from106,VERIFY_PANIC
t1-0,proof_byte,738560,xor01_from163,VERIFY_PANIC
t1-0,proof_byte,738624,xor01_from88,VERIFY_PANIC
t1-0,proof_byte,738688,xor01_from74,VERIFY_PANIC
t1-0,proof_byte,738752,xor01_from254,VERIFY_PANIC
t1-0,proof_byte,738816,xor01_from17,VERIFY_PANIC
t1-0,proof_byte,738880,xor01_from76,VERIFY_PANIC
t1-0,proof_byte,738944,xor01_from106,VERIFY_PANIC
t1-0,proof_byte,739008,xor01_from227,VERIFY_PANIC
t1-0,proof_byte,739072,xor01_from167,VERIFY_PANIC
t1-0,proof_byte,739136,xor01_from127,VERIFY_PANIC
t1-0,proof_byte,739200,xor01_from111,VERIFY_PANIC
t1-0,proof_byte,739264,xor01_from250,VERIFY_PANIC
t1-0,proof_byte,739328,xor01_from110,VERIFY_PANIC
t1-0,proof_byte,739392,xor01_from170,VERIFY_PANIC
t1-0,proof_byte,739456,xor01_from185,VERIFY_PANIC
t1-0,proof_byte,739520,xor01_from5,VERIFY_PANIC
t1-0,proof_byte,739584,xor01_from71,VERIFY_PANIC
t1-0,proof_byte,739648,xor01_from249,VERIFY_PANIC
t1-0,proof_byte,739712,xor01_from208,VERIFY_PANIC
t1-0,proof_byte,739776,xor01_from126,VERIFY_PANIC
t1-0,proof_byte,739840,xor01_from146,VERIFY_PANIC
t1-0,proof_byte,739904,xor01_from80,VERIFY_PANIC
t1-0,proof_byte,739968,xor01_from64,VERIFY_PANIC
t1-0,proof_byte,740032,xor01_from115,VERIFY_PANIC
t1-0,proof_byte,740096,xor01_from131,VERIFY_PANIC
t1-0,proof_byte,740160,xor01_from144,VERIFY_PANIC
t1-0,proof_byte,740224,xor01_from89,VERIFY_PANIC
t1-0,proof_byte,740288,xor01_from5,VERIFY_PANIC
t1-0,proof_byte,740352,xor01_from173,VERIFY_PANIC
t1-0,proof_byte,740416,xor01_from219,VERIFY_PANIC
t1-0,proof_byte,740480,xor01_from123,VERIFY_PANIC
t1-0,proof_byte,740544,xor01_from71,VERIFY_PANIC
t1-0,proof_byte,740608,xor01_from79,VERIFY_PANIC
t1-0,proof_byte,740672,xor01_from80,VERIFY_PANIC
t1-0,proof_byte,740736,xor01_from76,VERIFY_PANIC
t1-0,proof_byte,740800,xor01_from170,VERIFY_PANIC
t1-0,proof_byte,740864,xor01_from6,VERIFY_PANIC
t1-0,proof_byte,740928,xor01_from200,VERIFY_PANIC
t1-0,proof_byte,740992,xor01_from193,VERIFY_PANIC
t1-0,proof_byte,741056,xor01_from68,VERIFY_PANIC
t1-0,proof_byte,741120,xor01_from45,VERIFY_PANIC
t1-0,proof_byte,741184,xor01_from7,VERIFY_PANIC
t1-0,proof_byte,741248,xor01_from131,VERIFY_PANIC
t1-0,proof_byte,741312,xor01_from86,VERIFY_PANIC
t1-0,proof_byte,741376,xor01_from166,VERIFY_PANIC
t1-0,proof_byte,741440,xor01_from50,VERIFY_PANIC
t1-0,proof_byte,741504,xor01_from217,VERIFY_PANIC
t1-0,proof_byte,741568,xor01_from68,VERIFY_PANIC
t1-0,proof_byte,741632,xor01_from145,VERIFY_PANIC
t1-0,proof_byte,741696,xor01_from11,DESERIALIZE_REJECTED
t1-0,proof_byte,741760,xor01_from22,VERIFY_PANIC
t1-0,proof_byte,741824,xor01_from37,VERIFY_PANIC
t1-0,proof_byte,741888,xor01_from233,VERIFY_PANIC
t1-0,proof_byte,741952,xor01_from53,VERIFY_PANIC
t1-0,proof_byte,742016,xor01_from252,VERIFY_PANIC
t1-0,proof_byte,742080,xor01_from111,VERIFY_PANIC
t1-0,proof_byte,742144,xor01_from216,VERIFY_PANIC
t1-0,proof_byte,742208,xor01_from9,VERIFY_PANIC
t1-0,proof_byte,742272,xor01_from70,VERIFY_PANIC
t1-0,proof_byte,742336,xor01_from24,VERIFY_PANIC
t1-0,proof_byte,742400,xor01_from108,VERIFY_PANIC
t1-0,proof_byte,742464,xor01_from34,VERIFY_PANIC
t1-0,proof_byte,742528,xor01_from87,VERIFY_PANIC
t1-0,proof_byte,742592,xor01_from109,VERIFY_PANIC
t1-0,proof_byte,742656,xor01_from174,VERIFY_PANIC
t1-0,proof_byte,742720,xor01_from161,VERIFY_PANIC
t1-0,proof_byte,742784,xor01_from74,VERIFY_PANIC
t1-0,proof_byte,742848,xor01_from250,VERIFY_PANIC
t1-0,proof_byte,742912,xor01_from9,VERIFY_PANIC
t1-0,proof_byte,742976,xor01_from38,VERIFY_PANIC
t1-0,proof_byte,743040,xor01_from13,VERIFY_PANIC
t1-0,proof_byte,743104,xor01_from219,VERIFY_PANIC
t1-0,proof_byte,743168,xor01_from183,VERIFY_PANIC
t1-0,proof_byte,743232,xor01_from171,VERIFY_PANIC
t1-0,proof_byte,743296,xor01_from250,VERIFY_PANIC
t1-0,proof_byte,743360,xor01_from127,VERIFY_PANIC
t1-0,proof_byte,743424,xor01_from111,VERIFY_PANIC
t1-0,proof_byte,743488,xor01_from149,VERIFY_PANIC
t1-0,proof_byte,743552,xor01_from176,VERIFY_PANIC
t1-0,proof_byte,743616,xor01_from159,VERIFY_PANIC
t1-0,proof_byte,743680,xor01_from202,VERIFY_PANIC
t1-0,proof_byte,743744,xor01_from29,VERIFY_PANIC
t1-0,proof_byte,743808,xor01_from3,DESERIALIZE_REJECTED
t1-0,proof_byte,743872,xor01_from248,VERIFY_PANIC
t1-0,proof_byte,743936,xor01_from220,VERIFY_PANIC
t1-0,proof_byte,744000,xor01_from58,VERIFY_PANIC
t1-0,proof_byte,744064,xor01_from5,DESERIALIZE_REJECTED
t1-0,proof_byte,744128,xor01_from32,VERIFY_PANIC
t1-0,proof_byte,744192,xor01_from8,DESERIALIZE_REJECTED
t1-0,proof_byte,744256,xor01_from249,VERIFY_PANIC
t1-0,proof_byte,744320,xor01_from125,VERIFY_PANIC
t1-0,proof_byte,744384,xor01_from227,VERIFY_PANIC
t1-0,proof_byte,744448,xor01_from74,VERIFY_PANIC
t1-0,proof_byte,744512,xor01_from89,VERIFY_PANIC
t1-0,proof_byte,744576,xor01_from202,VERIFY_PANIC
t1-0,proof_byte,744640,xor01_from59,VERIFY_PANIC
t1-0,proof_byte,744704,xor01_from223,VERIFY_PANIC
t1-0,proof_byte,744768,xor01_from100,VERIFY_PANIC
t1-0,proof_byte,744832,xor01_from62,VERIFY_PANIC
t1-0,proof_byte,744896,xor01_from131,VERIFY_PANIC
t1-0,proof_byte,744960,xor01_from5,DESERIALIZE_REJECTED
t1-0,proof_byte,745024,xor01_from249,VERIFY_PANIC
t1-0,proof_byte,745088,xor01_from101,VERIFY_PANIC
t1-0,proof_byte,745152,xor01_from103,VERIFY_PANIC
t1-0,proof_byte,745216,xor01_from28,VERIFY_PANIC
t1-0,proof_byte,745280,xor01_from222,VERIFY_PANIC
t1-0,proof_byte,745344,xor01_from0,VERIFY_PANIC
t1-0,proof_byte,745408,xor01_from177,VERIFY_PANIC
t1-0,proof_byte,745472,xor01_from137,VERIFY_PANIC
t1-0,proof_byte,745536,xor01_from146,VERIFY_PANIC
t1-0,proof_byte,745600,xor01_from33,VERIFY_PANIC
t1-0,proof_byte,745664,xor01_from126,VERIFY_PANIC
t1-0,proof_byte,745728,xor01_from136,VERIFY_PANIC
t1-0,proof_byte,745792,xor01_from142,VERIFY_PANIC
t1-0,proof_byte,745856,xor01_from150,VERIFY_PANIC
t1-0,proof_byte,745920,xor01_from8,VERIFY_PANIC
t1-0,proof_byte,745984,xor01_from97,VERIFY_PANIC
t1-0,proof_byte,746048,xor01_from128,VERIFY_PANIC
t1-0,proof_byte,746112,xor01_from46,VERIFY_PANIC
t1-0,proof_byte,746176,xor01_from98,VERIFY_PANIC
t1-0,proof_byte,746240,xor01_from91,VERIFY_PANIC
t1-0,proof_byte,746304,xor01_from233,VERIFY_PANIC
t1-0,proof_byte,746368,xor01_from56,VERIFY_PANIC
t1-0,proof_byte,746432,xor01_from189,VERIFY_PANIC
t1-0,proof_byte,746496,xor01_from239,VERIFY_PANIC
t1-0,proof_byte,746560,xor01_from19,VERIFY_PANIC
t1-0,proof_byte,746624,xor01_from94,VERIFY_PANIC
t1-0,proof_byte,746688,xor01_from230,VERIFY_PANIC
t1-0,proof_byte,746752,xor01_from173,VERIFY_PANIC
t1-0,proof_byte,746816,xor01_from114,VERIFY_PANIC
t1-0,proof_byte,746880,xor01_from170,VERIFY_PANIC
t1-0,proof_byte,746944,xor01_from74,VERIFY_PANIC
t1-0,proof_byte,747008,xor01_from33,VERIFY_PANIC
t1-0,proof_byte,747072,xor01_from160,VERIFY_PANIC
t1-0,proof_byte,747136,xor01_from176,VERIFY_PANIC
t1-0,proof_byte,747200,xor01_from80,VERIFY_PANIC
t1-0,proof_byte,747264,xor01_from64,VERIFY_PANIC
t1-0,proof_byte,747328,xor01_from179,VERIFY_PANIC
t1-0,proof_byte,747392,xor01_from39,VERIFY_PANIC
t1-0,proof_byte,747456,xor01_from36,VERIFY_PANIC
t1-0,proof_byte,747520,xor01_from13,VERIFY_PANIC
t1-0,proof_byte,747584,xor01_from234,VERIFY_PANIC
t1-0,proof_byte,747648,xor01_from43,VERIFY_PANIC
t1-0,proof_byte,747712,xor01_from121,VERIFY_PANIC
t1-0,proof_byte,747776,xor01_from185,VERIFY_PANIC
t1-0,proof_byte,747840,xor01_from103,VERIFY_PANIC
t1-0,proof_byte,747904,xor01_from0,DESERIALIZE_REJECTED
t1-0,proof_byte,747968,xor01_from214,VERIFY_PANIC
t1-0,proof_byte,748032,xor01_from22,VERIFY_PANIC
t1-0,proof_byte,748096,xor01_from70,VERIFY_PANIC
t1-0,proof_byte,748160,xor01_from192,VERIFY_PANIC
t1-0,proof_byte,748224,xor01_from151,VERIFY_PANIC
t1-0,proof_byte,748288,xor01_from82,VERIFY_PANIC
t1-0,proof_byte,748352,xor01_from218,VERIFY_PANIC
t1-0,proof_byte,748416,xor01_from223,VERIFY_PANIC
t1-0,proof_byte,748480,xor01_from223,VERIFY_PANIC
t1-0,proof_byte,748544,xor01_from57,VERIFY_PANIC
t1-0,proof_byte,748608,xor01_from85,VERIFY_PANIC
t1-0,proof_byte,748672,xor01_from152,VERIFY_PANIC
t1-0,proof_byte,748736,xor01_from173,VERIFY_PANIC
t1-0,proof_byte,748800,xor01_from18,VERIFY_PANIC
t1-0,proof_byte,748864,xor01_from54,VERIFY_PANIC
t1-0,proof_byte,748928,xor01_from100,VERIFY_PANIC
t1-0,proof_byte,748992,xor01_from144,VERIFY_PANIC
t1-0,proof_byte,749056,xor01_from63,VERIFY_PANIC
t1-0,proof_byte,749120,xor01_from160,VERIFY_PANIC
t1-0,proof_byte,749184,xor01_from90,VERIFY_PANIC
t1-0,proof_byte,749248,xor01_from196,VERIFY_PANIC
t1-0,proof_byte,749312,xor01_from197,VERIFY_PANIC
t1-0,proof_byte,749376,xor01_from173,VERIFY_PANIC
t1-0,proof_byte,749440,xor01_from241,VERIFY_PANIC
t1-0,proof_byte,749504,xor01_from23,VERIFY_PANIC
t1-0,proof_byte,749568,xor01_from21,VERIFY_PANIC
t1-0,proof_byte,749632,xor01_from103,VERIFY_PANIC
t1-0,proof_byte,749696,xor01_from1,VERIFY_PANIC
t1-0,proof_byte,749760,xor01_from41,VERIFY_PANIC
t1-0,proof_byte,749824,xor01_from225,VERIFY_PANIC
t1-0,proof_byte,749888,xor01_from95,VERIFY_PANIC
t1-0,proof_byte,749952,xor01_from185,VERIFY_PANIC
t1-0,proof_byte,750016,xor01_from140,VERIFY_PANIC
t1-0,proof_byte,750080,xor01_from65,VERIFY_PANIC
t1-0,proof_byte,750144,xor01_from97,VERIFY_PANIC
t1-0,proof_byte,750208,xor01_from192,VERIFY_PANIC
t1-0,proof_byte,750272,xor01_from22,VERIFY_PANIC
t1-0,proof_byte,750336,xor01_from114,VERIFY_PANIC
t1-0,proof_byte,750400,xor01_from165,VERIFY_PANIC
t1-0,proof_byte,750464,xor01_from146,VERIFY_PANIC
t1-0,proof_byte,750528,xor01_from137,VERIFY_PANIC
t1-0,proof_byte,750592,xor01_from187,VERIFY_PANIC
t1-0,proof_byte,750656,xor01_from109,VERIFY_PANIC
t1-0,proof_byte,750720,xor01_from66,VERIFY_PANIC
t1-0,proof_byte,750784,xor01_from202,VERIFY_PANIC
t1-0,proof_byte,750848,xor01_from142,VERIFY_PANIC
t1-0,proof_byte,750912,xor01_from121,VERIFY_PANIC
t1-0,proof_byte,750976,xor01_from91,VERIFY_PANIC
t1-0,proof_byte,751040,xor01_from0,DESERIALIZE_REJECTED
t1-0,proof_byte,751104,xor01_from53,VERIFY_PANIC
t1-0,proof_byte,751168,xor01_from134,VERIFY_PANIC
t1-0,proof_byte,751232,xor01_from72,VERIFY_PANIC
t1-0,proof_byte,751296,xor01_from64,VERIFY_PANIC
t1-0,proof_byte,751360,xor01_from197,VERIFY_PANIC
t1-0,proof_byte,751424,xor01_from235,VERIFY_PANIC
t1-0,proof_byte,751488,xor01_from96,VERIFY_PANIC
t1-0,proof_byte,751552,xor01_from198,VERIFY_PANIC
t1-0,proof_byte,751616,xor01_from142,VERIFY_PANIC
t1-0,proof_byte,751680,xor01_from162,VERIFY_PANIC
t1-0,proof_byte,751744,xor01_from184,VERIFY_PANIC
t1-0,proof_byte,751808,xor01_from58,VERIFY_PANIC
t1-0,proof_byte,751872,xor01_from135,VERIFY_PANIC
t1-0,proof_byte,751936,xor01_from98,VERIFY_PANIC
t1-0,proof_byte,752000,xor01_from164,VERIFY_PANIC
t1-0,proof_byte,752064,xor01_from111,VERIFY_PANIC
t1-0,proof_byte,752128,xor01_from50,VERIFY_PANIC
t1-0,proof_byte,752192,xor01_from165,VERIFY_PANIC
t1-0,proof_byte,752256,xor01_from178,VERIFY_PANIC
t1-0,proof_byte,752320,xor01_from7,VERIFY_PANIC
t1-0,proof_byte,752384,xor01_from91,VERIFY_PANIC
t1-0,proof_byte,752448,xor01_from12,VERIFY_PANIC
t1-0,proof_byte,752512,xor01_from223,VERIFY_PANIC
t1-0,proof_byte,752576,xor01_from41,VERIFY_PANIC
t1-0,proof_byte,752640,xor01_from189,VERIFY_PANIC
t1-0,proof_byte,752704,xor01_from188,VERIFY_PANIC
t1-0,proof_byte,752768,xor01_from148,VERIFY_PANIC
t1-0,proof_byte,752832,xor01_from119,VERIFY_PANIC
t1-0,proof_byte,752896,xor01_from189,VERIFY_PANIC
t1-0,proof_byte,752960,xor01_from68,VERIFY_PANIC
t1-0,proof_byte,753024,xor01_from138,VERIFY_PANIC
t1-0,proof_byte,753088,xor01_from190,VERIFY_PANIC
t1-0,proof_byte,753152,xor01_from31,VERIFY_PANIC
t1-0,proof_byte,753216,xor01_from17,VERIFY_PANIC
t1-0,proof_byte,753280,xor01_from220,VERIFY_PANIC
t1-0,proof_byte,753344,xor01_from77,VERIFY_PANIC
t1-0,proof_byte,753408,xor01_from220,VERIFY_PANIC
t1-0,proof_byte,753472,xor01_from149,VERIFY_PANIC
t1-0,proof_byte,753536,xor01_from130,VERIFY_PANIC
t1-0,proof_byte,753600,xor01_from133,VERIFY_PANIC
t1-0,proof_byte,753664,xor01_from199,VERIFY_PANIC
t1-0,proof_byte,753728,xor01_from112,VERIFY_PANIC
t1-0,proof_byte,753792,xor01_from120,VERIFY_PANIC
t1-0,proof_byte,753856,xor01_from13,VERIFY_PANIC
t1-0,proof_byte,753920,xor01_from121,VERIFY_PANIC
t1-0,proof_byte,753984,xor01_from193,VERIFY_PANIC
t1-0,proof_byte,754048,xor01_from64,VERIFY_PANIC
t1-0,proof_byte,754112,xor01_from43,VERIFY_PANIC
t1-0,proof_byte,754176,xor01_from80,VERIFY_PANIC
t1-0,proof_byte,754240,xor01_from28,VERIFY_PANIC
t1-0,proof_byte,754304,xor01_from122,VERIFY_PANIC
t1-0,proof_byte,754368,xor01_from126,VERIFY_PANIC
t1-0,proof_byte,754432,xor01_from224,VERIFY_PANIC
t1-0,proof_byte,754496,xor01_from59,VERIFY_PANIC
t1-0,proof_byte,754560,xor01_from31,VERIFY_PANIC
t1-0,proof_byte,754624,xor01_from123,VERIFY_PANIC
t1-0,proof_byte,754688,xor01_from94,VERIFY_PANIC
t1-0,proof_byte,754752,xor01_from173,VERIFY_PANIC
t1-0,proof_byte,754816,xor01_from124,VERIFY_PANIC
t1-0,proof_byte,754880,xor01_from120,VERIFY_PANIC
t1-0,proof_byte,754944,xor01_from100,VERIFY_PANIC
t1-0,proof_byte,755008,xor01_from160,VERIFY_PANIC
t1-0,proof_byte,755072,xor01_from170,VERIFY_PANIC
t1-0,proof_byte,755136,xor01_from232,VERIFY_PANIC
t1-0,proof_byte,755200,xor01_from215,VERIFY_PANIC
t1-0,proof_byte,755264,xor01_from71,VERIFY_PANIC
t1-0,proof_byte,755328,xor01_from171,VERIFY_PANIC
t1-0,proof_byte,755392,xor01_from16,DESERIALIZE_REJECTED
t1-0,proof_byte,755456,xor01_from186,VERIFY_PANIC
t1-0,proof_byte,755520,xor01_from231,VERIFY_PANIC
t1-0,proof_byte,755584,xor01_from122,VERIFY_PANIC
t1-0,proof_byte,755648,xor01_from47,VERIFY_PANIC
t1-0,proof_byte,755712,xor01_from209,VERIFY_PANIC
t1-0,proof_byte,755776,xor01_from26,VERIFY_PANIC
t1-0,proof_byte,755840,xor01_from97,VERIFY_PANIC
t1-0,proof_byte,755904,xor01_from97,VERIFY_PANIC
t1-0,proof_byte,755968,xor01_from198,VERIFY_PANIC
t1-0,proof_byte,756032,xor01_from93,VERIFY_PANIC
t1-0,proof_byte,756096,xor01_from192,VERIFY_PANIC
t1-0,proof_byte,756160,xor01_from129,VERIFY_PANIC
t1-0,proof_byte,756224,xor01_from185,VERIFY_PANIC
t1-0,proof_byte,756288,xor01_from106,VERIFY_PANIC
t1-0,proof_byte,756352,xor01_from238,VERIFY_PANIC
t1-0,proof_byte,756416,xor01_from128,VERIFY_PANIC
t1-0,proof_byte,756480,xor01_from133,VERIFY_PANIC
t1-0,proof_byte,756544,xor01_from54,VERIFY_PANIC
t1-0,proof_byte,756608,xor01_from19,VERIFY_PANIC
t1-0,proof_byte,756672,xor01_from119,VERIFY_PANIC
t1-0,proof_byte,756736,xor01_from112,VERIFY_PANIC
t1-0,proof_byte,756800,xor01_from74,VERIFY_PANIC
t1-0,proof_byte,756864,xor01_from70,VERIFY_PANIC
t1-0,proof_byte,756928,xor01_from124,VERIFY_PANIC
t1-0,proof_byte,756992,xor01_from2,VERIFY_PANIC
t1-0,proof_byte,757056,xor01_from228,VERIFY_PANIC
t1-0,proof_byte,757120,xor01_from80,VERIFY_PANIC
t1-0,proof_byte,757184,xor01_from254,VERIFY_PANIC
t1-0,proof_byte,757248,xor01_from241,VERIFY_PANIC
t1-0,proof_byte,757312,xor01_from122,VERIFY_PANIC
t1-0,proof_byte,757376,xor01_from193,VERIFY_PANIC
t1-0,proof_byte,757440,xor01_from248,VERIFY_PANIC
t1-0,proof_byte,757504,xor01_from48,VERIFY_PANIC
t1-0,proof_byte,757568,xor01_from198,VERIFY_PANIC
t1-0,proof_byte,757632,xor01_from122,VERIFY_PANIC
t1-0,proof_byte,757696,xor01_from23,VERIFY_PANIC
t1-0,proof_byte,757760,xor01_from189,VERIFY_PANIC
t1-0,proof_byte,757824,xor01_from65,VERIFY_PANIC
t1-0,proof_byte,757888,xor01_from78,VERIFY_PANIC
t1-0,proof_byte,757952,xor01_from106,VERIFY_PANIC
t1-0,proof_byte,758016,xor01_from185,VERIFY_PANIC
t1-0,proof_byte,758080,xor01_from148,VERIFY_PANIC
t1-0,proof_byte,758144,xor01_from80,VERIFY_PANIC
t1-0,proof_byte,758208,xor01_from58,VERIFY_PANIC
t1-0,proof_byte,758272,xor01_from214,VERIFY_PANIC
t1-0,proof_byte,758336,xor01_from235,VERIFY_PANIC
t1-0,proof_byte,758400,xor01_from235,VERIFY_PANIC
t1-0,proof_byte,758464,xor01_from134,VERIFY_PANIC
t1-0,proof_byte,758528,xor01_from42,VERIFY_PANIC
t1-0,proof_byte,758592,xor01_from137,VERIFY_PANIC
t1-0,proof_byte,758656,xor01_from221,VERIFY_PANIC
t1-0,proof_byte,758720,xor01_from104,VERIFY_PANIC
t1-0,proof_byte,758784,xor01_from8,DESERIALIZE_REJECTED
t1-0,proof_byte,758848,xor01_from34,VERIFY_PANIC
t1-0,proof_byte,758912,xor01_from203,VERIFY_PANIC
t1-0,proof_byte,758976,xor01_from112,VERIFY_PANIC
t1-0,proof_byte,759040,xor01_from105,VERIFY_PANIC
t1-0,proof_byte,759104,xor01_from204,VERIFY_PANIC
t1-0,proof_byte,759168,xor01_from194,VERIFY_PANIC
t1-0,proof_byte,759232,xor01_from15,VERIFY_PANIC
t1-0,proof_byte,759296,xor01_from68,VERIFY_PANIC
t1-0,proof_byte,759360,xor01_from169,VERIFY_PANIC
t1-0,proof_byte,759424,xor01_from206,VERIFY_PANIC
t1-0,proof_byte,759488,xor01_from179,VERIFY_PANIC
t1-0,proof_byte,759552,xor01_from107,VERIFY_PANIC
t1-0,proof_byte,759616,xor01_from128,VERIFY_PANIC
t1-0,proof_byte,759680,xor01_from231,VERIFY_PANIC
t1-0,proof_byte,759744,xor01_from193,VERIFY_PANIC
t1-0,proof_byte,759808,xor01_from162,VERIFY_PANIC
t1-0,proof_byte,759872,xor01_from185,VERIFY_PANIC
t1-0,proof_byte,759936,xor01_from229,VERIFY_PANIC
t1-0,proof_byte,760000,xor01_from28,VERIFY_PANIC
t1-0,proof_byte,760064,xor01_from53,VERIFY_PANIC
t1-0,proof_byte,760128,xor01_from8,DESERIALIZE_REJECTED
t1-0,proof_byte,760192,xor01_from126,VERIFY_PANIC
t1-0,proof_byte,760256,xor01_from119,VERIFY_PANIC
t1-0,proof_byte,760320,xor01_from20,DESERIALIZE_REJECTED
t1-0,proof_byte,760384,xor01_from169,VERIFY_PANIC
t1-0,proof_byte,760448,xor01_from157,VERIFY_PANIC
t1-0,proof_byte,760512,xor01_from210,VERIFY_PANIC
t1-0,proof_byte,760576,xor01_from66,VERIFY_PANIC
t1-0,proof_byte,760640,xor01_from78,VERIFY_PANIC
t1-0,proof_byte,760704,xor01_from12,VERIFY_PANIC
t1-0,proof_byte,760768,xor01_from232,VERIFY_PANIC
t1-0,proof_byte,760832,xor01_from214,VERIFY_PANIC
t1-0,proof_byte,760896,xor01_from189,VERIFY_PANIC
t1-0,proof_byte,760960,xor01_from76,VERIFY_PANIC
t1-0,proof_byte,761024,xor01_from41,VERIFY_PANIC
t1-0,proof_byte,761088,xor01_from95,VERIFY_PANIC
t1-0,proof_byte,761152,xor01_from185,VERIFY_PANIC
t1-0,proof_byte,761216,xor01_from54,VERIFY_PANIC
t1-0,proof_byte,761280,xor01_from137,VERIFY_PANIC
t1-0,proof_byte,761344,xor01_from193,VERIFY_PANIC
t1-0,proof_byte,761408,xor01_from39,VERIFY_PANIC
t1-0,proof_byte,761472,xor01_from41,VERIFY_PANIC
t1-0,proof_byte,761536,xor01_from9,VERIFY_PANIC
t1-0,proof_byte,761600,xor01_from0,DESERIALIZE_REJECTED
t1-0,proof_byte,761664,xor01_from206,VERIFY_PANIC
t1-0,proof_byte,761728,xor01_from249,VERIFY_PANIC
t1-0,proof_byte,761792,xor01_from192,VERIFY_PANIC
t1-0,proof_byte,761856,xor01_from14,VERIFY_PANIC
t1-0,proof_byte,761920,xor01_from113,VERIFY_PANIC
t1-0,proof_byte,761984,xor01_from76,VERIFY_PANIC
t1-0,proof_byte,762048,xor01_from29,VERIFY_PANIC
t1-0,proof_byte,762112,xor01_from14,VERIFY_PANIC
t1-0,proof_byte,762176,xor01_from106,VERIFY_PANIC
t1-0,proof_byte,762240,xor01_from196,VERIFY_PANIC
t1-0,proof_byte,762304,xor01_from122,VERIFY_PANIC
t1-0,proof_byte,762368,xor01_from239,VERIFY_PANIC
t1-0,proof_byte,762432,xor01_from148,VERIFY_PANIC
t1-0,proof_byte,762496,xor01_from95,VERIFY_PANIC
t1-0,proof_byte,762560,xor01_from45,VERIFY_PANIC
t1-0,proof_byte,762624,xor01_from100,VERIFY_PANIC
t1-0,proof_byte,762688,xor01_from150,VERIFY_PANIC
t1-0,proof_byte,762752,xor01_from12,VERIFY_PANIC
t1-0,proof_byte,762816,xor01_from151,VERIFY_PANIC
t1-0,proof_byte,762880,xor01_from122,VERIFY_PANIC
t1-0,proof_byte,762944,xor01_from189,VERIFY_PANIC
t1-0,proof_byte,763008,xor01_from249,VERIFY_PANIC
t1-0,proof_byte,763072,xor01_from115,VERIFY_PANIC
t1-0,proof_byte,763136,xor01_from98,VERIFY_PANIC
t1-0,proof_byte,763200,xor01_from169,VERIFY_PANIC
t1-0,proof_byte,763264,xor01_from134,VERIFY_PANIC
t1-0,proof_byte,763328,xor01_from40,VERIFY_PANIC
t1-0,proof_byte,763392,xor01_from11,VERIFY_PANIC
t1-0,proof_byte,763456,xor01_from87,VERIFY_PANIC
t1-0,proof_byte,763520,xor01_from33,VERIFY_PANIC
t1-0,proof_byte,763584,xor01_from134,VERIFY_PANIC
t1-0,proof_byte,763648,xor01_from124,VERIFY_PANIC
t1-0,proof_byte,763712,xor01_from245,VERIFY_PANIC
t1-0,proof_byte,763776,xor01_from112,VERIFY_PANIC
t1-0,proof_byte,763840,xor01_from129,VERIFY_PANIC
t1-0,proof_byte,763904,xor01_from242,VERIFY_PANIC
t1-0,proof_byte,763968,xor01_from239,VERIFY_PANIC
t1-0,proof_byte,764032,xor01_from125,VERIFY_PANIC
t1-0,proof_byte,764096,xor01_from220,VERIFY_PANIC
t1-0,proof_byte,764160,xor01_from236,VERIFY_PANIC
t1-0,proof_byte,764224,xor01_from23,VERIFY_PANIC
t1-0,proof_byte,764288,xor01_from50,VERIFY_PANIC
t1-0,proof_byte,764352,xor01_from75,VERIFY_PANIC
t1-0,proof_byte,764416,xor01_from76,VERIFY_PANIC
t1-0,proof_byte,764480,xor01_from2,VERIFY_PANIC
t1-0,proof_byte,764544,xor01_from171,VERIFY_PANIC
t1-0,proof_byte,764608,xor01_from175,VERIFY_PANIC
t1-0,proof_byte,764672,xor01_from238,VERIFY_PANIC
t1-0,proof_byte,764736,xor01_from149,VERIFY_PANIC
t1-0,proof_byte,764800,xor01_from225,VERIFY_PANIC
t1-0,proof_byte,764864,xor01_from175,VERIFY_PANIC
t1-0,proof_byte,764928,xor01_from201,VERIFY_PANIC
t1-0,proof_byte,764992,xor01_from134,VERIFY_PANIC
t1-0,proof_byte,765056,xor01_from61,VERIFY_PANIC
t1-0,proof_byte,765120,xor01_from100,VERIFY_PANIC
t1-0,proof_byte,765184,xor01_from147,VERIFY_PANIC
t1-0,proof_byte,765248,xor01_from91,VERIFY_PANIC
t1-0,proof_byte,765312,xor01_from109,VERIFY_PANIC
t1-0,proof_byte,765376,xor01_from0,DESERIALIZE_REJECTED
t1-0,proof_byte,765440,xor01_from230,VERIFY_PANIC
t1-0,proof_byte,765504,xor01_from211,VERIFY_PANIC
t1-0,proof_byte,765568,xor01_from50,VERIFY_PANIC
t1-0,proof_byte,765632,xor01_from117,VERIFY_PANIC
t1-0,proof_byte,765696,xor01_from143,VERIFY_PANIC
t1-0,proof_byte,765760,xor01_from28,VERIFY_PANIC
t1-0,proof_byte,765824,xor01_from59,VERIFY_PANIC
t1-0,proof_byte,765888,xor01_from84,VERIFY_PANIC
t1-0,proof_byte,765952,xor01_from107,VERIFY_PANIC
t1-0,proof_byte,766016,xor01_from5,VERIFY_PANIC
t1-0,proof_byte,766080,xor01_from64,VERIFY_PANIC
t1-0,proof_byte,766144,xor01_from243,VERIFY_PANIC
t1-0,proof_byte,766208,xor01_from187,VERIFY_PANIC
t1-0,proof_byte,766272,xor01_from25,VERIFY_PANIC
t1-0,proof_byte,766336,xor01_from208,VERIFY_PANIC
t1-0,proof_byte,766400,xor01_from168,VERIFY_PANIC
t1-0,proof_byte,766464,xor01_from246,VERIFY_PANIC
t1-0,proof_byte,766528,xor01_from94,VERIFY_PANIC
t1-0,proof_byte,766592,xor01_from142,VERIFY_PANIC
t1-0,proof_byte,766656,xor01_from46,VERIFY_PANIC
t1-0,proof_byte,766720,xor01_from232,VERIFY_PANIC
t1-0,proof_byte,766784,xor01_from88,VERIFY_PANIC
t1-0,proof_byte,766848,xor01_from32,VERIFY_PANIC
t1-0,proof_byte,766912,xor01_from74,VERIFY_PANIC
t1-0,proof_byte,766976,xor01_from174,VERIFY_PANIC
t1-0,proof_byte,767040,xor01_from5,VERIFY_PANIC
t1-0,proof_byte,767104,xor01_from255,VERIFY_PANIC
t1-0,proof_byte,767168,xor01_from180,VERIFY_PANIC
t1-0,proof_byte,767232,xor01_from37,VERIFY_PANIC
t1-0,proof_byte,767296,xor01_from128,VERIFY_PANIC
t1-0,proof_byte,767360,xor01_from145,VERIFY_PANIC
t1-0,proof_byte,767424,xor01_from5,VERIFY_PANIC
t1-0,proof_byte,767488,xor01_from87,VERIFY_PANIC
t1-0,proof_byte,767552,xor01_from213,VERIFY_PANIC
t1-0,proof_byte,767616,xor01_from2,VERIFY_PANIC
t1-0,proof_byte,767680,xor01_from14,VERIFY_PANIC
t1-0,proof_byte,767744,xor01_from0,DESERIALIZE_REJECTED
t1-0,proof_byte,767808,xor01_from5,VERIFY_PANIC
t1-0,proof_byte,767872,xor01_from99,VERIFY_PANIC
t1-0,proof_byte,767936,xor01_from101,VERIFY_PANIC
t1-0,proof_byte,768000,xor01_from64,VERIFY_PANIC
t1-0,proof_byte,768064,xor01_from251,VERIFY_PANIC
t1-0,proof_byte,768128,xor01_from60,VERIFY_PANIC
t1-0,proof_byte,768192,xor01_from209,VERIFY_PANIC
t1-0,proof_byte,768256,xor01_from174,VERIFY_PANIC
t1-0,proof_byte,768320,xor01_from0,DESERIALIZE_REJECTED
t1-0,proof_byte,768384,xor01_from254,VERIFY_PANIC
t1-0,proof_byte,768448,xor01_from147,VERIFY_PANIC
t1-0,proof_byte,768512,xor01_from32,VERIFY_PANIC
t1-0,proof_byte,768576,xor01_from172,VERIFY_PANIC
t1-0,proof_byte,768640,xor01_from55,VERIFY_PANIC
t1-0,proof_byte,768704,xor01_from24,VERIFY_PANIC
t1-0,proof_byte,768768,xor01_from16,VERIFY_PANIC
t1-0,proof_byte,768832,xor01_from177,VERIFY_PANIC
t1-0,proof_byte,768896,xor01_from221,VERIFY_PANIC
t1-0,proof_byte,768960,xor01_from55,VERIFY_PANIC
t1-0,proof_byte,769024,xor01_from56,VERIFY_PANIC
t1-0,proof_byte,769088,xor01_from85,VERIFY_PANIC
t1-0,proof_byte,769152,xor01_from115,VERIFY_PANIC
t1-0,proof_byte,769216,xor01_from56,VERIFY_PANIC
t1-0,proof_byte,769280,xor01_from231,VERIFY_PANIC
t1-0,proof_byte,769344,xor01_from47,VERIFY_PANIC
t1-0,proof_byte,769408,xor01_from126,VERIFY_PANIC
t1-0,proof_byte,769472,xor01_from21,VERIFY_PANIC
t1-0,proof_byte,769536,xor01_from75,VERIFY_PANIC
t1-0,proof_byte,769600,xor01_from42,VERIFY_PANIC
t1-0,proof_byte,769664,xor01_from133,VERIFY_PANIC
t1-0,proof_byte,769728,xor01_from127,VERIFY_PANIC
t1-0,proof_byte,769792,xor01_from201,VERIFY_PANIC
t1-0,proof_byte,769856,xor01_from223,VERIFY_PANIC
t1-0,proof_byte,769920,xor01_from245,VERIFY_PANIC
t1-0,proof_byte,769984,xor01_from191,VERIFY_PANIC
t1-0,proof_byte,770048,xor01_from100,VERIFY_PANIC
t1-0,proof_byte,770112,xor01_from43,VERIFY_PANIC
t1-0,proof_byte,770176,xor01_from33,VERIFY_PANIC
t1-0,proof_byte,770240,xor01_from227,VERIFY_PANIC
t1-0,proof_byte,770304,xor01_from83,VERIFY_PANIC
t1-0,proof_byte,770368,xor01_from168,VERIFY_PANIC
t1-0,proof_byte,770432,xor01_from219,VERIFY_PANIC
t1-0,proof_byte,770496,xor01_from184,VERIFY_PANIC
t1-0,proof_byte,770560,xor01_from92,VERIFY_PANIC
t1-0,proof_byte,770624,xor01_from207,VERIFY_PANIC
t1-0,proof_byte,770688,xor01_from236,VERIFY_PANIC
t1-0,proof_byte,770752,xor01_from11,VERIFY_PANIC
t1-0,proof_byte,770816,xor01_from139,VERIFY_PANIC
t1-0,proof_byte,770880,xor01_from17,DESERIALIZE_REJECTED
t1-0,proof_byte,770944,xor01_from193,VERIFY_PANIC
t1-0,proof_byte,771008,xor01_from39,VERIFY_PANIC
t1-0,proof_byte,771072,xor01_from246,VERIFY_PANIC
t1-0,proof_byte,771136,xor01_from100,VERIFY_PANIC
t1-0,proof_byte,771200,xor01_from243,VERIFY_PANIC
t1-0,proof_byte,771264,xor01_from91,VERIFY_PANIC
t1-0,proof_byte,771328,xor01_from163,VERIFY_PANIC
t1-0,proof_byte,771392,xor01_from158,VERIFY_PANIC
t1-0,proof_byte,771456,xor01_from133,VERIFY_PANIC
t1-0,proof_byte,771520,xor01_from227,VERIFY_PANIC
t1-0,proof_byte,771584,xor01_from223,VERIFY_PANIC
t1-0,proof_byte,771648,xor01_from133,VERIFY_PANIC
t1-0,proof_byte,771712,xor01_from184,VERIFY_PANIC
t1-0,proof_byte,771776,xor01_from255,VERIFY_PANIC
t1-0,proof_byte,771840,xor01_from139,VERIFY_PANIC
t1-0,proof_byte,771904,xor01_from222,VERIFY_PANIC
t1-0,proof_byte,771968,xor01_from147,VERIFY_PANIC
t1-0,proof_byte,772032,xor01_from157,VERIFY_PANIC
t1-0,proof_byte,772096,xor01_from50,VERIFY_PANIC
t1-0,proof_byte,772160,xor01_from166,VERIFY_PANIC
t1-0,proof_byte,772224,xor01_from36,VERIFY_PANIC
t1-0,proof_byte,772288,xor01_from79,VERIFY_PANIC
t1-0,proof_byte,772352,xor01_from95,VERIFY_PANIC
t1-0,proof_byte,772416,xor01_from123,VERIFY_PANIC
t1-0,proof_byte,772480,xor01_from244,VERIFY_PANIC
t1-0,proof_byte,772544,xor01_from29,VERIFY_PANIC
t1-0,proof_byte,772608,xor01_from48,VERIFY_PANIC
t1-0,proof_byte,772672,xor01_from28,VERIFY_PANIC
t1-0,proof_byte,772736,xor01_from3,VERIFY_PANIC
t1-0,proof_byte,772800,xor01_from71,VERIFY_PANIC
t1-0,proof_byte,772864,xor01_from180,VERIFY_PANIC
t1-0,proof_byte,772928,xor01_from57,VERIFY_PANIC
t1-0,proof_byte,772992,xor01_from119,VERIFY_PANIC
t1-0,proof_byte,773056,xor01_from187,VERIFY_PANIC
t1-0,proof_byte,773120,xor01_from139,VERIFY_PANIC
t1-0,proof_byte,773184,xor01_from216,VERIFY_PANIC
t1-0,proof_byte,773248,xor01_from102,VERIFY_PANIC
t1-0,proof_byte,773312,xor01_from97,VERIFY_PANIC
t1-0,proof_byte,773376,xor01_from180,VERIFY_PANIC
t1-0,proof_byte,773440,xor01_from238,VERIFY_PANIC
t1-0,proof_byte,773504,xor01_from143,VERIFY_PANIC
t1-0,proof_byte,773568,xor01_from105,VERIFY_PANIC
t1-0,proof_byte,773632,xor01_from182,VERIFY_PANIC
t1-0,proof_byte,773696,xor01_from221,VERIFY_PANIC
t1-0,proof_byte,773760,xor01_from117,VERIFY_PANIC
t1-0,proof_byte,773824,xor01_from60,VERIFY_PANIC
t1-0,proof_byte,773888,xor01_from189,VERIFY_PANIC
t1-0,proof_byte,773952,xor01_from100,VERIFY_PANIC
t1-0,proof_byte,774016,xor01_from32,VERIFY_PANIC
t1-0,proof_byte,774080,xor01_from26,VERIFY_PANIC
t1-0,proof_byte,774144,xor01_from184,VERIFY_PANIC
t1-0,proof_byte,774208,xor01_from141,VERIFY_PANIC
t1-0,proof_byte,774272,xor01_from204,VERIFY_PANIC
t1-0,proof_byte,774336,xor01_from223,VERIFY_PANIC
t1-0,proof_byte,774400,xor01_from53,VERIFY_PANIC
t1-0,proof_byte,774464,xor01_from214,VERIFY_PANIC
t1-0,proof_byte,774528,xor01_from9,DESERIALIZE_REJECTED
t1-0,proof_byte,774592,xor01_from4,VERIFY_PANIC
t1-0,proof_byte,774656,xor01_from92,VERIFY_PANIC
t1-0,proof_byte,774720,xor01_from102,VERIFY_PANIC
t1-0,proof_byte,774784,xor01_from183,VERIFY_PANIC
t1-0,proof_byte,774848,xor01_from123,VERIFY_PANIC
t1-0,proof_byte,774912,xor01_from51,VERIFY_PANIC
t1-0,proof_byte,774976,xor01_from166,VERIFY_PANIC
t1-0,proof_byte,775040,xor01_from145,VERIFY_PANIC
t1-0,proof_byte,775104,xor01_from157,VERIFY_PANIC
t1-0,proof_byte,775168,xor01_from242,VERIFY_PANIC
t1-0,proof_byte,775232,xor01_from191,VERIFY_PANIC
t1-0,proof_byte,775296,xor01_from17,VERIFY_PANIC
t1-0,proof_byte,775360,xor01_from136,VERIFY_PANIC
t1-0,proof_byte,775424,xor01_from215,VERIFY_PANIC
t1-0,proof_byte,775488,xor01_from169,VERIFY_PANIC
t1-0,proof_byte,775552,xor01_from111,VERIFY_PANIC
t1-0,proof_byte,775616,xor01_from234,VERIFY_PANIC
t1-0,proof_byte,775680,xor01_from149,VERIFY_PANIC
t1-0,proof_byte,775744,xor01_from24,VERIFY_PANIC
t1-0,proof_byte,775808,xor01_from152,VERIFY_PANIC
t1-0,proof_byte,775872,xor01_from161,VERIFY_PANIC
t1-0,proof_byte,775936,xor01_from201,VERIFY_PANIC
t1-0,proof_byte,776000,xor01_from188,VERIFY_PANIC
t1-0,proof_byte,776064,xor01_from17,VERIFY_PANIC
t1-0,proof_byte,776128,xor01_from1,DESERIALIZE_REJECTED
t1-0,proof_byte,776192,xor01_from198,VERIFY_PANIC
t1-0,proof_byte,776256,xor01_from30,VERIFY_PANIC
t1-0,proof_byte,776320,xor01_from99,VERIFY_PANIC
t1-0,proof_byte,776384,xor01_from5,VERIFY_PANIC
t1-0,proof_byte,776448,xor01_from160,VERIFY_PANIC
t1-0,proof_byte,776512,xor01_from172,VERIFY_PANIC
t1-0,proof_byte,776576,xor01_from179,VERIFY_PANIC
t1-0,proof_byte,776640,xor01_from1,VERIFY_PANIC
t1-0,proof_byte,776704,xor01_from202,VERIFY_PANIC
t1-0,proof_byte,776768,xor01_from38,VERIFY_PANIC
t1-0,proof_byte,776832,xor01_from35,VERIFY_PANIC
t1-0,proof_byte,776896,xor01_from184,VERIFY_PANIC
t1-0,proof_byte,776960,xor01_from97,VERIFY_PANIC
t1-0,proof_byte,777024,xor01_from2,DESERIALIZE_REJECTED
t1-0,proof_byte,777088,xor01_from4,VERIFY_PANIC
t1-0,proof_byte,777152,xor01_from42,VERIFY_PANIC
t1-0,proof_byte,777216,xor01_from24,VERIFY_PANIC
t1-0,proof_byte,777280,xor01_from234,VERIFY_PANIC
t1-0,proof_byte,777344,xor01_from238,VERIFY_PANIC
t1-0,proof_byte,777408,xor01_from112,VERIFY_PANIC
t1-0,proof_byte,777472,xor01_from135,VERIFY_PANIC
t1-0,proof_byte,777536,xor01_from95,VERIFY_PANIC
t1-0,proof_byte,777600,xor01_from40,VERIFY_PANIC
t1-0,proof_byte,777664,xor01_from122,VERIFY_PANIC
t1-0,proof_byte,777728,xor01_from85,VERIFY_PANIC
t1-0,proof_byte,777792,xor01_from183,VERIFY_PANIC
t1-0,proof_byte,777856,xor01_from191,VERIFY_PANIC
t1-0,proof_byte,777920,xor01_from52,VERIFY_PANIC
t1-0,proof_byte,777984,xor01_from123,VERIFY_PANIC
t1-0,proof_byte,778048,xor01_from241,VERIFY_PANIC
t1-0,proof_byte,778112,xor01_from46,VERIFY_PANIC
t1-0,proof_byte,778176,xor01_from172,VERIFY_PANIC
t1-0,proof_byte,778240,xor01_from54,VERIFY_PANIC
t1-0,proof_byte,778304,xor01_from129,VERIFY_PANIC
t1-0,proof_byte,778368,xor01_from146,VERIFY_PANIC
t1-0,proof_byte,778432,xor01_from4,VERIFY_PANIC
t1-0,proof_byte,778496,xor01_from2,VERIFY_PANIC
t1-0,proof_byte,778560,xor01_from124,VERIFY_PANIC
t1-0,proof_byte,778624,xor01_from237,VERIFY_PANIC
t1-0,proof_byte,778688,xor01_from225,VERIFY_PANIC
t1-0,proof_byte,778752,xor01_from132,VERIFY_PANIC
t1-0,proof_byte,778816,xor01_from106,VERIFY_PANIC
t1-0,proof_byte,778880,xor01_from77,VERIFY_PANIC
t1-0,proof_byte,778944,xor01_from21,VERIFY_PANIC
t1-0,proof_byte,779008,xor01_from8,VERIFY_PANIC
t1-0,proof_byte,779072,xor01_from195,VERIFY_PANIC
t1-0,proof_byte,779136,xor01_from143,VERIFY_PANIC
t1-0,proof_byte,779200,xor01_from108,VERIFY_PANIC
t1-0,proof_byte,779264,xor01_from74,VERIFY_PANIC
t1-0,proof_byte,779328,xor01_from191,VERIFY_PANIC
t1-0,proof_byte,779392,xor01_from196,VERIFY_PANIC
t1-0,proof_byte,779456,xor01_from75,VERIFY_PANIC
t1-0,proof_byte,779520,xor01_from103,VERIFY_PANIC
t1-0,proof_byte,779584,xor01_from48,VERIFY_PANIC
t1-0,proof_byte,779648,xor01_from163,VERIFY_PANIC
t1-0,proof_byte,779712,xor01_from175,VERIFY_PANIC
t1-0,proof_byte,779776,xor01_from35,VERIFY_PANIC
t1-0,proof_byte,779840,xor01_from163,VERIFY_PANIC
t1-0,proof_byte,779904,xor01_from6,VERIFY_PANIC
t1-0,proof_byte,779968,xor01_from212,VERIFY_PANIC
t1-0,proof_byte,780032,xor01_from93,VERIFY_PANIC
t1-0,proof_byte,780096,xor01_from228,VERIFY_PANIC
t1-0,proof_byte,780160,xor01_from37,VERIFY_PANIC
t1-0,proof_byte,780224,xor01_from23,VERIFY_PANIC
t1-0,proof_byte,780288,xor01_from101,VERIFY_PANIC
t1-0,proof_byte,780352,xor01_from196,VERIFY_PANIC
t1-0,proof_byte,780416,xor01_from211,VERIFY_PANIC
t1-0,proof_byte,780480,xor01_from65,VERIFY_PANIC
t1-0,proof_byte,780544,xor01_from105,VERIFY_PANIC
t1-0,proof_byte,780608,xor01_from69,VERIFY_PANIC
t1-0,proof_byte,780672,xor01_from163,VERIFY_PANIC
t1-0,proof_byte,780736,xor01_from69,VERIFY_PANIC
t1-0,proof_byte,780800,xor01_from16,VERIFY_PANIC
t1-0,proof_byte,780864,xor01_from205,VERIFY_PANIC
t1-0,proof_byte,780928,xor01_from184,VERIFY_PANIC
t1-0,proof_byte,780992,xor01_from0,DESERIALIZE_REJECTED
t1-0,proof_byte,781056,xor01_from172,VERIFY_PANIC
t1-0,proof_byte,781120,xor01_from237,VERIFY_PANIC
t1-0,proof_byte,781184,xor01_from213,VERIFY_PANIC
t1-0,proof_byte,781248,xor01_from168,VERIFY_PANIC
t1-0,proof_byte,781312,xor01_from250,VERIFY_PANIC
t1-0,proof_byte,781376,xor01_from209,VERIFY_PANIC
t1-0,proof_byte,781440,xor01_from252,VERIFY_PANIC
t1-0,proof_byte,781504,xor01_from216,VERIFY_PANIC
t1-0,proof_byte,781568,xor01_from103,VERIFY_PANIC
t1-0,proof_byte,781632,xor01_from255,VERIFY_PANIC
t1-0,proof_byte,781696,xor01_from85,VERIFY_PANIC
t1-0,proof_byte,781760,xor01_from103,VERIFY_PANIC
t1-0,proof_byte,781824,xor01_from117,VERIFY_PANIC
t1-0,proof_byte,781888,xor01_from67,VERIFY_PANIC
t1-0,proof_byte,781952,xor01_from188,VERIFY_PANIC
t1-0,proof_byte,782016,xor01_from199,VERIFY_PANIC
t1-0,proof_byte,782080,xor01_from219,VERIFY_PANIC
t1-0,proof_byte,782144,xor01_from166,VERIFY_PANIC
t1-0,proof_byte,782208,xor01_from194,VERIFY_PANIC
t1-0,proof_byte,782272,xor01_from97,VERIFY_PANIC
t1-0,proof_byte,782336,xor01_from87,VERIFY_PANIC
t1-0,proof_byte,782400,xor01_from107,VERIFY_PANIC
t1-0,proof_byte,782464,xor01_from23,VERIFY_PANIC
t1-0,proof_byte,782528,xor01_from233,VERIFY_PANIC
t1-0,proof_byte,782592,xor01_from102,VERIFY_PANIC
t1-0,proof_byte,782656,xor01_from197,VERIFY_PANIC
t1-0,proof_byte,782720,xor01_from99,VERIFY_PANIC
t1-0,proof_byte,782784,xor01_from168,VERIFY_PANIC
t1-0,proof_byte,782848,xor01_from70,VERIFY_PANIC
t1-0,proof_byte,782912,xor01_from63,VERIFY_PANIC
t1-0,proof_byte,782976,xor01_from231,VERIFY_PANIC
t1-0,proof_byte,783040,xor01_from70,VERIFY_PANIC
t1-0,proof_byte,783104,xor01_from188,VERIFY_PANIC
t1-0,proof_byte,783168,xor01_from39,VERIFY_PANIC
t1-0,proof_byte,783232,xor01_from186,VERIFY_PANIC
t1-0,proof_byte,783296,xor01_from53,VERIFY_PANIC
t1-0,proof_byte,783360,xor01_from139,VERIFY_PANIC
t1-0,proof_byte,783424,xor01_from52,VERIFY_PANIC
t1-0,proof_byte,783488,xor01_from90,VERIFY_PANIC
t1-0,proof_byte,783552,xor01_from106,VERIFY_PANIC
t1-0,proof_byte,783616,xor01_from0,DESERIALIZE_REJECTED
t1-0,proof_byte,783680,xor01_from201,VERIFY_PANIC
t1-0,proof_byte,783744,xor01_from38,VERIFY_PANIC
t1-0,proof_byte,783808,xor01_from173,VERIFY_PANIC
t1-0,proof_byte,783872,xor01_from50,VERIFY_PANIC
t1-0,proof_byte,783936,xor01_from1,VERIFY_PANIC
t1-0,proof_byte,784000,xor01_from246,VERIFY_PANIC
t1-0,proof_byte,784064,xor01_from22,VERIFY_PANIC
t1-0,proof_byte,784128,xor01_from180,VERIFY_PANIC
t1-0,proof_byte,784192,xor01_from45,VERIFY_PANIC
t1-0,proof_byte,784256,xor01_from0,DESERIALIZE_REJECTED
t1-0,proof_byte,784320,xor01_from162,VERIFY_PANIC
t1-0,proof_byte,784384,xor01_from204,VERIFY_PANIC
t1-0,proof_byte,784448,xor01_from79,VERIFY_PANIC
t1-0,proof_byte,784512,xor01_from9,VERIFY_PANIC
t1-0,proof_byte,784576,xor01_from219,VERIFY_PANIC
t1-0,proof_byte,784640,xor01_from16,VERIFY_PANIC
t1-0,proof_byte,784704,xor01_from224,VERIFY_PANIC
t1-0,proof_byte,784768,xor01_from211,VERIFY_PANIC
t1-0,proof_byte,784832,xor01_from9,VERIFY_PANIC
t1-0,proof_byte,784896,xor01_from183,VERIFY_PANIC
t1-0,proof_byte,784960,xor01_from97,VERIFY_PANIC
t1-0,proof_byte,785024,xor01_from233,VERIFY_PANIC
t1-0,proof_byte,785088,xor01_from209,VERIFY_PANIC
t1-0,proof_byte,785152,xor01_from39,VERIFY_PANIC
t1-0,proof_byte,785216,xor01_from154,VERIFY_PANIC
t1-0,proof_byte,785280,xor01_from86,VERIFY_PANIC
t1-0,proof_byte,785344,xor01_from147,VERIFY_PANIC
t1-0,proof_byte,785408,xor01_from91,VERIFY_PANIC
t1-0,proof_byte,785472,xor01_from123,VERIFY_PANIC
t1-0,proof_byte,785536,xor01_from55,VERIFY_PANIC
t1-0,proof_byte,785600,xor01_from159,VERIFY_PANIC
t1-0,proof_byte,785664,xor01_from98,VERIFY_PANIC
t1-0,proof_byte,785728,xor01_from1,VERIFY_PANIC
t1-0,proof_byte,785792,xor01_from155,VERIFY_PANIC
t1-0,proof_byte,785856,xor01_from224,VERIFY_PANIC
t1-0,proof_byte,785920,xor01_from252,VERIFY_PANIC
t1-0,proof_byte,785984,xor01_from182,VERIFY_PANIC
t1-0,proof_byte,786048,xor01_from31,VERIFY_PANIC
t1-0,proof_byte,786112,xor01_from104,VERIFY_PANIC
t1-0,proof_byte,786176,xor01_from112,VERIFY_PANIC
t1-0,proof_byte,786240,xor01_from31,VERIFY_PANIC
t1-0,proof_byte,786304,xor01_from23,VERIFY_PANIC
t1-0,proof_byte,786368,xor01_from248,VERIFY_PANIC
t1-0,proof_byte,786432,xor01_from227,VERIFY_PANIC
t1-0,proof_byte,786496,xor01_from142,VERIFY_PANIC
t1-0,proof_byte,786560,xor01_from227,VERIFY_PANIC
t1-0,proof_byte,786624,xor01_from128,VERIFY_PANIC
t1-0,proof_byte,786688,xor01_from66,VERIFY_PANIC
t1-0,proof_byte,786752,xor01_from37,VERIFY_PANIC
t1-0,proof_byte,786816,xor01_from57,VERIFY_PANIC
t1-0,proof_byte,786880,xor01_from59,VERIFY_PANIC
t1-0,proof_byte,786944,xor01_from202,VERIFY_PANIC
t1-0,proof_byte,787008,xor01_from139,VERIFY_PANIC
t1-0,proof_byte,787072,xor01_from212,VERIFY_PANIC
t1-0,proof_byte,787136,xor01_from195,VERIFY_PANIC
t1-0,proof_byte,787200,xor01_from181,VERIFY_PANIC
t1-0,proof_byte,787264,xor01_from5,VERIFY_PANIC
t1-0,proof_byte,787328,xor01_from43,VERIFY_PANIC
t1-0,proof_byte,787392,xor01_from42,VERIFY_PANIC
t1-0,proof_byte,787456,xor01_from148,VERIFY_PANIC
t1-0,proof_byte,787520,xor01_from97,VERIFY_PANIC
t1-0,proof_byte,787584,xor01_from248,VERIFY_PANIC
t1-0,proof_byte,787648,xor01_from11,VERIFY_PANIC
t1-0,proof_byte,787712,xor01_from39,VERIFY_PANIC
t1-0,proof_byte,787776,xor01_from224,VERIFY_PANIC
t1-0,proof_byte,787840,xor01_from215,VERIFY_PANIC
t1-0,proof_byte,787904,xor01_from4,VERIFY_PANIC
t1-0,proof_byte,787968,xor01_from38,VERIFY_PANIC
t1-0,proof_byte,788032,xor01_from143,VERIFY_PANIC
t1-0,proof_byte,788096,xor01_from178,VERIFY_PANIC
t1-0,proof_byte,788160,xor01_from51,VERIFY_PANIC
t1-0,proof_byte,788224,xor01_from192,VERIFY_PANIC
t1-0,proof_byte,788288,xor01_from7,VERIFY_PANIC
t1-0,proof_byte,788352,xor01_from73,VERIFY_PANIC
t1-0,proof_byte,788416,xor01_from176,VERIFY_PANIC
t1-0,proof_byte,788480,xor01_from20,VERIFY_PANIC
t1-0,proof_byte,788544,xor01_from14,DESERIALIZE_REJECTED
t1-0,proof_byte,788608,xor01_from126,VERIFY_PANIC
t1-0,proof_byte,788672,xor01_from59,VERIFY_PANIC
t1-0,proof_byte,788736,xor01_from210,VERIFY_PANIC
t1-0,proof_byte,788800,xor01_from105,VERIFY_PANIC
t1-0,proof_byte,788864,xor01_from60,VERIFY_PANIC
t1-0,proof_byte,788928,xor01_from77,VERIFY_PANIC
t1-0,proof_byte,788992,xor01_from185,VERIFY_PANIC
t1-0,proof_byte,789056,xor01_from138,VERIFY_PANIC
t1-0,proof_byte,789120,xor01_from176,VERIFY_PANIC
t1-0,proof_byte,789184,xor01_from97,VERIFY_PANIC
t1-0,proof_byte,789248,xor01_from166,VERIFY_PANIC
t1-0,proof_byte,789312,xor01_from251,VERIFY_PANIC
t1-0,proof_byte,789376,xor01_from7,VERIFY_PANIC
t1-0,proof_byte,789440,xor01_from236,VERIFY_PANIC
t1-0,proof_byte,789504,xor01_from230,VERIFY_PANIC
t1-0,proof_byte,789568,xor01_from208,VERIFY_PANIC
t1-0,proof_byte,789632,xor01_from119,VERIFY_PANIC
t1-0,proof_byte,789696,xor01_from185,VERIFY_PANIC
t1-0,proof_byte,789760,xor01_from197,VERIFY_PANIC
t1-0,proof_byte,789824,xor01_from15,VERIFY_PANIC
t1-0,proof_byte,789888,xor01_from68,VERIFY_PANIC
t1-0,proof_byte,789952,xor01_from36,VERIFY_PANIC
t1-0,proof_byte,790016,xor01_from132,VERIFY_PANIC
t1-0,proof_byte,790080,xor01_from249,VERIFY_PANIC
t1-0,proof_byte,790144,xor01_from109,VERIFY_PANIC
t1-0,proof_byte,790208,xor01_from223,VERIFY_PANIC
t1-0,proof_byte,790272,xor01_from239,VERIFY_PANIC
t1-0,proof_byte,790336,xor01_from171,VERIFY_PANIC
t1-0,proof_byte,790400,xor01_from217,VERIFY_PANIC
t1-0,proof_byte,790464,xor01_from114,VERIFY_PANIC
t1-0,proof_byte,790528,xor01_from105,VERIFY_PANIC
t1-0,proof_byte,790592,xor01_from253,VERIFY_PANIC
t1-0,proof_byte,790656,xor01_from226,VERIFY_PANIC
t1-0,proof_byte,790720,xor01_from193,VERIFY_PANIC
t1-0,proof_byte,790784,xor01_from32,VERIFY_PANIC
t1-0,proof_byte,790848,xor01_from26,VERIFY_PANIC
t1-0,proof_byte,790912,xor01_from30,VERIFY_PANIC
t1-0,proof_byte,790976,xor01_from243,VERIFY_PANIC
t1-0,proof_byte,791040,xor01_from92,VERIFY_PANIC
t1-0,proof_byte,791104,xor01_from16,VERIFY_PANIC
t1-0,proof_byte,791168,xor01_from209,VERIFY_PANIC
t1-0,proof_byte,791232,xor01_from145,VERIFY_PANIC
t1-0,proof_byte,791296,xor01_from241,VERIFY_PANIC
t1-0,proof_byte,791360,xor01_from219,VERIFY_PANIC
t1-0,proof_byte,791424,xor01_from6,DESERIALIZE_REJECTED
t1-0,proof_byte,791488,xor01_from244,VERIFY_PANIC
t1-0,proof_byte,791552,xor01_from196,VERIFY_PANIC
t1-0,proof_byte,791616,xor01_from113,VERIFY_PANIC
t1-0,proof_byte,791680,xor01_from31,VERIFY_PANIC
t1-0,proof_byte,791744,xor01_from29,VERIFY_PANIC
t1-0,proof_byte,791808,xor01_from104,VERIFY_PANIC
t1-0,proof_byte,791872,xor01_from20,VERIFY_PANIC
t1-0,proof_byte,791936,xor01_from156,VERIFY_PANIC
t1-0,proof_byte,792000,xor01_from33,VERIFY_PANIC
t1-0,proof_byte,792064,xor01_from232,VERIFY_PANIC
t1-0,proof_byte,792128,xor01_from100,VERIFY_PANIC
t1-0,proof_byte,792192,xor01_from170,VERIFY_PANIC
t1-0,proof_byte,792256,xor01_from187,VERIFY_PANIC
t1-0,proof_byte,792320,xor01_from8,DESERIALIZE_REJECTED
t1-0,proof_byte,792384,xor01_from12,VERIFY_PANIC
t1-0,proof_byte,792448,xor01_from83,VERIFY_PANIC
t1-0,proof_byte,792512,xor01_from99,VERIFY_PANIC
t1-0,proof_byte,792576,xor01_from192,VERIFY_PANIC
t1-0,proof_byte,792640,xor01_from116,VERIFY_PANIC
t1-0,proof_byte,792704,xor01_from223,VERIFY_PANIC
t1-0,proof_byte,792768,xor01_from201,VERIFY_PANIC
t1-0,proof_byte,792832,xor01_from97,VERIFY_PANIC
t1-0,proof_byte,792896,xor01_from156,VERIFY_PANIC
t1-0,proof_byte,792960,xor01_from229,VERIFY_PANIC
t1-0,proof_byte,793024,xor01_from249,VERIFY_PANIC
t1-0,proof_byte,793088,xor01_from8,DESERIALIZE_REJECTED
t1-0,proof_byte,793152,xor01_from43,VERIFY_PANIC
t1-0,proof_byte,793216,xor01_from214,VERIFY_PANIC
t1-0,proof_byte,793280,xor01_from180,VERIFY_PANIC
t1-0,proof_byte,793344,xor01_from232,VERIFY_PANIC
t1-0,proof_byte,793408,xor01_from201,VERIFY_PANIC
t1-0,proof_byte,793472,xor01_from221,VERIFY_PANIC
t1-0,proof_byte,793536,xor01_from135,VERIFY_PANIC
t1-0,proof_byte,793600,xor01_from10,VERIFY_PANIC
t1-0,proof_byte,793664,xor01_from154,VERIFY_PANIC
t1-0,proof_byte,793728,xor01_from222,VERIFY_PANIC
t1-0,proof_byte,793792,xor01_from223,VERIFY_PANIC
t1-0,proof_byte,793856,xor01_from6,VERIFY_PANIC
t1-0,proof_byte,793920,xor01_from33,VERIFY_PANIC
t1-0,proof_byte,793984,xor01_from49,VERIFY_PANIC
t1-0,proof_byte,794048,xor01_from122,VERIFY_PANIC
t1-0,proof_byte,794112,xor01_from160,VERIFY_PANIC
t1-0,proof_byte,794176,xor01_from120,VERIFY_PANIC
t1-0,proof_byte,794240,xor01_from231,VERIFY_PANIC
t1-0,proof_byte,794304,xor01_from129,VERIFY_PANIC
t1-0,proof_byte,794368,xor01_from0,DESERIALIZE_REJECTED
t1-0,proof_byte,794432,xor01_from210,VERIFY_PANIC
t1-0,proof_byte,794496,xor01_from37,VERIFY_PANIC
t1-0,proof_byte,794560,xor01_from144,VERIFY_PANIC
t1-0,proof_byte,794624,xor01_from172,VERIFY_PANIC
t1-0,proof_byte,794688,xor01_from132,VERIFY_PANIC
t1-0,proof_byte,794752,xor01_from219,VERIFY_PANIC
t1-0,proof_byte,794816,xor01_from122,VERIFY_PANIC
t1-0,proof_byte,794880,xor01_from53,VERIFY_PANIC
t1-0,proof_byte,794944,xor01_from44,VERIFY_PANIC
t1-0,proof_byte,795008,xor01_from181,VERIFY_PANIC
t1-0,proof_byte,795072,xor01_from237,VERIFY_PANIC
t1-0,proof_byte,795136,xor01_from127,VERIFY_PANIC
t1-0,proof_byte,795200,xor01_from67,VERIFY_PANIC
t1-0,proof_byte,795264,xor01_from72,VERIFY_PANIC
t1-0,proof_byte,795328,xor01_from19,VERIFY_PANIC
t1-0,proof_byte,795392,xor01_from182,VERIFY_PANIC
t1-0,proof_byte,795456,xor01_from219,VERIFY_PANIC
t1-0,proof_byte,795520,xor01_from193,VERIFY_PANIC
t1-0,proof_byte,795584,xor01_from5,VERIFY_PANIC
t1-0,proof_byte,795648,xor01_from51,VERIFY_PANIC
t1-0,proof_byte,795712,xor01_from21,VERIFY_PANIC
t1-0,proof_byte,795776,xor01_from201,VERIFY_PANIC
t1-0,proof_byte,795840,xor01_from140,VERIFY_PANIC
t1-0,proof_byte,795904,xor01_from66,VERIFY_PANIC
t1-0,proof_byte,795968,xor01_from51,VERIFY_PANIC
t1-0,proof_byte,796032,xor01_from164,VERIFY_PANIC
t1-0,proof_byte,796096,xor01_from240,VERIFY_PANIC
t1-0,proof_byte,796160,xor01_from105,VERIFY_PANIC
t1-0,proof_byte,796224,xor01_from227,VERIFY_PANIC
t1-0,proof_byte,796288,xor01_from131,VERIFY_PANIC
t1-0,proof_byte,796352,xor01_from97,VERIFY_PANIC
t1-0,proof_byte,796416,xor01_from219,VERIFY_PANIC
t1-0,proof_byte,796480,xor01_from204,VERIFY_PANIC
t1-0,proof_byte,796544,xor01_from214,VERIFY_PANIC
t1-0,proof_byte,796608,xor01_from203,VERIFY_PANIC
t1-0,proof_byte,796672,xor01_from123,VERIFY_PANIC
t1-0,proof_byte,796736,xor01_from129,VERIFY_PANIC
t1-0,proof_byte,796800,xor01_from132,VERIFY_PANIC
t1-0,proof_byte,796864,xor01_from150,VERIFY_PANIC
t1-0,proof_byte,796928,xor01_from12,VERIFY_PANIC
t1-0,proof_byte,796992,xor01_from55,VERIFY_PANIC
t1-0,proof_byte,797056,xor01_from182,VERIFY_PANIC
t1-0,proof_byte,797120,xor01_from140,VERIFY_PANIC
t1-0,proof_byte,797184,xor01_from197,VERIFY_PANIC
t1-0,proof_byte,797248,xor01_from254,VERIFY_PANIC
t1-0,proof_byte,797312,xor01_from99,VERIFY_PANIC
t1-0,proof_byte,797376,xor01_from131,VERIFY_PANIC
t1-0,proof_byte,797440,xor01_from50,VERIFY_PANIC
t1-0,proof_byte,797504,xor01_from216,VERIFY_PANIC
t1-0,proof_byte,797568,xor01_from228,VERIFY_PANIC
t1-0,proof_byte,797632,xor01_from161,VERIFY_PANIC
t1-0,proof_byte,797696,xor01_from29,VERIFY_PANIC
t1-0,proof_byte,797760,xor01_from170,VERIFY_PANIC
t1-0,proof_byte,797824,xor01_from105,VERIFY_PANIC
t1-0,proof_byte,797888,xor01_from9,VERIFY_PANIC
t1-0,proof_byte,797952,xor01_from131,VERIFY_PANIC
t1-0,proof_byte,798016,xor01_from232,VERIFY_PANIC
t1-0,proof_byte,798080,xor01_from228,VERIFY_PANIC
t1-0,proof_byte,798144,xor01_from233,VERIFY_PANIC
t1-0,proof_byte,798208,xor01_from81,VERIFY_PANIC
t1-0,proof_byte,798272,xor01_from0,DESERIALIZE_REJECTED
t1-0,proof_byte,798336,xor01_from145,VERIFY_PANIC
t1-0,proof_byte,798400,xor01_from39,VERIFY_PANIC
t1-0,proof_byte,798464,xor01_from177,VERIFY_PANIC
t1-0,proof_byte,798528,xor01_from245,VERIFY_PANIC
t1-0,proof_byte,798592,xor01_from47,VERIFY_PANIC
t1-0,proof_byte,798656,xor01_from106,VERIFY_PANIC
t1-0,proof_byte,798720,xor01_from139,VERIFY_PANIC
t1-0,proof_byte,798784,xor01_from11,VERIFY_PANIC
t1-0,proof_byte,798848,xor01_from72,VERIFY_PANIC
t1-0,proof_byte,798912,xor01_from130,VERIFY_PANIC
t1-0,proof_byte,798976,xor01_from35,VERIFY_PANIC
t1-0,proof_byte,799040,xor01_from87,VERIFY_PANIC
t1-0,proof_byte,799104,xor01_from230,VERIFY_PANIC
t1-0,proof_byte,799168,xor01_from214,VERIFY_PANIC
t1-0,proof_byte,799232,xor01_from246,VERIFY_PANIC
t1-0,proof_byte,799296,xor01_from120,VERIFY_PANIC
t1-0,proof_byte,799360,xor01_from154,VERIFY_PANIC
t1-0,proof_byte,799424,xor01_from156,VERIFY_PANIC
t1-0,proof_byte,799488,xor01_from115,VERIFY_PANIC
t1-0,proof_byte,799552,xor01_from224,VERIFY_PANIC
t1-0,proof_byte,799616,xor01_from14,VERIFY_PANIC
t1-0,proof_byte,799680,xor01_from90,VERIFY_PANIC
t1-0,proof_byte,799744,xor01_from29,VERIFY_PANIC
t1-0,proof_byte,799808,xor01_from118,VERIFY_PANIC
t1-0,proof_byte,799872,xor01_from244,VERIFY_PANIC
t1-0,proof_byte,799936,xor01_from169,VERIFY_PANIC
t1-0,proof_byte,800000,xor01_from24,VERIFY_PANIC
t1-0,proof_byte,800064,xor01_from146,VERIFY_PANIC
t1-0,proof_byte,800128,xor01_from0,DESERIALIZE_REJECTED
t1-0,proof_byte,800192,xor01_from152,VERIFY_PANIC
t1-0,proof_byte,800256,xor01_from0,DESERIALIZE_REJECTED
t1-0,proof_byte,800320,xor01_from154,VERIFY_PANIC
t1-0,proof_byte,800384,xor01_from140,VERIFY_PANIC
t1-0,proof_byte,800448,xor01_from70,VERIFY_PANIC
t1-0,proof_byte,800512,xor01_from3,VERIFY_PANIC
t1-0,proof_byte,800576,xor01_from123,VERIFY_PANIC
t1-0,proof_byte,800640,xor01_from136,VERIFY_PANIC
t1-0,proof_byte,800704,xor01_from226,VERIFY_PANIC
t1-0,proof_byte,800768,xor01_from21,VERIFY_PANIC
t1-0,proof_byte,800832,xor01_from153,VERIFY_PANIC
t1-0,proof_byte,800896,xor01_from171,VERIFY_PANIC
t1-0,proof_byte,800960,xor01_from245,VERIFY_PANIC
t1-0,proof_byte,801024,xor01_from232,VERIFY_PANIC
t1-0,proof_byte,801088,xor01_from62,VERIFY_PANIC
t1-0,proof_byte,801152,xor01_from247,VERIFY_PANIC
t1-0,proof_byte,801216,xor01_from47,VERIFY_PANIC
t1-0,proof_byte,801280,xor01_from216,VERIFY_PANIC
t1-0,proof_byte,801344,xor01_from69,VERIFY_PANIC
t1-0,proof_byte,801408,xor01_from24,VERIFY_PANIC
t1-0,proof_byte,801472,xor01_from145,VERIFY_PANIC
t1-0,proof_byte,801536,xor01_from45,VERIFY_PANIC
t1-0,proof_byte,801600,xor01_from20,VERIFY_PANIC
t1-0,proof_byte,801664,xor01_from7,VERIFY_PANIC
t1-0,proof_byte,801728,xor01_from231,VERIFY_PANIC
t1-0,proof_byte,801792,xor01_from187,VERIFY_PANIC
t1-0,proof_byte,801856,xor01_from103,VERIFY_PANIC
t1-0,proof_byte,801920,xor01_from101,VERIFY_PANIC
t1-0,proof_byte,801984,xor01_from33,VERIFY_PANIC
t1-0,proof_byte,802048,xor01_from81,VERIFY_PANIC
t1-0,proof_byte,802112,xor01_from60,VERIFY_PANIC
t1-0,proof_byte,802176,xor01_from190,VERIFY_PANIC
t1-0,proof_byte,802240,xor01_from144,VERIFY_PANIC
t1-0,proof_byte,802304,xor01_from83,VERIFY_PANIC
t1-0,proof_byte,802368,xor01_from137,VERIFY_PANIC
t1-0,proof_byte,802432,xor01_from124,VERIFY_PANIC
t1-0,proof_byte,802496,xor01_from150,VERIFY_PANIC
t1-0,proof_byte,802560,xor01_from249,VERIFY_PANIC
t1-0,proof_byte,802624,xor01_from160,VERIFY_PANIC
t1-0,proof_byte,802688,xor01_from226,VERIFY_PANIC
t1-0,proof_byte,802752,xor01_from215,VERIFY_PANIC
t1-0,proof_byte,802816,xor01_from219,VERIFY_PANIC
t1-0,proof_byte,802880,xor01_from59,VERIFY_PANIC
t1-0,proof_byte,802944,xor01_from222,VERIFY_PANIC
t1-0,proof_byte,803008,xor01_from45,VERIFY_PANIC
t1-0,proof_byte,803072,xor01_from170,VERIFY_PANIC
t1-0,proof_byte,803136,xor01_from71,VERIFY_PANIC
t1-0,proof_byte,803200,xor01_from74,VERIFY_PANIC
t1-0,proof_byte,803264,xor01_from230,VERIFY_PANIC
t1-0,proof_byte,803328,xor01_from113,VERIFY_PANIC
t1-0,proof_byte,803392,xor01_from147,VERIFY_PANIC
t1-0,proof_byte,803456,xor01_from253,VERIFY_PANIC
t1-0,proof_byte,803520,xor01_from23,VERIFY_PANIC
t1-0,proof_byte,803584,xor01_from174,VERIFY_PANIC
t1-0,proof_byte,803648,xor01_from152,VERIFY_PANIC
t1-0,proof_byte,803712,xor01_from227,VERIFY_PANIC
t1-0,proof_byte,803776,xor01_from2,VERIFY_PANIC
t1-0,proof_byte,803840,xor01_from219,VERIFY_PANIC
t1-0,proof_byte,803904,xor01_from100,VERIFY_PANIC
t1-0,proof_byte,803968,xor01_from197,VERIFY_PANIC
t1-0,proof_byte,804032,xor01_from57,VERIFY_PANIC
t1-0,proof_byte,804096,xor01_from15,DESERIALIZE_REJECTED
t1-0,proof_byte,804160,xor01_from36,VERIFY_PANIC
t1-0,proof_byte,804224,xor01_from159,VERIFY_PANIC
t1-0,proof_byte,804288,xor01_from81,VERIFY_PANIC
t1-0,proof_byte,804352,xor01_from242,VERIFY_PANIC
t1-0,proof_byte,804416,xor01_from36,VERIFY_PANIC
t1-0,proof_byte,804480,xor01_from201,VERIFY_PANIC
t1-0,proof_byte,804544,xor01_from89,VERIFY_PANIC
t1-0,proof_byte,804608,xor01_from168,VERIFY_PANIC
t1-0,proof_byte,804672,xor01_from100,VERIFY_PANIC
t1-0,proof_byte,804736,xor01_from191,VERIFY_PANIC
t1-0,proof_byte,804800,xor01_from94,VERIFY_PANIC
t1-0,proof_byte,804864,xor01_from94,VERIFY_PANIC
t1-0,proof_byte,804928,xor01_from131,VERIFY_PANIC
t1-0,proof_byte,804992,xor01_from153,VERIFY_PANIC
t1-0,proof_byte,805056,xor01_from143,VERIFY_PANIC
t1-0,proof_byte,805120,xor01_from85,VERIFY_PANIC
t1-0,proof_byte,805184,xor01_from38,VERIFY_PANIC
t1-0,proof_byte,805248,xor01_from53,VERIFY_PANIC
t1-0,proof_byte,805312,xor01_from216,VERIFY_PANIC
t1-0,proof_byte,805376,xor01_from33,VERIFY_PANIC
t1-0,proof_byte,805440,xor01_from10,VERIFY_PANIC
t1-0,proof_byte,805504,xor01_from215,VERIFY_PANIC
t1-0,proof_byte,805568,xor01_from65,VERIFY_PANIC
t1-0,proof_byte,805632,xor01_from83,VERIFY_PANIC
t1-0,proof_byte,805696,xor01_from72,VERIFY_PANIC
t1-0,proof_byte,805760,xor01_from246,VERIFY_PANIC
t1-0,proof_byte,805824,xor01_from254,VERIFY_PANIC
t1-0,proof_byte,805888,xor01_from11,VERIFY_PANIC
t1-0,proof_byte,805952,xor01_from244,VERIFY_PANIC
t1-0,proof_byte,806016,xor01_from103,VERIFY_PANIC
t1-0,proof_byte,806080,xor01_from96,VERIFY_PANIC
t1-0,proof_byte,806144,xor01_from190,VERIFY_PANIC
t1-0,proof_byte,806208,xor01_from147,VERIFY_PANIC
t1-0,proof_byte,806272,xor01_from154,VERIFY_PANIC
t1-0,proof_byte,806336,xor01_from225,VERIFY_PANIC
t1-0,proof_byte,806400,xor01_from114,VERIFY_PANIC
t1-0,proof_byte,806464,xor01_from104,VERIFY_PANIC
t1-0,proof_byte,806528,xor01_from67,VERIFY_PANIC
t1-0,proof_byte,806592,xor01_from112,VERIFY_PANIC
t1-0,proof_byte,806656,xor01_from66,VERIFY_PANIC
t1-0,proof_byte,806720,xor01_from150,VERIFY_PANIC
t1-0,proof_byte,806784,xor01_from168,VERIFY_PANIC
t1-0,proof_byte,806848,xor01_from141,VERIFY_PANIC
t1-0,proof_byte,806912,xor01_from35,VERIFY_PANIC
t1-0,proof_byte,806976,xor01_from34,VERIFY_PANIC
t1-0,proof_byte,807040,xor01_from216,VERIFY_PANIC
t1-0,proof_byte,807104,xor01_from2,VERIFY_PANIC
t1-0,proof_byte,807168,xor01_from239,VERIFY_PANIC
t1-0,proof_byte,807232,xor01_from7,DESERIALIZE_REJECTED
t1-0,proof_byte,807296,xor01_from86,VERIFY_PANIC
t1-0,proof_byte,807360,xor01_from126,VERIFY_PANIC
t1-0,proof_byte,807424,xor01_from162,VERIFY_PANIC
t1-0,proof_byte,807488,xor01_from188,VERIFY_PANIC
t1-0,proof_byte,807552,xor01_from198,VERIFY_PANIC
t1-0,proof_byte,807616,xor01_from86,VERIFY_PANIC
t1-0,proof_byte,807680,xor01_from68,VERIFY_PANIC
t1-0,proof_byte,807744,xor01_from178,VERIFY_PANIC
t1-0,proof_byte,807808,xor01_from61,VERIFY_PANIC
t1-0,proof_byte,807872,xor01_from143,VERIFY_PANIC
t1-0,proof_byte,807936,xor01_from223,VERIFY_PANIC
t1-0,proof_byte,808000,xor01_from142,VERIFY_PANIC
t1-0,proof_byte,808064,xor01_from106,VERIFY_PANIC
t1-0,proof_byte,808128,xor01_from108,VERIFY_PANIC
t1-0,proof_byte,808192,xor01_from147,VERIFY_PANIC
t1-0,proof_byte,808256,xor01_from189,VERIFY_PANIC
t1-0,proof_byte,808320,xor01_from166,VERIFY_PANIC
t1-0,proof_byte,808384,xor01_from6,VERIFY_PANIC
t1-0,proof_byte,808448,xor01_from111,VERIFY_PANIC
t1-0,proof_byte,808512,xor01_from167,VERIFY_PANIC
t1-0,proof_byte,808576,xor01_from249,VERIFY_PANIC
t1-0,proof_byte,808640,xor01_from193,VERIFY_PANIC
t1-0,proof_byte,808704,xor01_from178,VERIFY_PANIC
t1-0,proof_byte,808768,xor01_from93,VERIFY_PANIC
t1-0,proof_byte,808832,xor01_from233,VERIFY_PANIC
t1-0,proof_byte,808896,xor01_from164,VERIFY_PANIC
t1-0,proof_byte,808960,xor01_from80,VERIFY_PANIC
t1-0,proof_byte,809024,xor01_from235,VERIFY_PANIC
t1-0,proof_byte,809088,xor01_from190,VERIFY_PANIC
t1-0,proof_byte,809152,xor01_from237,VERIFY_PANIC
t1-0,proof_byte,809216,xor01_from0,DESERIALIZE_REJECTED
t1-0,proof_byte,809280,xor01_from63,VERIFY_PANIC
t1-0,proof_byte,809344,xor01_from92,VERIFY_PANIC
t1-0,proof_byte,809408,xor01_from240,VERIFY_PANIC
t1-0,proof_byte,809472,xor01_from11,VERIFY_PANIC
t1-0,proof_byte,809536,xor01_from89,VERIFY_PANIC
t1-0,proof_byte,809600,xor01_from106,VERIFY_PANIC
t1-0,proof_byte,809664,xor01_from182,VERIFY_PANIC
t1-0,proof_byte,809728,xor01_from3,VERIFY_PANIC
t1-0,proof_byte,809792,xor01_from0,DESERIALIZE_REJECTED
t1-0,proof_byte,809856,xor01_from140,VERIFY_PANIC
t1-0,proof_byte,809920,xor01_from91,VERIFY_PANIC
t1-0,proof_byte,809984,xor01_from179,VERIFY_PANIC
t1-0,proof_byte,810048,xor01_from102,VERIFY_PANIC
t1-0,proof_byte,810112,xor01_from78,VERIFY_PANIC
t1-0,proof_byte,810176,xor01_from247,VERIFY_PANIC
t1-0,proof_byte,810240,xor01_from189,VERIFY_PANIC
t1-0,proof_byte,810304,xor01_from139,VERIFY_PANIC
t1-0,proof_byte,810368,xor01_from228,VERIFY_PANIC
t1-0,proof_byte,810432,xor01_from12,VERIFY_PANIC
t1-0,proof_byte,810496,xor01_from205,VERIFY_PANIC
t1-0,proof_byte,810560,xor01_from129,VERIFY_PANIC
t1-0,proof_byte,810624,xor01_from247,VERIFY_PANIC
t1-0,proof_byte,810688,xor01_from89,VERIFY_PANIC
t1-0,proof_byte,810752,xor01_from166,VERIFY_PANIC
t1-0,proof_byte,810816,xor01_from136,VERIFY_PANIC
t1-0,proof_byte,810880,xor01_from231,VERIFY_PANIC
t1-0,proof_byte,810944,xor01_from110,VERIFY_PANIC
t1-0,proof_byte,811008,xor01_from182,VERIFY_PANIC
t1-0,proof_byte,811072,xor01_from148,VERIFY_PANIC
t1-0,proof_byte,811136,xor01_from3,VERIFY_PANIC
t1-0,proof_byte,811200,xor01_from95,VERIFY_PANIC
t1-0,proof_byte,811264,xor01_from1,VERIFY_PANIC
t1-0,proof_byte,811328,xor01_from1,VERIFY_PANIC
t1-0,proof_byte,811392,xor01_from241,VERIFY_PANIC
t1-0,proof_byte,811456,xor01_from71,VERIFY_PANIC
t1-0,proof_byte,811520,xor01_from117,VERIFY_PANIC
t1-0,proof_byte,811584,xor01_from65,VERIFY_PANIC
t1-0,proof_byte,811648,xor01_from236,VERIFY_PANIC
t1-0,proof_byte,811712,xor01_from62,VERIFY_PANIC
t1-0,proof_byte,811776,xor01_from4,VERIFY_PANIC
t1-0,proof_byte,811840,xor01_from180,VERIFY_PANIC
t1-0,proof_byte,811904,xor01_from184,VERIFY_PANIC
t1-0,proof_byte,811968,xor01_from217,VERIFY_PANIC
t1-0,proof_byte,812032,xor01_from50,VERIFY_PANIC
t1-0,proof_byte,812096,xor01_from2,VERIFY_PANIC
t1-0,proof_byte,812160,xor01_from249,VERIFY_PANIC
t1-0,proof_byte,812224,xor01_from5,VERIFY_PANIC
t1-0,proof_byte,812288,xor01_from217,VERIFY_PANIC
t1-0,proof_byte,812352,xor01_from80,VERIFY_PANIC
t1-0,proof_byte,812416,xor01_from145,VERIFY_PANIC
t1-0,proof_byte,812480,xor01_from62,VERIFY_PANIC
t1-0,proof_byte,812544,xor01_from242,VERIFY_PANIC
t1-0,proof_byte,812608,xor01_from205,VERIFY_PANIC
t1-0,proof_byte,812672,xor01_from158,VERIFY_PANIC
t1-0,proof_byte,812736,xor01_from71,VERIFY_PANIC
t1-0,proof_byte,812800,xor01_from131,VERIFY_PANIC
t1-0,proof_byte,812864,xor01_from2,VERIFY_PANIC
t1-0,proof_byte,812928,xor01_from164,VERIFY_PANIC
t1-0,proof_byte,812992,xor01_from126,VERIFY_PANIC
t1-0,proof_byte,813056,xor01_from91,VERIFY_PANIC
t1-0,proof_byte,813120,xor01_from115,VERIFY_PANIC
t1-0,proof_byte,813184,xor01_from240,VERIFY_PANIC
t1-0,proof_byte,813248,xor01_from130,VERIFY_PANIC
t1-0,proof_byte,813312,xor01_from151,VERIFY_PANIC
t1-0,proof_byte,813376,xor01_from15,VERIFY_PANIC
t1-0,proof_byte,813440,xor01_from214,VERIFY_PANIC
t1-0,proof_byte,813504,xor01_from47,VERIFY_PANIC
t1-0,proof_byte,813568,xor01_from56,VERIFY_PANIC
t1-0,proof_byte,813632,xor01_from83,VERIFY_PANIC
t1-0,proof_byte,813696,xor01_from66,VERIFY_PANIC
t1-0,proof_byte,813760,xor01_from247,VERIFY_PANIC
t1-0,proof_byte,813824,xor01_from202,VERIFY_PANIC
t1-0,proof_byte,813888,xor01_from49,VERIFY_PANIC
t1-0,proof_byte,813952,xor01_from0,DESERIALIZE_REJECTED
t1-0,proof_byte,814016,xor01_from89,VERIFY_PANIC
t1-0,proof_byte,814080,xor01_from105,VERIFY_PANIC
t1-0,proof_byte,814144,xor01_from146,VERIFY_PANIC
t1-0,proof_byte,814208,xor01_from222,VERIFY_PANIC
t1-0,proof_byte,814272,xor01_from46,VERIFY_PANIC
t1-0,proof_byte,814336,xor01_from76,VERIFY_PANIC
t1-0,proof_byte,814400,xor01_from25,VERIFY_PANIC
t1-0,proof_byte,814464,xor01_from178,VERIFY_PANIC
t1-0,proof_byte,814528,xor01_from199,VERIFY_PANIC
t1-0,proof_byte,814592,xor01_from53,VERIFY_PANIC
t1-0,proof_byte,814656,xor01_from242,VERIFY_PANIC
t1-0,proof_byte,814720,xor01_from227,VERIFY_PANIC
t1-0,proof_byte,814784,xor01_from172,VERIFY_PANIC
t1-0,proof_byte,814848,xor01_from74,VERIFY_PANIC
t1-0,proof_byte,814912,xor01_from148,VERIFY_PANIC
t1-0,proof_byte,814976,xor01_from82,VERIFY_PANIC
t1-0,proof_byte,815040,xor01_from2,VERIFY_PANIC
t1-0,proof_byte,815104,xor01_from59,VERIFY_PANIC
t1-0,proof_byte,815168,xor01_from139,VERIFY_PANIC
t1-0,proof_byte,815232,xor01_from60,VERIFY_PANIC
t1-0,proof_byte,815296,xor01_from140,VERIFY_PANIC
t1-0,proof_byte,815360,xor01_from23,VERIFY_PANIC
t1-0,proof_byte,815424,xor01_from66,VERIFY_PANIC
t1-0,proof_byte,815488,xor01_from193,VERIFY_PANIC
t1-0,proof_byte,815552,xor01_from61,VERIFY_PANIC
t1-0,proof_byte,815616,xor01_from146,VERIFY_PANIC
t1-0,proof_byte,815680,xor01_from60,VERIFY_PANIC
t1-0,proof_byte,815744,xor01_from74,VERIFY_PANIC
t1-0,proof_byte,815808,xor01_from182,VERIFY_PANIC
t1-0,proof_byte,815872,xor01_from146,VERIFY_PANIC
t1-0,proof_byte,815936,xor01_from182,VERIFY_PANIC
t1-0,proof_byte,816000,xor01_from159,VERIFY_PANIC
t1-0,proof_byte,816064,xor01_from0,DESERIALIZE_REJECTED
t1-0,proof_byte,816128,xor01_from83,VERIFY_PANIC
t1-0,proof_byte,816192,xor01_from128,VERIFY_PANIC
t1-0,proof_byte,816256,xor01_from224,VERIFY_PANIC
t1-0,proof_byte,816320,xor01_from0,DESERIALIZE_REJECTED
t1-0,proof_byte,816384,xor01_from240,VERIFY_PANIC
t1-0,proof_byte,816448,xor01_from0,DESERIALIZE_REJECTED
t1-0,proof_byte,816512,xor01_from218,VERIFY_PANIC
t1-0,proof_byte,816576,xor01_from210,VERIFY_PANIC
t1-0,proof_byte,816640,xor01_from223,VERIFY_PANIC
t1-0,proof_byte,816704,xor01_from43,VERIFY_PANIC
t1-0,proof_byte,816768,xor01_from175,VERIFY_PANIC
t1-0,proof_byte,816832,xor01_from161,VERIFY_PANIC
t1-0,proof_byte,816896,xor01_from5,VERIFY_PANIC
t1-0,proof_byte,816960,xor01_from124,VERIFY_PANIC
t1-0,proof_byte,817024,xor01_from204,VERIFY_PANIC
t1-0,proof_byte,817088,xor01_from167,VERIFY_PANIC
t1-0,proof_byte,817152,xor01_from151,VERIFY_PANIC
t1-0,proof_byte,817216,xor01_from0,DESERIALIZE_REJECTED
t1-0,proof_byte,817280,xor01_from71,VERIFY_PANIC
t1-0,proof_byte,817344,xor01_from11,VERIFY_PANIC
t1-0,proof_byte,817408,xor01_from57,VERIFY_PANIC
t1-0,proof_byte,817472,xor01_from229,VERIFY_PANIC
t1-0,proof_byte,817536,xor01_from196,VERIFY_PANIC
t1-0,proof_byte,817600,xor01_from111,VERIFY_PANIC
t1-0,proof_byte,817664,xor01_from28,VERIFY_PANIC
t1-0,proof_byte,817728,xor01_from189,VERIFY_PANIC
t1-0,proof_byte,817792,xor01_from19,DESERIALIZE_REJECTED
t1-0,proof_byte,817856,xor01_from186,VERIFY_PANIC
t1-0,proof_byte,817920,xor01_from69,VERIFY_PANIC
t1-0,proof_byte,817984,xor01_from194,VERIFY_PANIC
t1-0,proof_byte,818048,xor01_from157,VERIFY_PANIC
t1-0,proof_byte,818112,xor01_from129,VERIFY_PANIC
t1-0,proof_byte,818176,xor01_from215,VERIFY_PANIC
t1-0,proof_byte,818240,xor01_from185,VERIFY_PANIC
t1-0,proof_byte,818304,xor01_from215,VERIFY_PANIC
t1-0,proof_byte,818368,xor01_from54,VERIFY_PANIC
t1-0,proof_byte,818432,xor01_from158,VERIFY_PANIC
t1-0,proof_byte,818496,xor01_from137,VERIFY_PANIC
t1-0,proof_byte,818560,xor01_from54,VERIFY_PANIC
t1-0,proof_byte,818624,xor01_from159,VERIFY_PANIC
t1-0,proof_byte,818688,xor01_from53,VERIFY_PANIC
t1-0,proof_byte,818752,xor01_from124,VERIFY_PANIC
t1-0,proof_byte,818816,xor01_from39,VERIFY_PANIC
t1-0,proof_byte,818880,xor01_from90,VERIFY_PANIC
t1-0,proof_byte,818944,xor01_from0,VERIFY_PANIC
t1-0,proof_byte,819008,xor01_from118,VERIFY_PANIC
t1-0,proof_byte,819072,xor01_from53,VERIFY_PANIC
t1-0,proof_byte,819136,xor01_from159,VERIFY_PANIC
t1-0,proof_byte,819200,xor01_from220,VERIFY_PANIC
t1-0,proof_byte,819264,xor01_from228,VERIFY_PANIC
t1-0,proof_byte,819328,xor01_from62,VERIFY_PANIC
t1-0,proof_byte,819392,xor01_from11,VERIFY_PANIC
t1-0,proof_byte,819456,xor01_from53,VERIFY_PANIC
t1-0,proof_byte,819520,xor01_from225,VERIFY_PANIC
t1-0,proof_byte,819584,xor01_from77,VERIFY_PANIC
t1-0,proof_byte,819648,xor01_from167,VERIFY_PANIC
t1-0,proof_byte,819712,xor01_from4,VERIFY_PANIC
t1-0,proof_byte,819776,xor01_from43,VERIFY_PANIC
t1-0,proof_byte,819840,xor01_from39,VERIFY_PANIC
t1-0,proof_byte,819904,xor01_from91,VERIFY_PANIC
t1-0,proof_byte,819968,xor01_from227,VERIFY_PANIC
t1-0,proof_byte,820032,xor01_from116,VERIFY_PANIC
t1-0,proof_byte,820096,xor01_from32,VERIFY_PANIC
t1-0,proof_byte,820160,xor01_from97,VERIFY_PANIC
t1-0,proof_byte,820224,xor01_from116,VERIFY_PANIC
t1-0,proof_byte,820288,xor01_from164,VERIFY_PANIC
t1-0,proof_byte,820352,xor01_from208,VERIFY_PANIC
t1-0,proof_byte,820416,xor01_from96,VERIFY_PANIC
t1-0,proof_byte,820480,xor01_from236,VERIFY_PANIC
t1-0,proof_byte,820544,xor01_from172,VERIFY_PANIC
t1-0,proof_byte,820608,xor01_from85,VERIFY_PANIC
t1-0,proof_byte,820672,xor01_from244,VERIFY_PANIC
t1-0,proof_byte,820736,xor01_from66,VERIFY_PANIC
t1-0,proof_byte,820800,xor01_from26,VERIFY_PANIC
t1-0,proof_byte,820864,xor01_from153,VERIFY_PANIC
t1-0,proof_byte,820928,xor01_from42,VERIFY_PANIC
t1-0,proof_byte,820992,xor01_from67,VERIFY_PANIC
t1-0,proof_byte,821056,xor01_from228,VERIFY_PANIC
t1-0,proof_byte,821120,xor01_from87,VERIFY_PANIC
t1-0,proof_byte,821184,xor01_from83,VERIFY_PANIC
t1-0,proof_byte,821248,xor01_from135,VERIFY_PANIC
t1-0,proof_byte,821312,xor01_from72,VERIFY_PANIC
t1-0,proof_byte,821376,xor01_from171,VERIFY_PANIC
t1-0,proof_byte,821440,xor01_from152,VERIFY_PANIC
t1-0,proof_byte,821504,xor01_from161,VERIFY_PANIC
t1-0,proof_byte,821568,xor01_from12,DESERIALIZE_REJECTED
t1-0,proof_byte,821632,xor01_from166,VERIFY_PANIC
t1-0,proof_byte,821696,xor01_from193,VERIFY_PANIC
t1-0,proof_byte,821760,xor01_from162,VERIFY_PANIC
t1-0,proof_byte,821824,xor01_from29,VERIFY_PANIC
t1-0,proof_byte,821888,xor01_from120,VERIFY_PANIC
t1-0,proof_byte,821952,xor01_from10,VERIFY_PANIC
t1-0,proof_byte,822016,xor01_from224,VERIFY_PANIC
t1-0,proof_byte,822080,xor01_from168,VERIFY_PANIC
t1-0,proof_byte,822144,xor01_from156,VERIFY_PANIC
t1-0,proof_byte,822208,xor01_from143,VERIFY_PANIC
t1-0,proof_byte,822272,xor01_from151,VERIFY_PANIC
t1-0,proof_byte,822336,xor01_from144,VERIFY_PANIC
t1-0,proof_byte,822400,xor01_from128,VERIFY_PANIC
t1-0,proof_byte,822464,xor01_from208,VERIFY_PANIC
t1-0,proof_byte,822528,xor01_from3,VERIFY_PANIC
t1-0,proof_byte,822592,xor01_from127,VERIFY_PANIC
t1-0,proof_byte,822656,xor01_from46,VERIFY_PANIC
t1-0,proof_byte,822720,xor01_from102,VERIFY_PANIC
t1-0,proof_byte,822784,xor01_from74,VERIFY_PANIC
t1-0,proof_byte,822848,xor01_from189,VERIFY_PANIC
t1-0,proof_byte,822912,xor01_from10,VERIFY_PANIC
t1-0,proof_byte,822976,xor01_from179,VERIFY_PANIC
t1-0,proof_byte,823040,xor01_from187,VERIFY_PANIC
t1-0,proof_byte,823104,xor01_from163,VERIFY_PANIC
t1-0,proof_byte,823168,xor01_from12,VERIFY_PANIC
t1-0,proof_byte,823232,xor01_from13,VERIFY_PANIC
t1-0,proof_byte,823296,xor01_from211,VERIFY_PANIC
t1-0,proof_byte,823360,xor01_from60,VERIFY_PANIC
t1-0,proof_byte,823424,xor01_from228,VERIFY_PANIC
t1-0,proof_byte,823488,xor01_from108,VERIFY_PANIC
t1-0,proof_byte,823552,xor01_from241,VERIFY_PANIC
t1-0,proof_byte,823616,xor01_from204,VERIFY_PANIC
t1-0,proof_byte,823680,xor01_from149,VERIFY_PANIC
t1-0,proof_byte,823744,xor01_from61,VERIFY_PANIC
t1-0,proof_byte,823808,xor01_from86,VERIFY_PANIC
t1-0,proof_byte,823872,xor01_from188,VERIFY_PANIC
t1-0,proof_byte,823936,xor01_from4,DESERIALIZE_REJECTED
t1-0,proof_byte,824000,xor01_from91,VERIFY_PANIC
t1-0,proof_byte,824064,xor01_from27,VERIFY_PANIC
t1-0,proof_byte,824128,xor01_from129,VERIFY_PANIC
t1-0,proof_byte,824192,xor01_from169,VERIFY_PANIC
t1-0,proof_byte,824256,xor01_from110,VERIFY_PANIC
t1-0,proof_byte,824320,xor01_from10,VERIFY_PANIC
t1-0,proof_byte,824384,xor01_from92,VERIFY_PANIC
t1-0,proof_byte,824448,xor01_from140,VERIFY_PANIC
t1-0,proof_byte,824512,xor01_from6,DESERIALIZE_REJECTED
t1-0,proof_byte,824576,xor01_from50,VERIFY_PANIC
t1-0,proof_byte,824640,xor01_from31,VERIFY_PANIC
t1-0,proof_byte,824704,xor01_from227,VERIFY_PANIC
t1-0,proof_byte,824768,xor01_from34,VERIFY_PANIC
t1-0,proof_byte,824832,xor01_from31,VERIFY_PANIC
t1-0,proof_byte,824896,xor01_from184,VERIFY_PANIC
t1-0,proof_byte,824960,xor01_from218,VERIFY_PANIC
t1-0,proof_byte,825024,xor01_from185,VERIFY_PANIC
t1-0,proof_byte,825088,xor01_from44,VERIFY_PANIC
t1-0,proof_byte,825152,xor01_from161,VERIFY_PANIC
t1-0,proof_byte,825216,xor01_from169,VERIFY_PANIC
t1-0,proof_byte,825280,xor01_from206,VERIFY_PANIC
t1-0,proof_byte,825344,xor01_from211,VERIFY_PANIC
t1-0,proof_byte,825408,xor01_from255,VERIFY_PANIC
t1-0,proof_byte,825472,xor01_from132,VERIFY_PANIC
t1-0,proof_byte,825536,xor01_from202,VERIFY_PANIC
t1-0,proof_byte,825600,xor01_from101,VERIFY_PANIC
t1-0,proof_byte,825664,xor01_from22,VERIFY_PANIC
t1-0,proof_byte,825728,xor01_from139,VERIFY_PANIC
t1-0,proof_byte,825792,xor01_from229,VERIFY_PANIC
t1-0,proof_byte,825856,xor01_from160,VERIFY_PANIC
t1-0,proof_byte,825920,xor01_from7,VERIFY_PANIC
t1-0,proof_byte,825984,xor01_from84,VERIFY_PANIC
t1-0,proof_byte,826048,xor01_from110,VERIFY_PANIC
t1-0,proof_byte,826112,xor01_from117,VERIFY_PANIC
t1-0,proof_byte,826176,xor01_from37,VERIFY_PANIC
t1-0,proof_byte,826240,xor01_from57,VERIFY_PANIC
t1-0,proof_byte,826304,xor01_from153,VERIFY_PANIC
t1-0,proof_byte,826368,xor01_from178,VERIFY_PANIC
t1-0,proof_byte,826432,xor01_from198,VERIFY_PANIC
t1-0,proof_byte,826496,xor01_from138,VERIFY_PANIC
t1-0,proof_byte,826560,xor01_from43,VERIFY_PANIC
t1-0,proof_byte,826624,xor01_from165,VERIFY_PANIC
t1-0,proof_byte,826688,xor01_from54,VERIFY_PANIC
t1-0,proof_byte,826752,xor01_from72,VERIFY_PANIC
t1-0,proof_byte,826816,xor01_from124,VERIFY_PANIC
t1-0,proof_byte,826880,xor01_from14,VERIFY_PANIC
t1-0,proof_byte,826944,xor01_from247,VERIFY_PANIC
t1-0,proof_byte,827008,xor01_from112,VERIFY_PANIC
t1-0,proof_byte,827072,xor01_from15,VERIFY_PANIC
t1-0,proof_byte,827136,xor01_from224,VERIFY_PANIC
t1-0,proof_byte,827200,xor01_from212,VERIFY_PANIC
t1-0,proof_byte,827264,xor01_from104,VERIFY_PANIC
t1-0,proof_byte,827328,xor01_from247,VERIFY_PANIC
t1-0,proof_byte,827392,xor01_from87,VERIFY_PANIC
t1-0,proof_byte,827456,xor01_from4,VERIFY_PANIC
t1-0,proof_byte,827520,xor01_from13,VERIFY_PANIC
t1-0,proof_byte,827584,xor01_from81,VERIFY_PANIC
t1-0,proof_byte,827648,xor01_from0,DESERIALIZE_REJECTED
t1-0,proof_byte,827712,xor01_from240,VERIFY_PANIC
t1-0,proof_byte,827776,xor01_from100,VERIFY_PANIC
t1-0,proof_byte,827840,xor01_from118,VERIFY_PANIC
t1-0,proof_byte,827904,xor01_from64,VERIFY_PANIC
t1-0,proof_byte,827968,xor01_from249,VERIFY_PANIC
t1-0,proof_byte,828032,xor01_from102,VERIFY_PANIC
t1-0,proof_byte,828096,xor01_from181,VERIFY_PANIC
t1-0,proof_byte,828160,xor01_from110,VERIFY_PANIC
t1-0,proof_byte,828224,xor01_from177,VERIFY_PANIC
t1-0,proof_byte,828288,xor01_from65,VERIFY_PANIC
t1-0,proof_byte,828352,xor01_from245,VERIFY_PANIC
t1-0,proof_byte,828416,xor01_from204,VERIFY_PANIC
t1-0,proof_byte,828480,xor01_from143,VERIFY_PANIC
t1-0,proof_byte,828544,xor01_from166,VERIFY_PANIC
t1-0,proof_byte,828608,xor01_from2,VERIFY_PANIC
t1-0,proof_byte,828672,xor01_from198,VERIFY_PANIC
t1-0,proof_byte,828736,xor01_from161,VERIFY_PANIC
t1-0,proof_byte,828800,xor01_from153,VERIFY_PANIC
t1-0,proof_byte,828864,xor01_from106,VERIFY_PANIC
t1-0,proof_byte,828928,xor01_from190,VERIFY_PANIC
t1-0,proof_byte,828992,xor01_from133,VERIFY_PANIC
t1-0,proof_byte,829056,xor01_from110,VERIFY_PANIC
t1-0,proof_byte,829120,xor01_from97,VERIFY_PANIC
t1-0,proof_byte,829184,xor01_from175,VERIFY_PANIC
t1-0,proof_byte,829248,xor01_from183,VERIFY_PANIC
t1-0,proof_byte,829312,xor01_from224,VERIFY_PANIC
t1-0,proof_byte,829376,xor01_from109,VERIFY_PANIC
t1-0,proof_byte,829440,xor01_from95,VERIFY_PANIC
t1-0,proof_byte,829504,xor01_from72,VERIFY_PANIC
t1-0,proof_byte,829568,xor01_from125,VERIFY_PANIC
t1-0,proof_byte,829632,xor01_from67,VERIFY_PANIC
t1-0,proof_byte,829696,xor01_from13,VERIFY_PANIC
t1-0,proof_byte,829760,xor01_from151,VERIFY_PANIC
t1-0,proof_byte,829824,xor01_from152,VERIFY_PANIC
t1-0,proof_byte,829888,xor01_from133,VERIFY_PANIC
t1-0,proof_byte,829952,xor01_from196,VERIFY_PANIC
t1-0,proof_byte,830016,xor01_from34,VERIFY_PANIC
t1-0,proof_byte,830080,xor01_from170,VERIFY_PANIC
t1-0,proof_byte,830144,xor01_from37,VERIFY_PANIC
t1-0,proof_byte,830208,xor01_from247,VERIFY_PANIC
t1-0,proof_byte,830272,xor01_from36,VERIFY_PANIC
t1-0,proof_byte,830336,xor01_from80,VERIFY_PANIC
t1-0,proof_byte,830400,xor01_from120,VERIFY_PANIC
t1-0,proof_byte,830464,xor01_from104,VERIFY_PANIC
t1-0,proof_byte,830528,xor01_from248,VERIFY_PANIC
t1-0,proof_byte,830592,xor01_from217,VERIFY_PANIC
t1-0,proof_byte,830656,xor01_from238,VERIFY_PANIC
t1-0,proof_byte,830720,xor01_from228,VERIFY_PANIC
t1-0,proof_byte,830784,xor01_from220,VERIFY_PANIC
t1-0,proof_byte,830848,xor01_from41,VERIFY_PANIC
t1-0,proof_byte,830912,xor01_from42,VERIFY_PANIC
t1-0,proof_byte,830976,xor01_from57,VERIFY_PANIC
t1-0,proof_byte,831040,xor01_from0,DESERIALIZE_REJECTED
t1-0,proof_byte,831104,xor01_from214,VERIFY_PANIC
t1-0,proof_byte,831168,xor01_from178,VERIFY_PANIC
t1-0,proof_byte,831232,xor01_from68,VERIFY_PANIC
t1-0,proof_byte,831296,xor01_from222,VERIFY_PANIC
t1-0,proof_byte,831360,xor01_from182,VERIFY_PANIC
t1-0,proof_byte,831424,xor01_from49,VERIFY_PANIC
t1-0,proof_byte,831488,xor01_from126,VERIFY_PANIC
t1-0,proof_byte,831552,xor01_from120,VERIFY_PANIC
t1-0,proof_byte,831616,xor01_from14,VERIFY_PANIC
t1-0,proof_byte,831680,xor01_from169,VERIFY_PANIC
t1-0,proof_byte,831744,xor01_from228,VERIFY_PANIC
t1-0,proof_byte,831808,xor01_from138,VERIFY_PANIC
t1-0,proof_byte,831872,xor01_from145,VERIFY_PANIC
t1-0,proof_byte,831936,xor01_from159,VERIFY_PANIC
t1-0,proof_byte,832000,xor01_from234,VERIFY_PANIC
t1-0,proof_byte,832064,xor01_from223,VERIFY_PANIC
t1-0,proof_byte,832128,xor01_from203,VERIFY_PANIC
t1-0,proof_byte,832192,xor01_from92,VERIFY_PANIC
t1-0,proof_byte,832256,xor01_from161,VERIFY_PANIC
t1-0,proof_byte,832320,xor01_from206,VERIFY_PANIC
t1-0,proof_byte,832384,xor01_from0,DESERIALIZE_REJECTED
t1-0,proof_byte,832448,xor01_from18,VERIFY_PANIC
t1-0,proof_byte,832512,xor01_from253,VERIFY_PANIC
t1-0,proof_byte,832576,xor01_from0,DESERIALIZE_REJECTED
t1-0,proof_byte,832640,xor01_from168,VERIFY_PANIC
t1-0,proof_byte,832704,xor01_from140,VERIFY_PANIC
t1-0,proof_byte,832768,xor01_from217,VERIFY_PANIC
t1-0,proof_byte,832832,xor01_from139,VERIFY_PANIC
t1-0,proof_byte,832896,xor01_from132,VERIFY_PANIC
t1-0,proof_byte,832960,xor01_from70,VERIFY_PANIC
t1-0,proof_byte,833024,xor01_from86,VERIFY_PANIC
t1-0,proof_byte,833088,xor01_from157,VERIFY_PANIC
t1-0,proof_byte,833152,xor01_from183,VERIFY_PANIC
t1-0,proof_byte,833216,xor01_from179,VERIFY_PANIC
t1-0,proof_byte,833280,xor01_from248,VERIFY_PANIC
t1-0,proof_byte,833344,xor01_from163,VERIFY_PANIC
t1-0,proof_byte,833408,xor01_from229,VERIFY_PANIC
t1-0,proof_byte,833472,xor01_from42,VERIFY_PANIC
t1-0,proof_byte,833536,xor01_from23,VERIFY_PANIC
t1-0,proof_byte,833600,xor01_from235,VERIFY_PANIC
t1-0,proof_byte,833664,xor01_from201,VERIFY_PANIC
t1-0,proof_byte,833728,xor01_from227,VERIFY_PANIC
t1-0,proof_byte,833792,xor01_from192,VERIFY_PANIC
t1-0,proof_byte,833856,xor01_from75,VERIFY_PANIC
t1-0,proof_byte,833920,xor01_from219,VERIFY_PANIC
t1-0,proof_byte,833984,xor01_from195,VERIFY_PANIC
t1-0,proof_byte,834048,xor01_from133,VERIFY_PANIC
t1-0,proof_byte,834112,xor01_from43,VERIFY_PANIC
t1-0,proof_byte,834176,xor01_from34,VERIFY_PANIC
t1-0,proof_byte,834240,xor01_from180,VERIFY_PANIC
t1-0,proof_byte,834304,xor01_from92,VERIFY_PANIC
t1-0,proof_byte,834368,xor01_from106,VERIFY_PANIC
t1-0,proof_byte,834432,xor01_from23,VERIFY_PANIC
t1-0,proof_byte,834496,xor01_from36,VERIFY_PANIC
t1-0,proof_byte,834560,xor01_from21,VERIFY_PANIC
t1-0,proof_byte,834624,xor01_from88,VERIFY_PANIC
t1-0,proof_byte,834688,xor01_from176,VERIFY_PANIC
t1-0,proof_byte,834752,xor01_from8,VERIFY_PANIC
t1-0,proof_byte,834816,xor01_from111,VERIFY_PANIC
t1-0,proof_byte,834880,xor01_from210,VERIFY_PANIC
t1-0,proof_byte,834944,xor01_from214,VERIFY_PANIC
t1-0,proof_byte,835008,xor01_from76,VERIFY_PANIC
t1-0,proof_byte,835072,xor01_from16,VERIFY_PANIC
t1-0,proof_byte,835136,xor01_from118,VERIFY_PANIC
t1-0,proof_byte,835200,xor01_from195,VERIFY_PANIC
t1-0,proof_byte,835264,xor01_from237,VERIFY_PANIC
t1-0,proof_byte,835328,xor01_from152,VERIFY_PANIC
t1-0,proof_byte,835392,xor01_from238,VERIFY_PANIC
t1-0,proof_byte,835456,xor01_from158,VERIFY_PANIC
t1-0,proof_byte,835520,xor01_from68,VERIFY_PANIC
t1-0,proof_byte,835584,xor01_from79,VERIFY_PANIC
t1-0,proof_byte,835648,xor01_from144,VERIFY_PANIC
t1-0,proof_byte,835712,xor01_from46,VERIFY_PANIC
t1-0,proof_byte,835776,xor01_from62,VERIFY_PANIC
t1-0,proof_byte,835840,xor01_from201,VERIFY_PANIC
t1-0,proof_byte,835904,xor01_from76,VERIFY_PANIC
t1-0,proof_byte,835968,xor01_from112,VERIFY_PANIC
t1-0,proof_byte,836032,xor01_from180,VERIFY_PANIC
t1-0,proof_byte,836096,xor01_from85,VERIFY_PANIC
t1-0,proof_byte,836160,xor01_from113,VERIFY_PANIC
t1-0,proof_byte,836224,xor01_from177,VERIFY_PANIC
t1-0,proof_byte,836288,xor01_from56,VERIFY_PANIC
t1-0,proof_byte,836352,xor01_from134,VERIFY_PANIC
t1-0,proof_byte,836416,xor01_from25,VERIFY_PANIC
t1-0,proof_byte,836480,xor01_from249,VERIFY_PANIC
t1-0,proof_byte,836544,xor01_from93,VERIFY_PANIC
t1-0,proof_byte,836608,xor01_from157,VERIFY_PANIC
t1-0,proof_byte,836672,xor01_from54,VERIFY_PANIC
t1-0,proof_byte,836736,xor01_from184,VERIFY_PANIC
t1-0,proof_byte,836800,xor01_from11,VERIFY_PANIC
t1-0,proof_byte,836864,xor01_from255,VERIFY_PANIC
t1-0,proof_byte,836928,xor01_from205,VERIFY_PANIC
t1-0,proof_byte,836992,xor01_from132,VERIFY_PANIC
t1-0,proof_byte,837056,xor01_from19,VERIFY_PANIC
t1-0,proof_byte,837120,xor01_from162,VERIFY_PANIC
t1-0,proof_byte,837184,xor01_from13,DESERIALIZE_REJECTED
t1-0,proof_byte,837248,xor01_from94,VERIFY_PANIC
t1-0,proof_byte,837312,xor01_from34,VERIFY_PANIC
t1-0,proof_byte,837376,xor01_from163,VERIFY_PANIC
t1-0,proof_byte,837440,xor01_from11,VERIFY_PANIC
t1-0,proof_byte,837504,xor01_from82,VERIFY_PANIC
t1-0,proof_byte,837568,xor01_from32,VERIFY_PANIC
t1-0,proof_byte,837632,xor01_from227,VERIFY_PANIC
t1-0,proof_byte,837696,xor01_from153,VERIFY_PANIC
t1-0,proof_byte,837760,xor01_from203,VERIFY_PANIC
t1-0,proof_byte,837824,xor01_from72,VERIFY_PANIC
t1-0,proof_byte,837888,xor01_from146,VERIFY_PANIC
t1-0,proof_byte,837952,xor01_from62,VERIFY_PANIC
t1-0,proof_byte,838016,xor01_from252,VERIFY_PANIC
t1-0,proof_byte,838080,xor01_from107,VERIFY_PANIC
t1-0,proof_byte,838144,xor01_from232,VERIFY_PANIC
t1-0,proof_byte,838208,xor01_from221,VERIFY_PANIC
t1-0,proof_byte,838272,xor01_from66,VERIFY_PANIC
t1-0,proof_byte,838336,xor01_from196,VERIFY_PANIC
t1-0,proof_byte,838400,xor01_from65,VERIFY_PANIC
t1-0,proof_byte,838464,xor01_from65,VERIFY_PANIC
t1-0,proof_byte,838528,xor01_from186,VERIFY_PANIC
t1-0,proof_byte,838592,xor01_from44,VERIFY_PANIC
t1-0,proof_byte,838656,xor01_from178,VERIFY_PANIC
t1-0,proof_byte,838720,xor01_from253,VERIFY_PANIC
t1-0,proof_byte,838784,xor01_from81,VERIFY_PANIC
t1-0,proof_byte,838848,xor01_from30,VERIFY_PANIC
t1-0,proof_byte,838912,xor01_from99,VERIFY_PANIC
t1-0,proof_byte,838976,xor01_from164,VERIFY_PANIC
t1-0,proof_byte,839040,xor01_from210,VERIFY_PANIC
t1-0,proof_byte,839104,xor01_from230,VERIFY_PANIC
t1-0,proof_byte,839168,xor01_from173,VERIFY_PANIC
t1-0,proof_byte,839232,xor01_from243,VERIFY_PANIC
t1-0,proof_byte,839296,xor01_from248,VERIFY_PANIC
t1-0,proof_byte,839360,xor01_from54,VERIFY_PANIC
t1-0,proof_byte,839424,xor01_from95,VERIFY_PANIC
t1-0,proof_byte,839488,xor01_from176,VERIFY_PANIC
t1-0,proof_byte,839552,xor01_from124,VERIFY_PANIC
t1-0,proof_byte,839616,xor01_from227,VERIFY_PANIC
t1-0,proof_byte,839680,xor01_from10,VERIFY_PANIC
t1-0,proof_byte,839744,xor01_from107,VERIFY_PANIC
t1-0,proof_byte,839808,xor01_from5,DESERIALIZE_REJECTED
t1-0,proof_byte,839872,xor01_from230,VERIFY_PANIC
t1-0,proof_byte,839936,xor01_from234,VERIFY_PANIC
t1-0,proof_byte,840000,xor01_from210,VERIFY_PANIC
t1-0,proof_byte,840064,xor01_from84,VERIFY_PANIC
t1-0,proof_byte,840128,xor01_from193,VERIFY_PANIC
t1-0,proof_byte,840192,xor01_from205,VERIFY_PANIC
t1-0,proof_byte,840256,xor01_from149,VERIFY_PANIC
t1-0,proof_byte,840320,xor01_from39,VERIFY_PANIC
t1-0,proof_byte,840384,xor01_from229,VERIFY_PANIC
t1-0,proof_byte,840448,xor01_from8,DESERIALIZE_REJECTED
t1-0,proof_byte,840512,xor01_from250,VERIFY_PANIC
t1-0,proof_byte,840576,xor01_from235,VERIFY_PANIC
t1-0,proof_byte,840640,xor01_from52,VERIFY_PANIC
t1-0,proof_byte,840704,xor01_from11,VERIFY_PANIC
t1-0,proof_byte,840768,xor01_from50,VERIFY_PANIC
t1-0,proof_byte,840832,xor01_from163,VERIFY_PANIC
t1-0,proof_byte,840896,xor01_from190,VERIFY_PANIC
t1-0,proof_byte,840960,xor01_from7,VERIFY_PANIC
t1-0,proof_byte,841024,xor01_from146,VERIFY_PANIC
t1-0,proof_byte,841088,xor01_from106,VERIFY_PANIC
t1-0,proof_byte,841152,xor01_from127,VERIFY_PANIC
t1-0,proof_byte,841216,xor01_from241,VERIFY_PANIC
t1-0,proof_byte,841280,xor01_from225,VERIFY_PANIC
t1-0,proof_byte,841344,xor01_from37,VERIFY_PANIC
t1-0,proof_byte,841408,xor01_from91,VERIFY_PANIC
t1-0,proof_byte,841472,xor01_from121,VERIFY_PANIC
t1-0,proof_byte,841536,xor01_from33,VERIFY_PANIC
t1-0,proof_byte,841600,xor01_from212,VERIFY_PANIC
t1-0,proof_byte,841664,xor01_from179,VERIFY_PANIC
t1-0,proof_byte,841728,xor01_from77,VERIFY_PANIC
t1-0,proof_byte,841792,xor01_from241,VERIFY_PANIC
t1-0,proof_byte,841856,xor01_from51,VERIFY_PANIC
t1-0,proof_byte,841920,xor01_from201,VERIFY_PANIC
t1-0,proof_byte,841984,xor01_from47,VERIFY_PANIC
t1-0,proof_byte,842048,xor01_from44,VERIFY_PANIC
t1-0,proof_byte,842112,xor01_from146,VERIFY_PANIC
t1-0,proof_byte,842176,xor01_from4,VERIFY_PANIC
t1-0,proof_byte,842240,xor01_from59,VERIFY_PANIC
t1-0,proof_byte,842304,xor01_from108,VERIFY_PANIC
t1-0,proof_byte,842368,xor01_from115,VERIFY_PANIC
t1-0,proof_byte,842432,xor01_from103,VERIFY_PANIC
t1-0,proof_byte,842496,xor01_from105,VERIFY_PANIC
t1-0,proof_byte,842560,xor01_from43,VERIFY_PANIC
t1-0,proof_byte,842624,xor01_from107,VERIFY_PANIC
t1-0,proof_byte,842688,xor01_from157,VERIFY_PANIC
t1-0,proof_byte,842752,xor01_from215,VERIFY_PANIC
t1-0,proof_byte,842816,xor01_from209,VERIFY_PANIC
t1-0,proof_byte,842880,xor01_from171,VERIFY_PANIC
t1-0,proof_byte,842944,xor01_from36,VERIFY_PANIC
t1-0,proof_byte,843008,xor01_from242,VERIFY_PANIC
t1-0,proof_byte,843072,xor01_from83,VERIFY_PANIC
t1-0,proof_byte,843136,xor01_from0,DESERIALIZE_REJECTED
t1-0,proof_byte,843200,xor01_from21,VERIFY_PANIC
t1-0,proof_byte,843264,xor01_from151,VERIFY_PANIC
t1-0,proof_byte,843328,xor01_from115,VERIFY_PANIC
t1-0,proof_byte,843392,xor01_from72,VERIFY_PANIC
t1-0,proof_byte,843456,xor01_from79,VERIFY_PANIC
t1-0,proof_byte,843520,xor01_from99,VERIFY_PANIC
t1-0,proof_byte,843584,xor01_from228,VERIFY_PANIC
t1-0,proof_byte,843648,xor01_from199,VERIFY_PANIC
t1-0,proof_byte,843712,xor01_from64,VERIFY_PANIC
t1-0,proof_byte,843776,xor01_from109,VERIFY_PANIC
t1-0,proof_byte,843840,xor01_from182,VERIFY_PANIC
t1-0,proof_byte,843904,xor01_from217,VERIFY_PANIC
t1-0,proof_byte,843968,xor01_from209,VERIFY_PANIC
t1-0,proof_byte,844032,xor01_from140,VERIFY_PANIC
t1-0,proof_byte,844096,xor01_from87,VERIFY_PANIC
t1-0,proof_byte,844160,xor01_from98,VERIFY_PANIC
t1-0,proof_byte,844224,xor01_from151,VERIFY_PANIC
t1-0,proof_byte,844288,xor01_from56,VERIFY_PANIC
t1-0,proof_byte,844352,xor01_from214,VERIFY_PANIC
t1-0,proof_byte,844416,xor01_from81,VERIFY_PANIC
t1-0,proof_byte,844480,xor01_from173,VERIFY_PANIC
t1-0,proof_byte,844544,xor01_from154,VERIFY_PANIC
t1-0,proof_byte,844608,xor01_from251,VERIFY_PANIC
t1-0,proof_byte,844672,xor01_from37,VERIFY_PANIC
t1-0,proof_byte,844736,xor01_from160,VERIFY_PANIC
t1-0,proof_byte,844800,xor01_from62,VERIFY_PANIC
t1-0,proof_byte,844864,xor01_from8,VERIFY_PANIC
t1-0,proof_byte,844928,xor01_from28,VERIFY_PANIC
t1-0,proof_byte,844992,xor01_from82,VERIFY_PANIC
t1-0,proof_byte,845056,xor01_from131,VERIFY_PANIC
t1-0,proof_byte,845120,xor01_from227,VERIFY_PANIC
t1-0,proof_byte,845184,xor01_from125,VERIFY_PANIC
t1-0,proof_byte,845248,xor01_from168,VERIFY_PANIC
t1-0,proof_byte,845312,xor01_from216,VERIFY_PANIC
t1-0,proof_byte,845376,xor01_from83,VERIFY_PANIC
t1-0,proof_byte,845440,xor01_from168,VERIFY_PANIC
t1-0,proof_byte,845504,xor01_from77,VERIFY_PANIC
t1-0,proof_byte,845568,xor01_from69,VERIFY_PANIC
t1-0,proof_byte,845632,xor01_from84,VERIFY_PANIC
t1-0,proof_byte,845696,xor01_from74,VERIFY_PANIC
t1-0,proof_byte,845760,xor01_from252,VERIFY_PANIC
t1-0,proof_byte,845824,xor01_from25,VERIFY_PANIC
t1-0,proof_byte,845888,xor01_from195,VERIFY_PANIC
t1-0,proof_byte,845952,xor01_from178,VERIFY_PANIC
t1-0,proof_byte,846016,xor01_from89,VERIFY_PANIC
t1-0,proof_byte,846080,xor01_from238,VERIFY_PANIC
t1-0,proof_byte,846144,xor01_from198,VERIFY_PANIC
t1-0,proof_byte,846208,xor01_from24,VERIFY_PANIC
t1-0,proof_byte,846272,xor01_from216,VERIFY_PANIC
t1-0,proof_byte,846336,xor01_from234,VERIFY_PANIC
t1-0,proof_byte,846400,xor01_from142,VERIFY_PANIC
t1-0,proof_byte,846464,xor01_from84,VERIFY_PANIC
t1-0,proof_byte,846528,xor01_from206,VERIFY_PANIC
t1-0,proof_byte,846592,xor01_from200,VERIFY_PANIC
t1-0,proof_byte,846656,xor01_from254,VERIFY_PANIC
t1-0,proof_byte,846720,xor01_from39,VERIFY_PANIC
t1-0,proof_byte,846784,xor01_from0,DESERIALIZE_REJECTED
t1-0,proof_byte,846848,xor01_from166,VERIFY_PANIC
t1-0,proof_byte,846912,xor01_from57,VERIFY_PANIC
t1-0,proof_byte,846976,xor01_from125,VERIFY_PANIC
t1-0,proof_byte,847040,xor01_from177,VERIFY_PANIC
t1-0,proof_byte,847104,xor01_from72,VERIFY_PANIC
t1-0,proof_byte,847168,xor01_from86,VERIFY_PANIC
t1-0,proof_byte,847232,xor01_from28,VERIFY_PANIC
t1-0,proof_byte,847296,xor01_from211,VERIFY_PANIC
t1-0,proof_byte,847360,xor01_from21,VERIFY_PANIC
t1-0,proof_byte,847424,xor01_from24,VERIFY_PANIC
t1-0,proof_byte,847488,xor01_from95,VERIFY_PANIC
t1-0,proof_byte,847552,xor01_from38,VERIFY_PANIC
t1-0,proof_byte,847616,xor01_from70,VERIFY_PANIC
t1-0,proof_byte,847680,xor01_from17,VERIFY_PANIC
t1-0,proof_byte,847744,xor01_from213,VERIFY_PANIC
t1-0,proof_byte,847808,xor01_from160,VERIFY_PANIC
t1-0,proof_byte,847872,xor01_from233,VERIFY_PANIC
t1-0,proof_byte,847936,xor01_from221,VERIFY_PANIC
t1-0,proof_byte,848000,xor01_from96,VERIFY_PANIC
t1-0,proof_byte,848064,xor01_from156,VERIFY_PANIC
t1-0,proof_byte,848128,xor01_from70,VERIFY_PANIC
t1-0,proof_byte,848192,xor01_from133,VERIFY_PANIC
t1-0,proof_byte,848256,xor01_from47,VERIFY_PANIC
t1-0,proof_byte,848320,xor01_from193,VERIFY_PANIC
t1-0,proof_byte,848384,xor01_from0,DESERIALIZE_REJECTED
t1-0,proof_byte,848448,xor01_from148,VERIFY_PANIC
t1-0,proof_byte,848512,xor01_from106,VERIFY_PANIC
t1-0,proof_byte,848576,xor01_from180,VERIFY_PANIC
t1-0,proof_byte,848640,xor01_from211,VERIFY_PANIC
t1-0,proof_byte,848704,xor01_from145,VERIFY_PANIC
t1-0,proof_byte,848768,xor01_from190,VERIFY_PANIC
t1-0,proof_byte,848832,xor01_from83,VERIFY_PANIC
t1-0,proof_byte,848896,xor01_from140,VERIFY_PANIC
t1-0,proof_byte,848960,xor01_from94,VERIFY_PANIC
t1-0,proof_byte,849024,xor01_from219,VERIFY_PANIC
t1-0,proof_byte,849088,xor01_from96,VERIFY_PANIC
t1-0,proof_byte,849152,xor01_from121,VERIFY_PANIC
t1-0,proof_byte,849216,xor01_from141,VERIFY_PANIC
t1-0,proof_byte,849280,xor01_from0,DESERIALIZE_REJECTED
t1-0,proof_byte,849344,xor01_from76,VERIFY_PANIC
t1-0,proof_byte,849408,xor01_from203,VERIFY_PANIC
t1-0,proof_byte,849472,xor01_from5,VERIFY_PANIC
t1-0,proof_byte,849536,xor01_from255,VERIFY_PANIC
t1-0,proof_byte,849600,xor01_from236,VERIFY_PANIC
t1-0,proof_byte,849664,xor01_from8,VERIFY_PANIC
t1-0,proof_byte,849728,xor01_from237,VERIFY_PANIC
t1-0,proof_byte,849792,xor01_from56,VERIFY_PANIC
t1-0,proof_byte,849856,xor01_from193,VERIFY_PANIC
t1-0,proof_byte,849920,xor01_from120,VERIFY_PANIC
t1-0,proof_byte,849984,xor01_from175,VERIFY_PANIC
t1-0,proof_byte,850048,xor01_from236,VERIFY_PANIC
t1-0,proof_byte,850112,xor01_from37,VERIFY_PANIC
t1-0,proof_byte,850176,xor01_from94,VERIFY_PANIC
t1-0,proof_byte,850240,xor01_from136,VERIFY_PANIC
t1-0,proof_byte,850304,xor01_from81,VERIFY_PANIC
t1-0,proof_byte,850368,xor01_from171,VERIFY_PANIC
t1-0,proof_byte,850432,xor01_from189,VERIFY_PANIC
t1-0,proof_byte,850496,xor01_from149,VERIFY_PANIC
t1-0,proof_byte,850560,xor01_from18,DESERIALIZE_REJECTED
t1-0,proof_byte,850624,xor01_from52,VERIFY_PANIC
t1-0,proof_byte,850688,xor01_from214,VERIFY_PANIC
t1-0,proof_byte,850752,xor01_from194,VERIFY_PANIC
t1-0,proof_byte,850816,xor01_from133,VERIFY_PANIC
t1-0,proof_byte,850880,xor01_from173,VERIFY_PANIC
t1-0,proof_byte,850944,xor01_from57,VERIFY_PANIC
t1-0,proof_byte,851008,xor01_from198,VERIFY_PANIC
t1-0,proof_byte,851072,xor01_from197,VERIFY_PANIC
t1-0,proof_byte,851136,xor01_from60,VERIFY_PANIC
t1-0,proof_byte,851200,xor01_from138,VERIFY_PANIC
t1-0,proof_byte,851264,xor01_from61,VERIFY_PANIC
t1-0,proof_byte,851328,xor01_from160,VERIFY_PANIC
t1-0,proof_byte,851392,xor01_from30,VERIFY_PANIC
t1-0,proof_byte,851456,xor01_from121,VERIFY_PANIC
t1-0,proof_byte,851520,xor01_from148,VERIFY_PANIC
t1-0,proof_byte,851584,xor01_from185,VERIFY_PANIC
t1-0,proof_byte,851648,xor01_from134,VERIFY_PANIC
t1-0,proof_byte,851712,xor01_from168,VERIFY_PANIC
t1-0,proof_byte,851776,xor01_from67,VERIFY_PANIC
t1-0,proof_byte,851840,xor01_from95,VERIFY_PANIC
t1-0,proof_byte,851904,xor01_from141,VERIFY_PANIC
t1-0,proof_byte,851968,xor01_from8,VERIFY_PANIC
t1-0,proof_byte,852032,xor01_from192,VERIFY_PANIC
t1-0,proof_byte,852096,xor01_from46,VERIFY_PANIC
t1-0,proof_byte,852160,xor01_from84,VERIFY_PANIC
t1-0,proof_byte,852224,xor01_from75,VERIFY_PANIC
t1-0,proof_byte,852288,xor01_from40,VERIFY_PANIC
t1-0,proof_byte,852352,xor01_from35,VERIFY_PANIC
t1-0,proof_byte,852416,xor01_from215,VERIFY_PANIC
t1-0,proof_byte,852480,xor01_from154,VERIFY_PANIC
t1-0,proof_byte,852544,xor01_from253,VERIFY_PANIC
t1-0,proof_byte,852608,xor01_from54,VERIFY_PANIC
t1-0,proof_byte,852672,xor01_from121,VERIFY_PANIC
t1-0,proof_byte,852736,xor01_from6,VERIFY_PANIC
t1-0,proof_byte,852800,xor01_from122,VERIFY_PANIC
t1-0,proof_byte,852864,xor01_from210,VERIFY_PANIC
t1-0,proof_byte,852928,xor01_from223,VERIFY_PANIC
t1-0,proof_byte,852992,xor01_from143,VERIFY_PANIC
t1-0,proof_byte,853056,xor01_from152,VERIFY_PANIC
t1-0,proof_byte,853120,xor01_from134,VERIFY_PANIC
t1-0,proof_byte,853184,xor01_from54,VERIFY_PANIC
t1-0,proof_byte,853248,xor01_from235,VERIFY_PANIC
t1-0,proof_byte,853312,xor01_from194,VERIFY_PANIC
t1-0,proof_byte,853376,xor01_from8,VERIFY_PANIC
t1-0,proof_byte,853440,xor01_from216,VERIFY_PANIC
t1-0,proof_byte,853504,xor01_from225,VERIFY_PANIC
t1-0,proof_byte,853568,xor01_from159,VERIFY_PANIC
t1-0,proof_byte,853632,xor01_from23,VERIFY_PANIC
t1-0,proof_byte,853696,xor01_from221,VERIFY_PANIC
t1-0,proof_byte,853760,xor01_from37,VERIFY_PANIC
t1-0,proof_byte,853824,xor01_from54,VERIFY_PANIC
t1-0,proof_byte,853888,xor01_from154,VERIFY_PANIC
t1-0,proof_byte,853952,xor01_from95,VERIFY_PANIC
t1-0,proof_byte,854016,xor01_from114,VERIFY_PANIC
t1-0,proof_byte,854080,xor01_from48,VERIFY_PANIC
t1-0,proof_byte,854144,xor01_from40,VERIFY_PANIC
t1-0,proof_byte,854208,xor01_from75,VERIFY_PANIC
t1-0,proof_byte,854272,xor01_from150,VERIFY_PANIC
t1-0,proof_byte,854336,xor01_from191,VERIFY_PANIC
t1-0,proof_byte,854400,xor01_from14,VERIFY_PANIC
t1-0,proof_byte,854464,xor01_from10,DESERIALIZE_REJECTED
t1-0,proof_byte,854528,xor01_from121,VERIFY_PANIC
t1-0,proof_byte,854592,xor01_from32,VERIFY_PANIC
t1-0,proof_byte,854656,xor01_from11,VERIFY_PANIC
t1-0,proof_byte,854720,xor01_from217,VERIFY_PANIC
t1-0,proof_byte,854784,xor01_from10,VERIFY_PANIC
t1-0,proof_byte,854848,xor01_from210,VERIFY_PANIC
t1-0,proof_byte,854912,xor01_from111,VERIFY_PANIC
t1-0,proof_byte,854976,xor01_from185,VERIFY_PANIC
t1-0,proof_byte,855040,xor01_from104,VERIFY_PANIC
t1-0,proof_byte,855104,xor01_from210,VERIFY_PANIC
t1-0,proof_byte,855168,xor01_from5,VERIFY_PANIC
t1-0,proof_byte,855232,xor01_from190,VERIFY_PANIC
t1-0,proof_byte,855296,xor01_from216,VERIFY_PANIC
t1-0,proof_byte,855360,xor01_from232,VERIFY_PANIC
t1-0,proof_byte,855424,xor01_from89,VERIFY_PANIC
t1-0,proof_byte,855488,xor01_from2,VERIFY_PANIC
t1-0,proof_byte,855552,xor01_from183,VERIFY_PANIC
t1-0,proof_byte,855616,xor01_from47,VERIFY_PANIC
t1-0,proof_byte,855680,xor01_from147,VERIFY_PANIC
t1-0,proof_byte,855744,xor01_from41,VERIFY_PANIC
t1-0,proof_byte,855808,xor01_from64,VERIFY_PANIC
t1-0,proof_byte,855872,xor01_from50,VERIFY_PANIC
t1-0,proof_byte,855936,xor01_from224,VERIFY_PANIC
t1-0,proof_byte,856000,xor01_from73,VERIFY_PANIC
t1-0,proof_byte,856064,xor01_from25,VERIFY_PANIC
t1-0,proof_byte,856128,xor01_from71,VERIFY_PANIC
t1-0,proof_byte,856192,xor01_from40,VERIFY_PANIC
t1-0,proof_byte,856256,xor01_from55,VERIFY_PANIC
t1-0,proof_byte,856320,xor01_from2,DESERIALIZE_REJECTED
t1-0,proof_byte,856384,xor01_from170,VERIFY_PANIC
t1-0,proof_byte,856448,xor01_from2,DESERIALIZE_REJECTED
t1-0,proof_byte,856512,xor01_from196,VERIFY_PANIC
t1-0,proof_byte,856576,xor01_from98,VERIFY_PANIC
t1-0,proof_byte,856640,xor01_from29,VERIFY_PANIC
t1-0,proof_byte,856704,xor01_from165,VERIFY_PANIC
t1-0,proof_byte,856768,xor01_from199,VERIFY_PANIC
t1-0,proof_byte,856832,xor01_from142,VERIFY_PANIC
t1-0,proof_byte,856896,xor01_from117,VERIFY_PANIC
t1-0,proof_byte,856960,xor01_from18,VERIFY_PANIC
t1-0,proof_byte,857024,xor01_from96,VERIFY_PANIC
t1-0,proof_byte,857088,xor01_from126,VERIFY_PANIC
t1-0,proof_byte,857152,xor01_from177,VERIFY_PANIC
t1-0,proof_byte,857216,xor01_from230,VERIFY_PANIC
t1-0,proof_byte,857280,xor01_from248,VERIFY_PANIC
t1-0,proof_byte,857344,xor01_from106,VERIFY_PANIC
t1-0,proof_byte,857408,xor01_from144,VERIFY_PANIC
t1-0,proof_byte,857472,xor01_from26,VERIFY_PANIC
t1-0,proof_byte,857536,xor01_from12,VERIFY_PANIC
t1-0,proof_byte,857600,xor01_from64,VERIFY_PANIC
t1-0,proof_byte,857664,xor01_from145,VERIFY_PANIC
t1-0,proof_byte,857728,xor01_from109,VERIFY_PANIC
t1-0,proof_byte,857792,xor01_from218,VERIFY_PANIC
t1-0,proof_byte,857856,xor01_from161,VERIFY_PANIC
t1-0,proof_byte,857920,xor01_from162,VERIFY_PANIC
t1-0,proof_byte,857984,xor01_from40,VERIFY_PANIC
t1-0,proof_byte,858048,xor01_from167,VERIFY_PANIC
t1-0,proof_byte,858112,xor01_from255,VERIFY_PANIC
t1-0,proof_byte,858176,xor01_from204,VERIFY_PANIC
t1-0,proof_byte,858240,xor01_from120,VERIFY_PANIC
t1-0,proof_byte,858304,xor01_from120,VERIFY_PANIC
t1-0,proof_byte,858368,xor01_from91,VERIFY_PANIC
t1-0,proof_byte,858432,xor01_from36,VERIFY_PANIC
t1-0,proof_byte,858496,xor01_from177,VERIFY_PANIC
t1-0,proof_byte,858560,xor01_from183,VERIFY_PANIC
t1-0,proof_byte,858624,xor01_from31,VERIFY_PANIC
t1-0,proof_byte,858688,xor01_from88,VERIFY_PANIC
t1-0,proof_byte,858752,xor01_from112,VERIFY_PANIC
t1-0,proof_byte,858816,xor01_from159,VERIFY_PANIC
t1-0,proof_byte,858880,xor01_from117,VERIFY_PANIC
t1-0,proof_byte,858944,xor01_from58,VERIFY_PANIC
t1-0,proof_byte,859008,xor01_from91,VERIFY_PANIC
t1-0,proof_byte,859072,xor01_from197,VERIFY_PANIC
t1-0,proof_byte,859136,xor01_from44,VERIFY_PANIC
t1-0,proof_byte,859200,xor01_from88,VERIFY_PANIC
t1-0,proof_byte,859264,xor01_from248,VERIFY_PANIC
t1-0,proof_byte,859328,xor01_from56,VERIFY_PANIC
t1-0,proof_byte,859392,xor01_from109,VERIFY_PANIC
t1-0,proof_byte,859456,xor01_from128,VERIFY_PANIC
t1-0,proof_byte,859520,xor01_from166,VERIFY_PANIC
t1-0,proof_byte,859584,xor01_from183,VERIFY_PANIC
t1-0,proof_byte,859648,xor01_from228,VERIFY_PANIC
t1-0,proof_byte,859712,xor01_from217,VERIFY_PANIC
t1-0,proof_byte,859776,xor01_from53,VERIFY_PANIC
t1-0,proof_byte,859840,xor01_from240,VERIFY_PANIC
t1-0,proof_byte,859904,xor01_from156,VERIFY_PANIC
t1-0,proof_byte,859968,xor01_from247,VERIFY_PANIC
t1-0,proof_byte,860032,xor01_from196,VERIFY_PANIC
t1-0,proof_byte,860096,xor01_from211,VERIFY_PANIC
t1-0,proof_byte,860160,xor01_from27,VERIFY_PANIC
t1-0,proof_byte,860224,xor01_from143,VERIFY_PANIC
t1-0,proof_byte,860288,xor01_from58,VERIFY_PANIC
t1-0,proof_byte,860352,xor01_from122,VERIFY_PANIC
t1-0,proof_byte,860416,xor01_from175,VERIFY_PANIC
t1-0,proof_byte,860480,xor01_from124,VERIFY_PANIC
t1-0,proof_byte,860544,xor01_from39,VERIFY_PANIC
t1-0,proof_byte,860608,xor01_from225,VERIFY_PANIC
t1-0,proof_byte,860672,xor01_from229,VERIFY_PANIC
t1-0,proof_byte,860736,xor01_from26,VERIFY_PANIC
t1-0,proof_byte,860800,xor01_from0,DESERIALIZE_REJECTED
t1-0,proof_byte,860864,xor01_from93,VERIFY_PANIC
t1-0,proof_byte,860928,xor01_from43,VERIFY_PANIC
t1-0,proof_byte,860992,xor01_from62,VERIFY_PANIC
t1-0,proof_byte,861056,xor01_from203,VERIFY_PANIC
t1-0,proof_byte,861120,xor01_from32,VERIFY_PANIC
t1-0,proof_byte,861184,xor01_from244,VERIFY_PANIC
t1-0,proof_byte,861248,xor01_from62,VERIFY_PANIC
t1-0,proof_byte,861312,xor01_from14,VERIFY_PANIC
t1-0,proof_byte,861376,xor01_from59,VERIFY_PANIC
t1-0,proof_byte,861440,xor01_from69,VERIFY_PANIC
t1-0,proof_byte,861504,xor01_from230,VERIFY_PANIC
t1-0,proof_byte,861568,xor01_from65,VERIFY_PANIC
t1-0,proof_byte,861632,xor01_from71,VERIFY_PANIC
t1-0,proof_byte,861696,xor01_from71,VERIFY_PANIC
t1-0,proof_byte,861760,xor01_from215,VERIFY_PANIC
t1-0,proof_byte,861824,xor01_from25,VERIFY_PANIC
t1-0,proof_byte,861888,xor01_from157,VERIFY_PANIC
t1-0,proof_byte,861952,xor01_from45,VERIFY_PANIC
t1-0,proof_byte,862016,xor01_from223,VERIFY_PANIC
t1-0,proof_byte,862080,xor01_from65,VERIFY_PANIC
t1-0,proof_byte,862144,xor01_from155,VERIFY_PANIC
t1-0,proof_byte,862208,xor01_from172,VERIFY_PANIC
t1-0,proof_byte,862272,xor01_from93,VERIFY_PANIC
t1-0,proof_byte,862336,xor01_from123,VERIFY_PANIC
t1-0,proof_byte,862400,xor01_from136,VERIFY_PANIC
t1-0,proof_byte,862464,xor01_from207,VERIFY_PANIC
t1-0,proof_byte,862528,xor01_from240,VERIFY_PANIC
t1-0,proof_byte,862592,xor01_from245,VERIFY_PANIC
t1-0,proof_byte,862656,xor01_from102,VERIFY_PANIC
t1-0,proof_byte,862720,xor01_from44,VERIFY_PANIC
t1-0,proof_byte,862784,xor01_from98,VERIFY_PANIC
t1-0,proof_byte,862848,xor01_from207,VERIFY_PANIC
t1-0,proof_byte,862912,xor01_from75,VERIFY_PANIC
t1-0,proof_byte,862976,xor01_from56,VERIFY_PANIC
t1-0,proof_byte,863040,xor01_from3,VERIFY_PANIC
t1-0,proof_byte,863104,xor01_from37,VERIFY_PANIC
t1-0,proof_byte,863168,xor01_from227,VERIFY_PANIC
t1-0,proof_byte,863232,xor01_from53,VERIFY_PANIC
t1-0,proof_byte,863296,xor01_from23,VERIFY_PANIC
t1-0,proof_byte,863360,xor01_from147,VERIFY_PANIC
t1-0,proof_byte,863424,xor01_from26,VERIFY_PANIC
t1-0,proof_byte,863488,xor01_from2,VERIFY_PANIC
t1-0,proof_byte,863552,xor01_from34,VERIFY_PANIC
t1-0,proof_byte,863616,xor01_from244,VERIFY_PANIC
t1-0,proof_byte,863680,xor01_from0,DESERIALIZE_REJECTED
t1-0,proof_byte,863744,xor01_from221,VERIFY_PANIC
t1-0,proof_byte,863808,xor01_from53,VERIFY_PANIC
t1-0,proof_byte,863872,xor01_from11,VERIFY_PANIC
t1-0,proof_byte,863936,xor01_from229,VERIFY_PANIC
t1-0,proof_byte,864000,xor01_from1,VERIFY_PANIC
t1-0,proof_byte,864064,xor01_from31,VERIFY_PANIC
t1-0,proof_byte,864128,xor01_from183,VERIFY_PANIC
t1-0,proof_byte,864192,xor01_from205,VERIFY_PANIC
t1-0,proof_byte,864256,xor01_from120,VERIFY_PANIC
t1-0,proof_byte,864320,xor01_from43,VERIFY_PANIC
t1-0,proof_byte,864384,xor01_from31,VERIFY_PANIC
t1-0,proof_byte,864448,xor01_from78,VERIFY_PANIC
t1-0,proof_byte,864512,xor01_from253,VERIFY_PANIC
t1-0,proof_byte,864576,xor01_from0,DESERIALIZE_REJECTED
t1-0,proof_byte,864640,xor01_from252,VERIFY_PANIC
t1-0,proof_byte,864704,xor01_from82,VERIFY_PANIC
t1-0,proof_byte,864768,xor01_from73,VERIFY_PANIC
t1-0,proof_byte,864832,xor01_from213,VERIFY_PANIC
t1-0,proof_byte,864896,xor01_from33,VERIFY_PANIC
t1-0,proof_byte,864960,xor01_from193,VERIFY_PANIC
t1-0,proof_byte,865024,xor01_from109,VERIFY_PANIC
t1-0,proof_byte,865088,xor01_from78,VERIFY_PANIC
t1-0,proof_byte,865152,xor01_from80,VERIFY_PANIC
t1-0,proof_byte,865216,xor01_from37,VERIFY_PANIC
t1-0,proof_byte,865280,xor01_from168,VERIFY_PANIC
t1-0,proof_byte,865344,xor01_from0,DESERIALIZE_REJECTED
t1-0,proof_byte,865408,xor01_from17,DESERIALIZE_REJECTED
t1-0,proof_byte,865472,xor01_from121,VERIFY_PANIC
t1-0,proof_byte,865536,xor01_from86,VERIFY_PANIC
t1-0,proof_byte,865600,xor01_from14,VERIFY_PANIC
t1-0,proof_byte,865664,xor01_from66,VERIFY_PANIC
t1-0,proof_byte,865728,xor01_from203,VERIFY_PANIC
t1-0,proof_byte,865792,xor01_from98,VERIFY_PANIC
t1-0,proof_byte,865856,xor01_from152,VERIFY_PANIC
t1-0,proof_byte,865920,xor01_from183,VERIFY_PANIC
t1-0,proof_byte,865984,xor01_from19,DESERIALIZE_REJECTED
t1-0,proof_byte,866048,xor01_from54,VERIFY_PANIC
t1-0,proof_byte,866112,xor01_from201,VERIFY_PANIC
t1-0,proof_byte,866176,xor01_from254,VERIFY_PANIC
t1-0,proof_byte,866240,xor01_from173,VERIFY_PANIC
t1-0,proof_byte,866304,xor01_from54,VERIFY_PANIC
t1-0,proof_byte,866368,xor01_from208,VERIFY_PANIC
t1-0,proof_byte,866432,xor01_from233,VERIFY_PANIC
t1-0,proof_byte,866496,xor01_from83,VERIFY_PANIC
t1-0,proof_byte,866560,xor01_from176,VERIFY_PANIC
t1-0,proof_byte,866624,xor01_from118,VERIFY_PANIC
t1-0,proof_byte,866688,xor01_from224,VERIFY_PANIC
t1-0,proof_byte,866752,xor01_from171,VERIFY_PANIC
t1-0,proof_byte,866816,xor01_from108,VERIFY_PANIC
t1-0,proof_byte,866880,xor01_from234,VERIFY_PANIC
t1-0,proof_byte,866944,xor01_from95,VERIFY_PANIC
t1-0,proof_byte,867008,xor01_from36,VERIFY_PANIC
t1-0,proof_byte,867072,xor01_from185,VERIFY_PANIC
t1-0,proof_byte,867136,xor01_from80,VERIFY_PANIC
t1-0,proof_byte,867200,xor01_from111,VERIFY_PANIC
t1-0,proof_byte,867264,xor01_from221,VERIFY_PANIC
t1-0,proof_byte,867328,xor01_from73,VERIFY_PANIC
t1-0,proof_byte,867392,xor01_from153,VERIFY_PANIC
t1-0,proof_byte,867456,xor01_from114,VERIFY_PANIC
t1-0,proof_byte,867520,xor01_from125,VERIFY_PANIC
t1-0,proof_byte,867584,xor01_from187,VERIFY_PANIC
t1-0,proof_byte,867648,xor01_from165,VERIFY_PANIC
t1-0,proof_byte,867712,xor01_from207,VERIFY_PANIC
t1-0,proof_byte,867776,xor01_from90,VERIFY_PANIC
t1-0,proof_byte,867840,xor01_from1,VERIFY_PANIC
t1-0,proof_byte,867904,xor01_from161,VERIFY_PANIC
t1-0,proof_byte,867968,xor01_from94,VERIFY_PANIC
t1-0,proof_byte,868032,xor01_from173,VERIFY_PANIC
t1-0,proof_byte,868096,xor01_from98,VERIFY_PANIC
t1-0,proof_byte,868160,xor01_from99,VERIFY_PANIC
t1-0,proof_byte,868224,xor01_from229,VERIFY_PANIC
t1-0,proof_byte,868288,xor01_from148,VERIFY_PANIC
t1-0,proof_byte,868352,xor01_from238,VERIFY_PANIC
t1-0,proof_byte,868416,xor01_from175,VERIFY_PANIC
t1-0,proof_byte,868480,xor01_from173,VERIFY_PANIC
t1-0,proof_byte,868544,xor01_from89,VERIFY_PANIC
t1-0,proof_byte,868608,xor01_from160,VERIFY_PANIC
t1-0,proof_byte,868672,xor01_from24,VERIFY_PANIC
t1-0,proof_byte,868736,xor01_from62,VERIFY_PANIC
t1-0,proof_byte,868800,xor01_from41,VERIFY_PANIC
t1-0,proof_byte,868864,xor01_from209,VERIFY_PANIC
t1-0,proof_byte,868928,xor01_from107,VERIFY_PANIC
t1-0,proof_byte,868992,xor01_from250,VERIFY_PANIC
t1-0,proof_byte,869056,xor01_from251,VERIFY_PANIC
t1-0,proof_byte,869120,xor01_from145,VERIFY_PANIC
t1-0,proof_byte,869184,xor01_from84,VERIFY_PANIC
t1-0,proof_byte,869248,xor01_from138,VERIFY_PANIC
t1-0,proof_byte,869312,xor01_from196,VERIFY_PANIC
t1-0,proof_byte,869376,xor01_from188,VERIFY_PANIC
t1-0,proof_byte,869440,xor01_from199,VERIFY_PANIC
t1-0,proof_byte,869504,xor01_from56,VERIFY_PANIC
t1-0,proof_byte,869568,xor01_from92,VERIFY_PANIC
t1-0,proof_byte,869632,xor01_from32,VERIFY_PANIC
t1-0,proof_byte,869696,xor01_from27,VERIFY_PANIC
t1-0,proof_byte,869760,xor01_from151,VERIFY_PANIC
t1-0,proof_byte,869824,xor01_from60,VERIFY_PANIC
t1-0,proof_byte,869888,xor01_from131,VERIFY_PANIC
t1-0,proof_byte,869952,xor01_from35,VERIFY_PANIC
t1-0,proof_byte,870016,xor01_from164,VERIFY_PANIC
t1-0,proof_byte,870080,xor01_from193,VERIFY_PANIC
t1-0,proof_byte,870144,xor01_from11,DESERIALIZE_REJECTED
t1-0,proof_byte,870208,xor01_from128,VERIFY_PANIC
t1-0,proof_byte,870272,xor01_from188,VERIFY_PANIC
t1-0,proof_byte,870336,xor01_from172,VERIFY_PANIC
t1-0,proof_byte,870400,xor01_from127,VERIFY_PANIC
t1-0,proof_byte,870464,xor01_from94,VERIFY_PANIC
t1-0,proof_byte,870528,xor01_from166,VERIFY_PANIC
t1-0,proof_byte,870592,xor01_from134,VERIFY_PANIC
t1-0,proof_byte,870656,xor01_from196,VERIFY_PANIC
t1-0,proof_byte,870720,xor01_from183,VERIFY_PANIC
t1-0,proof_byte,870784,xor01_from50,VERIFY_PANIC
t1-0,proof_byte,870848,xor01_from174,VERIFY_PANIC
t1-0,proof_byte,870912,xor01_from189,VERIFY_PANIC
t1-0,proof_byte,870976,xor01_from60,VERIFY_PANIC
t1-0,proof_byte,871040,xor01_from98,VERIFY_PANIC
t1-0,proof_byte,871104,xor01_from19,VERIFY_PANIC
t1-0,proof_byte,871168,xor01_from47,VERIFY_PANIC
t1-0,proof_byte,871232,xor01_from59,VERIFY_PANIC
t1-0,proof_byte,871296,xor01_from211,VERIFY_PANIC
t1-0,proof_byte,871360,xor01_from118,VERIFY_PANIC
t1-0,proof_byte,871424,xor01_from68,VERIFY_PANIC
t1-0,proof_byte,871488,xor01_from69,VERIFY_PANIC
t1-0,proof_byte,871552,xor01_from254,VERIFY_PANIC
t1-0,proof_byte,871616,xor01_from107,VERIFY_PANIC
t1-0,proof_byte,871680,xor01_from68,VERIFY_PANIC
t1-0,proof_byte,871744,xor01_from40,VERIFY_PANIC
t1-0,proof_byte,871808,xor01_from8,VERIFY_PANIC
t1-0,proof_byte,871872,xor01_from48,VERIFY_PANIC
t1-0,proof_byte,871936,xor01_from17,VERIFY_PANIC
t1-0,proof_byte,872000,xor01_from54,VERIFY_PANIC
t1-0,proof_byte,872064,xor01_from40,VERIFY_PANIC
t1-0,proof_byte,872128,xor01_from249,VERIFY_PANIC
t1-0,proof_byte,872192,xor01_from238,VERIFY_PANIC
t1-0,proof_byte,872256,xor01_from3,DESERIALIZE_REJECTED
t1-0,proof_byte,872320,xor01_from73,VERIFY_PANIC
t1-0,proof_byte,872384,xor01_from199,VERIFY_PANIC
t1-0,proof_byte,872448,xor01_from62,VERIFY_PANIC
t1-0,proof_byte,872512,xor01_from5,DESERIALIZE_REJECTED
t1-0,proof_byte,872576,xor01_from160,VERIFY_PANIC
t1-0,proof_byte,872640,xor01_from8,DESERIALIZE_REJECTED
t1-0,proof_byte,872704,xor01_from155,VERIFY_PANIC
t1-0,proof_byte,872768,xor01_from88,VERIFY_PANIC
t1-0,proof_byte,872832,xor01_from89,VERIFY_PANIC
t1-0,proof_byte,872896,xor01_from50,VERIFY_PANIC
t1-0,proof_byte,872960,xor01_from177,VERIFY_PANIC
t1-0,proof_byte,873024,xor01_from3,VERIFY_PANIC
t1-0,proof_byte,873088,xor01_from83,VERIFY_PANIC
t1-0,proof_byte,873152,xor01_from71,VERIFY_PANIC
t1-0,proof_byte,873216,xor01_from167,VERIFY_PANIC
t1-0,proof_byte,873280,xor01_from147,VERIFY_PANIC
t1-0,proof_byte,873344,xor01_from0,VERIFY_PANIC
t1-0,proof_byte,873408,xor01_from5,DESERIALIZE_REJECTED
t1-0,proof_byte,873472,xor01_from88,VERIFY_PANIC
t1-0,proof_byte,873536,xor01_from56,VERIFY_PANIC
t1-0,proof_byte,873600,xor01_from72,VERIFY_PANIC
t1-0,proof_byte,873664,xor01_from31,VERIFY_PANIC
t1-0,proof_byte,873728,xor01_from223,VERIFY_PANIC
t1-0,proof_byte,873792,xor01_from70,VERIFY_PANIC
t1-0,proof_byte,873856,xor01_from111,VERIFY_PANIC
t1-0,proof_byte,873920,xor01_from34,VERIFY_PANIC
t1-0,proof_byte,873984,xor01_from126,VERIFY_PANIC
t1-0,proof_byte,874048,xor01_from95,VERIFY_PANIC
t1-0,proof_byte,874112,xor01_from250,VERIFY_PANIC
t1-0,proof_byte,874176,xor01_from176,VERIFY_PANIC
t1-0,proof_byte,874240,xor01_from246,VERIFY_PANIC
t1-0,proof_byte,874304,xor01_from189,VERIFY_PANIC
t1-0,proof_byte,874368,xor01_from218,VERIFY_PANIC
t1-0,proof_byte,874432,xor01_from214,VERIFY_PANIC
t1-0,proof_byte,874496,xor01_from163,VERIFY_PANIC
t1-0,proof_byte,874560,xor01_from246,VERIFY_PANIC
t1-0,proof_byte,874624,xor01_from32,VERIFY_PANIC
t1-0,proof_byte,874688,xor01_from167,VERIFY_PANIC
t1-0,proof_byte,874752,xor01_from99,VERIFY_PANIC
t1-0,proof_byte,874816,xor01_from113,VERIFY_PANIC
t1-0,proof_byte,874880,xor01_from62,VERIFY_PANIC
t1-0,proof_byte,874944,xor01_from38,VERIFY_PANIC
t1-0,proof_byte,875008,xor01_from85,VERIFY_PANIC
t1-0,proof_byte,875072,xor01_from219,VERIFY_PANIC
t1-0,proof_byte,875136,xor01_from199,VERIFY_PANIC
t1-0,proof_byte,875200,xor01_from94,VERIFY_PANIC
t1-0,proof_byte,875264,xor01_from251,VERIFY_PANIC
t1-0,proof_byte,875328,xor01_from229,VERIFY_PANIC
t1-0,proof_byte,875392,xor01_from191,VERIFY_PANIC
t1-0,proof_byte,875456,xor01_from131,VERIFY_PANIC
t1-0,proof_byte,875520,xor01_from193,VERIFY_PANIC
t1-0,proof_byte,875584,xor01_from158,VERIFY_PANIC
t1-0,proof_byte,875648,xor01_from1,VERIFY_PANIC
t1-0,proof_byte,875712,xor01_from155,VERIFY_PANIC
t1-0,proof_byte,875776,xor01_from73,VERIFY_PANIC
t1-0,proof_byte,875840,xor01_from2,VERIFY_PANIC
t1-0,proof_byte,875904,xor01_from148,VERIFY_PANIC
t1-0,proof_byte,875968,xor01_from100,VERIFY_PANIC
t1-0,proof_byte,876032,xor01_from130,VERIFY_PANIC
t1-0,proof_byte,876096,xor01_from41,VERIFY_PANIC
t1-0,proof_byte,876160,xor01_from124,VERIFY_PANIC
t1-0,proof_byte,876224,xor01_from63,VERIFY_PANIC
t1-0,proof_byte,876288,xor01_from70,VERIFY_PANIC
t1-0,proof_byte,876352,xor01_from0,DESERIALIZE_REJECTED
t1-0,proof_byte,876416,xor01_from170,VERIFY_PANIC
t1-0,proof_byte,876480,xor01_from1,VERIFY_PANIC
t1-0,proof_byte,876544,xor01_from17,VERIFY_PANIC
t1-0,proof_byte,876608,xor01_from40,VERIFY_PANIC
t1-0,proof_byte,876672,xor01_from199,VERIFY_PANIC
t1-0,proof_byte,876736,xor01_from175,VERIFY_PANIC
t1-0,proof_byte,876800,xor01_from58,VERIFY_PANIC
t1-0,proof_byte,876864,xor01_from28,VERIFY_PANIC
t1-0,proof_byte,876928,xor01_from37,VERIFY_PANIC
t1-0,proof_byte,876992,xor01_from23,VERIFY_PANIC
t1-0,proof_byte,877056,xor01_from203,VERIFY_PANIC
t1-0,proof_byte,877120,xor01_from203,VERIFY_PANIC
t1-0,proof_byte,877184,xor01_from180,VERIFY_PANIC
t1-0,proof_byte,877248,xor01_from202,VERIFY_PANIC
t1-0,proof_byte,877312,xor01_from110,VERIFY_PANIC
t1-0,proof_byte,877376,xor01_from41,VERIFY_PANIC
t1-0,proof_byte,877440,xor01_from60,VERIFY_PANIC
t1-0,proof_byte,877504,xor01_from253,VERIFY_PANIC
t1-0,proof_byte,877568,xor01_from111,VERIFY_PANIC
t1-0,proof_byte,877632,xor01_from195,VERIFY_PANIC
t1-0,proof_byte,877696,xor01_from157,VERIFY_PANIC
t1-0,proof_byte,877760,xor01_from143,VERIFY_PANIC
t1-0,proof_byte,877824,xor01_from73,VERIFY_PANIC
t1-0,proof_byte,877888,xor01_from111,VERIFY_PANIC
t1-0,proof_byte,877952,xor01_from58,VERIFY_PANIC
t1-0,proof_byte,878016,xor01_from183,VERIFY_PANIC
t1-0,proof_byte,878080,xor01_from122,VERIFY_PANIC
t1-0,proof_byte,878144,xor01_from59,VERIFY_PANIC
t1-0,proof_byte,878208,xor01_from208,VERIFY_PANIC
t1-0,proof_byte,878272,xor01_from118,VERIFY_PANIC
t1-0,proof_byte,878336,xor01_from236,VERIFY_PANIC
t1-0,proof_byte,878400,xor01_from87,VERIFY_PANIC
t1-0,proof_byte,878464,xor01_from143,VERIFY_PANIC
t1-0,proof_byte,878528,xor01_from89,VERIFY_PANIC
t1-0,proof_byte,878592,xor01_from166,VERIFY_PANIC
t1-0,proof_byte,878656,xor01_from191,VERIFY_PANIC
t1-0,proof_byte,878720,xor01_from168,VERIFY_PANIC
t1-0,proof_byte,878784,xor01_from54,VERIFY_PANIC
t1-0,proof_byte,878848,xor01_from61,VERIFY_PANIC
t1-0,proof_byte,878912,xor01_from142,VERIFY_PANIC
t1-0,proof_byte,878976,xor01_from169,VERIFY_PANIC
t1-0,proof_byte,879040,xor01_from64,VERIFY_PANIC
t1-0,proof_byte,879104,xor01_from128,VERIFY_PANIC
t1-0,proof_byte,879168,xor01_from211,VERIFY_PANIC
t1-0,proof_byte,879232,xor01_from241,VERIFY_PANIC
t1-0,proof_byte,879296,xor01_from162,VERIFY_PANIC
t1-0,proof_byte,879360,xor01_from117,VERIFY_PANIC
t1-0,proof_byte,879424,xor01_from137,VERIFY_PANIC
t1-0,proof_byte,879488,xor01_from0,DESERIALIZE_REJECTED
t1-0,proof_byte,879552,xor01_from180,VERIFY_PANIC
t1-0,proof_byte,879616,xor01_from173,VERIFY_PANIC
t1-0,proof_byte,879680,xor01_from251,VERIFY_PANIC
t1-0,proof_byte,879744,xor01_from127,VERIFY_PANIC
t1-0,proof_byte,879808,xor01_from68,VERIFY_PANIC
t1-0,proof_byte,879872,xor01_from72,VERIFY_PANIC
t1-0,proof_byte,879936,xor01_from153,VERIFY_PANIC
t1-0,proof_byte,880000,xor01_from17,VERIFY_PANIC
t1-0,proof_byte,880064,xor01_from240,VERIFY_PANIC
t1-0,proof_byte,880128,xor01_from79,VERIFY_PANIC
t1-0,proof_byte,880192,xor01_from33,VERIFY_PANIC
t1-0,proof_byte,880256,xor01_from41,VERIFY_PANIC
t1-0,proof_byte,880320,xor01_from211,VERIFY_PANIC
t1-0,proof_byte,880384,xor01_from214,VERIFY_PANIC
t1-0,proof_byte,880448,xor01_from50,VERIFY_PANIC
t1-0,proof_byte,880512,xor01_from44,VERIFY_PANIC
t1-0,proof_byte,880576,xor01_from97,VERIFY_PANIC
t1-0,proof_byte,880640,xor01_from216,VERIFY_PANIC
t1-0,proof_byte,880704,xor01_from60,VERIFY_PANIC
t1-0,proof_byte,880768,xor01_from89,VERIFY_PANIC
t1-0,proof_byte,880832,xor01_from232,VERIFY_PANIC
t1-0,proof_byte,880896,xor01_from111,VERIFY_PANIC
t1-0,proof_byte,880960,xor01_from45,VERIFY_PANIC
t1-0,proof_byte,881024,xor01_from168,VERIFY_PANIC
t1-0,proof_byte,881088,xor01_from151,VERIFY_PANIC
t1-0,proof_byte,881152,xor01_from208,VERIFY_PANIC
t1-0,proof_byte,881216,xor01_from71,VERIFY_PANIC
t1-0,proof_byte,881280,xor01_from53,VERIFY_PANIC
t1-0,proof_byte,881344,xor01_from118,VERIFY_PANIC
t1-0,proof_byte,881408,xor01_from76,VERIFY_PANIC
t1-0,proof_byte,881472,xor01_from148,VERIFY_PANIC
t1-0,proof_byte,881536,xor01_from24,VERIFY_PANIC
t1-0,proof_byte,881600,xor01_from8,VERIFY_PANIC
t1-0,proof_byte,881664,xor01_from97,VERIFY_PANIC
t1-0,proof_byte,881728,xor01_from151,VERIFY_PANIC
t1-0,proof_byte,881792,xor01_from219,VERIFY_PANIC
t1-0,proof_byte,881856,xor01_from79,VERIFY_PANIC
t1-0,proof_byte,881920,xor01_from105,VERIFY_PANIC
t1-0,proof_byte,881984,xor01_from144,VERIFY_PANIC
t1-0,proof_byte,882048,xor01_from46,VERIFY_PANIC
t1-0,proof_byte,882112,xor01_from145,VERIFY_PANIC
t1-0,proof_byte,882176,xor01_from208,VERIFY_PANIC
t1-0,proof_byte,882240,xor01_from40,VERIFY_PANIC
t1-0,proof_byte,882304,xor01_from23,VERIFY_PANIC
t1-0,proof_byte,882368,xor01_from120,VERIFY_PANIC
t1-0,proof_byte,882432,xor01_from37,VERIFY_PANIC
t1-0,proof_byte,882496,xor01_from195,VERIFY_PANIC
t1-0,proof_byte,882560,xor01_from231,VERIFY_PANIC
t1-0,proof_byte,882624,xor01_from112,VERIFY_PANIC
t1-0,proof_byte,882688,xor01_from159,VERIFY_PANIC
t1-0,proof_byte,882752,xor01_from189,VERIFY_PANIC
t1-0,proof_byte,882816,xor01_from182,VERIFY_PANIC
t1-0,proof_byte,882880,xor01_from94,VERIFY_PANIC
t1-0,proof_byte,882944,xor01_from58,VERIFY_PANIC
t1-0,proof_byte,883008,xor01_from132,VERIFY_PANIC
t1-0,proof_byte,883072,xor01_from129,VERIFY_PANIC
t1-0,proof_byte,883136,xor01_from183,VERIFY_PANIC
t1-0,proof_byte,883200,xor01_from203,VERIFY_PANIC
t1-0,proof_byte,883264,xor01_from190,VERIFY_PANIC
t1-0,proof_byte,883328,xor01_from221,VERIFY_PANIC
t1-0,proof_byte,883392,xor01_from203,VERIFY_PANIC
t1-0,proof_byte,883456,xor01_from203,VERIFY_PANIC
t1-0,proof_byte,883520,xor01_from35,VERIFY_PANIC
t1-0,proof_byte,883584,xor01_from196,VERIFY_PANIC
t1-0,proof_byte,883648,xor01_from176,VERIFY_PANIC
t1-0,proof_byte,883712,xor01_from88,VERIFY_PANIC
t1-0,proof_byte,883776,xor01_from194,VERIFY_PANIC
t1-0,proof_byte,883840,xor01_from16,DESERIALIZE_REJECTED
t1-0,proof_byte,883904,xor01_from102,VERIFY_PANIC
t1-0,proof_byte,883968,xor01_from80,VERIFY_PANIC
t1-0,proof_byte,884032,xor01_from148,VERIFY_PANIC
t1-0,proof_byte,884096,xor01_from91,VERIFY_PANIC
t1-0,proof_byte,884160,xor01_from20,VERIFY_PANIC
t1-0,proof_byte,884224,xor01_from112,VERIFY_PANIC
t1-0,proof_byte,884288,xor01_from152,VERIFY_PANIC
t1-0,proof_byte,884352,xor01_from218,VERIFY_PANIC
t1-0,proof_byte,884416,xor01_from5,VERIFY_PANIC
t1-0,proof_byte,884480,xor01_from240,VERIFY_PANIC
t1-0,proof_byte,884544,xor01_from100,VERIFY_PANIC
t1-0,proof_byte,884608,xor01_from231,VERIFY_PANIC
t1-0,proof_byte,884672,xor01_from142,VERIFY_PANIC
t1-0,proof_byte,884736,xor01_from214,VERIFY_PANIC
t1-0,proof_byte,884800,xor01_from33,VERIFY_PANIC
t1-0,proof_byte,884864,xor01_from70,VERIFY_PANIC
t1-0,proof_byte,884928,xor01_from237,VERIFY_PANIC
t1-0,proof_byte,884992,xor01_from222,VERIFY_PANIC
t1-0,proof_byte,885056,xor01_from110,VERIFY_PANIC
t1-0,proof_byte,885120,xor01_from135,VERIFY_PANIC
t1-0,proof_byte,885184,xor01_from174,VERIFY_PANIC
t1-0,proof_byte,885248,xor01_from69,VERIFY_PANIC
t1-0,proof_byte,885312,xor01_from217,VERIFY_PANIC
t1-0,proof_byte,885376,xor01_from131,VERIFY_PANIC
t1-0,proof_byte,885440,xor01_from116,VERIFY_PANIC
t1-0,proof_byte,885504,xor01_from237,VERIFY_PANIC
t1-0,proof_byte,885568,xor01_from96,VERIFY_PANIC
t1-0,proof_byte,885632,xor01_from90,VERIFY_PANIC
t1-0,proof_byte,885696,xor01_from178,VERIFY_PANIC
t1-0,proof_byte,885760,xor01_from160,VERIFY_PANIC
t1-0,proof_byte,885824,xor01_from160,VERIFY_PANIC
t1-0,proof_byte,885888,xor01_from150,VERIFY_PANIC
t1-0,proof_byte,885952,xor01_from55,VERIFY_PANIC
t1-0,proof_byte,886016,xor01_from32,VERIFY_PANIC
t1-0,proof_byte,886080,xor01_from103,VERIFY_PANIC
t1-0,proof_byte,886144,xor01_from83,VERIFY_PANIC
t1-0,proof_byte,886208,xor01_from121,VERIFY_PANIC
t1-0,proof_byte,886272,xor01_from236,VERIFY_PANIC
t1-0,proof_byte,886336,xor01_from127,VERIFY_PANIC
t1-0,proof_byte,886400,xor01_from6,VERIFY_PANIC
t1-0,proof_byte,886464,xor01_from252,VERIFY_PANIC
t1-0,proof_byte,886528,xor01_from64,VERIFY_PANIC
t1-0,proof_byte,886592,xor01_from65,VERIFY_PANIC
t1-0,proof_byte,886656,xor01_from106,VERIFY_PANIC
t1-0,proof_byte,886720,xor01_from104,VERIFY_PANIC
t1-0,proof_byte,886784,xor01_from84,VERIFY_PANIC
t1-0,proof_byte,886848,xor01_from253,VERIFY_PANIC
t1-0,proof_byte,886912,xor01_from162,VERIFY_PANIC
t1-0,proof_byte,886976,xor01_from65,VERIFY_PANIC
t1-0,proof_byte,887040,xor01_from171,VERIFY_PANIC
t1-0,proof_byte,887104,xor01_from101,VERIFY_PANIC
t1-0,proof_byte,887168,xor01_from141,VERIFY_PANIC
t1-0,proof_byte,887232,xor01_from8,DESERIALIZE_REJECTED
t1-0,proof_byte,887296,xor01_from176,VERIFY_PANIC
t1-0,proof_byte,887360,xor01_from244,VERIFY_PANIC
t1-0,proof_byte,887424,xor01_from42,VERIFY_PANIC
t1-0,proof_byte,887488,xor01_from231,VERIFY_PANIC
t1-0,proof_byte,887552,xor01_from47,VERIFY_PANIC
t1-0,proof_byte,887616,xor01_from180,VERIFY_PANIC
t1-0,proof_byte,887680,xor01_from201,VERIFY_PANIC
t1-0,proof_byte,887744,xor01_from204,VERIFY_PANIC
t1-0,proof_byte,887808,xor01_from55,VERIFY_PANIC
t1-0,proof_byte,887872,xor01_from81,VERIFY_PANIC
t1-0,proof_byte,887936,xor01_from29,VERIFY_PANIC
t1-0,proof_byte,888000,xor01_from101,VERIFY_PANIC
t1-0,proof_byte,888064,xor01_from239,VERIFY_PANIC
t1-0,proof_byte,888128,xor01_from166,VERIFY_PANIC
t1-0,proof_byte,888192,xor01_from57,VERIFY_PANIC
t1-0,proof_byte,888256,xor01_from197,VERIFY_PANIC
t1-0,proof_byte,888320,xor01_from230,VERIFY_PANIC
t1-0,proof_byte,888384,xor01_from216,VERIFY_PANIC
t1-0,proof_byte,888448,xor01_from171,VERIFY_PANIC
t1-0,proof_byte,888512,xor01_from215,VERIFY_PANIC
t1-0,proof_byte,888576,xor01_from8,DESERIALIZE_REJECTED
t1-0,proof_byte,888640,xor01_from201,VERIFY_PANIC
t1-0,proof_byte,888704,xor01_from2,VERIFY_PANIC
t1-0,proof_byte,888768,xor01_from20,DESERIALIZE_REJECTED
t1-0,proof_byte,888832,xor01_from245,VERIFY_PANIC
t1-0,proof_byte,888896,xor01_from111,VERIFY_PANIC
t1-0,proof_byte,888960,xor01_from99,VERIFY_PANIC
t1-0,proof_byte,889024,xor01_from53,VERIFY_PANIC
t1-0,proof_byte,889088,xor01_from227,VERIFY_PANIC
t1-0,proof_byte,889152,xor01_from17,VERIFY_PANIC
t1-0,proof_byte,889216,xor01_from126,VERIFY_PANIC
t1-0,proof_byte,889280,xor01_from95,VERIFY_PANIC
t1-0,proof_byte,889344,xor01_from189,VERIFY_PANIC
t1-0,proof_byte,889408,xor01_from76,VERIFY_PANIC
t1-0,proof_byte,889472,xor01_from66,VERIFY_PANIC
t1-0,proof_byte,889536,xor01_from57,VERIFY_PANIC
t1-0,proof_byte,889600,xor01_from139,VERIFY_PANIC
t1-0,proof_byte,889664,xor01_from246,VERIFY_PANIC
t1-0,proof_byte,889728,xor01_from91,VERIFY_PANIC
t1-0,proof_byte,889792,xor01_from1,VERIFY_PANIC
t1-0,proof_byte,889856,xor01_from71,VERIFY_PANIC
t1-0,proof_byte,889920,xor01_from35,VERIFY_PANIC
t1-0,proof_byte,889984,xor01_from9,VERIFY_PANIC
t1-0,proof_byte,890048,xor01_from0,DESERIALIZE_REJECTED
t1-0,proof_byte,890112,xor01_from218,VERIFY_PANIC
t1-0,proof_byte,890176,xor01_from27,VERIFY_PANIC
t1-0,proof_byte,890240,xor01_from53,VERIFY_PANIC
t1-0,proof_byte,890304,xor01_from190,VERIFY_PANIC
t1-0,proof_byte,890368,xor01_from244,VERIFY_PANIC
t1-0,proof_byte,890432,xor01_from226,VERIFY_PANIC
t1-0,proof_byte,890496,xor01_from10,VERIFY_PANIC
t1-0,proof_byte,890560,xor01_from246,VERIFY_PANIC
t1-0,proof_byte,890624,xor01_from106,VERIFY_PANIC
t1-0,proof_byte,890688,xor01_from127,VERIFY_PANIC
t1-0,proof_byte,890752,xor01_from169,VERIFY_PANIC
t1-0,proof_byte,890816,xor01_from154,VERIFY_PANIC
t1-0,proof_byte,890880,xor01_from83,VERIFY_PANIC
t1-0,proof_byte,890944,xor01_from85,VERIFY_PANIC
t1-0,proof_byte,891008,xor01_from78,VERIFY_PANIC
t1-0,proof_byte,891072,xor01_from116,VERIFY_PANIC
t1-0,proof_byte,891136,xor01_from76,VERIFY_PANIC
t1-0,proof_byte,891200,xor01_from12,VERIFY_PANIC
t1-0,proof_byte,891264,xor01_from151,VERIFY_PANIC
t1-0,proof_byte,891328,xor01_from235,VERIFY_PANIC
t1-0,proof_byte,891392,xor01_from8,VERIFY_PANIC
t1-0,proof_byte,891456,xor01_from99,VERIFY_PANIC
t1-0,proof_byte,891520,xor01_from183,VERIFY_PANIC
t1-0,proof_byte,891584,xor01_from44,VERIFY_PANIC
t1-0,proof_byte,891648,xor01_from111,VERIFY_PANIC
t1-0,proof_byte,891712,xor01_from1,VERIFY_PANIC
t1-0,proof_byte,891776,xor01_from40,VERIFY_PANIC
t1-0,proof_byte,891840,xor01_from11,VERIFY_PANIC
t1-0,proof_byte,891904,xor01_from207,VERIFY_PANIC
t1-0,proof_byte,891968,xor01_from100,VERIFY_PANIC
t1-0,proof_byte,892032,xor01_from39,VERIFY_PANIC
t1-0,proof_byte,892096,xor01_from106,VERIFY_PANIC
t1-0,proof_byte,892160,xor01_from92,VERIFY_PANIC
t1-0,proof_byte,892224,xor01_from97,VERIFY_PANIC
t1-0,proof_byte,892288,xor01_from202,VERIFY_PANIC
t1-0,proof_byte,892352,xor01_from242,VERIFY_PANIC
t1-0,proof_byte,892416,xor01_from117,VERIFY_PANIC
t1-0,proof_byte,892480,xor01_from48,VERIFY_PANIC
t1-0,proof_byte,892544,xor01_from255,VERIFY_PANIC
t1-0,proof_byte,892608,xor01_from57,VERIFY_PANIC
t1-0,proof_byte,892672,xor01_from61,VERIFY_PANIC
t1-0,proof_byte,892736,xor01_from207,VERIFY_PANIC
t1-0,proof_byte,892800,xor01_from75,VERIFY_PANIC
t1-0,proof_byte,892864,xor01_from76,VERIFY_PANIC
t1-0,proof_byte,892928,xor01_from253,VERIFY_PANIC
t1-0,proof_byte,892992,xor01_from178,VERIFY_PANIC
t1-0,proof_byte,893056,xor01_from164,VERIFY_PANIC
t1-0,proof_byte,893120,xor01_from134,VERIFY_PANIC
t1-0,proof_byte,893184,xor01_from155,VERIFY_PANIC
t1-0,proof_byte,893248,xor01_from193,VERIFY_PANIC
t1-0,proof_byte,893312,xor01_from175,VERIFY_PANIC
t1-0,proof_byte,893376,xor01_from97,VERIFY_PANIC
t1-0,proof_byte,893440,xor01_from200,VERIFY_PANIC
t1-0,proof_byte,893504,xor01_from186,VERIFY_PANIC
t1-0,proof_byte,893568,xor01_from78,VERIFY_PANIC
t1-0,proof_byte,893632,xor01_from129,VERIFY_PANIC
t1-0,proof_byte,893696,xor01_from194,VERIFY_PANIC
t1-0,proof_byte,893760,xor01_from109,VERIFY_PANIC
t1-0,proof_byte,893824,xor01_from0,DESERIALIZE_REJECTED
t1-0,proof_byte,893888,xor01_from196,VERIFY_PANIC
t1-0,proof_byte,893952,xor01_from79,VERIFY_PANIC
t1-0,proof_byte,894016,xor01_from150,VERIFY_PANIC
t1-0,proof_byte,894080,xor01_from6,VERIFY_PANIC
t1-0,proof_byte,894144,xor01_from143,VERIFY_PANIC
t1-0,proof_byte,894208,xor01_from28,VERIFY_PANIC
t1-0,proof_byte,894272,xor01_from199,VERIFY_PANIC
t1-0,proof_byte,894336,xor01_from77,VERIFY_PANIC
t1-0,proof_byte,894400,xor01_from2,VERIFY_PANIC
t1-0,proof_byte,894464,xor01_from182,VERIFY_PANIC
t1-0,proof_byte,894528,xor01_from64,VERIFY_PANIC
t1-0,proof_byte,894592,xor01_from218,VERIFY_PANIC
t1-0,proof_byte,894656,xor01_from255,VERIFY_PANIC
t1-0,proof_byte,894720,xor01_from48,VERIFY_PANIC
t1-0,proof_byte,894784,xor01_from63,VERIFY_PANIC
t1-0,proof_byte,894848,xor01_from168,VERIFY_PANIC
t1-0,proof_byte,894912,xor01_from246,VERIFY_PANIC
t1-0,proof_byte,894976,xor01_from5,VERIFY_PANIC
t1-0,proof_byte,895040,xor01_from186,VERIFY_PANIC
t1-0,proof_byte,895104,xor01_from231,VERIFY_PANIC
t1-0,proof_byte,895168,xor01_from232,VERIFY_PANIC
t1-0,proof_byte,895232,xor01_from88,VERIFY_PANIC
t1-0,proof_byte,895296,xor01_from222,VERIFY_PANIC
t1-0,proof_byte,895360,xor01_from154,VERIFY_PANIC
t1-0,proof_byte,895424,xor01_from200,VERIFY_PANIC
t1-0,proof_byte,895488,xor01_from5,VERIFY_PANIC
t1-0,proof_byte,895552,xor01_from22,VERIFY_PANIC
t1-0,proof_byte,895616,xor01_from72,VERIFY_PANIC
t1-0,proof_byte,895680,xor01_from37,VERIFY_PANIC
t1-0,proof_byte,895744,xor01_from128,VERIFY_PANIC
t1-0,proof_byte,895808,xor01_from164,VERIFY_PANIC
t1-0,proof_byte,895872,xor01_from150,VERIFY_PANIC
t1-0,proof_byte,895936,xor01_from87,VERIFY_PANIC
t1-0,proof_byte,896000,xor01_from141,VERIFY_PANIC
t1-0,proof_byte,896064,xor01_from113,VERIFY_PANIC
t1-0,proof_byte,896128,xor01_from14,VERIFY_PANIC
t1-0,proof_byte,896192,xor01_from0,DESERIALIZE_REJECTED
t1-0,proof_byte,896256,xor01_from5,VERIFY_PANIC
t1-0,proof_byte,896320,xor01_from99,VERIFY_PANIC
t1-0,proof_byte,896384,xor01_from101,VERIFY_PANIC
t1-0,proof_byte,896448,xor01_from64,VERIFY_PANIC
t1-0,proof_byte,896512,xor01_from251,VERIFY_PANIC
t1-0,proof_byte,896576,xor01_from60,VERIFY_PANIC
t1-0,proof_byte,896640,xor01_from196,VERIFY_PANIC
t1-0,proof_byte,896704,xor01_from130,VERIFY_PANIC
t1-0,proof_byte,896768,xor01_from0,DESERIALIZE_REJECTED
t1-0,proof_byte,896832,xor01_from160,VERIFY_PANIC
t1-0,proof_byte,896896,xor01_from174,VERIFY_PANIC
t1-0,proof_byte,896960,xor01_from10,VERIFY_PANIC
t1-0,proof_byte,897024,xor01_from1,VERIFY_PANIC
t1-0,proof_byte,897088,xor01_from27,VERIFY_PANIC
t1-0,proof_byte,897152,xor01_from37,VERIFY_PANIC
t1-0,proof_byte,897216,xor01_from54,VERIFY_PANIC
t1-0,proof_byte,897280,xor01_from2,VERIFY_PANIC
t1-0,proof_byte,897344,xor01_from220,VERIFY_PANIC
t1-0,proof_byte,897408,xor01_from204,VERIFY_PANIC
t1-0,proof_byte,897472,xor01_from227,VERIFY_PANIC
t1-0,proof_byte,897536,xor01_from241,VERIFY_PANIC
t1-0,proof_byte,897600,xor01_from87,VERIFY_PANIC
t1-0,proof_byte,897664,xor01_from169,VERIFY_PANIC
t1-0,proof_byte,897728,xor01_from201,VERIFY_PANIC
t1-0,proof_byte,897792,xor01_from118,VERIFY_PANIC
t1-0,proof_byte,897856,xor01_from79,VERIFY_PANIC
t1-0,proof_byte,897920,xor01_from248,VERIFY_PANIC
t1-0,proof_byte,897984,xor01_from120,VERIFY_PANIC
t1-0,proof_byte,898048,xor01_from42,VERIFY_PANIC
t1-0,proof_byte,898112,xor01_from241,VERIFY_PANIC
t1-0,proof_byte,898176,xor01_from167,VERIFY_PANIC
t1-0,proof_byte,898240,xor01_from31,VERIFY_PANIC
t1-0,proof_byte,898304,xor01_from241,VERIFY_PANIC
t1-0,proof_byte,898368,xor01_from64,VERIFY_PANIC
t1-0,proof_byte,898432,xor01_from108,VERIFY_PANIC
t1-0,proof_byte,898496,xor01_from134,VERIFY_PANIC
t1-0,proof_byte,898560,xor01_from140,VERIFY_PANIC
t1-0,proof_byte,898624,xor01_from61,VERIFY_PANIC
t1-0,proof_byte,898688,xor01_from227,VERIFY_PANIC
t1-0,proof_byte,898752,xor01_from185,VERIFY_PANIC
t1-0,proof_byte,898816,xor01_from170,VERIFY_PANIC
t1-0,proof_byte,898880,xor01_from171,VERIFY_PANIC
t1-0,proof_byte,898944,xor01_from97,VERIFY_PANIC
t1-0,proof_byte,899008,xor01_from26,VERIFY_PANIC
t1-0,proof_byte,899072,xor01_from187,VERIFY_PANIC
t1-0,proof_byte,899136,xor01_from155,VERIFY_PANIC
t1-0,proof_byte,899200,xor01_from89,VERIFY_PANIC
t1-0,proof_byte,899264,xor01_from238,VERIFY_PANIC
t1-0,proof_byte,899328,xor01_from17,DESERIALIZE_REJECTED
t1-0,proof_byte,899392,xor01_from238,VERIFY_PANIC
t1-0,proof_byte,899456,xor01_from154,VERIFY_PANIC
t1-0,proof_byte,899520,xor01_from167,VERIFY_PANIC
t1-0,proof_byte,899584,xor01_from139,VERIFY_PANIC
t1-0,proof_byte,899648,xor01_from130,VERIFY_PANIC
t1-0,proof_byte,899712,xor01_from127,VERIFY_PANIC
t1-0,proof_byte,899776,xor01_from236,VERIFY_PANIC
t1-0,proof_byte,899840,xor01_from36,VERIFY_PANIC
t1-0,proof_byte,899904,xor01_from135,VERIFY_PANIC
t1-0,proof_byte,899968,xor01_from195,VERIFY_PANIC
t1-0,proof_byte,900032,xor01_from45,VERIFY_PANIC
t1-0,proof_byte,900096,xor01_from86,VERIFY_PANIC
t1-0,proof_byte,900160,xor01_from233,VERIFY_PANIC
t1-0,proof_byte,900224,xor01_from122,VERIFY_PANIC
t1-0,proof_byte,900288,xor01_from101,VERIFY_PANIC
t1-0,proof_byte,900352,xor01_from197,VERIFY_PANIC
t1-0,proof_byte,900416,xor01_from59,VERIFY_PANIC
t1-0,proof_byte,900480,xor01_from77,VERIFY_PANIC
t1-0,proof_byte,900544,xor01_from223,VERIFY_PANIC
t1-0,proof_byte,900608,xor01_from85,VERIFY_PANIC
t1-0,proof_byte,900672,xor01_from162,VERIFY_PANIC
t1-0,proof_byte,900736,xor01_from147,VERIFY_PANIC
t1-0,proof_byte,900800,xor01_from64,VERIFY_PANIC
t1-0,proof_byte,900864,xor01_from195,VERIFY_PANIC
t1-0,proof_byte,900928,xor01_from217,VERIFY_PANIC
t1-0,proof_byte,900992,xor01_from20,VERIFY_PANIC
t1-0,proof_byte,901056,xor01_from0,VERIFY_PANIC
t1-0,proof_byte,901120,xor01_from70,VERIFY_PANIC
t1-0,proof_byte,901184,xor01_from74,VERIFY_PANIC
t1-0,proof_byte,901248,xor01_from60,VERIFY_PANIC
t1-0,proof_byte,901312,xor01_from46,VERIFY_PANIC
t1-0,proof_byte,901376,xor01_from57,VERIFY_PANIC
t1-0,proof_byte,901440,xor01_from96,VERIFY_PANIC
t1-0,proof_byte,901504,xor01_from179,VERIFY_PANIC
t1-0,proof_byte,901568,xor01_from234,VERIFY_PANIC
t1-0,proof_byte,901632,xor01_from172,VERIFY_PANIC
t1-0,proof_byte,901696,xor01_from119,VERIFY_PANIC
t1-0,proof_byte,901760,xor01_from206,VERIFY_PANIC
t1-0,proof_byte,901824,xor01_from180,VERIFY_PANIC
t1-0,proof_byte,901888,xor01_from60,VERIFY_PANIC
t1-0,proof_byte,901952,xor01_from186,VERIFY_PANIC
t1-0,proof_byte,902016,xor01_from2,VERIFY_PANIC
t1-0,proof_byte,902080,xor01_from160,VERIFY_PANIC
t1-0,proof_byte,902144,xor01_from107,VERIFY_PANIC
t1-0,proof_byte,902208,xor01_from117,VERIFY_PANIC
t1-0,proof_byte,902272,xor01_from122,VERIFY_PANIC
t1-0,proof_byte,902336,xor01_from72,VERIFY_PANIC
t1-0,proof_byte,902400,xor01_from110,VERIFY_PANIC
t1-0,proof_byte,902464,xor01_from166,VERIFY_PANIC
t1-0,proof_byte,902528,xor01_from180,VERIFY_PANIC
t1-0,proof_byte,902592,xor01_from184,VERIFY_PANIC
t1-0,proof_byte,902656,xor01_from214,VERIFY_PANIC
t1-0,proof_byte,902720,xor01_from86,VERIFY_PANIC
t1-0,proof_byte,902784,xor01_from157,VERIFY_PANIC
t1-0,proof_byte,902848,xor01_from244,VERIFY_PANIC
t1-0,proof_byte,902912,xor01_from250,VERIFY_PANIC
t1-0,proof_byte,902976,xor01_from9,DESERIALIZE_REJECTED
t1-0,proof_byte,903040,xor01_from227,VERIFY_PANIC
t1-0,proof_byte,903104,xor01_from115,VERIFY_PANIC
t1-0,proof_byte,903168,xor01_from70,VERIFY_PANIC
t1-0,proof_byte,903232,xor01_from106,VERIFY_PANIC
t1-0,proof_byte,903296,xor01_from20,VERIFY_PANIC
t1-0,proof_byte,903360,xor01_from186,VERIFY_PANIC
t1-0,proof_byte,903424,xor01_from207,VERIFY_PANIC
t1-0,proof_byte,903488,xor01_from43,VERIFY_PANIC
t1-0,proof_byte,903552,xor01_from195,VERIFY_PANIC
t1-0,proof_byte,903616,xor01_from115,VERIFY_PANIC
t1-0,proof_byte,903680,xor01_from99,VERIFY_PANIC
t1-0,proof_byte,903744,xor01_from19,VERIFY_PANIC
t1-0,proof_byte,903808,xor01_from240,VERIFY_PANIC
t1-0,proof_byte,903872,xor01_from168,VERIFY_PANIC
t1-0,proof_byte,903936,xor01_from250,VERIFY_PANIC
t1-0,proof_byte,904000,xor01_from111,VERIFY_PANIC
t1-0,proof_byte,904064,xor01_from75,VERIFY_PANIC
t1-0,proof_byte,904128,xor01_from168,VERIFY_PANIC
t1-0,proof_byte,904192,xor01_from24,VERIFY_PANIC
t1-0,proof_byte,904256,xor01_from234,VERIFY_PANIC
t1-0,proof_byte,904320,xor01_from161,VERIFY_PANIC
t1-0,proof_byte,904384,xor01_from209,VERIFY_PANIC
t1-0,proof_byte,904448,xor01_from188,VERIFY_PANIC
t1-0,proof_byte,904512,xor01_from159,VERIFY_PANIC
t1-0,proof_byte,904576,xor01_from1,DESERIALIZE_REJECTED
t1-0,proof_byte,904640,xor01_from62,VERIFY_PANIC
t1-0,proof_byte,904704,xor01_from196,VERIFY_PANIC
t1-0,proof_byte,904768,xor01_from240,VERIFY_PANIC
t1-0,proof_byte,904832,xor01_from240,VERIFY_PANIC
t1-0,proof_byte,904896,xor01_from113,VERIFY_PANIC
t1-0,proof_byte,904960,xor01_from68,VERIFY_PANIC
t1-0,proof_byte,905024,xor01_from209,VERIFY_PANIC
t1-0,proof_byte,905088,xor01_from82,VERIFY_PANIC
t1-0,proof_byte,905152,xor01_from246,VERIFY_PANIC
t1-0,proof_byte,905216,xor01_from9,VERIFY_PANIC
t1-0,proof_byte,905280,xor01_from17,VERIFY_PANIC
t1-0,proof_byte,905344,xor01_from31,VERIFY_PANIC
t1-0,proof_byte,905408,xor01_from132,VERIFY_PANIC
t1-0,proof_byte,905472,xor01_from2,DESERIALIZE_REJECTED
t1-0,proof_byte,905536,xor01_from45,VERIFY_PANIC
t1-0,proof_byte,905600,xor01_from220,VERIFY_PANIC
t1-0,proof_byte,905664,xor01_from108,VERIFY_PANIC
t1-0,proof_byte,905728,xor01_from223,VERIFY_PANIC
t1-0,proof_byte,905792,xor01_from55,VERIFY_PANIC
t1-0,proof_byte,905856,xor01_from147,VERIFY_PANIC
t1-0,proof_byte,905920,xor01_from142,VERIFY_PANIC
t1-0,proof_byte,905984,xor01_from34,VERIFY_PANIC
t1-0,proof_byte,906048,xor01_from131,VERIFY_PANIC
t1-0,proof_byte,906112,xor01_from63,VERIFY_PANIC
t1-0,proof_byte,906176,xor01_from253,VERIFY_PANIC
t1-0,proof_byte,906240,xor01_from28,VERIFY_PANIC
t1-0,proof_byte,906304,xor01_from53,VERIFY_PANIC
t1-0,proof_byte,906368,xor01_from116,VERIFY_PANIC
t1-0,proof_byte,906432,xor01_from12,VERIFY_PANIC
t1-0,proof_byte,906496,xor01_from197,VERIFY_PANIC
t1-0,proof_byte,906560,xor01_from236,VERIFY_PANIC
t1-0,proof_byte,906624,xor01_from61,VERIFY_PANIC
t1-0,proof_byte,906688,xor01_from226,VERIFY_PANIC
t1-0,proof_byte,906752,xor01_from110,VERIFY_PANIC
t1-0,proof_byte,906816,xor01_from246,VERIFY_PANIC
t1-0,proof_byte,906880,xor01_from162,VERIFY_PANIC
t1-0,proof_byte,906944,xor01_from31,VERIFY_PANIC
t1-0,proof_byte,907008,xor01_from6,VERIFY_PANIC
t1-0,proof_byte,907072,xor01_from34,VERIFY_PANIC
t1-0,proof_byte,907136,xor01_from161,VERIFY_PANIC
t1-0,proof_byte,907200,xor01_from234,VERIFY_PANIC
t1-0,proof_byte,907264,xor01_from222,VERIFY_PANIC
t1-0,proof_byte,907328,xor01_from37,VERIFY_PANIC
t1-0,proof_byte,907392,xor01_from180,VERIFY_PANIC
t1-0,proof_byte,907456,xor01_from176,VERIFY_PANIC
t1-0,proof_byte,907520,xor01_from78,VERIFY_PANIC
t1-0,proof_byte,907584,xor01_from94,VERIFY_PANIC
t1-0,proof_byte,907648,xor01_from55,VERIFY_PANIC
t1-0,proof_byte,907712,xor01_from24,VERIFY_PANIC
t1-0,proof_byte,907776,xor01_from154,VERIFY_PANIC
t1-0,proof_byte,907840,xor01_from200,VERIFY_PANIC
t1-0,proof_byte,907904,xor01_from132,VERIFY_PANIC
t1-0,proof_byte,907968,xor01_from255,VERIFY_PANIC
t1-0,proof_byte,908032,xor01_from33,VERIFY_PANIC
t1-0,proof_byte,908096,xor01_from70,VERIFY_PANIC
t1-0,proof_byte,908160,xor01_from188,VERIFY_PANIC
t1-0,proof_byte,908224,xor01_from198,VERIFY_PANIC
t1-0,proof_byte,908288,xor01_from249,VERIFY_PANIC
t1-0,proof_byte,908352,xor01_from124,VERIFY_PANIC
t1-0,proof_byte,908416,xor01_from126,VERIFY_PANIC
t1-0,proof_byte,908480,xor01_from73,VERIFY_PANIC
t1-0,proof_byte,908544,xor01_from161,VERIFY_PANIC
t1-0,proof_byte,908608,xor01_from208,VERIFY_PANIC
t1-0,proof_byte,908672,xor01_from142,VERIFY_PANIC
t1-0,proof_byte,908736,xor01_from54,VERIFY_PANIC
t1-0,proof_byte,908800,xor01_from28,VERIFY_PANIC
t1-0,proof_byte,908864,xor01_from187,VERIFY_PANIC
t1-0,proof_byte,908928,xor01_from152,VERIFY_PANIC
t1-0,proof_byte,908992,xor01_from112,VERIFY_PANIC
t1-0,proof_byte,909056,xor01_from115,VERIFY_PANIC
t1-0,proof_byte,909120,xor01_from117,VERIFY_PANIC
t1-0,proof_byte,909184,xor01_from228,VERIFY_PANIC
t1-0,proof_byte,909248,xor01_from234,VERIFY_PANIC
t1-0,proof_byte,909312,xor01_from187,VERIFY_PANIC
t1-0,proof_byte,909376,xor01_from212,VERIFY_PANIC
t1-0,proof_byte,909440,xor01_from0,DESERIALIZE_REJECTED
t1-0,proof_byte,909504,xor01_from41,VERIFY_PANIC
t1-0,proof_byte,909568,xor01_from53,VERIFY_PANIC
t1-0,proof_byte,909632,xor01_from242,VERIFY_PANIC
t1-0,proof_byte,909696,xor01_from83,VERIFY_PANIC
t1-0,proof_byte,909760,xor01_from206,VERIFY_PANIC
t1-0,proof_byte,909824,xor01_from253,VERIFY_PANIC
t1-0,proof_byte,909888,xor01_from25,VERIFY_PANIC
t1-0,proof_byte,909952,xor01_from154,VERIFY_PANIC
t1-0,proof_byte,910016,xor01_from157,VERIFY_PANIC
t1-0,proof_byte,910080,xor01_from132,VERIFY_PANIC
t1-0,proof_byte,910144,xor01_from71,VERIFY_PANIC
t1-0,proof_byte,910208,xor01_from149,VERIFY_PANIC
t1-0,proof_byte,910272,xor01_from176,VERIFY_PANIC
t1-0,proof_byte,910336,xor01_from49,VERIFY_PANIC
t1-0,proof_byte,910400,xor01_from136,VERIFY_PANIC
t1-0,proof_byte,910464,xor01_from154,VERIFY_PANIC
t1-0,proof_byte,910528,xor01_from105,VERIFY_PANIC
t1-0,proof_byte,910592,xor01_from125,VERIFY_PANIC
t1-0,proof_byte,910656,xor01_from200,VERIFY_PANIC
t1-0,proof_byte,910720,xor01_from246,VERIFY_PANIC
t1-0,proof_byte,910784,xor01_from206,VERIFY_PANIC
t1-0,proof_byte,910848,xor01_from178,VERIFY_PANIC
t1-0,proof_byte,910912,xor01_from157,VERIFY_PANIC
t1-0,proof_byte,910976,xor01_from135,VERIFY_PANIC
t1-0,proof_byte,911040,xor01_from206,VERIFY_PANIC
t1-0,proof_byte,911104,xor01_from208,VERIFY_PANIC
t1-0,proof_byte,911168,xor01_from239,VERIFY_PANIC
t1-0,proof_byte,911232,xor01_from96,VERIFY_PANIC
t1-0,proof_byte,911296,xor01_from187,VERIFY_PANIC
t1-0,proof_byte,911360,xor01_from24,VERIFY_PANIC
t1-0,proof_byte,911424,xor01_from125,VERIFY_PANIC
t1-0,proof_byte,911488,xor01_from45,VERIFY_PANIC
t1-0,proof_byte,911552,xor01_from228,VERIFY_PANIC
t1-0,proof_byte,911616,xor01_from90,VERIFY_PANIC
t1-0,proof_byte,911680,xor01_from236,VERIFY_PANIC
t1-0,proof_byte,911744,xor01_from6,VERIFY_PANIC
t1-0,proof_byte,911808,xor01_from143,VERIFY_PANIC
t1-0,proof_byte,911872,xor01_from76,VERIFY_PANIC
t1-0,proof_byte,911936,xor01_from202,VERIFY_PANIC
t1-0,proof_byte,912000,xor01_from102,VERIFY_PANIC
t1-0,proof_byte,912064,xor01_from0,DESERIALIZE_REJECTED
t1-0,proof_byte,912128,xor01_from212,VERIFY_PANIC
t1-0,proof_byte,912192,xor01_from11,VERIFY_PANIC
t1-0,proof_byte,912256,xor01_from17,VERIFY_PANIC
t1-0,proof_byte,912320,xor01_from34,VERIFY_PANIC
t1-0,proof_byte,912384,xor01_from45,VERIFY_PANIC
t1-0,proof_byte,912448,xor01_from79,VERIFY_PANIC
t1-0,proof_byte,912512,xor01_from157,VERIFY_PANIC
t1-0,proof_byte,912576,xor01_from186,VERIFY_PANIC
t1-0,proof_byte,912640,xor01_from146,VERIFY_PANIC
t1-0,proof_byte,912704,xor01_from0,DESERIALIZE_REJECTED
t1-0,proof_byte,912768,xor01_from13,VERIFY_PANIC
t1-0,proof_byte,912832,xor01_from201,VERIFY_PANIC
t1-0,proof_byte,912896,xor01_from75,VERIFY_PANIC
t1-0,proof_byte,912960,xor01_from66,VERIFY_PANIC
t1-0,proof_byte,913024,xor01_from255,VERIFY_PANIC
t1-0,proof_byte,913088,xor01_from249,VERIFY_PANIC
t1-0,proof_byte,913152,xor01_from225,VERIFY_PANIC
t1-0,proof_byte,913216,xor01_from159,VERIFY_PANIC
t1-0,proof_byte,913280,xor01_from5,VERIFY_PANIC
t1-0,proof_byte,913344,xor01_from92,VERIFY_PANIC
t1-0,proof_byte,913408,xor01_from43,VERIFY_PANIC
t1-0,proof_byte,913472,xor01_from233,VERIFY_PANIC
t1-0,proof_byte,913536,xor01_from166,VERIFY_PANIC
t1-0,proof_byte,913600,xor01_from25,VERIFY_PANIC
t1-0,proof_byte,913664,xor01_from204,VERIFY_PANIC
t1-0,proof_byte,913728,xor01_from72,VERIFY_PANIC
t1-0,proof_byte,913792,xor01_from164,VERIFY_PANIC
t1-0,proof_byte,913856,xor01_from114,VERIFY_PANIC
t1-0,proof_byte,913920,xor01_from142,VERIFY_PANIC
t1-0,proof_byte,913984,xor01_from214,VERIFY_PANIC
t1-0,proof_byte,914048,xor01_from24,VERIFY_PANIC
t1-0,proof_byte,914112,xor01_from98,VERIFY_PANIC
t1-0,proof_byte,914176,xor01_from3,VERIFY_PANIC
t1-0,proof_byte,914240,xor01_from139,VERIFY_PANIC
t1-0,proof_byte,914304,xor01_from109,VERIFY_PANIC
t1-0,proof_byte,914368,xor01_from234,VERIFY_PANIC
t1-0,proof_byte,914432,xor01_from183,VERIFY_PANIC
t1-0,proof_byte,914496,xor01_from227,VERIFY_PANIC
t1-0,proof_byte,914560,xor01_from240,VERIFY_PANIC
t1-0,proof_byte,914624,xor01_from90,VERIFY_PANIC
t1-0,proof_byte,914688,xor01_from98,VERIFY_PANIC
t1-0,proof_byte,914752,xor01_from23,VERIFY_PANIC
t1-0,proof_byte,914816,xor01_from179,VERIFY_PANIC
t1-0,proof_byte,914880,xor01_from140,VERIFY_PANIC
t1-0,proof_byte,914944,xor01_from173,VERIFY_PANIC
t1-0,proof_byte,915008,xor01_from19,VERIFY_PANIC
t1-0,proof_byte,915072,xor01_from20,VERIFY_PANIC
t1-0,proof_byte,915136,xor01_from231,VERIFY_PANIC
t1-0,proof_byte,915200,xor01_from17,VERIFY_PANIC
t1-0,proof_byte,915264,xor01_from2,VERIFY_PANIC
t1-0,proof_byte,915328,xor01_from59,VERIFY_PANIC
t1-0,proof_byte,915392,xor01_from86,VERIFY_PANIC
t1-0,proof_byte,915456,xor01_from10,VERIFY_PANIC
t1-0,proof_byte,915520,xor01_from241,VERIFY_PANIC
t1-0,proof_byte,915584,xor01_from236,VERIFY_PANIC
t1-0,proof_byte,915648,xor01_from66,VERIFY_PANIC
t1-0,proof_byte,915712,xor01_from153,VERIFY_PANIC
t1-0,proof_byte,915776,xor01_from23,VERIFY_PANIC
t1-0,proof_byte,915840,xor01_from140,VERIFY_PANIC
t1-0,proof_byte,915904,xor01_from148,VERIFY_PANIC
t1-0,proof_byte,915968,xor01_from111,VERIFY_PANIC
t1-0,proof_byte,916032,xor01_from96,VERIFY_PANIC
t1-0,proof_byte,916096,xor01_from108,VERIFY_PANIC
t1-0,proof_byte,916160,xor01_from68,VERIFY_PANIC
t1-0,proof_byte,916224,xor01_from234,VERIFY_PANIC
t1-0,proof_byte,916288,xor01_from186,VERIFY_PANIC
t1-0,proof_byte,916352,xor01_from69,VERIFY_PANIC
t1-0,proof_byte,916416,xor01_from38,VERIFY_PANIC
t1-0,proof_byte,916480,xor01_from130,VERIFY_PANIC
t1-0,proof_byte,916544,xor01_from189,VERIFY_PANIC
t1-0,proof_byte,916608,xor01_from92,VERIFY_PANIC
t1-0,proof_byte,916672,xor01_from168,VERIFY_PANIC
t1-0,proof_byte,916736,xor01_from61,VERIFY_PANIC
t1-0,proof_byte,916800,xor01_from214,VERIFY_PANIC
t1-0,proof_byte,916864,xor01_from242,VERIFY_PANIC
t1-0,proof_byte,916928,xor01_from20,VERIFY_PANIC
t1-0,proof_byte,916992,xor01_from14,DESERIALIZE_REJECTED
t1-0,proof_byte,917056,xor01_from194,VERIFY_PANIC
t1-0,proof_byte,917120,xor01_from165,VERIFY_PANIC
t1-0,proof_byte,917184,xor01_from115,VERIFY_PANIC
t1-0,proof_byte,917248,xor01_from45,VERIFY_PANIC
t1-0,proof_byte,917312,xor01_from240,VERIFY_PANIC
t1-0,proof_byte,917376,xor01_from148,VERIFY_PANIC
t1-0,proof_byte,917440,xor01_from185,VERIFY_PANIC
t1-0,proof_byte,917504,xor01_from213,VERIFY_PANIC
t1-0,proof_byte,917568,xor01_from114,VERIFY_PANIC
t1-0,proof_byte,917632,xor01_from114,VERIFY_PANIC
t1-0,proof_byte,917696,xor01_from149,VERIFY_PANIC
t1-0,proof_byte,917760,xor01_from22,VERIFY_PANIC
t1-0,proof_byte,917824,xor01_from7,VERIFY_PANIC
t1-0,proof_byte,917888,xor01_from62,VERIFY_PANIC
t1-0,proof_byte,917952,xor01_from101,VERIFY_PANIC
t1-0,proof_byte,918016,xor01_from40,VERIFY_PANIC
t1-0,proof_byte,918080,xor01_from196,VERIFY_PANIC
t1-0,proof_byte,918144,xor01_from183,VERIFY_PANIC
t1-0,proof_byte,918208,xor01_from146,VERIFY_PANIC
t1-0,proof_byte,918272,xor01_from15,VERIFY_PANIC
t1-0,proof_byte,918336,xor01_from231,VERIFY_PANIC
t1-0,proof_byte,918400,xor01_from201,VERIFY_PANIC
t1-0,proof_byte,918464,xor01_from194,VERIFY_PANIC
t1-0,proof_byte,918528,xor01_from94,VERIFY_PANIC
t1-0,proof_byte,918592,xor01_from242,VERIFY_PANIC
t1-0,proof_byte,918656,xor01_from223,VERIFY_PANIC
t1-0,proof_byte,918720,xor01_from180,VERIFY_PANIC
t1-0,proof_byte,918784,xor01_from183,VERIFY_PANIC
t1-0,proof_byte,918848,xor01_from151,VERIFY_PANIC
t1-0,proof_byte,918912,xor01_from102,VERIFY_PANIC
t1-0,proof_byte,918976,xor01_from105,VERIFY_PANIC
t1-0,proof_byte,919040,xor01_from180,VERIFY_PANIC
t1-0,proof_byte,919104,xor01_from195,VERIFY_PANIC
t1-0,proof_byte,919168,xor01_from223,VERIFY_PANIC
t1-0,proof_byte,919232,xor01_from166,VERIFY_PANIC
t1-0,proof_byte,919296,xor01_from26,VERIFY_PANIC
t1-0,proof_byte,919360,xor01_from116,VERIFY_PANIC
t1-0,proof_byte,919424,xor01_from253,VERIFY_PANIC
t1-0,proof_byte,919488,xor01_from126,VERIFY_PANIC
t1-0,proof_byte,919552,xor01_from16,VERIFY_PANIC
t1-0,proof_byte,919616,xor01_from241,VERIFY_PANIC
t1-0,proof_byte,919680,xor01_from21,VERIFY_PANIC
t1-0,proof_byte,919744,xor01_from73,VERIFY_PANIC
t1-0,proof_byte,919808,xor01_from219,VERIFY_PANIC
t1-0,proof_byte,919872,xor01_from6,DESERIALIZE_REJECTED
t1-0,proof_byte,919936,xor01_from176,VERIFY_PANIC
t1-0,proof_byte,920000,xor01_from33,VERIFY_PANIC
t1-0,proof_byte,920064,xor01_from113,VERIFY_PANIC
t1-0,proof_byte,920128,xor01_from209,VERIFY_PANIC
t1-0,proof_byte,920192,xor01_from29,VERIFY_PANIC
t1-0,proof_byte,920256,xor01_from42,VERIFY_PANIC
t1-0,proof_byte,920320,xor01_from6,VERIFY_PANIC
t1-0,proof_byte,920384,xor01_from156,VERIFY_PANIC
t1-0,proof_byte,920448,xor01_from119,VERIFY_PANIC
t1-0,proof_byte,920512,xor01_from232,VERIFY_PANIC
t1-0,proof_byte,920576,xor01_from100,VERIFY_PANIC
t1-0,proof_byte,920640,xor01_from170,VERIFY_PANIC
t1-0,proof_byte,920704,xor01_from124,VERIFY_PANIC
t1-0,proof_byte,920768,xor01_from8,DESERIALIZE_REJECTED
t1-0,proof_byte,920832,xor01_from66,VERIFY_PANIC
t1-0,proof_byte,920896,xor01_from55,VERIFY_PANIC
t1-0,proof_byte,920960,xor01_from254,VERIFY_PANIC
t1-0,proof_byte,921024,xor01_from179,VERIFY_PANIC
t1-0,proof_byte,921088,xor01_from32,VERIFY_PANIC
t1-0,proof_byte,921152,xor01_from80,VERIFY_PANIC
t1-0,proof_byte,921216,xor01_from201,VERIFY_PANIC
t1-0,proof_byte,921280,xor01_from136,VERIFY_PANIC
t1-0,proof_byte,921344,xor01_from216,VERIFY_PANIC
t1-0,proof_byte,921408,xor01_from226,VERIFY_PANIC
t1-0,proof_byte,921472,xor01_from20,VERIFY_PANIC
t1-0,proof_byte,921536,xor01_from8,DESERIALIZE_REJECTED
t1-0,proof_byte,921600,xor01_from229,VERIFY_PANIC
t1-0,proof_byte,921664,xor01_from162,VERIFY_PANIC
t1-0,proof_byte,921728,xor01_from25,VERIFY_PANIC
t1-0,proof_byte,921792,xor01_from86,VERIFY_PANIC
t1-0,proof_byte,921856,xor01_from89,VERIFY_PANIC
t1-0,proof_byte,921920,xor01_from88,VERIFY_PANIC
t1-0,proof_byte,921984,xor01_from182,VERIFY_PANIC
t1-0,proof_byte,922048,xor01_from117,VERIFY_PANIC
t1-0,proof_byte,922112,xor01_from141,VERIFY_PANIC
t1-0,proof_byte,922176,xor01_from164,VERIFY_PANIC
t1-0,proof_byte,922240,xor01_from244,VERIFY_PANIC
t1-0,proof_byte,922304,xor01_from64,VERIFY_PANIC
t1-0,proof_byte,922368,xor01_from20,VERIFY_PANIC
t1-0,proof_byte,922432,xor01_from56,VERIFY_PANIC
t1-0,proof_byte,922496,xor01_from148,VERIFY_PANIC
t1-0,proof_byte,922560,xor01_from109,VERIFY_PANIC
t1-0,proof_byte,922624,xor01_from19,VERIFY_PANIC
t1-0,proof_byte,922688,xor01_from153,VERIFY_PANIC
t1-0,proof_byte,922752,xor01_from41,VERIFY_PANIC
t1-0,proof_byte,922816,xor01_from0,DESERIALIZE_REJECTED
t1-0,proof_byte,922880,xor01_from117,VERIFY_PANIC
t1-0,proof_byte,922944,xor01_from17,VERIFY_PANIC
t1-0,proof_byte,923008,xor01_from133,VERIFY_PANIC
t1-0,proof_byte,923072,xor01_from95,VERIFY_PANIC
t1-0,proof_byte,923136,xor01_from36,VERIFY_PANIC
t1-0,proof_byte,923200,xor01_from11,VERIFY_PANIC
t1-0,proof_byte,923264,xor01_from252,VERIFY_PANIC
t1-0,proof_byte,923328,xor01_from174,VERIFY_PANIC
t1-0,proof_byte,923392,xor01_from44,VERIFY_PANIC
t1-0,proof_byte,923456,xor01_from72,VERIFY_PANIC
t1-0,proof_byte,923520,xor01_from128,VERIFY_PANIC
t1-0,proof_byte,923584,xor01_from103,VERIFY_PANIC
t1-0,proof_byte,923648,xor01_from214,VERIFY_PANIC
t1-0,proof_byte,923712,xor01_from49,VERIFY_PANIC
t1-0,proof_byte,923776,xor01_from109,VERIFY_PANIC
t1-0,proof_byte,923840,xor01_from18,VERIFY_PANIC
t1-0,proof_byte,923904,xor01_from154,VERIFY_PANIC
t1-0,proof_byte,923968,xor01_from107,VERIFY_PANIC
t1-0,proof_byte,924032,xor01_from132,VERIFY_PANIC
t1-0,proof_byte,924096,xor01_from27,VERIFY_PANIC
t1-0,proof_byte,924160,xor01_from216,VERIFY_PANIC
t1-0,proof_byte,924224,xor01_from121,VERIFY_PANIC
t1-0,proof_byte,924288,xor01_from140,VERIFY_PANIC
t1-0,proof_byte,924352,xor01_from64,VERIFY_PANIC
t1-0,proof_byte,924416,xor01_from15,VERIFY_PANIC
t1-0,proof_byte,924480,xor01_from164,VERIFY_PANIC
t1-0,proof_byte,924544,xor01_from190,VERIFY_PANIC
t1-0,proof_byte,924608,xor01_from153,VERIFY_PANIC
t1-0,proof_byte,924672,xor01_from179,VERIFY_PANIC
t1-0,proof_byte,924736,xor01_from92,VERIFY_PANIC
t1-0,proof_byte,924800,xor01_from136,VERIFY_PANIC
t1-0,proof_byte,924864,xor01_from92,VERIFY_PANIC
t1-0,proof_byte,924928,xor01_from192,VERIFY_PANIC
t1-0,proof_byte,924992,xor01_from214,VERIFY_PANIC
t1-0,proof_byte,925056,xor01_from178,VERIFY_PANIC
t1-0,proof_byte,925120,xor01_from8,VERIFY_PANIC
t1-0,proof_byte,925184,xor01_from110,VERIFY_PANIC
t1-0,proof_byte,925248,xor01_from207,VERIFY_PANIC
t1-0,proof_byte,925312,xor01_from51,VERIFY_PANIC
t1-0,proof_byte,925376,xor01_from222,VERIFY_PANIC
t1-0,proof_byte,925440,xor01_from116,VERIFY_PANIC
t1-0,proof_byte,925504,xor01_from89,VERIFY_PANIC
t1-0,proof_byte,925568,xor01_from123,VERIFY_PANIC
t1-0,proof_byte,925632,xor01_from107,VERIFY_PANIC
t1-0,proof_byte,925696,xor01_from117,VERIFY_PANIC
t1-0,proof_byte,925760,xor01_from218,VERIFY_PANIC
t1-0,proof_byte,925824,xor01_from189,VERIFY_PANIC
t1-0,proof_byte,925888,xor01_from50,VERIFY_PANIC
t1-0,proof_byte,925952,xor01_from195,VERIFY_PANIC
t1-0,proof_byte,926016,xor01_from163,VERIFY_PANIC
t1-0,proof_byte,926080,xor01_from104,VERIFY_PANIC
t1-0,proof_byte,926144,xor01_from164,VERIFY_PANIC
t1-0,proof_byte,926208,xor01_from138,VERIFY_PANIC
t1-0,proof_byte,926272,xor01_from90,VERIFY_PANIC
t1-0,proof_byte,926336,xor01_from123,VERIFY_PANIC
t1-0,proof_byte,926400,xor01_from24,VERIFY_PANIC
t1-0,proof_byte,926464,xor01_from146,VERIFY_PANIC
t1-0,proof_byte,926528,xor01_from12,VERIFY_PANIC
t1-0,proof_byte,926592,xor01_from27,VERIFY_PANIC
t1-0,proof_byte,926656,xor01_from131,VERIFY_PANIC
t1-0,proof_byte,926720,xor01_from0,DESERIALIZE_REJECTED
t1-0,proof_byte,926784,xor01_from171,VERIFY_PANIC
t1-0,proof_byte,926848,xor01_from208,VERIFY_PANIC
t1-0,proof_byte,926912,xor01_from38,VERIFY_PANIC
t1-0,proof_byte,926976,xor01_from234,VERIFY_PANIC
t1-0,proof_byte,927040,xor01_from47,VERIFY_PANIC
t1-0,proof_byte,927104,xor01_from131,VERIFY_PANIC
t1-0,proof_byte,927168,xor01_from131,VERIFY_PANIC
t1-0,proof_byte,927232,xor01_from240,VERIFY_PANIC
t1-0,proof_byte,927296,xor01_from241,VERIFY_PANIC
t1-0,proof_byte,927360,xor01_from182,VERIFY_PANIC
t1-0,proof_byte,927424,xor01_from174,VERIFY_PANIC
t1-0,proof_byte,927488,xor01_from160,VERIFY_PANIC
t1-0,proof_byte,927552,xor01_from102,VERIFY_PANIC
t1-0,proof_byte,927616,xor01_from214,VERIFY_PANIC
t1-0,proof_byte,927680,xor01_from54,VERIFY_PANIC
t1-0,proof_byte,927744,xor01_from9,VERIFY_PANIC
t1-0,proof_byte,927808,xor01_from79,VERIFY_PANIC
t1-0,proof_byte,927872,xor01_from156,VERIFY_PANIC
t1-0,proof_byte,927936,xor01_from247,VERIFY_PANIC
t1-0,proof_byte,928000,xor01_from201,VERIFY_PANIC
t1-0,proof_byte,928064,xor01_from135,VERIFY_PANIC
t1-0,proof_byte,928128,xor01_from226,VERIFY_PANIC
t1-0,proof_byte,928192,xor01_from83,VERIFY_PANIC
t1-0,proof_byte,928256,xor01_from118,VERIFY_PANIC
t1-0,proof_byte,928320,xor01_from232,VERIFY_PANIC
t1-0,proof_byte,928384,xor01_from167,VERIFY_PANIC
t1-0,proof_byte,928448,xor01_from159,VERIFY_PANIC
t1-0,proof_byte,928512,xor01_from95,VERIFY_PANIC
t1-0,proof_byte,928576,xor01_from0,DESERIALIZE_REJECTED
t1-0,proof_byte,928640,xor01_from152,VERIFY_PANIC
t1-0,proof_byte,928704,xor01_from0,DESERIALIZE_REJECTED
t1-0,proof_byte,928768,xor01_from54,VERIFY_PANIC
t1-0,proof_byte,928832,xor01_from107,VERIFY_PANIC
t1-0,proof_byte,928896,xor01_from220,VERIFY_PANIC
t1-0,proof_byte,928960,xor01_from97,VERIFY_PANIC
t1-0,proof_byte,929024,xor01_from76,VERIFY_PANIC
t1-0,proof_byte,929088,xor01_from151,VERIFY_PANIC
t1-0,proof_byte,929152,xor01_from11,VERIFY_PANIC
t1-0,proof_byte,929216,xor01_from123,VERIFY_PANIC
t1-0,proof_byte,929280,xor01_from55,VERIFY_PANIC
t1-0,proof_byte,929344,xor01_from177,VERIFY_PANIC
t1-0,proof_byte,929408,xor01_from99,VERIFY_PANIC
t1-0,proof_byte,929472,xor01_from85,VERIFY_PANIC
t1-0,proof_byte,929536,xor01_from167,VERIFY_PANIC
t1-0,proof_byte,929600,xor01_from246,VERIFY_PANIC
t1-0,proof_byte,929664,xor01_from41,VERIFY_PANIC
t1-0,proof_byte,929728,xor01_from5,VERIFY_PANIC
t1-0,proof_byte,929792,xor01_from53,VERIFY_PANIC
t1-0,proof_byte,929856,xor01_from159,VERIFY_PANIC
t1-0,proof_byte,929920,xor01_from247,VERIFY_PANIC
t1-0,proof_byte,929984,xor01_from2,VERIFY_PANIC
t1-0,proof_byte,930048,xor01_from166,VERIFY_PANIC
t1-0,proof_byte,930112,xor01_from27,VERIFY_PANIC
t1-0,proof_byte,930176,xor01_from43,VERIFY_PANIC
t1-0,proof_byte,930240,xor01_from191,VERIFY_PANIC
t1-0,proof_byte,930304,xor01_from34,VERIFY_PANIC
t1-0,proof_byte,930368,xor01_from210,VERIFY_PANIC
t1-0,proof_byte,930432,xor01_from174,VERIFY_PANIC
t1-0,proof_byte,930496,xor01_from243,VERIFY_PANIC
t1-0,proof_byte,930560,xor01_from229,VERIFY_PANIC
t1-0,proof_byte,930624,xor01_from167,VERIFY_PANIC
t1-0,proof_byte,930688,xor01_from12,VERIFY_PANIC
t1-0,proof_byte,930752,xor01_from29,VERIFY_PANIC
t1-0,proof_byte,930816,xor01_from70,VERIFY_PANIC
t1-0,proof_byte,930880,xor01_from178,VERIFY_PANIC
t1-0,proof_byte,930944,xor01_from36,VERIFY_PANIC
t1-0,proof_byte,931008,xor01_from74,VERIFY_PANIC
t1-0,proof_byte,931072,xor01_from18,VERIFY_PANIC
t1-0,proof_byte,931136,xor01_from205,VERIFY_PANIC
t1-0,proof_byte,931200,xor01_from174,VERIFY_PANIC
t1-0,proof_byte,931264,xor01_from200,VERIFY_PANIC
t1-0,proof_byte,931328,xor01_from123,VERIFY_PANIC
t1-0,proof_byte,931392,xor01_from52,VERIFY_PANIC
t1-0,proof_byte,931456,xor01_from181,VERIFY_PANIC
t1-0,proof_byte,931520,xor01_from241,VERIFY_PANIC
t1-0,proof_byte,931584,xor01_from80,VERIFY_PANIC
t1-0,proof_byte,931648,xor01_from103,VERIFY_PANIC
t1-0,proof_byte,931712,xor01_from24,VERIFY_PANIC
t1-0,proof_byte,931776,xor01_from28,VERIFY_PANIC
t1-0,proof_byte,931840,xor01_from133,VERIFY_PANIC
t1-0,proof_byte,931904,xor01_from169,VERIFY_PANIC
t1-0,proof_byte,931968,xor01_from215,VERIFY_PANIC
t1-0,proof_byte,932032,xor01_from157,VERIFY_PANIC
t1-0,proof_byte,932096,xor01_from150,VERIFY_PANIC
t1-0,proof_byte,932160,xor01_from35,VERIFY_PANIC
t1-0,proof_byte,932224,xor01_from35,VERIFY_PANIC
t1-0,proof_byte,932288,xor01_from102,VERIFY_PANIC
t1-0,proof_byte,932352,xor01_from78,VERIFY_PANIC
t1-0,proof_byte,932416,xor01_from202,VERIFY_PANIC
t1-0,proof_byte,932480,xor01_from152,VERIFY_PANIC
t1-0,proof_byte,932544,xor01_from15,DESERIALIZE_REJECTED
t1-0,proof_byte,932608,xor01_from47,VERIFY_PANIC
t1-0,proof_byte,932672,xor01_from58,VERIFY_PANIC
t1-0,proof_byte,932736,xor01_from231,VERIFY_PANIC
t1-0,proof_byte,932800,xor01_from111,VERIFY_PANIC
t1-0,proof_byte,932864,xor01_from212,VERIFY_PANIC
t1-0,proof_byte,932928,xor01_from46,VERIFY_PANIC
t1-0,proof_byte,932992,xor01_from20,VERIFY_PANIC
t1-0,proof_byte,933056,xor01_from148,VERIFY_PANIC
t1-0,proof_byte,933120,xor01_from50,VERIFY_PANIC
t1-0,proof_byte,933184,xor01_from202,VERIFY_PANIC
t1-0,proof_byte,933248,xor01_from67,VERIFY_PANIC
t1-0,proof_byte,933312,xor01_from175,VERIFY_PANIC
t1-0,proof_byte,933376,xor01_from235,VERIFY_PANIC
t1-0,proof_byte,933440,xor01_from104,VERIFY_PANIC
t1-0,proof_byte,933504,xor01_from250,VERIFY_PANIC
t1-0,proof_byte,933568,xor01_from44,VERIFY_PANIC
t1-0,proof_byte,933632,xor01_from243,VERIFY_PANIC
t1-0,proof_byte,933696,xor01_from249,VERIFY_PANIC
t1-0,proof_byte,933760,xor01_from143,VERIFY_PANIC
t1-0,proof_byte,933824,xor01_from21,VERIFY_PANIC
t1-0,proof_byte,933888,xor01_from246,VERIFY_PANIC
t1-0,proof_byte,933952,xor01_from53,VERIFY_PANIC
t1-0,proof_byte,934016,xor01_from216,VERIFY_PANIC
t1-0,proof_byte,934080,xor01_from213,VERIFY_PANIC
t1-0,proof_byte,934144,xor01_from140,VERIFY_PANIC
t1-0,proof_byte,934208,xor01_from13,VERIFY_PANIC
t1-0,proof_byte,934272,xor01_from153,VERIFY_PANIC
t1-0,proof_byte,934336,xor01_from112,VERIFY_PANIC
t1-0,proof_byte,934400,xor01_from176,VERIFY_PANIC
t1-0,proof_byte,934464,xor01_from48,VERIFY_PANIC
t1-0,proof_byte,934528,xor01_from78,VERIFY_PANIC
t1-0,proof_byte,934592,xor01_from156,VERIFY_PANIC
t1-0,proof_byte,934656,xor01_from241,VERIFY_PANIC
t1-0,proof_byte,934720,xor01_from13,VERIFY_PANIC
t1-0,proof_byte,934784,xor01_from53,VERIFY_PANIC
t1-0,proof_byte,934848,xor01_from214,VERIFY_PANIC
t1-0,proof_byte,934912,xor01_from89,VERIFY_PANIC
t1-0,proof_byte,934976,xor01_from75,VERIFY_PANIC
t1-0,proof_byte,935040,xor01_from3,VERIFY_PANIC
t1-0,proof_byte,935104,xor01_from184,VERIFY_PANIC
t1-0,proof_byte,935168,xor01_from203,VERIFY_PANIC
t1-0,proof_byte,935232,xor01_from138,VERIFY_PANIC
t1-0,proof_byte,935296,xor01_from185,VERIFY_PANIC
t1-0,proof_byte,935360,xor01_from151,VERIFY_PANIC
t1-0,proof_byte,935424,xor01_from99,VERIFY_PANIC
t1-0,proof_byte,935488,xor01_from133,VERIFY_PANIC
t1-0,proof_byte,935552,xor01_from191,VERIFY_PANIC
t1-0,proof_byte,935616,xor01_from72,VERIFY_PANIC
t1-0,proof_byte,935680,xor01_from7,DESERIALIZE_REJECTED
t1-0,proof_byte,935744,xor01_from180,VERIFY_PANIC
t1-0,proof_byte,935808,xor01_from202,VERIFY_PANIC
t1-0,proof_byte,935872,xor01_from217,VERIFY_PANIC
t1-0,proof_byte,935936,xor01_from158,VERIFY_PANIC
t1-0,proof_byte,936000,xor01_from176,VERIFY_PANIC
t1-0,proof_byte,936064,xor01_from214,VERIFY_PANIC
t1-0,proof_byte,936128,xor01_from112,VERIFY_PANIC
t1-0,proof_byte,936192,xor01_from113,VERIFY_PANIC
t1-0,proof_byte,936256,xor01_from133,VERIFY_PANIC
t1-0,proof_byte,936320,xor01_from144,VERIFY_PANIC
t1-0,proof_byte,936384,xor01_from43,VERIFY_PANIC
t1-0,proof_byte,936448,xor01_from137,VERIFY_PANIC
t1-0,proof_byte,936512,xor01_from179,VERIFY_PANIC
t1-0,proof_byte,936576,xor01_from153,VERIFY_PANIC
t1-0,proof_byte,936640,xor01_from236,VERIFY_PANIC
t1-0,proof_byte,936704,xor01_from41,VERIFY_PANIC
t1-0,proof_byte,936768,xor01_from104,VERIFY_PANIC
t1-0,proof_byte,936832,xor01_from94,VERIFY_PANIC
t1-0,proof_byte,936896,xor01_from97,VERIFY_PANIC
t1-0,proof_byte,936960,xor01_from157,VERIFY_PANIC
t1-0,proof_byte,937024,xor01_from11,VERIFY_PANIC
t1-0,proof_byte,937088,xor01_from92,VERIFY_PANIC
t1-0,proof_byte,937152,xor01_from0,VERIFY_PANIC
t1-0,proof_byte,937216,xor01_from82,VERIFY_PANIC
t1-0,proof_byte,937280,xor01_from102,VERIFY_PANIC
t1-0,proof_byte,937344,xor01_from186,VERIFY_PANIC
t1-0,proof_byte,937408,xor01_from194,VERIFY_PANIC
t1-0,proof_byte,937472,xor01_from242,VERIFY_PANIC
t1-0,proof_byte,937536,xor01_from118,VERIFY_PANIC
t1-0,proof_byte,937600,xor01_from0,VERIFY_PANIC
t1-0,proof_byte,937664,xor01_from0,DESERIALIZE_REJECTED
t1-0,proof_byte,937728,xor01_from63,VERIFY_PANIC
t1-0,proof_byte,937792,xor01_from12,VERIFY_PANIC
t1-0,proof_byte,937856,xor01_from214,VERIFY_PANIC
t1-0,proof_byte,937920,xor01_from227,VERIFY_PANIC
t1-0,proof_byte,937984,xor01_from23,VERIFY_PANIC
t1-0,proof_byte,938048,xor01_from40,VERIFY_PANIC
t1-0,proof_byte,938112,xor01_from155,VERIFY_PANIC
t1-0,proof_byte,938176,xor01_from182,VERIFY_PANIC
t1-0,proof_byte,938240,xor01_from0,DESERIALIZE_REJECTED
t1-0,proof_byte,938304,xor01_from222,VERIFY_PANIC
t1-0,proof_byte,938368,xor01_from74,VERIFY_PANIC
t1-0,proof_byte,938432,xor01_from233,VERIFY_PANIC
t1-0,proof_byte,938496,xor01_from33,VERIFY_PANIC
t1-0,proof_byte,938560,xor01_from158,VERIFY_PANIC
t1-0,proof_byte,938624,xor01_from17,VERIFY_PANIC
t1-0,proof_byte,938688,xor01_from120,VERIFY_PANIC
t1-0,proof_byte,938752,xor01_from203,VERIFY_PANIC
t1-0,proof_byte,938816,xor01_from115,VERIFY_PANIC
t1-0,proof_byte,938880,xor01_from230,VERIFY_PANIC
t1-0,proof_byte,938944,xor01_from243,VERIFY_PANIC
t1-0,proof_byte,939008,xor01_from26,VERIFY_PANIC
t1-0,proof_byte,939072,xor01_from145,VERIFY_PANIC
t1-0,proof_byte,939136,xor01_from58,VERIFY_PANIC
t1-0,proof_byte,939200,xor01_from199,VERIFY_PANIC
t1-0,proof_byte,939264,xor01_from28,VERIFY_PANIC
t1-0,proof_byte,939328,xor01_from27,VERIFY_PANIC
t1-0,proof_byte,939392,xor01_from128,VERIFY_PANIC
t1-0,proof_byte,939456,xor01_from74,VERIFY_PANIC
t1-0,proof_byte,939520,xor01_from102,VERIFY_PANIC
t1-0,proof_byte,939584,xor01_from176,VERIFY_PANIC
t1-0,proof_byte,939648,xor01_from5,VERIFY_PANIC
t1-0,proof_byte,939712,xor01_from132,VERIFY_PANIC
t1-0,proof_byte,939776,xor01_from211,VERIFY_PANIC
t1-0,proof_byte,939840,xor01_from82,VERIFY_PANIC
t1-0,proof_byte,939904,xor01_from71,VERIFY_PANIC
t1-0,proof_byte,939968,xor01_from104,VERIFY_PANIC
t1-0,proof_byte,940032,xor01_from212,VERIFY_PANIC
t1-0,proof_byte,940096,xor01_from15,VERIFY_PANIC
t1-0,proof_byte,940160,xor01_from90,VERIFY_PANIC
t1-0,proof_byte,940224,xor01_from166,VERIFY_PANIC
t1-0,proof_byte,940288,xor01_from113,VERIFY_PANIC
t1-0,proof_byte,940352,xor01_from46,VERIFY_PANIC
t1-0,proof_byte,940416,xor01_from54,VERIFY_PANIC
t1-0,proof_byte,940480,xor01_from182,VERIFY_PANIC
t1-0,proof_byte,940544,xor01_from173,VERIFY_PANIC
t1-0,proof_byte,940608,xor01_from41,VERIFY_PANIC
t1-0,proof_byte,940672,xor01_from74,VERIFY_PANIC
t1-0,proof_byte,940736,xor01_from248,VERIFY_PANIC
t1-0,proof_byte,940800,xor01_from105,VERIFY_PANIC
t1-0,proof_byte,940864,xor01_from200,VERIFY_PANIC
t1-0,proof_byte,940928,xor01_from255,VERIFY_PANIC
t1-0,proof_byte,940992,xor01_from16,VERIFY_PANIC
t1-0,proof_byte,941056,xor01_from118,VERIFY_PANIC
t1-0,proof_byte,941120,xor01_from242,VERIFY_PANIC
t1-0,proof_byte,941184,xor01_from65,VERIFY_PANIC
t1-0,proof_byte,941248,xor01_from74,VERIFY_PANIC
t1-0,proof_byte,941312,xor01_from11,VERIFY_PANIC
t1-0,proof_byte,941376,xor01_from10,VERIFY_PANIC
t1-0,proof_byte,941440,xor01_from62,VERIFY_PANIC
t1-0,proof_byte,941504,xor01_from109,VERIFY_PANIC
t1-0,proof_byte,941568,xor01_from142,VERIFY_PANIC
t1-0,proof_byte,941632,xor01_from76,VERIFY_PANIC
t1-0,proof_byte,941696,xor01_from125,VERIFY_PANIC
t1-0,proof_byte,941760,xor01_from129,VERIFY_PANIC
t1-0,proof_byte,941824,xor01_from147,VERIFY_PANIC
t1-0,proof_byte,941888,xor01_from234,VERIFY_PANIC
t1-0,proof_byte,941952,xor01_from158,VERIFY_PANIC
t1-0,proof_byte,942016,xor01_from109,VERIFY_PANIC
t1-0,proof_byte,942080,xor01_from194,VERIFY_PANIC
t1-0,proof_byte,942144,xor01_from100,VERIFY_PANIC
t1-0,proof_byte,942208,xor01_from38,VERIFY_PANIC
t1-0,proof_byte,942272,xor01_from196,VERIFY_PANIC
t1-0,proof_byte,942336,xor01_from200,VERIFY_PANIC
t1-0,proof_byte,942400,xor01_from0,DESERIALIZE_REJECTED
t1-0,proof_byte,942464,xor01_from74,VERIFY_PANIC
t1-0,proof_byte,942528,xor01_from42,VERIFY_PANIC
t1-0,proof_byte,942592,xor01_from65,VERIFY_PANIC
t1-0,proof_byte,942656,xor01_from198,VERIFY_PANIC
t1-0,proof_byte,942720,xor01_from195,VERIFY_PANIC
t1-0,proof_byte,942784,xor01_from153,VERIFY_PANIC
t1-0,proof_byte,942848,xor01_from6,VERIFY_PANIC
t1-0,proof_byte,942912,xor01_from41,VERIFY_PANIC
t1-0,proof_byte,942976,xor01_from57,VERIFY_PANIC
t1-0,proof_byte,943040,xor01_from178,VERIFY_PANIC
t1-0,proof_byte,943104,xor01_from117,VERIFY_PANIC
t1-0,proof_byte,943168,xor01_from61,VERIFY_PANIC
t1-0,proof_byte,943232,xor01_from53,VERIFY_PANIC
t1-0,proof_byte,943296,xor01_from92,VERIFY_PANIC
t1-0,proof_byte,943360,xor01_from146,VERIFY_PANIC
t1-0,proof_byte,943424,xor01_from74,VERIFY_PANIC
t1-0,proof_byte,943488,xor01_from63,VERIFY_PANIC
t1-0,proof_byte,943552,xor01_from70,VERIFY_PANIC
t1-0,proof_byte,943616,xor01_from96,VERIFY_PANIC
t1-0,proof_byte,943680,xor01_from162,VERIFY_PANIC
t1-0,proof_byte,943744,xor01_from172,VERIFY_PANIC
t1-0,proof_byte,943808,xor01_from143,VERIFY_PANIC
t1-0,proof_byte,943872,xor01_from47,VERIFY_PANIC
t1-0,proof_byte,943936,xor01_from198,VERIFY_PANIC
t1-0,proof_byte,944000,xor01_from104,VERIFY_PANIC
t1-0,proof_byte,944064,xor01_from188,VERIFY_PANIC
t1-0,proof_byte,944128,xor01_from86,VERIFY_PANIC
t1-0,proof_byte,944192,xor01_from181,VERIFY_PANIC
t1-0,proof_byte,944256,xor01_from136,VERIFY_PANIC
t1-0,proof_byte,944320,xor01_from155,VERIFY_PANIC
t1-0,proof_byte,944384,xor01_from248,VERIFY_PANIC
t1-0,proof_byte,944448,xor01_from220,VERIFY_PANIC
t1-0,proof_byte,944512,xor01_from0,DESERIALIZE_REJECTED
t1-0,proof_byte,944576,xor01_from171,VERIFY_PANIC
t1-0,proof_byte,944640,xor01_from78,VERIFY_PANIC
t1-0,proof_byte,944704,xor01_from30,VERIFY_PANIC
t1-0,proof_byte,944768,xor01_from0,DESERIALIZE_REJECTED
t1-0,proof_byte,944832,xor01_from109,VERIFY_PANIC
t1-0,proof_byte,944896,xor01_from0,DESERIALIZE_REJECTED
t1-0,proof_byte,944960,xor01_from55,VERIFY_PANIC
t1-0,proof_byte,945024,xor01_from234,VERIFY_PANIC
t1-0,proof_byte,945088,xor01_from75,VERIFY_PANIC
t1-0,proof_byte,945152,xor01_from138,VERIFY_PANIC
t1-0,proof_byte,945216,xor01_from7,VERIFY_PANIC
t1-0,proof_byte,945280,xor01_from11,VERIFY_PANIC
t1-0,proof_byte,945344,xor01_from239,VERIFY_PANIC
t1-0,proof_byte,945408,xor01_from158,VERIFY_PANIC
t1-0,proof_byte,945472,xor01_from151,VERIFY_PANIC
t1-0,proof_byte,945536,xor01_from17,VERIFY_PANIC
t1-0,proof_byte,945600,xor01_from156,VERIFY_PANIC
t1-0,proof_byte,945664,xor01_from0,DESERIALIZE_REJECTED
t1-0,proof_byte,945728,xor01_from219,VERIFY_PANIC
t1-0,proof_byte,945792,xor01_from100,VERIFY_PANIC
t1-0,proof_byte,945856,xor01_from172,VERIFY_PANIC
t1-0,proof_byte,945920,xor01_from18,VERIFY_PANIC
t1-0,proof_byte,945984,xor01_from90,VERIFY_PANIC
t1-0,proof_byte,946048,xor01_from173,VERIFY_PANIC
t1-0,proof_byte,946112,xor01_from82,VERIFY_PANIC
t1-0,proof_byte,946176,xor01_from228,VERIFY_PANIC
t1-0,proof_byte,946240,xor01_from19,DESERIALIZE_REJECTED
t1-0,proof_byte,946304,xor01_from53,VERIFY_PANIC
t1-0,proof_byte,946368,xor01_from157,VERIFY_PANIC
t1-0,proof_byte,946432,xor01_from166,VERIFY_PANIC
t1-0,proof_byte,946496,xor01_from91,VERIFY_PANIC
t1-0,proof_byte,946560,xor01_from78,VERIFY_PANIC
t1-0,proof_byte,946624,xor01_from99,VERIFY_PANIC
t1-0,proof_byte,946688,xor01_from58,VERIFY_PANIC
t1-0,proof_byte,946752,xor01_from202,VERIFY_PANIC
t1-0,proof_byte,946816,xor01_from199,VERIFY_PANIC
t1-0,proof_byte,946880,xor01_from144,VERIFY_PANIC
t1-0,proof_byte,946944,xor01_from53,VERIFY_PANIC
t1-0,proof_byte,947008,xor01_from202,VERIFY_PANIC
t1-0,proof_byte,947072,xor01_from129,VERIFY_PANIC
t1-0,proof_byte,947136,xor01_from161,VERIFY_PANIC
t1-0,proof_byte,947200,xor01_from69,VERIFY_PANIC
t1-0,proof_byte,947264,xor01_from28,VERIFY_PANIC
t1-0,proof_byte,947328,xor01_from194,VERIFY_PANIC
t1-0,proof_byte,947392,xor01_from1,VERIFY_PANIC
t1-0,proof_byte,947456,xor01_from138,VERIFY_PANIC
t1-0,proof_byte,947520,xor01_from37,VERIFY_PANIC
t1-0,proof_byte,947584,xor01_from244,VERIFY_PANIC
t1-0,proof_byte,947648,xor01_from194,VERIFY_PANIC
t1-0,proof_byte,947712,xor01_from181,VERIFY_PANIC
t1-0,proof_byte,947776,xor01_from59,VERIFY_PANIC
t1-0,proof_byte,947840,xor01_from48,VERIFY_PANIC
t1-0,proof_byte,947904,xor01_from45,VERIFY_PANIC
t1-0,proof_byte,947968,xor01_from159,VERIFY_PANIC
t1-0,proof_byte,948032,xor01_from234,VERIFY_PANIC
t1-0,proof_byte,948096,xor01_from2,VERIFY_PANIC
t1-0,proof_byte,948160,xor01_from6,VERIFY_PANIC
t1-0,proof_byte,948224,xor01_from175,VERIFY_PANIC
t1-0,proof_byte,948288,xor01_from188,VERIFY_PANIC
t1-0,proof_byte,948352,xor01_from17,VERIFY_PANIC
t1-0,proof_byte,948416,xor01_from95,VERIFY_PANIC
t1-0,proof_byte,948480,xor01_from56,VERIFY_PANIC
t1-0,proof_byte,948544,xor01_from204,VERIFY_PANIC
t1-0,proof_byte,948608,xor01_from234,VERIFY_PANIC
t1-0,proof_byte,948672,xor01_from135,VERIFY_PANIC
t1-0,proof_byte,948736,xor01_from137,VERIFY_PANIC
t1-0,proof_byte,948800,xor01_from77,VERIFY_PANIC
t1-0,proof_byte,948864,xor01_from114,VERIFY_PANIC
t1-0,proof_byte,948928,xor01_from190,VERIFY_PANIC
t1-0,proof_byte,948992,xor01_from152,VERIFY_PANIC
t1-0,proof_byte,949056,xor01_from55,VERIFY_PANIC
t1-0,proof_byte,949120,xor01_from88,VERIFY_PANIC
t1-0,proof_byte,949184,xor01_from107,VERIFY_PANIC
t1-0,proof_byte,949248,xor01_from63,VERIFY_PANIC
t1-0,proof_byte,949312,xor01_from166,VERIFY_PANIC
t1-0,proof_byte,949376,xor01_from184,VERIFY_PANIC
t1-0,proof_byte,949440,xor01_from111,VERIFY_PANIC
t1-0,proof_byte,949504,xor01_from15,VERIFY_PANIC
t1-0,proof_byte,949568,xor01_from220,VERIFY_PANIC
t1-0,proof_byte,949632,xor01_from108,VERIFY_PANIC
t1-0,proof_byte,949696,xor01_from149,VERIFY_PANIC
t1-0,proof_byte,949760,xor01_from239,VERIFY_PANIC
t1-0,proof_byte,949824,xor01_from64,VERIFY_PANIC
t1-0,proof_byte,949888,xor01_from239,VERIFY_PANIC
t1-0,proof_byte,949952,xor01_from214,VERIFY_PANIC
t1-0,proof_byte,950016,xor01_from12,DESERIALIZE_REJECTED
t1-0,proof_byte,950080,xor01_from19,VERIFY_PANIC
t1-0,proof_byte,950144,xor01_from85,VERIFY_PANIC
t1-0,proof_byte,950208,xor01_from68,VERIFY_PANIC
t1-0,proof_byte,950272,xor01_from198,VERIFY_PANIC
t1-0,proof_byte,950336,xor01_from119,VERIFY_PANIC
t1-0,proof_byte,950400,xor01_from43,VERIFY_PANIC
t1-0,proof_byte,950464,xor01_from229,VERIFY_PANIC
t1-0,proof_byte,950528,xor01_from179,VERIFY_PANIC
t1-0,proof_byte,950592,xor01_from242,VERIFY_PANIC
t1-0,proof_byte,950656,xor01_from155,VERIFY_PANIC
t1-0,proof_byte,950720,xor01_from76,VERIFY_PANIC
t1-0,proof_byte,950784,xor01_from147,VERIFY_PANIC
t1-0,proof_byte,950848,xor01_from60,VERIFY_PANIC
t1-0,proof_byte,950912,xor01_from1,VERIFY_PANIC
t1-0,proof_byte,950976,xor01_from162,VERIFY_PANIC
t1-0,proof_byte,951040,xor01_from118,VERIFY_PANIC
t1-0,proof_byte,951104,xor01_from120,VERIFY_PANIC
t1-0,proof_byte,951168,xor01_from233,VERIFY_PANIC
t1-0,proof_byte,951232,xor01_from150,VERIFY_PANIC
t1-0,proof_byte,951296,xor01_from224,VERIFY_PANIC
t1-0,proof_byte,951360,xor01_from81,VERIFY_PANIC
t1-0,proof_byte,951424,xor01_from153,VERIFY_PANIC
t1-0,proof_byte,951488,xor01_from178,VERIFY_PANIC
t1-0,proof_byte,951552,xor01_from205,VERIFY_PANIC
t1-0,proof_byte,951616,xor01_from168,VERIFY_PANIC
t1-0,proof_byte,951680,xor01_from40,VERIFY_PANIC
t1-0,proof_byte,951744,xor01_from201,VERIFY_PANIC
t1-0,proof_byte,951808,xor01_from212,VERIFY_PANIC
t1-0,proof_byte,951872,xor01_from151,VERIFY_PANIC
t1-0,proof_byte,951936,xor01_from101,VERIFY_PANIC
t1-0,proof_byte,952000,xor01_from198,VERIFY_PANIC
t1-0,proof_byte,952064,xor01_from177,VERIFY_PANIC
t1-0,proof_byte,952128,xor01_from8,VERIFY_PANIC
t1-0,proof_byte,952192,xor01_from118,VERIFY_PANIC
t1-0,proof_byte,952256,xor01_from121,VERIFY_PANIC
t1-0,proof_byte,952320,xor01_from170,VERIFY_PANIC
t1-0,proof_byte,952384,xor01_from4,DESERIALIZE_REJECTED
t1-0,proof_byte,952448,xor01_from245,VERIFY_PANIC
t1-0,proof_byte,952512,xor01_from195,VERIFY_PANIC
t1-0,proof_byte,952576,xor01_from138,VERIFY_PANIC
t1-0,proof_byte,952640,xor01_from180,VERIFY_PANIC
t1-0,proof_byte,952704,xor01_from135,VERIFY_PANIC
t1-0,proof_byte,952768,xor01_from151,VERIFY_PANIC
t1-0,proof_byte,952832,xor01_from4,VERIFY_PANIC
t1-0,proof_byte,952896,xor01_from7,VERIFY_PANIC
t1-0,proof_byte,952960,xor01_from6,DESERIALIZE_REJECTED
t1-0,proof_byte,953024,xor01_from81,VERIFY_PANIC
t1-0,proof_byte,953088,xor01_from255,VERIFY_PANIC
t1-0,proof_byte,953152,xor01_from183,VERIFY_PANIC
t1-0,proof_byte,953216,xor01_from166,VERIFY_PANIC
t1-0,proof_byte,953280,xor01_from246,VERIFY_PANIC
t1-0,proof_byte,953344,xor01_from127,VERIFY_PANIC
t1-0,proof_byte,953408,xor01_from251,VERIFY_PANIC
t1-0,proof_byte,953472,xor01_from6,VERIFY_PANIC
t1-0,proof_byte,953536,xor01_from17,VERIFY_PANIC
t1-0,proof_byte,953600,xor01_from107,VERIFY_PANIC
t1-0,proof_byte,953664,xor01_from91,VERIFY_PANIC
t1-0,proof_byte,953728,xor01_from33,VERIFY_PANIC
t1-0,proof_byte,953792,xor01_from97,VERIFY_PANIC
t1-0,proof_byte,953856,xor01_from66,VERIFY_PANIC
t1-0,proof_byte,953920,xor01_from136,VERIFY_PANIC
t1-0,proof_byte,953984,xor01_from19,VERIFY_PANIC
t1-0,proof_byte,954048,xor01_from137,VERIFY_PANIC
t1-0,proof_byte,954112,xor01_from13,VERIFY_PANIC
t1-0,proof_byte,954176,xor01_from224,VERIFY_PANIC
t1-0,proof_byte,954240,xor01_from114,VERIFY_PANIC
t1-0,proof_byte,954304,xor01_from62,VERIFY_PANIC
t1-0,proof_byte,954368,xor01_from151,VERIFY_PANIC
t1-0,proof_byte,954432,xor01_from171,VERIFY_PANIC
t1-0,proof_byte,954496,xor01_from178,VERIFY_PANIC
t1-0,proof_byte,954560,xor01_from31,VERIFY_PANIC
t1-0,proof_byte,954624,xor01_from10,VERIFY_PANIC
t1-0,proof_byte,954688,xor01_from117,VERIFY_PANIC
t1-0,proof_byte,954752,xor01_from98,VERIFY_PANIC
t1-0,proof_byte,954816,xor01_from199,VERIFY_PANIC
t1-0,proof_byte,954880,xor01_from236,VERIFY_PANIC
t1-0,proof_byte,954944,xor01_from95,VERIFY_PANIC
t1-0,proof_byte,955008,xor01_from159,VERIFY_PANIC
t1-0,proof_byte,955072,xor01_from96,VERIFY_PANIC
t1-0,proof_byte,955136,xor01_from234,VERIFY_PANIC
t1-0,proof_byte,955200,xor01_from27,VERIFY_PANIC
t1-0,proof_byte,955264,xor01_from56,VERIFY_PANIC
t1-0,proof_byte,955328,xor01_from198,VERIFY_PANIC
t1-0,proof_byte,955392,xor01_from71,VERIFY_PANIC
t1-0,proof_byte,955456,xor01_from231,VERIFY_PANIC
t1-0,proof_byte,955520,xor01_from167,VERIFY_PANIC
t1-0,proof_byte,955584,xor01_from58,VERIFY_PANIC
t1-0,proof_byte,955648,xor01_from115,VERIFY_PANIC
t1-0,proof_byte,955712,xor01_from220,VERIFY_PANIC
t1-0,proof_byte,955776,xor01_from255,VERIFY_PANIC
t1-0,proof_byte,955840,xor01_from1,VERIFY_PANIC
t1-0,proof_byte,955904,xor01_from233,VERIFY_PANIC
t1-0,proof_byte,955968,xor01_from35,VERIFY_PANIC
t1-0,proof_byte,956032,xor01_from154,VERIFY_PANIC
t1-0,proof_byte,956096,xor01_from0,DESERIALIZE_REJECTED
t1-0,proof_byte,956160,xor01_from199,VERIFY_PANIC
t1-0,proof_byte,956224,xor01_from250,VERIFY_PANIC
t1-0,proof_byte,956288,xor01_from255,VERIFY_PANIC
t1-0,proof_byte,956352,xor01_from171,VERIFY_PANIC
t1-0,proof_byte,956416,xor01_from189,VERIFY_PANIC
t1-0,proof_byte,956480,xor01_from38,VERIFY_PANIC
t1-0,proof_byte,956544,xor01_from1,VERIFY_PANIC
t1-0,proof_byte,956608,xor01_from19,VERIFY_PANIC
t1-0,proof_byte,956672,xor01_from91,VERIFY_PANIC
t1-0,proof_byte,956736,xor01_from82,VERIFY_PANIC
t1-0,proof_byte,956800,xor01_from168,VERIFY_PANIC
t1-0,proof_byte,956864,xor01_from140,VERIFY_PANIC
t1-0,proof_byte,956928,xor01_from0,VERIFY_PANIC
t1-0,proof_byte,956992,xor01_from230,VERIFY_PANIC
t1-0,proof_byte,957056,xor01_from104,VERIFY_PANIC
t1-0,proof_byte,957120,xor01_from103,VERIFY_PANIC
t1-0,proof_byte,957184,xor01_from254,VERIFY_PANIC
t1-0,proof_byte,957248,xor01_from86,VERIFY_PANIC
t1-0,proof_byte,957312,xor01_from57,VERIFY_PANIC
t1-0,proof_byte,957376,xor01_from159,VERIFY_PANIC
t1-0,proof_byte,957440,xor01_from130,VERIFY_PANIC
t1-0,proof_byte,957504,xor01_from226,VERIFY_PANIC
t1-0,proof_byte,957568,xor01_from248,VERIFY_PANIC
t1-0,proof_byte,957632,xor01_from167,VERIFY_PANIC
t1-0,proof_byte,957696,xor01_from42,VERIFY_PANIC
t1-0,proof_byte,957760,xor01_from205,VERIFY_PANIC
t1-0,proof_byte,957824,xor01_from92,VERIFY_PANIC
t1-0,proof_byte,957888,xor01_from147,VERIFY_PANIC
t1-0,proof_byte,957952,xor01_from245,VERIFY_PANIC
t1-0,proof_byte,958016,xor01_from93,VERIFY_PANIC
t1-0,proof_byte,958080,xor01_from81,VERIFY_PANIC
t1-0,proof_byte,958144,xor01_from203,VERIFY_PANIC
t1-0,proof_byte,958208,xor01_from172,VERIFY_PANIC
t1-0,proof_byte,958272,xor01_from244,VERIFY_PANIC
t1-0,proof_byte,958336,xor01_from172,VERIFY_PANIC
t1-0,proof_byte,958400,xor01_from73,VERIFY_PANIC
t1-0,proof_byte,958464,xor01_from154,VERIFY_PANIC
t1-0,proof_byte,958528,xor01_from210,VERIFY_PANIC
t1-0,proof_byte,958592,xor01_from132,VERIFY_PANIC
t1-0,proof_byte,958656,xor01_from19,VERIFY_PANIC
t1-0,proof_byte,958720,xor01_from205,VERIFY_PANIC
t1-0,proof_byte,958784,xor01_from218,VERIFY_PANIC
t1-0,proof_byte,958848,xor01_from24,VERIFY_PANIC
t1-0,proof_byte,958912,xor01_from88,VERIFY_PANIC
t1-0,proof_byte,958976,xor01_from215,VERIFY_PANIC
t1-0,proof_byte,959040,xor01_from253,VERIFY_PANIC
t1-0,proof_byte,959104,xor01_from37,VERIFY_PANIC
t1-0,proof_byte,959168,xor01_from195,VERIFY_PANIC
t1-0,proof_byte,959232,xor01_from183,VERIFY_PANIC
t1-0,proof_byte,959296,xor01_from108,VERIFY_PANIC
t1-0,proof_byte,959360,xor01_from33,VERIFY_PANIC
t1-0,proof_byte,959424,xor01_from84,VERIFY_PANIC
t1-0,proof_byte,959488,xor01_from0,DESERIALIZE_REJECTED
t1-0,proof_byte,959552,xor01_from161,VERIFY_PANIC
t1-0,proof_byte,959616,xor01_from33,VERIFY_PANIC
t1-0,proof_byte,959680,xor01_from191,VERIFY_PANIC
t1-0,proof_byte,959744,xor01_from194,VERIFY_PANIC
t1-0,proof_byte,959808,xor01_from187,VERIFY_PANIC
t1-0,proof_byte,959872,xor01_from148,VERIFY_PANIC
t1-0,proof_byte,959936,xor01_from165,VERIFY_PANIC
t1-0,proof_byte,960000,xor01_from225,VERIFY_PANIC
t1-0,proof_byte,960064,xor01_from77,VERIFY_PANIC
t1-0,proof_byte,960128,xor01_from139,VERIFY_PANIC
t1-0,proof_byte,960192,xor01_from238,VERIFY_PANIC
t1-0,proof_byte,960256,xor01_from207,VERIFY_PANIC
t1-0,proof_byte,960320,xor01_from106,VERIFY_PANIC
t1-0,proof_byte,960384,xor01_from232,VERIFY_PANIC
t1-0,proof_byte,960448,xor01_from7,VERIFY_PANIC
t1-0,proof_byte,960512,xor01_from232,VERIFY_PANIC
t1-0,proof_byte,960576,xor01_from106,VERIFY_PANIC
t1-0,proof_byte,960640,xor01_from239,VERIFY_PANIC
t1-0,proof_byte,960704,xor01_from53,VERIFY_PANIC
t1-0,proof_byte,960768,xor01_from94,VERIFY_PANIC
t1-0,proof_byte,960832,xor01_from0,DESERIALIZE_REJECTED
t1-0,proof_byte,960896,xor01_from65,VERIFY_PANIC
t1-0,proof_byte,960960,xor01_from166,VERIFY_PANIC
t1-0,proof_byte,961024,xor01_from0,DESERIALIZE_REJECTED
t1-0,proof_byte,961088,xor01_from172,VERIFY_PANIC
t1-0,proof_byte,961152,xor01_from176,VERIFY_PANIC
t1-0,proof_byte,961216,xor01_from155,VERIFY_PANIC
t1-0,proof_byte,961280,xor01_from237,VERIFY_PANIC
t1-0,proof_byte,961344,xor01_from131,VERIFY_PANIC
t1-0,proof_byte,961408,xor01_from151,VERIFY_PANIC
t1-0,proof_byte,961472,xor01_from165,VERIFY_PANIC
t1-0,proof_byte,961536,xor01_from131,VERIFY_PANIC
t1-0,proof_byte,961600,xor01_from38,VERIFY_PANIC
t1-0,proof_byte,961664,xor01_from179,VERIFY_PANIC
t1-0,proof_byte,961728,xor01_from28,VERIFY_PANIC
t1-0,proof_byte,961792,xor01_from123,VERIFY_PANIC
t1-0,proof_byte,961856,xor01_from149,VERIFY_PANIC
t1-0,proof_byte,961920,xor01_from137,VERIFY_PANIC
t1-0,proof_byte,961984,xor01_from246,VERIFY_PANIC
t1-0,proof_byte,962048,xor01_from31,VERIFY_PANIC
t1-0,proof_byte,962112,xor01_from14,VERIFY_PANIC
t1-0,proof_byte,962176,xor01_from133,VERIFY_PANIC
t1-0,proof_byte,962240,xor01_from192,VERIFY_PANIC
t1-0,proof_byte,962304,xor01_from24,VERIFY_PANIC
t1-0,proof_byte,962368,xor01_from98,VERIFY_PANIC
t1-0,proof_byte,962432,xor01_from199,VERIFY_PANIC
t1-0,proof_byte,962496,xor01_from220,VERIFY_PANIC
t1-0,proof_byte,962560,xor01_from190,VERIFY_PANIC
t1-0,proof_byte,962624,xor01_from42,VERIFY_PANIC
t1-0,proof_byte,962688,xor01_from93,VERIFY_PANIC
t1-0,proof_byte,962752,xor01_from178,VERIFY_PANIC
t1-0,proof_byte,962816,xor01_from214,VERIFY_PANIC
t1-0,proof_byte,962880,xor01_from23,VERIFY_PANIC
t1-0,proof_byte,962944,xor01_from121,VERIFY_PANIC
t1-0,proof_byte,963008,xor01_from173,VERIFY_PANIC
t1-0,proof_byte,963072,xor01_from252,VERIFY_PANIC
t1-0,proof_byte,963136,xor01_from113,VERIFY_PANIC
t1-0,proof_byte,963200,xor01_from166,VERIFY_PANIC
t1-0,proof_byte,963264,xor01_from24,VERIFY_PANIC
t1-0,proof_byte,963328,xor01_from141,VERIFY_PANIC
t1-0,proof_byte,963392,xor01_from173,VERIFY_PANIC
t1-0,proof_byte,963456,xor01_from87,VERIFY_PANIC
t1-0,proof_byte,963520,xor01_from16,VERIFY_PANIC
t1-0,proof_byte,963584,xor01_from112,VERIFY_PANIC
t1-0,proof_byte,963648,xor01_from137,VERIFY_PANIC
t1-0,proof_byte,963712,xor01_from43,VERIFY_PANIC
t1-0,proof_byte,963776,xor01_from149,VERIFY_PANIC
t1-0,proof_byte,963840,xor01_from130,VERIFY_PANIC
t1-0,proof_byte,963904,xor01_from235,VERIFY_PANIC
t1-0,proof_byte,963968,xor01_from96,VERIFY_PANIC
t1-0,proof_byte,964032,xor01_from66,VERIFY_PANIC
t1-0,proof_byte,964096,xor01_from144,VERIFY_PANIC
t1-0,proof_byte,964160,xor01_from10,VERIFY_PANIC
t1-0,proof_byte,964224,xor01_from119,VERIFY_PANIC
t1-0,proof_byte,964288,xor01_from77,VERIFY_PANIC
t1-0,proof_byte,964352,xor01_from250,VERIFY_PANIC
t1-0,proof_byte,964416,xor01_from160,VERIFY_PANIC
t1-0,proof_byte,964480,xor01_from77,VERIFY_PANIC
t1-0,proof_byte,964544,xor01_from99,VERIFY_PANIC
t1-0,proof_byte,964608,xor01_from113,VERIFY_PANIC
t1-0,proof_byte,964672,xor01_from124,VERIFY_PANIC
t1-0,proof_byte,964736,xor01_from177,VERIFY_PANIC
t1-0,proof_byte,964800,xor01_from52,VERIFY_PANIC
t1-0,proof_byte,964864,xor01_from46,VERIFY_PANIC
t1-0,proof_byte,964928,xor01_from78,VERIFY_PANIC
t1-0,proof_byte,964992,xor01_from16,VERIFY_PANIC
t1-0,proof_byte,965056,xor01_from61,VERIFY_PANIC
t1-0,proof_byte,965120,xor01_from54,VERIFY_PANIC
t1-0,proof_byte,965184,xor01_from195,VERIFY_PANIC
t1-0,proof_byte,965248,xor01_from106,VERIFY_PANIC
t1-0,proof_byte,965312,xor01_from168,VERIFY_PANIC
t1-0,proof_byte,965376,xor01_from114,VERIFY_PANIC
t1-0,proof_byte,965440,xor01_from64,VERIFY_PANIC
t1-0,proof_byte,965504,xor01_from157,VERIFY_PANIC
t1-0,proof_byte,965568,xor01_from162,VERIFY_PANIC
t1-0,proof_byte,965632,xor01_from13,DESERIALIZE_REJECTED
t1-0,proof_byte,965696,xor01_from202,VERIFY_PANIC
t1-0,proof_byte,965760,xor01_from88,VERIFY_PANIC
t1-0,proof_byte,965824,xor01_from225,VERIFY_PANIC
t1-0,proof_byte,965888,xor01_from18,VERIFY_PANIC
t1-0,proof_byte,965952,xor01_from237,VERIFY_PANIC
t1-0,proof_byte,966016,xor01_from32,VERIFY_PANIC
t1-0,proof_byte,966080,xor01_from180,VERIFY_PANIC
t1-0,proof_byte,966144,xor01_from101,VERIFY_PANIC
t1-0,proof_byte,966208,xor01_from200,VERIFY_PANIC
t1-0,proof_byte,966272,xor01_from177,VERIFY_PANIC
t1-0,proof_byte,966336,xor01_from142,VERIFY_PANIC
t1-0,proof_byte,966400,xor01_from62,VERIFY_PANIC
t1-0,proof_byte,966464,xor01_from33,VERIFY_PANIC
t1-0,proof_byte,966528,xor01_from37,VERIFY_PANIC
t1-0,proof_byte,966592,xor01_from133,VERIFY_PANIC
t1-0,proof_byte,966656,xor01_from255,VERIFY_PANIC
t1-0,proof_byte,966720,xor01_from243,VERIFY_PANIC
t1-0,proof_byte,966784,xor01_from196,VERIFY_PANIC
t1-0,proof_byte,966848,xor01_from86,VERIFY_PANIC
t1-0,proof_byte,966912,xor01_from23,VERIFY_PANIC
t1-0,proof_byte,966976,xor01_from253,VERIFY_PANIC
t1-0,proof_byte,967040,xor01_from208,VERIFY_PANIC
t1-0,proof_byte,967104,xor01_from170,VERIFY_PANIC
t1-0,proof_byte,967168,xor01_from253,VERIFY_PANIC
t1-0,proof_byte,967232,xor01_from135,VERIFY_PANIC
t1-0,proof_byte,967296,xor01_from43,VERIFY_PANIC
t1-0,proof_byte,967360,xor01_from105,VERIFY_PANIC
t1-0,proof_byte,967424,xor01_from65,VERIFY_PANIC
t1-0,proof_byte,967488,xor01_from210,VERIFY_PANIC
t1-0,proof_byte,967552,xor01_from231,VERIFY_PANIC
t1-0,proof_byte,967616,xor01_from42,VERIFY_PANIC
t1-0,proof_byte,967680,xor01_from179,VERIFY_PANIC
t1-0,proof_byte,967744,xor01_from248,VERIFY_PANIC
t1-0,proof_byte,967808,xor01_from139,VERIFY_PANIC
t1-0,proof_byte,967872,xor01_from211,VERIFY_PANIC
t1-0,proof_byte,967936,xor01_from147,VERIFY_PANIC
t1-0,proof_byte,968000,xor01_from124,VERIFY_PANIC
t1-0,proof_byte,968064,xor01_from198,VERIFY_PANIC
t1-0,proof_byte,968128,xor01_from214,VERIFY_PANIC
t1-0,proof_byte,968192,xor01_from107,VERIFY_PANIC
t1-0,proof_byte,968256,xor01_from5,DESERIALIZE_REJECTED
t1-0,proof_byte,968320,xor01_from25,VERIFY_PANIC
t1-0,proof_byte,968384,xor01_from234,VERIFY_PANIC
t1-0,proof_byte,968448,xor01_from177,VERIFY_PANIC
t1-0,proof_byte,968512,xor01_from84,VERIFY_PANIC
t1-0,proof_byte,968576,xor01_from184,VERIFY_PANIC
t1-0,proof_byte,968640,xor01_from205,VERIFY_PANIC
t1-0,proof_byte,968704,xor01_from157,VERIFY_PANIC
t1-0,proof_byte,968768,xor01_from39,VERIFY_PANIC
t1-0,proof_byte,968832,xor01_from229,VERIFY_PANIC
t1-0,proof_byte,968896,xor01_from8,DESERIALIZE_REJECTED
t1-0,proof_byte,968960,xor01_from67,VERIFY_PANIC
t1-0,proof_byte,969024,xor01_from124,VERIFY_PANIC
t1-0,proof_byte,969088,xor01_from88,VERIFY_PANIC
t1-0,proof_byte,969152,xor01_from252,VERIFY_PANIC
t1-0,proof_byte,969216,xor01_from107,VERIFY_PANIC
t1-0,proof_byte,969280,xor01_from50,VERIFY_PANIC
t1-0,proof_byte,969344,xor01_from75,VERIFY_PANIC
t1-0,proof_byte,969408,xor01_from206,VERIFY_PANIC
t1-0,proof_byte,969472,xor01_from89,VERIFY_PANIC
t1-0,proof_byte,969536,xor01_from29,VERIFY_PANIC
t1-0,proof_byte,969600,xor01_from149,VERIFY_PANIC
t1-0,proof_byte,969664,xor01_from241,VERIFY_PANIC
t1-0,proof_byte,969728,xor01_from74,VERIFY_PANIC
t1-0,proof_byte,969792,xor01_from143,VERIFY_PANIC
t1-0,proof_byte,969856,xor01_from206,VERIFY_PANIC
t1-0,proof_byte,969920,xor01_from47,VERIFY_PANIC
t1-0,proof_byte,969984,xor01_from166,VERIFY_PANIC
t1-0,proof_byte,970048,xor01_from253,VERIFY_PANIC
t1-0,proof_byte,970112,xor01_from146,VERIFY_PANIC
t1-0,proof_byte,970176,xor01_from37,VERIFY_PANIC
t1-0,proof_byte,970240,xor01_from127,VERIFY_PANIC
t1-0,proof_byte,970304,xor01_from51,VERIFY_PANIC
t1-0,proof_byte,970368,xor01_from13,VERIFY_PANIC
t1-0,proof_byte,970432,xor01_from206,VERIFY_PANIC
t1-0,proof_byte,970496,xor01_from251,VERIFY_PANIC
t1-0,proof_byte,970560,xor01_from250,VERIFY_PANIC
t1-0,proof_byte,970624,xor01_from162,VERIFY_PANIC
t1-0,proof_byte,970688,xor01_from94,VERIFY_PANIC
t1-0,proof_byte,970752,xor01_from127,VERIFY_PANIC
t1-0,proof_byte,970816,xor01_from14,VERIFY_PANIC
t1-0,proof_byte,970880,xor01_from8,VERIFY_PANIC
t1-0,proof_byte,970944,xor01_from105,VERIFY_PANIC
t1-0,proof_byte,971008,xor01_from53,VERIFY_PANIC
t1-0,proof_byte,971072,xor01_from125,VERIFY_PANIC
t1-0,proof_byte,971136,xor01_from226,VERIFY_PANIC
t1-0,proof_byte,971200,xor01_from178,VERIFY_PANIC
t1-0,proof_byte,971264,xor01_from78,VERIFY_PANIC
t1-0,proof_byte,971328,xor01_from233,VERIFY_PANIC
t1-0,proof_byte,971392,xor01_from191,VERIFY_PANIC
t1-0,proof_byte,971456,xor01_from255,VERIFY_PANIC
t1-0,proof_byte,971520,xor01_from83,VERIFY_PANIC
t1-0,proof_byte,971584,xor01_from0,DESERIALIZE_REJECTED
t1-0,proof_byte,971648,xor01_from17,VERIFY_PANIC
t1-0,proof_byte,971712,xor01_from68,VERIFY_PANIC
t1-0,proof_byte,971776,xor01_from93,VERIFY_PANIC
t1-0,proof_byte,971840,xor01_from71,VERIFY_PANIC
t1-0,proof_byte,971904,xor01_from74,VERIFY_PANIC
t1-0,proof_byte,971968,xor01_from39,VERIFY_PANIC
t1-0,proof_byte,972032,xor01_from244,VERIFY_PANIC
t1-0,proof_byte,972096,xor01_from199,VERIFY_PANIC
t1-0,proof_byte,972160,xor01_from33,VERIFY_PANIC
t1-0,proof_byte,972224,xor01_from111,VERIFY_PANIC
t1-0,proof_byte,972288,xor01_from204,VERIFY_PANIC
t1-0,proof_byte,972352,xor01_from67,VERIFY_PANIC
t1-0,proof_byte,972416,xor01_from193,VERIFY_PANIC
t1-0,proof_byte,972480,xor01_from71,VERIFY_PANIC
t1-0,proof_byte,972544,xor01_from151,VERIFY_PANIC
t1-0,proof_byte,972608,xor01_from98,VERIFY_PANIC
t1-0,proof_byte,972672,xor01_from83,VERIFY_PANIC
t1-0,proof_byte,972736,xor01_from55,VERIFY_PANIC
t1-0,proof_byte,972800,xor01_from37,VERIFY_PANIC
t1-0,proof_byte,972864,xor01_from47,VERIFY_PANIC
t1-0,proof_byte,972928,xor01_from93,VERIFY_PANIC
t1-0,proof_byte,972992,xor01_from35,VERIFY_PANIC
t1-0,proof_byte,973056,xor01_from186,VERIFY_PANIC
t1-0,proof_byte,973120,xor01_from37,VERIFY_PANIC
t1-0,proof_byte,973184,xor01_from86,VERIFY_PANIC
t1-0,proof_byte,973248,xor01_from48,VERIFY_PANIC
t1-0,proof_byte,973312,xor01_from152,VERIFY_PANIC
t1-0,proof_byte,973376,xor01_from156,VERIFY_PANIC
t1-0,proof_byte,973440,xor01_from63,VERIFY_PANIC
t1-0,proof_byte,973504,xor01_from210,VERIFY_PANIC
t1-0,proof_byte,973568,xor01_from128,VERIFY_PANIC
t1-0,proof_byte,973632,xor01_from125,VERIFY_PANIC
t1-0,proof_byte,973696,xor01_from124,VERIFY_PANIC
t1-0,proof_byte,973760,xor01_from66,VERIFY_PANIC
t1-0,proof_byte,973824,xor01_from17,VERIFY_PANIC
t1-0,proof_byte,973888,xor01_from236,VERIFY_PANIC
t1-0,proof_byte,973952,xor01_from223,VERIFY_PANIC
t1-0,proof_byte,974016,xor01_from126,VERIFY_PANIC
t1-0,proof_byte,974080,xor01_from84,VERIFY_PANIC
t1-0,proof_byte,974144,xor01_from160,VERIFY_PANIC
t1-0,proof_byte,974208,xor01_from166,VERIFY_PANIC
t1-0,proof_byte,974272,xor01_from66,VERIFY_PANIC
t1-0,proof_byte,974336,xor01_from36,VERIFY_PANIC
t1-0,proof_byte,974400,xor01_from139,VERIFY_PANIC
t1-0,proof_byte,974464,xor01_from89,VERIFY_PANIC
t1-0,proof_byte,974528,xor01_from80,VERIFY_PANIC
t1-0,proof_byte,974592,xor01_from255,VERIFY_PANIC
t1-0,proof_byte,974656,xor01_from107,VERIFY_PANIC
t1-0,proof_byte,974720,xor01_from144,VERIFY_PANIC
t1-0,proof_byte,974784,xor01_from58,VERIFY_PANIC
t1-0,proof_byte,974848,xor01_from142,VERIFY_PANIC
t1-0,proof_byte,974912,xor01_from59,VERIFY_PANIC
t1-0,proof_byte,974976,xor01_from131,VERIFY_PANIC
t1-0,proof_byte,975040,xor01_from237,VERIFY_PANIC
t1-0,proof_byte,975104,xor01_from171,VERIFY_PANIC
t1-0,proof_byte,975168,xor01_from39,VERIFY_PANIC
t1-0,proof_byte,975232,xor01_from0,DESERIALIZE_REJECTED
t1-0,proof_byte,975296,xor01_from187,VERIFY_PANIC
t1-0,proof_byte,975360,xor01_from7,VERIFY_PANIC
t1-0,proof_byte,975424,xor01_from109,VERIFY_PANIC
t1-0,proof_byte,975488,xor01_from177,VERIFY_PANIC
t1-0,proof_byte,975552,xor01_from36,VERIFY_PANIC
t1-0,proof_byte,975616,xor01_from240,VERIFY_PANIC
t1-0,proof_byte,975680,xor01_from238,VERIFY_PANIC
t1-0,proof_byte,975744,xor01_from211,VERIFY_PANIC
t1-0,proof_byte,975808,xor01_from91,VERIFY_PANIC
t1-0,proof_byte,975872,xor01_from251,VERIFY_PANIC
t1-0,proof_byte,975936,xor01_from189,VERIFY_PANIC
t1-0,proof_byte,976000,xor01_from38,VERIFY_PANIC
t1-0,proof_byte,976064,xor01_from116,VERIFY_PANIC
t1-0,proof_byte,976128,xor01_from24,VERIFY_PANIC
t1-0,proof_byte,976192,xor01_from118,VERIFY_PANIC
t1-0,proof_byte,976256,xor01_from160,VERIFY_PANIC
t1-0,proof_byte,976320,xor01_from141,VERIFY_PANIC
t1-0,proof_byte,976384,xor01_from0,VERIFY_PANIC
t1-0,proof_byte,976448,xor01_from96,VERIFY_PANIC
t1-0,proof_byte,976512,xor01_from162,VERIFY_PANIC
t1-0,proof_byte,976576,xor01_from70,VERIFY_PANIC
t1-0,proof_byte,976640,xor01_from235,VERIFY_PANIC
t1-0,proof_byte,976704,xor01_from47,VERIFY_PANIC
t1-0,proof_byte,976768,xor01_from193,VERIFY_PANIC
t1-0,proof_byte,976832,xor01_from0,DESERIALIZE_REJECTED
t1-0,proof_byte,976896,xor01_from74,VERIFY_PANIC
t1-0,proof_byte,976960,xor01_from102,VERIFY_PANIC
t1-0,proof_byte,977024,xor01_from166,VERIFY_PANIC
t1-0,proof_byte,977088,xor01_from20,VERIFY_PANIC
t1-0,proof_byte,977152,xor01_from202,VERIFY_PANIC
t1-0,proof_byte,977216,xor01_from100,VERIFY_PANIC
t1-0,proof_byte,977280,xor01_from96,VERIFY_PANIC
t1-0,proof_byte,977344,xor01_from0,VERIFY_PANIC
t1-0,proof_byte,977408,xor01_from176,VERIFY_PANIC
t1-0,proof_byte,977472,xor01_from128,VERIFY_PANIC
t1-0,proof_byte,977536,xor01_from51,VERIFY_PANIC
t1-0,proof_byte,977600,xor01_from244,VERIFY_PANIC
t1-0,proof_byte,977664,xor01_from40,VERIFY_PANIC
t1-0,proof_byte,977728,xor01_from0,DESERIALIZE_REJECTED
t1-0,proof_byte,977792,xor01_from240,VERIFY_PANIC
t1-0,proof_byte,977856,xor01_from108,VERIFY_PANIC
t1-0,proof_byte,977920,xor01_from123,VERIFY_PANIC
t1-0,proof_byte,977984,xor01_from150,VERIFY_PANIC
t1-0,proof_byte,978048,xor01_from25,VERIFY_PANIC
t1-0,proof_byte,978112,xor01_from126,VERIFY_PANIC
t1-0,proof_byte,978176,xor01_from12,VERIFY_PANIC
t1-0,proof_byte,978240,xor01_from201,VERIFY_PANIC
t1-0,proof_byte,978304,xor01_from128,VERIFY_PANIC
t1-0,proof_byte,978368,xor01_from78,VERIFY_PANIC
t1-0,proof_byte,978432,xor01_from11,VERIFY_PANIC
t1-0,proof_byte,978496,xor01_from95,VERIFY_PANIC
t1-0,proof_byte,978560,xor01_from65,VERIFY_PANIC
t1-0,proof_byte,978624,xor01_from180,VERIFY_PANIC
t1-0,proof_byte,978688,xor01_from73,VERIFY_PANIC
t1-0,proof_byte,978752,xor01_from32,VERIFY_PANIC
t1-0,proof_byte,978816,xor01_from244,VERIFY_PANIC
t1-0,proof_byte,978880,xor01_from175,VERIFY_PANIC
t1-0,proof_byte,978944,xor01_from147,VERIFY_PANIC
t1-0,proof_byte,979008,xor01_from18,DESERIALIZE_REJECTED
t1-0,proof_byte,979072,xor01_from117,VERIFY_PANIC
t1-0,proof_byte,979136,xor01_from45,VERIFY_PANIC
t1-0,proof_byte,979200,xor01_from222,VERIFY_PANIC
t1-0,proof_byte,979264,xor01_from28,VERIFY_PANIC
t1-0,proof_byte,979328,xor01_from95,VERIFY_PANIC
t1-0,proof_byte,979392,xor01_from113,VERIFY_PANIC
t1-0,proof_byte,979456,xor01_from70,VERIFY_PANIC
t1-0,proof_byte,979520,xor01_from200,VERIFY_PANIC
t1-0,proof_byte,979584,xor01_from78,VERIFY_PANIC
t1-0,proof_byte,979648,xor01_from254,VERIFY_PANIC
t1-0,proof_byte,979712,xor01_from33,VERIFY_PANIC
t1-0,proof_byte,979776,xor01_from52,VERIFY_PANIC
t1-0,proof_byte,979840,xor01_from141,VERIFY_PANIC
t1-0,proof_byte,979904,xor01_from253,VERIFY_PANIC
t1-0,proof_byte,979968,xor01_from118,VERIFY_PANIC
t1-0,proof_byte,980032,xor01_from122,VERIFY_PANIC
t1-0,proof_byte,980096,xor01_from152,VERIFY_PANIC
t1-0,proof_byte,980160,xor01_from204,VERIFY_PANIC
t1-0,proof_byte,980224,xor01_from16,VERIFY_PANIC
t1-0,proof_byte,980288,xor01_from124,VERIFY_PANIC
t1-0,proof_byte,980352,xor01_from188,VERIFY_PANIC
t1-0,proof_byte,980416,xor01_from107,VERIFY_PANIC
t1-0,proof_byte,980480,xor01_from215,VERIFY_PANIC
t1-0,proof_byte,980544,xor01_from175,VERIFY_PANIC
t1-0,proof_byte,980608,xor01_from69,VERIFY_PANIC
t1-0,proof_byte,980672,xor01_from112,VERIFY_PANIC
t1-0,proof_byte,980736,xor01_from53,VERIFY_PANIC
t1-0,proof_byte,980800,xor01_from200,VERIFY_PANIC
t1-0,proof_byte,980864,xor01_from254,VERIFY_PANIC
t1-0,proof_byte,980928,xor01_from14,VERIFY_PANIC
t1-0,proof_byte,980992,xor01_from23,VERIFY_PANIC
t1-0,proof_byte,981056,xor01_from41,VERIFY_PANIC
t1-0,proof_byte,981120,xor01_from106,VERIFY_PANIC
t1-0,proof_byte,981184,xor01_from174,VERIFY_PANIC
t1-0,proof_byte,981248,xor01_from192,VERIFY_PANIC
t1-0,proof_byte,981312,xor01_from135,VERIFY_PANIC
t1-0,proof_byte,981376,xor01_from175,VERIFY_PANIC
t1-0,proof_byte,981440,xor01_from210,VERIFY_PANIC
t1-0,proof_byte,981504,xor01_from100,VERIFY_PANIC
t1-0,proof_byte,981568,xor01_from16,VERIFY_PANIC
t1-0,proof_byte,981632,xor01_from197,VERIFY_PANIC
t1-0,proof_byte,981696,xor01_from247,VERIFY_PANIC
t1-0,proof_byte,981760,xor01_from231,VERIFY_PANIC
t1-0,proof_byte,981824,xor01_from85,VERIFY_PANIC
t1-0,proof_byte,981888,xor01_from156,VERIFY_PANIC
t1-0,proof_byte,981952,xor01_from39,VERIFY_PANIC
t1-0,proof_byte,982016,xor01_from228,VERIFY_PANIC
t1-0,proof_byte,982080,xor01_from36,VERIFY_PANIC
t1-0,proof_byte,982144,xor01_from247,VERIFY_PANIC
t1-0,proof_byte,982208,xor01_from92,VERIFY_PANIC
t1-0,proof_byte,982272,xor01_from202,VERIFY_PANIC
t1-0,proof_byte,982336,xor01_from94,VERIFY_PANIC
t1-0,proof_byte,982400,xor01_from95,VERIFY_PANIC
t1-0,proof_byte,982464,xor01_from248,VERIFY_PANIC
t1-0,proof_byte,982528,xor01_from119,VERIFY_PANIC
t1-0,proof_byte,982592,xor01_from165,VERIFY_PANIC
t1-0,proof_byte,982656,xor01_from210,VERIFY_PANIC
t1-0,proof_byte,982720,xor01_from118,VERIFY_PANIC
t1-0,proof_byte,982784,xor01_from8,VERIFY_PANIC
t1-0,proof_byte,982848,xor01_from130,VERIFY_PANIC
t1-0,proof_byte,982912,xor01_from10,DESERIALIZE_REJECTED
t1-0,proof_byte,982976,xor01_from156,VERIFY_PANIC
t1-0,proof_byte,983040,xor01_from129,VERIFY_PANIC
t1-0,proof_byte,983104,xor01_from12,VERIFY_PANIC
t1-0,proof_byte,983168,xor01_from88,VERIFY_PANIC
t1-0,proof_byte,983232,xor01_from54,VERIFY_PANIC
t1-0,proof_byte,983296,xor01_from211,VERIFY_PANIC
t1-0,proof_byte,983360,xor01_from75,VERIFY_PANIC
t1-0,proof_byte,983424,xor01_from251,VERIFY_PANIC
t1-0,proof_byte,983488,xor01_from117,VERIFY_PANIC
t1-0,proof_byte,983552,xor01_from13,VERIFY_PANIC
t1-0,proof_byte,983616,xor01_from151,VERIFY_PANIC
t1-0,proof_byte,983680,xor01_from216,VERIFY_PANIC
t1-0,proof_byte,983744,xor01_from190,VERIFY_PANIC
t1-0,proof_byte,983808,xor01_from204,VERIFY_PANIC
t1-0,proof_byte,983872,xor01_from18,VERIFY_PANIC
t1-0,proof_byte,983936,xor01_from62,VERIFY_PANIC
t1-0,proof_byte,984000,xor01_from224,VERIFY_PANIC
t1-0,proof_byte,984064,xor01_from115,VERIFY_PANIC
t1-0,proof_byte,984128,xor01_from11,VERIFY_PANIC
t1-0,proof_byte,984192,xor01_from156,VERIFY_PANIC
t1-0,proof_byte,984256,xor01_from103,VERIFY_PANIC
t1-0,proof_byte,984320,xor01_from245,VERIFY_PANIC
t1-0,proof_byte,984384,xor01_from202,VERIFY_PANIC
t1-0,proof_byte,984448,xor01_from105,VERIFY_PANIC
t1-0,proof_byte,984512,xor01_from72,VERIFY_PANIC
t1-0,proof_byte,984576,xor01_from89,VERIFY_PANIC
t1-0,proof_byte,984640,xor01_from112,VERIFY_PANIC
t1-0,proof_byte,984704,xor01_from196,VERIFY_PANIC
t1-0,proof_byte,984768,xor01_from2,DESERIALIZE_REJECTED
t1-0,proof_byte,984832,xor01_from239,VERIFY_PANIC
t1-0,proof_byte,984896,xor01_from2,DESERIALIZE_REJECTED
t1-0,proof_byte,984960,xor01_from41,VERIFY_PANIC
t1-0,proof_byte,985024,xor01_from239,VERIFY_PANIC
t1-0,proof_byte,985088,xor01_from207,VERIFY_PANIC
t1-0,proof_byte,985152,xor01_from97,VERIFY_PANIC
t1-0,proof_byte,985216,xor01_from178,VERIFY_PANIC
t1-0,proof_byte,985280,xor01_from66,VERIFY_PANIC
t1-0,proof_byte,985344,xor01_from39,VERIFY_PANIC
t1-0,proof_byte,985408,xor01_from30,VERIFY_PANIC
t1-0,proof_byte,985472,xor01_from61,VERIFY_PANIC
t1-0,proof_byte,985536,xor01_from51,VERIFY_PANIC
t1-0,proof_byte,985600,xor01_from203,VERIFY_PANIC
t1-0,proof_byte,985664,xor01_from230,VERIFY_PANIC
t1-0,proof_byte,985728,xor01_from248,VERIFY_PANIC
t1-0,proof_byte,985792,xor01_from184,VERIFY_PANIC
t1-0,proof_byte,985856,xor01_from53,VERIFY_PANIC
t1-0,proof_byte,985920,xor01_from202,VERIFY_PANIC
t1-0,proof_byte,985984,xor01_from84,VERIFY_PANIC
t1-0,proof_byte,986048,xor01_from146,VERIFY_PANIC
t1-0,proof_byte,986112,xor01_from219,VERIFY_PANIC
t1-0,proof_byte,986176,xor01_from193,VERIFY_PANIC
t1-0,proof_byte,986240,xor01_from48,VERIFY_PANIC
t1-0,proof_byte,986304,xor01_from161,VERIFY_PANIC
t1-0,proof_byte,986368,xor01_from162,VERIFY_PANIC
t1-0,proof_byte,986432,xor01_from169,VERIFY_PANIC
t1-0,proof_byte,986496,xor01_from158,VERIFY_PANIC
t1-0,proof_byte,986560,xor01_from31,VERIFY_PANIC
t1-0,proof_byte,986624,xor01_from231,VERIFY_PANIC
t1-0,proof_byte,986688,xor01_from250,VERIFY_PANIC
t1-0,proof_byte,986752,xor01_from83,VERIFY_PANIC
t1-0,proof_byte,986816,xor01_from146,VERIFY_PANIC
t1-0,proof_byte,986880,xor01_from111,VERIFY_PANIC
t1-0,proof_byte,986944,xor01_from177,VERIFY_PANIC
t1-0,proof_byte,987008,xor01_from183,VERIFY_PANIC
t1-0,proof_byte,987072,xor01_from157,VERIFY_PANIC
t1-0,proof_byte,987136,xor01_from58,VERIFY_PANIC
t1-0,proof_byte,987200,xor01_from26,VERIFY_PANIC
t1-0,proof_byte,987264,xor01_from173,VERIFY_PANIC
t1-0,proof_byte,987328,xor01_from183,VERIFY_PANIC
t1-0,proof_byte,987392,xor01_from122,VERIFY_PANIC
t1-0,proof_byte,987456,xor01_from151,VERIFY_PANIC
t1-0,proof_byte,987520,xor01_from221,VERIFY_PANIC
t1-0,proof_byte,987584,xor01_from44,VERIFY_PANIC
t1-0,proof_byte,987648,xor01_from244,VERIFY_PANIC
t1-0,proof_byte,987712,xor01_from44,VERIFY_PANIC
t1-0,proof_byte,987776,xor01_from62,VERIFY_PANIC
t1-0,proof_byte,987840,xor01_from15,VERIFY_PANIC
t1-0,proof_byte,987904,xor01_from30,VERIFY_PANIC
t1-0,proof_byte,987968,xor01_from63,VERIFY_PANIC
t1-0,proof_byte,988032,xor01_from54,VERIFY_PANIC
t1-0,proof_byte,988096,xor01_from228,VERIFY_PANIC
t1-0,proof_byte,988160,xor01_from217,VERIFY_PANIC
t1-0,proof_byte,988224,xor01_from45,VERIFY_PANIC
t1-0,proof_byte,988288,xor01_from122,VERIFY_PANIC
t1-0,proof_byte,988352,xor01_from235,VERIFY_PANIC
t1-0,proof_byte,988416,xor01_from126,VERIFY_PANIC
t1-0,proof_byte,988480,xor01_from17,VERIFY_PANIC
t1-0,proof_byte,988544,xor01_from187,VERIFY_PANIC
t1-0,proof_byte,988608,xor01_from190,VERIFY_PANIC
t1-0,proof_byte,988672,xor01_from143,VERIFY_PANIC
t1-0,proof_byte,988736,xor01_from69,VERIFY_PANIC
t1-0,proof_byte,988800,xor01_from130,VERIFY_PANIC
t1-0,proof_byte,988864,xor01_from241,VERIFY_PANIC
t1-0,proof_byte,988928,xor01_from243,VERIFY_PANIC
t1-0,proof_byte,988992,xor01_from4,VERIFY_PANIC
t1-0,proof_byte,989056,xor01_from221,VERIFY_PANIC
t1-0,proof_byte,989120,xor01_from105,VERIFY_PANIC
t1-0,proof_byte,989184,xor01_from26,VERIFY_PANIC
t1-0,proof_byte,989248,xor01_from0,DESERIALIZE_REJECTED
t1-0,proof_byte,989312,xor01_from47,VERIFY_PANIC
t1-0,proof_byte,989376,xor01_from63,VERIFY_PANIC
t1-0,proof_byte,989440,xor01_from222,VERIFY_PANIC
t1-0,proof_byte,989504,xor01_from30,VERIFY_PANIC
t1-0,proof_byte,989568,xor01_from58,VERIFY_PANIC
t1-0,proof_byte,989632,xor01_from244,VERIFY_PANIC
t1-0,proof_byte,989696,xor01_from62,VERIFY_PANIC
t1-0,proof_byte,989760,xor01_from180,VERIFY_PANIC
t1-0,proof_byte,989824,xor01_from211,VERIFY_PANIC
t1-0,proof_byte,989888,xor01_from93,VERIFY_PANIC
t1-0,proof_byte,989952,xor01_from107,VERIFY_PANIC
t1-0,proof_byte,990016,xor01_from43,VERIFY_PANIC
t1-0,proof_byte,990080,xor01_from71,VERIFY_PANIC
t1-0,proof_byte,990144,xor01_from246,VERIFY_PANIC
t1-0,proof_byte,990208,xor01_from154,VERIFY_PANIC
t1-0,proof_byte,990272,xor01_from229,VERIFY_PANIC
t1-0,proof_byte,990336,xor01_from94,VERIFY_PANIC
t1-0,proof_byte,990400,xor01_from136,VERIFY_PANIC
t1-0,proof_byte,990464,xor01_from223,VERIFY_PANIC
t1-0,proof_byte,990528,xor01_from65,VERIFY_PANIC
t1-0,proof_byte,990592,xor01_from187,VERIFY_PANIC
t1-0,proof_byte,990656,xor01_from241,VERIFY_PANIC
t1-0,proof_byte,990720,xor01_from172,VERIFY_PANIC
t1-0,proof_byte,990784,xor01_from69,VERIFY_PANIC
t1-0,proof_byte,990848,xor01_from136,VERIFY_PANIC
t1-0,proof_byte,990912,xor01_from207,VERIFY_PANIC
t1-0,proof_byte,990976,xor01_from116,VERIFY_PANIC
t1-0,proof_byte,991040,xor01_from205,VERIFY_PANIC
t1-0,proof_byte,991104,xor01_from138,VERIFY_PANIC
t1-0,proof_byte,991168,xor01_from69,VERIFY_PANIC
t1-0,proof_byte,991232,xor01_from98,VERIFY_PANIC
t1-0,proof_byte,991296,xor01_from237,VERIFY_PANIC
t1-0,proof_byte,991360,xor01_from5,VERIFY_PANIC
t1-0,proof_byte,991424,xor01_from58,VERIFY_PANIC
t1-0,proof_byte,991488,xor01_from3,VERIFY_PANIC
t1-0,proof_byte,991552,xor01_from37,VERIFY_PANIC
t1-0,proof_byte,991616,xor01_from106,VERIFY_PANIC
t1-0,proof_byte,991680,xor01_from174,VERIFY_PANIC
t1-0,proof_byte,991744,xor01_from23,VERIFY_PANIC
t1-0,proof_byte,991808,xor01_from147,VERIFY_PANIC
t1-0,proof_byte,991872,xor01_from77,VERIFY_PANIC
t1-0,proof_byte,991936,xor01_from229,VERIFY_PANIC
t1-0,proof_byte,992000,xor01_from93,VERIFY_PANIC
t1-0,proof_byte,992064,xor01_from244,VERIFY_PANIC
t1-0,proof_byte,992128,xor01_from0,DESERIALIZE_REJECTED
t1-0,proof_byte,992192,xor01_from252,VERIFY_PANIC
t1-0,proof_byte,992256,xor01_from53,VERIFY_PANIC
t1-0,proof_byte,992320,xor01_from11,VERIFY_PANIC
t1-0,proof_byte,992384,xor01_from244,VERIFY_PANIC
t1-0,proof_byte,992448,xor01_from1,VERIFY_PANIC
t1-0,proof_byte,992512,xor01_from139,VERIFY_PANIC
t1-0,proof_byte,992576,xor01_from183,VERIFY_PANIC
t1-0,proof_byte,992640,xor01_from205,VERIFY_PANIC
t1-0,proof_byte,992704,xor01_from120,VERIFY_PANIC
t1-0,proof_byte,992768,xor01_from43,VERIFY_PANIC
t1-0,proof_byte,992832,xor01_from31,VERIFY_PANIC
t1-0,proof_byte,992896,xor01_from78,VERIFY_PANIC
t1-0,proof_byte,992960,xor01_from184,VERIFY_PANIC
t1-0,proof_byte,993024,xor01_from0,DESERIALIZE_REJECTED
t1-0,proof_byte,993088,xor01_from176,VERIFY_PANIC
t1-0,proof_byte,993152,xor01_from185,VERIFY_PANIC
t1-0,proof_byte,993216,xor01_from129,VERIFY_PANIC
t1-0,proof_byte,993280,xor01_from217,VERIFY_PANIC
t1-0,proof_byte,993344,xor01_from24,VERIFY_PANIC
t1-0,proof_byte,993408,xor01_from152,VERIFY_PANIC
t1-0,proof_byte,993472,xor01_from182,VERIFY_PANIC
t1-0,proof_byte,993536,xor01_from249,VERIFY_PANIC
t1-0,proof_byte,993600,xor01_from86,VERIFY_PANIC
t1-0,proof_byte,993664,xor01_from115,VERIFY_PANIC
t1-0,proof_byte,993728,xor01_from135,VERIFY_PANIC
t1-0,proof_byte,993792,xor01_from0,DESERIALIZE_REJECTED
t1-0,proof_byte,993856,xor01_from17,DESERIALIZE_REJECTED
t1-0,proof_byte,993920,xor01_from46,VERIFY_PANIC
t1-0,proof_byte,993984,xor01_from40,VERIFY_PANIC
t1-0,proof_byte,994048,xor01_from206,VERIFY_PANIC
t1-0,proof_byte,994112,xor01_from88,VERIFY_PANIC
t1-0,proof_byte,994176,xor01_from223,VERIFY_PANIC
t1-0,proof_byte,994240,xor01_from174,VERIFY_PANIC
t1-0,proof_byte,994304,xor01_from96,VERIFY_PANIC
t1-0,proof_byte,994368,xor01_from233,VERIFY_PANIC
t1-0,proof_byte,994432,xor01_from19,DESERIALIZE_REJECTED
t1-0,proof_byte,994496,xor01_from102,VERIFY_PANIC
t1-0,proof_byte,994560,xor01_from125,VERIFY_PANIC
t1-0,proof_byte,994624,xor01_from176,VERIFY_PANIC
t1-0,proof_byte,994688,xor01_from73,VERIFY_PANIC
t1-0,proof_byte,994752,xor01_from127,VERIFY_PANIC
t1-0,proof_byte,994816,xor01_from150,VERIFY_PANIC
t1-0,proof_byte,994880,xor01_from106,VERIFY_PANIC
t1-0,proof_byte,994944,xor01_from59,VERIFY_PANIC
t1-0,proof_byte,995008,xor01_from115,VERIFY_PANIC
t1-0,proof_byte,995072,xor01_from189,VERIFY_PANIC
t1-0,proof_byte,995136,xor01_from101,VERIFY_PANIC
t1-0,proof_byte,995200,xor01_from57,VERIFY_PANIC
t1-0,proof_byte,995264,xor01_from17,VERIFY_PANIC
t1-0,proof_byte,995328,xor01_from250,VERIFY_PANIC
t1-0,proof_byte,995392,xor01_from189,VERIFY_PANIC
t1-0,proof_byte,995456,xor01_from236,VERIFY_PANIC
t1-0,proof_byte,995520,xor01_from192,VERIFY_PANIC
t1-0,proof_byte,995584,xor01_from168,VERIFY_PANIC
t1-0,proof_byte,995648,xor01_from192,VERIFY_PANIC
t1-0,proof_byte,995712,xor01_from40,VERIFY_PANIC
t1-0,proof_byte,995776,xor01_from87,VERIFY_PANIC
t1-0,proof_byte,995840,xor01_from144,VERIFY_PANIC
t1-0,proof_byte,995904,xor01_from70,VERIFY_PANIC
t1-0,proof_byte,995968,xor01_from178,VERIFY_PANIC
t1-0,proof_byte,996032,xor01_from189,VERIFY_PANIC
t1-0,proof_byte,996096,xor01_from84,VERIFY_PANIC
t1-0,proof_byte,996160,xor01_from29,VERIFY_PANIC
t1-0,proof_byte,996224,xor01_from134,VERIFY_PANIC
t1-0,proof_byte,996288,xor01_from43,VERIFY_PANIC
t1-0,proof_byte,996352,xor01_from4,VERIFY_PANIC
t1-0,proof_byte,996416,xor01_from122,VERIFY_PANIC
t1-0,proof_byte,996480,xor01_from101,VERIFY_PANIC
t1-0,proof_byte,996544,xor01_from222,VERIFY_PANIC
t1-0,proof_byte,996608,xor01_from79,VERIFY_PANIC
t1-0,proof_byte,996672,xor01_from65,VERIFY_PANIC
t1-0,proof_byte,996736,xor01_from146,VERIFY_PANIC
t1-0,proof_byte,996800,xor01_from168,VERIFY_PANIC
t1-0,proof_byte,996864,xor01_from124,VERIFY_PANIC
t1-0,proof_byte,996928,xor01_from48,VERIFY_PANIC
t1-0,proof_byte,996992,xor01_from40,VERIFY_PANIC
t1-0,proof_byte,997056,xor01_from133,VERIFY_PANIC
t1-0,proof_byte,997120,xor01_from169,VERIFY_PANIC
t1-0,proof_byte,997184,xor01_from86,VERIFY_PANIC
t1-0,proof_byte,997248,xor01_from173,VERIFY_PANIC
t1-0,proof_byte,997312,xor01_from31,VERIFY_PANIC
t1-0,proof_byte,997376,xor01_from196,VERIFY_PANIC
t1-0,proof_byte,997440,xor01_from231,VERIFY_PANIC
t1-0,proof_byte,997504,xor01_from240,VERIFY_PANIC
t1-0,proof_byte,997568,xor01_from186,VERIFY_PANIC
t1-0,proof_byte,997632,xor01_from202,VERIFY_PANIC
t1-0,proof_byte,997696,xor01_from170,VERIFY_PANIC
t1-0,proof_byte,997760,xor01_from43,VERIFY_PANIC
t1-0,proof_byte,997824,xor01_from111,VERIFY_PANIC
t1-0,proof_byte,997888,xor01_from129,VERIFY_PANIC
t1-0,proof_byte,997952,xor01_from212,VERIFY_PANIC
t1-0,proof_byte,998016,xor01_from217,VERIFY_PANIC
t1-0,proof_byte,998080,xor01_from134,VERIFY_PANIC
t1-0,proof_byte,998144,xor01_from131,VERIFY_PANIC
t1-0,proof_byte,998208,xor01_from250,VERIFY_PANIC
t1-0,proof_byte,998272,xor01_from238,VERIFY_PANIC
t1-0,proof_byte,998336,xor01_from6,VERIFY_PANIC
t1-0,proof_byte,998400,xor01_from166,VERIFY_PANIC
t1-0,proof_byte,998464,xor01_from36,VERIFY_PANIC
t1-0,proof_byte,998528,xor01_from7,VERIFY_PANIC
t1-0,proof_byte,998592,xor01_from11,DESERIALIZE_REJECTED
t1-0,proof_byte,998656,xor01_from171,VERIFY_PANIC
t1-0,proof_byte,998720,xor01_from168,VERIFY_PANIC
t1-0,proof_byte,998784,xor01_from87,VERIFY_PANIC
t1-0,proof_byte,998848,xor01_from97,VERIFY_PANIC
t1-0,proof_byte,998912,xor01_from205,VERIFY_PANIC
t1-0,proof_byte,998976,xor01_from46,VERIFY_PANIC
t1-0,proof_byte,999040,xor01_from145,VERIFY_PANIC
t1-0,proof_byte,999104,xor01_from70,VERIFY_PANIC
t1-0,proof_byte,999168,xor01_from241,VERIFY_PANIC
t1-0,proof_byte,999232,xor01_from76,VERIFY_PANIC
t1-0,proof_byte,999296,xor01_from200,VERIFY_PANIC
t1-0,proof_byte,999360,xor01_from87,VERIFY_PANIC
t1-0,proof_byte,999424,xor01_from56,VERIFY_PANIC
t1-0,proof_byte,999488,xor01_from221,VERIFY_PANIC
t1-0,proof_byte,999552,xor01_from241,VERIFY_PANIC
t1-0,proof_byte,999616,xor01_from124,VERIFY_PANIC
t1-0,proof_byte,999680,xor01_from182,VERIFY_PANIC
t1-0,proof_byte,999744,xor01_from94,VERIFY_PANIC
t1-0,proof_byte,999808,xor01_from217,VERIFY_PANIC
t1-0,proof_byte,999872,xor01_from38,VERIFY_PANIC
t1-0,proof_byte,999936,xor01_from31,VERIFY_PANIC
t1-0,proof_byte,1000000,xor01_from10,VERIFY_PANIC
t1-0,proof_byte,1000064,xor01_from35,VERIFY_PANIC
t1-0,proof_byte,1000128,xor01_from171,VERIFY_PANIC
t1-0,proof_byte,1000192,xor01_from249,VERIFY_PANIC
t1-0,proof_byte,1000256,xor01_from14,VERIFY_PANIC
t1-0,proof_byte,1000320,xor01_from111,VERIFY_PANIC
t1-0,proof_byte,1000384,xor01_from100,VERIFY_PANIC
t1-0,proof_byte,1000448,xor01_from38,VERIFY_PANIC
t1-0,proof_byte,1000512,xor01_from159,VERIFY_PANIC
t1-0,proof_byte,1000576,xor01_from142,VERIFY_PANIC
t1-0,proof_byte,1000640,xor01_from144,VERIFY_PANIC
t1-0,proof_byte,1000704,xor01_from3,DESERIALIZE_REJECTED
t1-0,proof_byte,1000768,xor01_from178,VERIFY_PANIC
t1-0,proof_byte,1000832,xor01_from165,VERIFY_PANIC
t1-0,proof_byte,1000896,xor01_from146,VERIFY_PANIC
t1-0,proof_byte,1000960,xor01_from5,DESERIALIZE_REJECTED
t1-0,proof_byte,1001024,xor01_from19,VERIFY_PANIC
t1-0,proof_byte,1001088,xor01_from8,DESERIALIZE_REJECTED
t1-0,proof_byte,1001152,xor01_from130,VERIFY_PANIC
t1-0,proof_byte,1001216,xor01_from171,VERIFY_PANIC
t1-0,proof_byte,1001280,xor01_from69,VERIFY_PANIC
t1-0,proof_byte,1001344,xor01_from32,VERIFY_PANIC
t1-0,proof_byte,1001408,xor01_from91,VERIFY_PANIC
t1-0,proof_byte,1001472,xor01_from93,VERIFY_PANIC
t1-0,proof_byte,1001536,xor01_from211,VERIFY_PANIC
t1-0,proof_byte,1001600,xor01_from14,VERIFY_PANIC
t1-0,proof_byte,1001664,xor01_from195,VERIFY_PANIC
t1-0,proof_byte,1001728,xor01_from132,VERIFY_PANIC
t1-0,proof_byte,1001792,xor01_from131,VERIFY_PANIC
t1-0,proof_byte,1001856,xor01_from5,DESERIALIZE_REJECTED
t1-0,proof_byte,1001920,xor01_from38,VERIFY_PANIC
t1-0,proof_byte,1001984,xor01_from182,VERIFY_PANIC
t1-0,proof_byte,1002048,xor01_from145,VERIFY_PANIC
t1-0,proof_byte,1002112,xor01_from46,VERIFY_PANIC
t1-0,proof_byte,1002176,xor01_from235,VERIFY_PANIC
t1-0,proof_byte,1002240,xor01_from195,VERIFY_PANIC
t1-0,proof_byte,1002304,xor01_from161,VERIFY_PANIC
t1-0,proof_byte,1002368,xor01_from186,VERIFY_PANIC
t1-0,proof_byte,1002432,xor01_from146,VERIFY_PANIC
t1-0,proof_byte,1002496,xor01_from94,VERIFY_PANIC
t1-0,proof_byte,1002560,xor01_from61,VERIFY_PANIC
t1-0,proof_byte,1002624,xor01_from234,VERIFY_PANIC
t1-0,proof_byte,1002688,xor01_from33,VERIFY_PANIC
t1-0,proof_byte,1002752,xor01_from176,VERIFY_PANIC
t1-0,proof_byte,1002816,xor01_from27,VERIFY_PANIC
t1-0,proof_byte,1002880,xor01_from230,VERIFY_PANIC
t1-0,proof_byte,1002944,xor01_from175,VERIFY_PANIC
t1-0,proof_byte,1003008,xor01_from232,VERIFY_PANIC
t1-0,proof_byte,1003072,xor01_from98,VERIFY_PANIC
t1-0,proof_byte,1003136,xor01_from195,VERIFY_PANIC
t1-0,proof_byte,1003200,xor01_from134,VERIFY_PANIC
t1-0,proof_byte,1003264,xor01_from76,VERIFY_PANIC
t1-0,proof_byte,1003328,xor01_from15,VERIFY_PANIC
t1-0,proof_byte,1003392,xor01_from70,VERIFY_PANIC
t1-0,proof_byte,1003456,xor01_from91,VERIFY_PANIC
t1-0,proof_byte,1003520,xor01_from26,VERIFY_PANIC
t1-0,proof_byte,1003584,xor01_from255,VERIFY_PANIC
t1-0,proof_byte,1003648,xor01_from173,VERIFY_PANIC
t1-0,proof_byte,1003712,xor01_from76,VERIFY_PANIC
t1-0,proof_byte,1003776,xor01_from30,VERIFY_PANIC
t1-0,proof_byte,1003840,xor01_from218,VERIFY_PANIC
t1-0,proof_byte,1003904,xor01_from143,VERIFY_PANIC
t1-0,proof_byte,1003968,xor01_from72,VERIFY_PANIC
t1-0,proof_byte,1004032,xor01_from234,VERIFY_PANIC
t1-0,proof_byte,1004096,xor01_from252,VERIFY_PANIC
t1-0,proof_byte,1004160,xor01_from64,VERIFY_PANIC
t1-0,proof_byte,1004224,xor01_from179,VERIFY_PANIC
t1-0,proof_byte,1004288,xor01_from21,VERIFY_PANIC
t1-0,proof_byte,1004352,xor01_from6,VERIFY_PANIC
t1-0,proof_byte,1004416,xor01_from127,VERIFY_PANIC
t1-0,proof_byte,1004480,xor01_from194,VERIFY_PANIC
t1-0,proof_byte,1004544,xor01_from77,VERIFY_PANIC
t1-0,proof_byte,1004608,xor01_from89,VERIFY_PANIC
t1-0,proof_byte,1004672,xor01_from41,VERIFY_PANIC
t1-0,proof_byte,1004736,xor01_from58,VERIFY_PANIC
t1-0,proof_byte,1004800,xor01_from0,DESERIALIZE_REJECTED
t1-0,proof_byte,1004864,xor01_from195,VERIFY_PANIC
t1-0,proof_byte,1004928,xor01_from129,VERIFY_PANIC
t1-0,proof_byte,1004992,xor01_from143,VERIFY_PANIC
t1-0,proof_byte,1005056,xor01_from75,VERIFY_PANIC
t1-0,proof_byte,1005120,xor01_from165,VERIFY_PANIC
t1-0,proof_byte,1005184,xor01_from211,VERIFY_PANIC
t1-0,proof_byte,1005248,xor01_from36,VERIFY_PANIC
t1-0,proof_byte,1005312,xor01_from194,VERIFY_PANIC
t1-0,proof_byte,1005376,xor01_from119,VERIFY_PANIC
t1-0,proof_byte,1005440,xor01_from157,VERIFY_PANIC
t1-0,proof_byte,1005504,xor01_from48,VERIFY_PANIC
t1-0,proof_byte,1005568,xor01_from31,VERIFY_PANIC
t1-0,proof_byte,1005632,xor01_from252,VERIFY_PANIC
t1-0,proof_byte,1005696,xor01_from246,VERIFY_PANIC
t1-0,proof_byte,1005760,xor01_from157,VERIFY_PANIC
t1-0,proof_byte,1005824,xor01_from57,VERIFY_PANIC
t1-0,proof_byte,1005888,xor01_from7,VERIFY_PANIC
t1-0,proof_byte,1005952,xor01_from161,VERIFY_PANIC
t1-0,proof_byte,1006016,xor01_from186,VERIFY_PANIC
t1-0,proof_byte,1006080,xor01_from72,VERIFY_PANIC
t1-0,proof_byte,1006144,xor01_from171,VERIFY_PANIC
t1-0,proof_byte,1006208,xor01_from69,VERIFY_PANIC
t1-0,proof_byte,1006272,xor01_from140,VERIFY_PANIC
t1-0,proof_byte,1006336,xor01_from88,VERIFY_PANIC
t1-0,proof_byte,1006400,xor01_from80,VERIFY_PANIC
t1-0,proof_byte,1006464,xor01_from246,VERIFY_PANIC
t1-0,proof_byte,1006528,xor01_from195,VERIFY_PANIC
t1-0,proof_byte,1006592,xor01_from1,VERIFY_PANIC
t1-0,proof_byte,1006656,xor01_from37,VERIFY_PANIC
t1-0,proof_byte,1006720,xor01_from223,VERIFY_PANIC
t1-0,proof_byte,1006784,xor01_from11,VERIFY_PANIC
t1-0,proof_byte,1006848,xor01_from189,VERIFY_PANIC
t1-0,proof_byte,1006912,xor01_from212,VERIFY_PANIC
t1-0,proof_byte,1006976,xor01_from65,VERIFY_PANIC
t1-0,proof_byte,1007040,xor01_from92,VERIFY_PANIC
t1-0,proof_byte,1007104,xor01_from15,VERIFY_PANIC
t1-0,proof_byte,1007168,xor01_from99,VERIFY_PANIC
t1-0,proof_byte,1007232,xor01_from242,VERIFY_PANIC
t1-0,proof_byte,1007296,xor01_from165,VERIFY_PANIC
t1-0,proof_byte,1007360,xor01_from17,VERIFY_PANIC
t1-0,proof_byte,1007424,xor01_from94,VERIFY_PANIC
t1-0,proof_byte,1007488,xor01_from126,VERIFY_PANIC
t1-0,proof_byte,1007552,xor01_from13,VERIFY_PANIC
t1-0,proof_byte,1007616,xor01_from66,VERIFY_PANIC
t1-0,proof_byte,1007680,xor01_from202,VERIFY_PANIC
t1-0,proof_byte,1007744,xor01_from44,VERIFY_PANIC
t1-0,proof_byte,1007808,xor01_from243,VERIFY_PANIC
t1-0,proof_byte,1007872,xor01_from177,VERIFY_PANIC
t1-0,proof_byte,1007936,xor01_from0,DESERIALIZE_REJECTED
t1-0,proof_byte,1008000,xor01_from212,VERIFY_PANIC
t1-0,proof_byte,1008064,xor01_from128,VERIFY_PANIC
t1-0,proof_byte,1008128,xor01_from232,VERIFY_PANIC
t1-0,proof_byte,1008192,xor01_from25,VERIFY_PANIC
t1-0,proof_byte,1008256,xor01_from120,VERIFY_PANIC
t1-0,proof_byte,1008320,xor01_from99,VERIFY_PANIC
t1-0,proof_byte,1008384,xor01_from140,VERIFY_PANIC
t1-0,proof_byte,1008448,xor01_from130,VERIFY_PANIC
t1-0,proof_byte,1008512,xor01_from71,VERIFY_PANIC
t1-0,proof_byte,1008576,xor01_from41,VERIFY_PANIC
t1-0,proof_byte,1008640,xor01_from56,VERIFY_PANIC
t1-0,proof_byte,1008704,xor01_from58,VERIFY_PANIC
t1-0,proof_byte,1008768,xor01_from216,VERIFY_PANIC
t1-0,proof_byte,1008832,xor01_from98,VERIFY_PANIC
t1-0,proof_byte,1008896,xor01_from164,VERIFY_PANIC
t1-0,proof_byte,1008960,xor01_from111,VERIFY_PANIC
t1-0,proof_byte,1009024,xor01_from148,VERIFY_PANIC
t1-0,proof_byte,1009088,xor01_from101,VERIFY_PANIC
t1-0,proof_byte,1009152,xor01_from56,VERIFY_PANIC
t1-0,proof_byte,1009216,xor01_from51,VERIFY_PANIC
t1-0,proof_byte,1009280,xor01_from215,VERIFY_PANIC
t1-0,proof_byte,1009344,xor01_from128,VERIFY_PANIC
t1-0,proof_byte,1009408,xor01_from118,VERIFY_PANIC
t1-0,proof_byte,1009472,xor01_from216,VERIFY_PANIC
t1-0,proof_byte,1009536,xor01_from74,VERIFY_PANIC
t1-0,proof_byte,1009600,xor01_from174,VERIFY_PANIC
t1-0,proof_byte,1009664,xor01_from239,VERIFY_PANIC
t1-0,proof_byte,1009728,xor01_from78,VERIFY_PANIC
t1-0,proof_byte,1009792,xor01_from3,VERIFY_PANIC
t1-0,proof_byte,1009856,xor01_from35,VERIFY_PANIC
t1-0,proof_byte,1009920,xor01_from234,VERIFY_PANIC
t1-0,proof_byte,1009984,xor01_from59,VERIFY_PANIC
t1-0,proof_byte,1010048,xor01_from0,VERIFY_PANIC
t1-0,proof_byte,1010112,xor01_from81,VERIFY_PANIC
t1-0,proof_byte,1010176,xor01_from225,VERIFY_PANIC
t1-0,proof_byte,1010240,xor01_from148,VERIFY_PANIC
t1-0,proof_byte,1010304,xor01_from152,VERIFY_PANIC
t1-0,proof_byte,1010368,xor01_from158,VERIFY_PANIC
t1-0,proof_byte,1010432,xor01_from144,VERIFY_PANIC
t1-0,proof_byte,1010496,xor01_from22,VERIFY_PANIC
t1-0,proof_byte,1010560,xor01_from110,VERIFY_PANIC
t1-0,proof_byte,1010624,xor01_from206,VERIFY_PANIC
t1-0,proof_byte,1010688,xor01_from159,VERIFY_PANIC
t1-0,proof_byte,1010752,xor01_from75,VERIFY_PANIC
t1-0,proof_byte,1010816,xor01_from31,VERIFY_PANIC
t1-0,proof_byte,1010880,xor01_from70,VERIFY_PANIC
t1-0,proof_byte,1010944,xor01_from191,VERIFY_PANIC
t1-0,proof_byte,1011008,xor01_from169,VERIFY_PANIC
t1-0,proof_byte,1011072,xor01_from112,VERIFY_PANIC
t1-0,proof_byte,1011136,xor01_from237,VERIFY_PANIC
t1-0,proof_byte,1011200,xor01_from116,VERIFY_PANIC
t1-0,proof_byte,1011264,xor01_from224,VERIFY_PANIC
t1-0,proof_byte,1011328,xor01_from223,VERIFY_PANIC
t1-0,proof_byte,1011392,xor01_from174,VERIFY_PANIC
t1-0,proof_byte,1011456,xor01_from61,VERIFY_PANIC
t1-0,proof_byte,1011520,xor01_from95,VERIFY_PANIC
t1-0,proof_byte,1011584,xor01_from18,VERIFY_PANIC
t1-0,proof_byte,1011648,xor01_from238,VERIFY_PANIC
t1-0,proof_byte,1011712,xor01_from79,VERIFY_PANIC
t1-0,proof_byte,1011776,xor01_from54,VERIFY_PANIC
t1-0,proof_byte,1011840,xor01_from30,VERIFY_PANIC
t1-0,proof_byte,1011904,xor01_from238,VERIFY_PANIC
t1-0,proof_byte,1011968,xor01_from82,VERIFY_PANIC
t1-0,proof_byte,1012032,xor01_from154,VERIFY_PANIC
t1-0,proof_byte,1012096,xor01_from173,VERIFY_PANIC
t1-0,proof_byte,1012160,xor01_from43,VERIFY_PANIC
t1-0,proof_byte,1012224,xor01_from57,VERIFY_PANIC
t1-0,proof_byte,1012288,xor01_from16,DESERIALIZE_REJECTED
t1-0,proof_byte,1012352,xor01_from126,VERIFY_PANIC
t1-0,proof_byte,1012416,xor01_from113,VERIFY_PANIC
t1-0,proof_byte,1012480,xor01_from108,VERIFY_PANIC
t1-0,proof_byte,1012544,xor01_from133,VERIFY_PANIC
t1-0,proof_byte,1012608,xor01_from181,VERIFY_PANIC
t1-0,proof_byte,1012672,xor01_from71,VERIFY_PANIC
t1-0,proof_byte,1012736,xor01_from206,VERIFY_PANIC
t1-0,proof_byte,1012800,xor01_from218,VERIFY_PANIC
t1-0,proof_byte,1012864,xor01_from252,VERIFY_PANIC
t1-0,proof_byte,1012928,xor01_from170,VERIFY_PANIC
t1-0,proof_byte,1012992,xor01_from255,VERIFY_PANIC
t1-0,proof_byte,1013056,xor01_from16,VERIFY_PANIC
t1-0,proof_byte,1013120,xor01_from98,VERIFY_PANIC
t1-0,proof_byte,1013184,xor01_from83,VERIFY_PANIC
t1-0,proof_byte,1013248,xor01_from245,VERIFY_PANIC
t1-0,proof_byte,1013312,xor01_from240,VERIFY_PANIC
t1-0,proof_byte,1013376,xor01_from53,VERIFY_PANIC
t1-0,proof_byte,1013440,xor01_from83,VERIFY_PANIC
t1-0,proof_byte,1013504,xor01_from37,VERIFY_PANIC
t1-0,proof_byte,1013568,xor01_from111,VERIFY_PANIC
t1-0,proof_byte,1013632,xor01_from232,VERIFY_PANIC
t1-0,proof_byte,1013696,xor01_from243,VERIFY_PANIC
t1-0,proof_byte,1013760,xor01_from217,VERIFY_PANIC
t1-0,proof_byte,1013824,xor01_from205,VERIFY_PANIC
t1-0,proof_byte,1013888,xor01_from142,VERIFY_PANIC
t1-0,proof_byte,1013952,xor01_from117,VERIFY_PANIC
t1-0,proof_byte,1014016,xor01_from211,VERIFY_PANIC
t1-0,proof_byte,1014080,xor01_from250,VERIFY_PANIC
t1-0,proof_byte,1014144,xor01_from90,VERIFY_PANIC
t1-0,proof_byte,1014208,xor01_from160,VERIFY_PANIC
t1-0,proof_byte,1014272,xor01_from198,VERIFY_PANIC
t1-0,proof_byte,1014336,xor01_from146,VERIFY_PANIC
t1-0,proof_byte,1014400,xor01_from135,VERIFY_PANIC
t1-0,proof_byte,1014464,xor01_from21,VERIFY_PANIC
t1-0,proof_byte,1014528,xor01_from52,VERIFY_PANIC
t1-0,proof_byte,1014592,xor01_from18,VERIFY_PANIC
t1-0,proof_byte,1014656,xor01_from35,VERIFY_PANIC
t1-0,proof_byte,1014720,xor01_from94,VERIFY_PANIC
t1-0,proof_byte,1014784,xor01_from202,VERIFY_PANIC
t1-0,proof_byte,1014848,xor01_from163,VERIFY_PANIC
t1-0,proof_byte,1014912,xor01_from93,VERIFY_PANIC
t1-0,proof_byte,1014976,xor01_from64,VERIFY_PANIC
t1-0,proof_byte,1015040,xor01_from157,VERIFY_PANIC
t1-0,proof_byte,1015104,xor01_from217,VERIFY_PANIC
t1-0,proof_byte,1015168,xor01_from79,VERIFY_PANIC
t1-0,proof_byte,1015232,xor01_from5,VERIFY_PANIC
t1-0,proof_byte,1015296,xor01_from60,VERIFY_PANIC
t1-0,proof_byte,1015360,xor01_from24,VERIFY_PANIC
t1-0,proof_byte,1015424,xor01_from151,VERIFY_PANIC
t1-0,proof_byte,1015488,xor01_from146,VERIFY_PANIC
t1-0,proof_byte,1015552,xor01_from89,VERIFY_PANIC
t1-0,proof_byte,1015616,xor01_from199,VERIFY_PANIC
t1-0,proof_byte,1015680,xor01_from8,DESERIALIZE_REJECTED
t1-0,proof_byte,1015744,xor01_from196,VERIFY_PANIC
t1-0,proof_byte,1015808,xor01_from70,VERIFY_PANIC
t1-0,proof_byte,1015872,xor01_from23,VERIFY_PANIC
t1-0,proof_byte,1015936,xor01_from231,VERIFY_PANIC
t1-0,proof_byte,1016000,xor01_from209,VERIFY_PANIC
t1-0,proof_byte,1016064,xor01_from95,VERIFY_PANIC
t1-0,proof_byte,1016128,xor01_from226,VERIFY_PANIC
t1-0,proof_byte,1016192,xor01_from163,VERIFY_PANIC
t1-0,proof_byte,1016256,xor01_from74,VERIFY_PANIC
t1-0,proof_byte,1016320,xor01_from149,VERIFY_PANIC
t1-0,proof_byte,1016384,xor01_from29,VERIFY_PANIC
t1-0,proof_byte,1016448,xor01_from146,VERIFY_PANIC
t1-0,proof_byte,1016512,xor01_from135,VERIFY_PANIC
t1-0,proof_byte,1016576,xor01_from166,VERIFY_PANIC
t1-0,proof_byte,1016640,xor01_from214,VERIFY_PANIC
t1-0,proof_byte,1016704,xor01_from252,VERIFY_PANIC
t1-0,proof_byte,1016768,xor01_from130,VERIFY_PANIC
t1-0,proof_byte,1016832,xor01_from216,VERIFY_PANIC
t1-0,proof_byte,1016896,xor01_from136,VERIFY_PANIC
t1-0,proof_byte,1016960,xor01_from236,VERIFY_PANIC
t1-0,proof_byte,1017024,xor01_from8,DESERIALIZE_REJECTED
t1-0,proof_byte,1017088,xor01_from243,VERIFY_PANIC
t1-0,proof_byte,1017152,xor01_from146,VERIFY_PANIC
t1-0,proof_byte,1017216,xor01_from20,DESERIALIZE_REJECTED
t1-0,proof_byte,1017280,xor01_from139,VERIFY_PANIC
t1-0,proof_byte,1017344,xor01_from45,VERIFY_PANIC
t1-0,proof_byte,1017408,xor01_from2,VERIFY_PANIC
t1-0,proof_byte,1017472,xor01_from151,VERIFY_PANIC
t1-0,proof_byte,1017536,xor01_from84,VERIFY_PANIC
t1-0,proof_byte,1017600,xor01_from134,VERIFY_PANIC
t1-0,proof_byte,1017664,xor01_from94,VERIFY_PANIC
t1-0,proof_byte,1017728,xor01_from74,VERIFY_PANIC
t1-0,proof_byte,1017792,xor01_from22,VERIFY_PANIC
t1-0,proof_byte,1017856,xor01_from76,VERIFY_PANIC
t1-0,proof_byte,1017920,xor01_from169,VERIFY_PANIC
t1-0,proof_byte,1017984,xor01_from85,VERIFY_PANIC
t1-0,proof_byte,1018048,xor01_from62,VERIFY_PANIC
t1-0,proof_byte,1018112,xor01_from60,VERIFY_PANIC
t1-0,proof_byte,1018176,xor01_from117,VERIFY_PANIC
t1-0,proof_byte,1018240,xor01_from240,VERIFY_PANIC
t1-0,proof_byte,1018304,xor01_from17,VERIFY_PANIC
t1-0,proof_byte,1018368,xor01_from202,VERIFY_PANIC
t1-0,proof_byte,1018432,xor01_from19,VERIFY_PANIC
t1-0,proof_byte,1018496,xor01_from0,DESERIALIZE_REJECTED
t1-0,proof_byte,1018560,xor01_from227,VERIFY_PANIC
t1-0,proof_byte,1018624,xor01_from167,VERIFY_PANIC
t1-0,proof_byte,1018688,xor01_from37,VERIFY_PANIC
t1-0,proof_byte,1018752,xor01_from22,VERIFY_PANIC
t1-0,proof_byte,1018816,xor01_from190,VERIFY_PANIC
t1-0,proof_byte,1018880,xor01_from106,VERIFY_PANIC
t1-0,proof_byte,1018944,xor01_from56,VERIFY_PANIC
t1-0,proof_byte,1019008,xor01_from223,VERIFY_PANIC
t1-0,proof_byte,1019072,xor01_from247,VERIFY_PANIC
t1-0,proof_byte,1019136,xor01_from40,VERIFY_PANIC
t1-0,proof_byte,1019200,xor01_from110,VERIFY_PANIC
t1-0,proof_byte,1019264,xor01_from122,VERIFY_PANIC
t1-0,proof_byte,1019328,xor01_from124,VERIFY_PANIC
t1-0,proof_byte,1019392,xor01_from119,VERIFY_PANIC
t1-0,proof_byte,1019456,xor01_from180,VERIFY_PANIC
t1-0,proof_byte,1019520,xor01_from41,VERIFY_PANIC
t1-0,proof_byte,1019584,xor01_from126,VERIFY_PANIC
t1-0,proof_byte,1019648,xor01_from132,VERIFY_PANIC
t1-0,proof_byte,1019712,xor01_from151,VERIFY_PANIC
t1-0,proof_byte,1019776,xor01_from255,VERIFY_PANIC
t1-0,proof_byte,1019840,xor01_from41,VERIFY_PANIC
t1-0,proof_byte,1019904,xor01_from151,VERIFY_PANIC
t1-0,proof_byte,1019968,xor01_from226,VERIFY_PANIC
t1-0,proof_byte,1020032,xor01_from192,VERIFY_PANIC
t1-0,proof_byte,1020096,xor01_from169,VERIFY_PANIC
t1-0,proof_byte,1020160,xor01_from223,VERIFY_PANIC
t1-0,proof_byte,1020224,xor01_from81,VERIFY_PANIC
t1-0,proof_byte,1020288,xor01_from11,VERIFY_PANIC
t1-0,proof_byte,1020352,xor01_from243,VERIFY_PANIC
t1-0,proof_byte,1020416,xor01_from135,VERIFY_PANIC
t1-0,proof_byte,1020480,xor01_from123,VERIFY_PANIC
t1-0,proof_byte,1020544,xor01_from54,VERIFY_PANIC
t1-0,proof_byte,1020608,xor01_from126,VERIFY_PANIC
t1-0,proof_byte,1020672,xor01_from69,VERIFY_PANIC
t1-0,proof_byte,1020736,xor01_from239,VERIFY_PANIC
t1-0,proof_byte,1020800,xor01_from199,VERIFY_PANIC
t1-0,proof_byte,1020864,xor01_from57,VERIFY_PANIC
t1-0,proof_byte,1020928,xor01_from3,VERIFY_PANIC
t1-0,proof_byte,1020992,xor01_from213,VERIFY_PANIC
t1-0,proof_byte,1021056,xor01_from123,VERIFY_PANIC
t1-0,proof_byte,1021120,xor01_from187,VERIFY_PANIC
t1-0,proof_byte,1021184,xor01_from79,VERIFY_PANIC
t1-0,proof_byte,1021248,xor01_from129,VERIFY_PANIC
t1-0,proof_byte,1021312,xor01_from76,VERIFY_PANIC
t1-0,proof_byte,1021376,xor01_from151,VERIFY_PANIC
t1-0,proof_byte,1021440,xor01_from161,VERIFY_PANIC
t1-0,proof_byte,1021504,xor01_from62,VERIFY_PANIC
t1-0,proof_byte,1021568,xor01_from242,VERIFY_PANIC
t1-0,proof_byte,1021632,xor01_from140,VERIFY_PANIC
t1-0,proof_byte,1021696,xor01_from25,VERIFY_PANIC
t1-0,proof_byte,1021760,xor01_from176,VERIFY_PANIC
t1-0,proof_byte,1021824,xor01_from114,VERIFY_PANIC
t1-0,proof_byte,1021888,xor01_from143,VERIFY_PANIC
t1-0,proof_byte,1021952,xor01_from151,VERIFY_PANIC
t1-0,proof_byte,1022016,xor01_from70,VERIFY_PANIC
t1-0,proof_byte,1022080,xor01_from98,VERIFY_PANIC
t1-0,proof_byte,1022144,xor01_from2,VERIFY_PANIC
t1-0,proof_byte,1022208,xor01_from144,VERIFY_PANIC
t1-0,proof_byte,1022272,xor01_from0,DESERIALIZE_REJECTED
t1-0,proof_byte,1022336,xor01_from10,VERIFY_PANIC
t1-0,proof_byte,1022400,xor01_from246,VERIFY_PANIC
t1-0,proof_byte,1022464,xor01_from203,VERIFY_PANIC
t1-0,proof_byte,1022528,xor01_from235,VERIFY_PANIC
t1-0,proof_byte,1022592,xor01_from91,VERIFY_PANIC
t1-0,proof_byte,1022656,xor01_from28,VERIFY_PANIC
t1-0,proof_byte,1022720,xor01_from147,VERIFY_PANIC
t1-0,proof_byte,1022784,xor01_from183,VERIFY_PANIC
t1-0,proof_byte,1022848,xor01_from159,VERIFY_PANIC
t1-0,proof_byte,1022912,xor01_from76,VERIFY_PANIC
t1-0,proof_byte,1022976,xor01_from128,VERIFY_PANIC
t1-0,proof_byte,1023040,xor01_from88,VERIFY_PANIC
t1-0,proof_byte,1023104,xor01_from126,VERIFY_PANIC
t1-0,proof_byte,1023168,xor01_from74,VERIFY_PANIC
t1-0,proof_byte,1023232,xor01_from53,VERIFY_PANIC
t1-0,proof_byte,1023296,xor01_from153,VERIFY_PANIC
t1-0,proof_byte,1023360,xor01_from246,VERIFY_PANIC
t1-0,proof_byte,1023424,xor01_from141,VERIFY_PANIC
t1-0,proof_byte,1023488,xor01_from130,VERIFY_PANIC
t1-0,proof_byte,1023552,xor01_from118,VERIFY_PANIC
t1-0,proof_byte,1023616,xor01_from195,VERIFY_PANIC
t1-0,proof_byte,1023680,xor01_from88,VERIFY_PANIC
t1-0,proof_byte,1023744,xor01_from137,VERIFY_PANIC
t1-0,proof_byte,1023808,xor01_from52,VERIFY_PANIC
t1-0,proof_byte,1023872,xor01_from234,VERIFY_PANIC
t1-0,proof_byte,1023936,xor01_from64,VERIFY_PANIC
t1-0,proof_byte,1024000,xor01_from158,VERIFY_PANIC
t1-0,proof_byte,1024064,xor01_from198,VERIFY_PANIC
t1-0,proof_byte,1024128,xor01_from190,VERIFY_PANIC
t1-0,proof_byte,1024192,xor01_from128,VERIFY_PANIC
t1-0,proof_byte,1024256,xor01_from124,VERIFY_PANIC
t1-0,proof_byte,1024320,xor01_from112,VERIFY_PANIC
t1-0,proof_byte,1024384,xor01_from157,VERIFY_PANIC
t1-0,proof_byte,1024448,xor01_from42,VERIFY_PANIC
t1-0,proof_byte,1024512,xor01_from149,VERIFY_PANIC
t1-0,proof_byte,1024576,xor01_from106,VERIFY_PANIC
t1-0,proof_byte,1024640,xor01_from0,DESERIALIZE_REJECTED
t1-0,proof_byte,1024704,xor01_from210,VERIFY_PANIC
t1-0,proof_byte,1024768,xor01_from99,VERIFY_PANIC
t1-0,proof_byte,1024832,xor01_from6,VERIFY_PANIC
t1-0,proof_byte,1024896,xor01_from13,VERIFY_PANIC
t1-0,proof_byte,1024960,xor01_from251,VERIFY_PANIC
t1-0,proof_byte,1025024,xor01_from60,VERIFY_PANIC
t1-0,proof_byte,1025088,xor01_from118,VERIFY_PANIC
t1-0,proof_byte,1025152,xor01_from30,VERIFY_PANIC
t1-0,proof_byte,1025216,xor01_from0,DESERIALIZE_REJECTED
t1-0,proof_byte,1025280,xor01_from56,VERIFY_PANIC
t1-0,proof_byte,1025344,xor01_from176,VERIFY_PANIC
t1-0,proof_byte,1025408,xor01_from148,VERIFY_PANIC
t1-0,proof_byte,1025472,xor01_from66,VERIFY_PANIC
t1-0,proof_byte,1025536,xor01_from83,VERIFY_PANIC
t1-0,proof_byte,1025600,xor01_from68,VERIFY_PANIC
t1-0,proof_byte,1025664,xor01_from57,VERIFY_PANIC
t1-0,proof_byte,1025728,xor01_from181,VERIFY_PANIC
t1-0,proof_byte,1025792,xor01_from137,VERIFY_PANIC
t1-0,proof_byte,1025856,xor01_from204,VERIFY_PANIC
t1-0,proof_byte,1025920,xor01_from109,VERIFY_PANIC
t1-0,proof_byte,1025984,xor01_from53,VERIFY_PANIC
t1-0,proof_byte,1026048,xor01_from61,VERIFY_PANIC
t1-0,proof_byte,1026112,xor01_from2,VERIFY_PANIC
t1-0,proof_byte,1026176,xor01_from238,VERIFY_PANIC
t1-0,proof_byte,1026240,xor01_from253,VERIFY_PANIC
t1-0,proof_byte,1026304,xor01_from117,VERIFY_PANIC
t1-0,proof_byte,1026368,xor01_from253,VERIFY_PANIC
t1-0,proof_byte,1026432,xor01_from214,VERIFY_PANIC
t1-0,proof_byte,1026496,xor01_from42,VERIFY_PANIC
t1-0,proof_byte,1026560,xor01_from233,VERIFY_PANIC
t1-0,proof_byte,1026624,xor01_from252,VERIFY_PANIC
t1-0,proof_byte,1026688,xor01_from114,VERIFY_PANIC
t1-0,proof_byte,1026752,xor01_from117,VERIFY_PANIC
t1-0,proof_byte,1026816,xor01_from20,VERIFY_PANIC
t1-0,proof_byte,1026880,xor01_from109,VERIFY_PANIC
t1-0,proof_byte,1026944,xor01_from139,VERIFY_PANIC
t1-0,proof_byte,1027008,xor01_from207,VERIFY_PANIC
t1-0,proof_byte,1027072,xor01_from138,VERIFY_PANIC
t1-0,proof_byte,1027136,xor01_from227,VERIFY_PANIC
t1-0,proof_byte,1027200,xor01_from177,VERIFY_PANIC
t1-0,proof_byte,1027264,xor01_from119,VERIFY_PANIC
t1-0,proof_byte,1027328,xor01_from240,VERIFY_PANIC
t1-0,proof_byte,1027392,xor01_from0,VERIFY_PANIC
t1-0,proof_byte,1027456,xor01_from184,VERIFY_PANIC
t1-0,proof_byte,1027520,xor01_from62,VERIFY_PANIC
t1-0,proof_byte,1027584,xor01_from167,VERIFY_PANIC
t1-0,proof_byte,1027648,xor01_from164,VERIFY_PANIC
t1-0,proof_byte,1027712,xor01_from238,VERIFY_PANIC
t1-0,proof_byte,1027776,xor01_from17,DESERIALIZE_REJECTED
t1-0,proof_byte,1027840,xor01_from138,VERIFY_PANIC
t1-0,proof_byte,1027904,xor01_from236,VERIFY_PANIC
t1-0,proof_byte,1027968,xor01_from64,VERIFY_PANIC
t1-0,proof_byte,1028032,xor01_from219,VERIFY_PANIC
t1-0,proof_byte,1028096,xor01_from129,VERIFY_PANIC
t1-0,proof_byte,1028160,xor01_from174,VERIFY_PANIC
t1-0,proof_byte,1028224,xor01_from86,VERIFY_PANIC
t1-0,proof_byte,1028288,xor01_from36,VERIFY_PANIC
t1-0,proof_byte,1028352,xor01_from150,VERIFY_PANIC
t1-0,proof_byte,1028416,xor01_from63,VERIFY_PANIC
t1-0,proof_byte,1028480,xor01_from224,VERIFY_PANIC
t1-0,proof_byte,1028544,xor01_from191,VERIFY_PANIC
t1-0,proof_byte,1028608,xor01_from244,VERIFY_PANIC
t1-0,proof_byte,1028672,xor01_from214,VERIFY_PANIC
t1-0,proof_byte,1028736,xor01_from2,VERIFY_PANIC
t1-0,proof_byte,1028800,xor01_from197,VERIFY_PANIC
t1-0,proof_byte,1028864,xor01_from20,VERIFY_PANIC
t1-0,proof_byte,1028928,xor01_from2,VERIFY_PANIC
t1-0,proof_byte,1028992,xor01_from255,VERIFY_PANIC
t1-0,proof_byte,1029056,xor01_from215,VERIFY_PANIC
t1-0,proof_byte,1029120,xor01_from52,VERIFY_PANIC
t1-0,proof_byte,1029184,xor01_from5,VERIFY_PANIC
t1-0,proof_byte,1029248,xor01_from53,VERIFY_PANIC
t1-0,proof_byte,1029312,xor01_from195,VERIFY_PANIC
t1-0,proof_byte,1029376,xor01_from249,VERIFY_PANIC
t1-0,proof_byte,1029440,xor01_from7,VERIFY_PANIC
t1-0,proof_byte,1029504,xor01_from196,VERIFY_PANIC
t1-0,proof_byte,1029568,xor01_from161,VERIFY_PANIC
t1-0,proof_byte,1029632,xor01_from53,VERIFY_PANIC
t1-0,proof_byte,1029696,xor01_from99,VERIFY_PANIC
t1-0,proof_byte,1029760,xor01_from74,VERIFY_PANIC
t1-0,proof_byte,1029824,xor01_from57,VERIFY_PANIC
t1-0,proof_byte,1029888,xor01_from136,VERIFY_PANIC
t1-0,proof_byte,1029952,xor01_from92,VERIFY_PANIC
t1-0,proof_byte,1030016,xor01_from22,VERIFY_PANIC
t1-0,proof_byte,1030080,xor01_from196,VERIFY_PANIC
t1-0,proof_byte,1030144,xor01_from149,VERIFY_PANIC
t1-0,proof_byte,1030208,xor01_from38,VERIFY_PANIC
t1-0,proof_byte,1030272,xor01_from180,VERIFY_PANIC
t1-0,proof_byte,1030336,xor01_from84,VERIFY_PANIC
t1-0,proof_byte,1030400,xor01_from83,VERIFY_PANIC
t1-0,proof_byte,1030464,xor01_from27,VERIFY_PANIC
t1-0,proof_byte,1030528,xor01_from129,VERIFY_PANIC
t1-0,proof_byte,1030592,xor01_from56,VERIFY_PANIC
t1-0,proof_byte,1030656,xor01_from117,VERIFY_PANIC
t1-0,proof_byte,1030720,xor01_from189,VERIFY_PANIC
t1-0,proof_byte,1030784,xor01_from216,VERIFY_PANIC
t1-0,proof_byte,1030848,xor01_from92,VERIFY_PANIC
t1-0,proof_byte,1030912,xor01_from52,VERIFY_PANIC
t1-0,proof_byte,1030976,xor01_from48,VERIFY_PANIC
t1-0,proof_byte,1031040,xor01_from184,VERIFY_PANIC
t1-0,proof_byte,1031104,xor01_from216,VERIFY_PANIC
t1-0,proof_byte,1031168,xor01_from240,VERIFY_PANIC
t1-0,proof_byte,1031232,xor01_from207,VERIFY_PANIC
t1-0,proof_byte,1031296,xor01_from201,VERIFY_PANIC
t1-0,proof_byte,1031360,xor01_from250,VERIFY_PANIC
t1-0,proof_byte,1031424,xor01_from9,DESERIALIZE_REJECTED
t1-0,proof_byte,1031488,xor01_from60,VERIFY_PANIC
t1-0,proof_byte,1031552,xor01_from227,VERIFY_PANIC
t1-0,proof_byte,1031616,xor01_from41,VERIFY_PANIC
t1-0,proof_byte,1031680,xor01_from106,VERIFY_PANIC
t1-0,proof_byte,1031744,xor01_from21,VERIFY_PANIC
t1-0,proof_byte,1031808,xor01_from131,VERIFY_PANIC
t1-0,proof_byte,1031872,xor01_from209,VERIFY_PANIC
t1-0,proof_byte,1031936,xor01_from43,VERIFY_PANIC
t1-0,proof_byte,1032000,xor01_from79,VERIFY_PANIC
t1-0,proof_byte,1032064,xor01_from4,VERIFY_PANIC
t1-0,proof_byte,1032128,xor01_from218,VERIFY_PANIC
t1-0,proof_byte,1032192,xor01_from19,VERIFY_PANIC
t1-0,proof_byte,1032256,xor01_from114,VERIFY_PANIC
t1-0,proof_byte,1032320,xor01_from62,VERIFY_PANIC
t1-0,proof_byte,1032384,xor01_from28,VERIFY_PANIC
t1-0,proof_byte,1032448,xor01_from111,VERIFY_PANIC
t1-0,proof_byte,1032512,xor01_from26,VERIFY_PANIC
t1-0,proof_byte,1032576,xor01_from148,VERIFY_PANIC
t1-0,proof_byte,1032640,xor01_from24,VERIFY_PANIC
t1-0,proof_byte,1032704,xor01_from179,VERIFY_PANIC
t1-0,proof_byte,1032768,xor01_from161,VERIFY_PANIC
t1-0,proof_byte,1032832,xor01_from126,VERIFY_PANIC
t1-0,proof_byte,1032896,xor01_from188,VERIFY_PANIC
t1-0,proof_byte,1032960,xor01_from159,VERIFY_PANIC
t1-0,proof_byte,1033024,xor01_from1,DESERIALIZE_REJECTED
t1-0,proof_byte,1033088,xor01_from233,VERIFY_PANIC
t1-0,proof_byte,1033152,xor01_from44,VERIFY_PANIC
t1-0,proof_byte,1033216,xor01_from231,VERIFY_PANIC
t1-0,proof_byte,1033280,xor01_from165,VERIFY_PANIC
t1-0,proof_byte,1033344,xor01_from192,VERIFY_PANIC
t1-0,proof_byte,1033408,xor01_from161,VERIFY_PANIC
t1-0,proof_byte,1033472,xor01_from148,VERIFY_PANIC
t1-0,proof_byte,1033536,xor01_from242,VERIFY_PANIC
t1-0,proof_byte,1033600,xor01_from239,VERIFY_PANIC
t1-0,proof_byte,1033664,xor01_from8,VERIFY_PANIC
t1-0,proof_byte,1033728,xor01_from155,VERIFY_PANIC
t1-0,proof_byte,1033792,xor01_from64,VERIFY_PANIC
t1-0,proof_byte,1033856,xor01_from5,VERIFY_PANIC
t1-0,proof_byte,1033920,xor01_from2,DESERIALIZE_REJECTED
t1-0,proof_byte,1033984,xor01_from117,VERIFY_PANIC
t1-0,proof_byte,1034048,xor01_from247,VERIFY_PANIC
t1-0,proof_byte,1034112,xor01_from17,VERIFY_PANIC
t1-0,proof_byte,1034176,xor01_from213,VERIFY_PANIC
t1-0,proof_byte,1034240,xor01_from14,VERIFY_PANIC
t1-0,proof_byte,1034304,xor01_from229,VERIFY_PANIC
t1-0,proof_byte,1034368,xor01_from51,VERIFY_PANIC
t1-0,proof_byte,1034432,xor01_from61,VERIFY_PANIC
t1-0,proof_byte,1034496,xor01_from106,VERIFY_PANIC
t1-0,proof_byte,1034560,xor01_from102,VERIFY_PANIC
t1-0,proof_byte,1034624,xor01_from60,VERIFY_PANIC
t1-0,proof_byte,1034688,xor01_from49,VERIFY_PANIC
t1-0,proof_byte,1034752,xor01_from48,VERIFY_PANIC
t1-0,proof_byte,1034816,xor01_from45,VERIFY_PANIC
t1-0,proof_byte,1034880,xor01_from236,VERIFY_PANIC
t1-0,proof_byte,1034944,xor01_from221,VERIFY_PANIC
t1-0,proof_byte,1035008,xor01_from161,VERIFY_PANIC
t1-0,proof_byte,1035072,xor01_from110,VERIFY_PANIC
t1-0,proof_byte,1035136,xor01_from247,VERIFY_PANIC
t1-0,proof_byte,1035200,xor01_from46,VERIFY_PANIC
t1-0,proof_byte,1035264,xor01_from109,VERIFY_PANIC
t1-0,proof_byte,1035328,xor01_from150,VERIFY_PANIC
t1-0,proof_byte,1035392,xor01_from30,VERIFY_PANIC
t1-0,proof_byte,1035456,xor01_from76,VERIFY_PANIC
t1-0,proof_byte,1035520,xor01_from77,VERIFY_PANIC
t1-0,proof_byte,1035584,xor01_from248,VERIFY_PANIC
t1-0,proof_byte,1035648,xor01_from68,VERIFY_PANIC
t1-0,proof_byte,1035712,xor01_from187,VERIFY_PANIC
t1-0,proof_byte,1035776,xor01_from37,VERIFY_PANIC
t1-0,proof_byte,1035840,xor01_from107,VERIFY_PANIC
t1-0,proof_byte,1035904,xor01_from162,VERIFY_PANIC
t1-0,proof_byte,1035968,xor01_from206,VERIFY_PANIC
t1-0,proof_byte,1036032,xor01_from212,VERIFY_PANIC
t1-0,proof_byte,1036096,xor01_from172,VERIFY_PANIC
t1-0,proof_byte,1036160,xor01_from139,VERIFY_PANIC
t1-0,proof_byte,1036224,xor01_from13,VERIFY_PANIC
t1-0,proof_byte,1036288,xor01_from151,VERIFY_PANIC
t1-0,proof_byte,1036352,xor01_from132,VERIFY_PANIC
t1-0,proof_byte,1036416,xor01_from241,VERIFY_PANIC
t1-0,proof_byte,1036480,xor01_from251,VERIFY_PANIC
t1-0,proof_byte,1036544,xor01_from55,VERIFY_PANIC
t1-0,proof_byte,1036608,xor01_from162,VERIFY_PANIC
t1-0,proof_byte,1036672,xor01_from124,VERIFY_PANIC
t1-0,proof_byte,1036736,xor01_from235,VERIFY_PANIC
t1-0,proof_byte,1036800,xor01_from174,VERIFY_PANIC
t1-0,proof_byte,1036864,xor01_from126,VERIFY_PANIC
t1-0,proof_byte,1036928,xor01_from201,VERIFY_PANIC
t1-0,proof_byte,1036992,xor01_from11,VERIFY_PANIC
t1-0,proof_byte,1037056,xor01_from198,VERIFY_PANIC
t1-0,proof_byte,1037120,xor01_from237,VERIFY_PANIC
t1-0,proof_byte,1037184,xor01_from134,VERIFY_PANIC
t1-0,proof_byte,1037248,xor01_from247,VERIFY_PANIC
t1-0,proof_byte,1037312,xor01_from185,VERIFY_PANIC
t1-0,proof_byte,1037376,xor01_from152,VERIFY_PANIC
t1-0,proof_byte,1037440,xor01_from10,VERIFY_PANIC
t1-0,proof_byte,1037504,xor01_from205,VERIFY_PANIC
t1-0,proof_byte,1037568,xor01_from61,VERIFY_PANIC
t1-0,proof_byte,1037632,xor01_from37,VERIFY_PANIC
t1-0,proof_byte,1037696,xor01_from222,VERIFY_PANIC
t1-0,proof_byte,1037760,xor01_from49,VERIFY_PANIC
t1-0,proof_byte,1037824,xor01_from213,VERIFY_PANIC
t1-0,proof_byte,1037888,xor01_from0,DESERIALIZE_REJECTED
t1-0,proof_byte,1037952,xor01_from30,VERIFY_PANIC
t1-0,proof_byte,1038016,xor01_from137,VERIFY_PANIC
t1-0,proof_byte,1038080,xor01_from181,VERIFY_PANIC
t1-0,proof_byte,1038144,xor01_from76,VERIFY_PANIC
t1-0,proof_byte,1038208,xor01_from191,VERIFY_PANIC
t1-0,proof_byte,1038272,xor01_from233,VERIFY_PANIC
t1-0,proof_byte,1038336,xor01_from0,VERIFY_PANIC
t1-0,proof_byte,1038400,xor01_from40,VERIFY_PANIC
t1-0,proof_byte,1038464,xor01_from248,VERIFY_PANIC
t1-0,proof_byte,1038528,xor01_from189,VERIFY_PANIC
t1-0,proof_byte,1038592,xor01_from156,VERIFY_PANIC
t1-0,proof_byte,1038656,xor01_from34,VERIFY_PANIC
t1-0,proof_byte,1038720,xor01_from121,VERIFY_PANIC
t1-0,proof_byte,1038784,xor01_from226,VERIFY_PANIC
t1-0,proof_byte,1038848,xor01_from129,VERIFY_PANIC
t1-0,proof_byte,1038912,xor01_from28,VERIFY_PANIC
t1-0,proof_byte,1038976,xor01_from200,VERIFY_PANIC
t1-0,proof_byte,1039040,xor01_from250,VERIFY_PANIC
t1-0,proof_byte,1039104,xor01_from247,VERIFY_PANIC
t1-0,proof_byte,1039168,xor01_from139,VERIFY_PANIC
t1-0,proof_byte,1039232,xor01_from146,VERIFY_PANIC
t1-0,proof_byte,1039296,xor01_from140,VERIFY_PANIC
t1-0,proof_byte,1039360,xor01_from244,VERIFY_PANIC
t1-0,proof_byte,1039424,xor01_from135,VERIFY_PANIC
t1-0,proof_byte,1039488,xor01_from206,VERIFY_PANIC
t1-0,proof_byte,1039552,xor01_from1,VERIFY_PANIC
t1-0,proof_byte,1039616,xor01_from81,VERIFY_PANIC
t1-0,proof_byte,1039680,xor01_from50,VERIFY_PANIC
t1-0,proof_byte,1039744,xor01_from187,VERIFY_PANIC
t1-0,proof_byte,1039808,xor01_from191,VERIFY_PANIC
t1-0,proof_byte,1039872,xor01_from148,VERIFY_PANIC
t1-0,proof_byte,1039936,xor01_from69,VERIFY_PANIC
t1-0,proof_byte,1040000,xor01_from228,VERIFY_PANIC
t1-0,proof_byte,1040064,xor01_from112,VERIFY_PANIC
t1-0,proof_byte,1040128,xor01_from167,VERIFY_PANIC
t1-0,proof_byte,1040192,xor01_from28,VERIFY_PANIC
t1-0,proof_byte,1040256,xor01_from143,VERIFY_PANIC
t1-0,proof_byte,1040320,xor01_from2,VERIFY_PANIC
t1-0,proof_byte,1040384,xor01_from163,VERIFY_PANIC
t1-0,proof_byte,1040448,xor01_from110,VERIFY_PANIC
t1-0,proof_byte,1040512,xor01_from0,DESERIALIZE_REJECTED
t1-0,proof_byte,1040576,xor01_from128,VERIFY_PANIC
t1-0,proof_byte,1040640,xor01_from108,VERIFY_PANIC
t1-0,proof_byte,1040704,xor01_from137,VERIFY_PANIC
t1-0,proof_byte,1040768,xor01_from185,VERIFY_PANIC
t1-0,proof_byte,1040832,xor01_from73,VERIFY_PANIC
t1-0,proof_byte,1040896,xor01_from85,VERIFY_PANIC
t1-0,proof_byte,1040960,xor01_from147,VERIFY_PANIC
t1-0,proof_byte,1041024,xor01_from186,VERIFY_PANIC
t1-0,proof_byte,1041088,xor01_from146,VERIFY_PANIC
t1-0,proof_byte,1041152,xor01_from0,DESERIALIZE_REJECTED
t1-0,proof_byte,1041216,xor01_from189,VERIFY_PANIC
t1-0,proof_byte,1041280,xor01_from25,VERIFY_PANIC
t1-0,proof_byte,1041344,xor01_from133,VERIFY_PANIC
t1-0,proof_byte,1041408,xor01_from72,VERIFY_PANIC
t1-0,proof_byte,1041472,xor01_from210,VERIFY_PANIC
t1-0,proof_byte,1041536,xor01_from242,VERIFY_PANIC
t1-0,proof_byte,1041600,xor01_from111,VERIFY_PANIC
t1-0,proof_byte,1041664,xor01_from126,VERIFY_PANIC
t1-0,proof_byte,1041728,xor01_from201,VERIFY_PANIC
t1-0,proof_byte,1041792,xor01_from75,VERIFY_PANIC
t1-0,proof_byte,1041856,xor01_from80,VERIFY_PANIC
t1-0,proof_byte,1041920,xor01_from233,VERIFY_PANIC
t1-0,proof_byte,1041984,xor01_from235,VERIFY_PANIC
t1-0,proof_byte,1042048,xor01_from137,VERIFY_PANIC
t1-0,proof_byte,1042112,xor01_from148,VERIFY_PANIC
t1-0,proof_byte,1042176,xor01_from49,VERIFY_PANIC
t1-0,proof_byte,1042240,xor01_from67,VERIFY_PANIC
t1-0,proof_byte,1042304,xor01_from175,VERIFY_PANIC
t1-0,proof_byte,1042368,xor01_from243,VERIFY_PANIC
t1-0,proof_byte,1042432,xor01_from218,VERIFY_PANIC
t1-0,proof_byte,1042496,xor01_from143,VERIFY_PANIC
t1-0,proof_byte,1042560,xor01_from98,VERIFY_PANIC
t1-0,proof_byte,1042624,xor01_from57,VERIFY_PANIC
t1-0,proof_byte,1042688,xor01_from171,VERIFY_PANIC
t1-0,proof_byte,1042752,xor01_from107,VERIFY_PANIC
t1-0,proof_byte,1042816,xor01_from23,VERIFY_PANIC
t1-0,proof_byte,1042880,xor01_from122,VERIFY_PANIC
t1-0,proof_byte,1042944,xor01_from70,VERIFY_PANIC
t1-0,proof_byte,1043008,xor01_from85,VERIFY_PANIC
t1-0,proof_byte,1043072,xor01_from238,VERIFY_PANIC
t1-0,proof_byte,1043136,xor01_from60,VERIFY_PANIC
t1-0,proof_byte,1043200,xor01_from23,VERIFY_PANIC
t1-0,proof_byte,1043264,xor01_from232,VERIFY_PANIC
t1-0,proof_byte,1043328,xor01_from61,VERIFY_PANIC
t1-0,proof_byte,1043392,xor01_from153,VERIFY_PANIC
t1-0,proof_byte,1043456,xor01_from165,VERIFY_PANIC
t1-0,proof_byte,1043520,xor01_from140,VERIFY_PANIC
t1-0,proof_byte,1043584,xor01_from195,VERIFY_PANIC
t1-0,proof_byte,1043648,xor01_from88,VERIFY_PANIC
t1-0,proof_byte,1043712,xor01_from149,VERIFY_PANIC
t1-0,proof_byte,1043776,xor01_from141,VERIFY_PANIC
t1-0,proof_byte,1043840,xor01_from53,VERIFY_PANIC
t1-0,proof_byte,1043904,xor01_from206,VERIFY_PANIC
t1-0,proof_byte,1043968,xor01_from165,VERIFY_PANIC
t1-0,proof_byte,1044032,xor01_from55,VERIFY_PANIC
t1-0,proof_byte,1044096,xor01_from138,VERIFY_PANIC
t1-0,proof_byte,1044160,xor01_from83,VERIFY_PANIC
t1-0,proof_byte,1044224,xor01_from151,VERIFY_PANIC
t1-0,proof_byte,1044288,xor01_from76,VERIFY_PANIC
t1-0,proof_byte,1044352,xor01_from148,VERIFY_PANIC
t1-0,proof_byte,1044416,xor01_from216,VERIFY_PANIC
t1-0,proof_byte,1044480,xor01_from48,VERIFY_PANIC
t1-0,proof_byte,1044544,xor01_from71,VERIFY_PANIC
t1-0,proof_byte,1044608,xor01_from142,VERIFY_PANIC
t1-0,proof_byte,1044672,xor01_from24,VERIFY_PANIC
t1-0,proof_byte,1044736,xor01_from89,VERIFY_PANIC
t1-0,proof_byte,1044800,xor01_from237,VERIFY_PANIC
t1-0,proof_byte,1044864,xor01_from246,VERIFY_PANIC
t1-0,proof_byte,1044928,xor01_from61,VERIFY_PANIC
t1-0,proof_byte,1044992,xor01_from255,VERIFY_PANIC
t1-0,proof_byte,1045056,xor01_from18,VERIFY_PANIC
t1-0,proof_byte,1045120,xor01_from190,VERIFY_PANIC
t1-0,proof_byte,1045184,xor01_from210,VERIFY_PANIC
t1-0,proof_byte,1045248,xor01_from16,VERIFY_PANIC
t1-0,proof_byte,1045312,xor01_from219,VERIFY_PANIC
t1-0,proof_byte,1045376,xor01_from17,VERIFY_PANIC
t1-0,proof_byte,1045440,xor01_from14,DESERIALIZE_REJECTED
t1-0,proof_byte,1045504,xor01_from155,VERIFY_PANIC
t1-0,proof_byte,1045568,xor01_from141,VERIFY_PANIC
t1-0,proof_byte,1045632,xor01_from6,VERIFY_PANIC
t1-0,proof_byte,1045696,xor01_from150,VERIFY_PANIC
t1-0,proof_byte,1045760,xor01_from162,VERIFY_PANIC
t1-0,proof_byte,1045824,xor01_from181,VERIFY_PANIC
t1-0,proof_byte,1045888,xor01_from185,VERIFY_PANIC
t1-0,proof_byte,1045952,xor01_from141,VERIFY_PANIC
t1-0,proof_byte,1046016,xor01_from44,VERIFY_PANIC
t1-0,proof_byte,1046080,xor01_from179,VERIFY_PANIC
t1-0,proof_byte,1046144,xor01_from8,VERIFY_PANIC
t1-0,proof_byte,1046208,xor01_from135,VERIFY_PANIC
t1-0,proof_byte,1046272,xor01_from159,VERIFY_PANIC
t1-0,proof_byte,1046336,xor01_from5,VERIFY_PANIC
t1-0,proof_byte,1046400,xor01_from30,VERIFY_PANIC
t1-0,proof_byte,1046464,xor01_from177,VERIFY_PANIC
t1-0,proof_byte,1046528,xor01_from171,VERIFY_PANIC
t1-0,proof_byte,1046592,xor01_from53,VERIFY_PANIC
t1-0,proof_byte,1046656,xor01_from163,VERIFY_PANIC
t1-0,proof_byte,1046720,xor01_from15,VERIFY_PANIC
t1-0,proof_byte,1046784,xor01_from179,VERIFY_PANIC
t1-0,proof_byte,1046848,xor01_from232,VERIFY_PANIC
t1-0,proof_byte,1046912,xor01_from43,VERIFY_PANIC
t1-0,proof_byte,1046976,xor01_from183,VERIFY_PANIC
t1-0,proof_byte,1047040,xor01_from16,VERIFY_PANIC
t1-0,proof_byte,1047104,xor01_from223,VERIFY_PANIC
t1-0,proof_byte,1047168,xor01_from197,VERIFY_PANIC
t1-0,proof_byte,1047232,xor01_from141,VERIFY_PANIC
t1-0,proof_byte,1047296,xor01_from89,VERIFY_PANIC
t1-0,proof_byte,1047360,xor01_from223,VERIFY_PANIC
t1-0,proof_byte,1047424,xor01_from105,VERIFY_PANIC
t1-0,proof_byte,1047488,xor01_from28,VERIFY_PANIC
t1-0,proof_byte,1047552,xor01_from41,VERIFY_PANIC
t1-0,proof_byte,1047616,xor01_from86,VERIFY_PANIC
t1-0,proof_byte,1047680,xor01_from110,VERIFY_PANIC
t1-0,proof_byte,1047744,xor01_from26,VERIFY_PANIC
t1-0,proof_byte,1047808,xor01_from36,VERIFY_PANIC
t1-0,proof_byte,1047872,xor01_from78,VERIFY_PANIC
t1-0,proof_byte,1047936,xor01_from116,VERIFY_PANIC
t1-0,proof_byte,1048000,xor01_from160,VERIFY_PANIC
t1-0,proof_byte,1048064,xor01_from125,VERIFY_PANIC
t1-0,proof_byte,1048128,xor01_from5,VERIFY_PANIC
t1-0,proof_byte,1048192,xor01_from120,VERIFY_PANIC
t1-0,proof_byte,1048256,xor01_from40,VERIFY_PANIC
t1-0,proof_byte,1048320,xor01_from6,DESERIALIZE_REJECTED
t1-0,proof_byte,1048384,xor01_from107,VERIFY_PANIC
t1-0,proof_byte,1048448,xor01_from115,VERIFY_PANIC
t1-0,proof_byte,1048512,xor01_from113,VERIFY_PANIC
t1-0,proof_byte,1048576,xor01_from162,VERIFY_PANIC
t1-0,proof_byte,1048640,xor01_from120,VERIFY_PANIC
t1-0,proof_byte,1048704,xor01_from67,VERIFY_PANIC
t1-0,proof_byte,1048768,xor01_from115,VERIFY_PANIC
t1-0,proof_byte,1048832,xor01_from156,VERIFY_PANIC
t1-0,proof_byte,1048896,xor01_from184,VERIFY_PANIC
t1-0,proof_byte,1048960,xor01_from232,VERIFY_PANIC
t1-0,proof_byte,1049024,xor01_from233,VERIFY_PANIC
t1-0,proof_byte,1049088,xor01_from170,VERIFY_PANIC
t1-0,proof_byte,1049152,xor01_from192,VERIFY_PANIC
t1-0,proof_byte,1049216,xor01_from8,DESERIALIZE_REJECTED
t1-0,proof_byte,1049280,xor01_from155,VERIFY_PANIC
t1-0,proof_byte,1049344,xor01_from152,VERIFY_PANIC
t1-0,proof_byte,1049408,xor01_from141,VERIFY_PANIC
t1-0,proof_byte,1049472,xor01_from151,VERIFY_PANIC
t1-0,proof_byte,1049536,xor01_from140,VERIFY_PANIC
t1-0,proof_byte,1049600,xor01_from238,VERIFY_PANIC
t1-0,proof_byte,1049664,xor01_from167,VERIFY_PANIC
t1-0,proof_byte,1049728,xor01_from140,VERIFY_PANIC
t1-0,proof_byte,1049792,xor01_from240,VERIFY_PANIC
t1-0,proof_byte,1049856,xor01_from107,VERIFY_PANIC
t1-0,proof_byte,1049920,xor01_from20,VERIFY_PANIC
t1-0,proof_byte,1049984,xor01_from8,DESERIALIZE_REJECTED
t1-0,proof_byte,1050048,xor01_from64,VERIFY_PANIC
t1-0,proof_byte,1050112,xor01_from141,VERIFY_PANIC
t1-0,proof_byte,1050176,xor01_from224,VERIFY_PANIC
t1-0,proof_byte,1050240,xor01_from84,VERIFY_PANIC
t1-0,proof_byte,1050304,xor01_from91,VERIFY_PANIC
t1-0,proof_byte,1050368,xor01_from115,VERIFY_PANIC
t1-0,proof_byte,1050432,xor01_from15,VERIFY_PANIC
t1-0,proof_byte,1050496,xor01_from22,VERIFY_PANIC
t1-0,proof_byte,1050560,xor01_from141,VERIFY_PANIC
t1-0,proof_byte,1050624,xor01_from93,VERIFY_PANIC
t1-0,proof_byte,1050688,xor01_from245,VERIFY_PANIC
t1-0,proof_byte,1050752,xor01_from81,VERIFY_PANIC
t1-0,proof_byte,1050816,xor01_from87,VERIFY_PANIC
t1-0,proof_byte,1050880,xor01_from55,VERIFY_PANIC
t1-0,proof_byte,1050944,xor01_from168,VERIFY_PANIC
t1-0,proof_byte,1051008,xor01_from224,VERIFY_PANIC
t1-0,proof_byte,1051072,xor01_from73,VERIFY_PANIC
t1-0,proof_byte,1051136,xor01_from198,VERIFY_PANIC
t1-0,proof_byte,1051200,xor01_from41,VERIFY_PANIC
t1-0,proof_byte,1051264,xor01_from0,DESERIALIZE_REJECTED
t1-0,proof_byte,1051328,xor01_from179,VERIFY_PANIC
t1-0,proof_byte,1051392,xor01_from125,VERIFY_PANIC
t1-0,proof_byte,1051456,xor01_from16,VERIFY_PANIC
t1-0,proof_byte,1051520,xor01_from147,VERIFY_PANIC
t1-0,proof_byte,1051584,xor01_from13,VERIFY_PANIC
t1-0,proof_byte,1051648,xor01_from90,VERIFY_PANIC
t1-0,proof_byte,1051712,xor01_from219,VERIFY_PANIC
t1-0,proof_byte,1051776,xor01_from115,VERIFY_PANIC
t1-0,proof_byte,1051840,xor01_from44,VERIFY_PANIC
t1-0,proof_byte,1051904,xor01_from59,VERIFY_PANIC
t1-0,proof_byte,1051968,xor01_from63,VERIFY_PANIC
t1-0,proof_byte,1052032,xor01_from242,VERIFY_PANIC
t1-0,proof_byte,1052096,xor01_from113,VERIFY_PANIC
t1-0,proof_byte,1052160,xor01_from133,VERIFY_PANIC
t1-0,proof_byte,1052224,xor01_from11,VERIFY_PANIC
t1-0,proof_byte,1052288,xor01_from14,VERIFY_PANIC
t1-0,proof_byte,1052352,xor01_from154,VERIFY_PANIC
t1-0,proof_byte,1052416,xor01_from94,VERIFY_PANIC
t1-0,proof_byte,1052480,xor01_from164,VERIFY_PANIC
t1-0,proof_byte,1052544,xor01_from139,VERIFY_PANIC
t1-0,proof_byte,1052608,xor01_from129,VERIFY_PANIC
t1-0,proof_byte,1052672,xor01_from179,VERIFY_PANIC
t1-0,proof_byte,1052736,xor01_from78,VERIFY_PANIC
t1-0,proof_byte,1052800,xor01_from23,VERIFY_PANIC
t1-0,proof_byte,1052864,xor01_from139,VERIFY_PANIC
t1-0,proof_byte,1052928,xor01_from164,VERIFY_PANIC
t1-0,proof_byte,1052992,xor01_from111,VERIFY_PANIC
t1-0,proof_byte,1053056,xor01_from185,VERIFY_PANIC
t1-0,proof_byte,1053120,xor01_from242,VERIFY_PANIC
t1-0,proof_byte,1053184,xor01_from124,VERIFY_PANIC
t1-0,proof_byte,1053248,xor01_from12,VERIFY_PANIC
t1-0,proof_byte,1053312,xor01_from245,VERIFY_PANIC
t1-0,proof_byte,1053376,xor01_from145,VERIFY_PANIC
t1-0,proof_byte,1053440,xor01_from214,VERIFY_PANIC
t1-0,proof_byte,1053504,xor01_from154,VERIFY_PANIC
t1-0,proof_byte,1053568,xor01_from188,VERIFY_PANIC
t1-0,proof_byte,1053632,xor01_from48,VERIFY_PANIC
t1-0,proof_byte,1053696,xor01_from209,VERIFY_PANIC
t1-0,proof_byte,1053760,xor01_from241,VERIFY_PANIC
t1-0,proof_byte,1053824,xor01_from127,VERIFY_PANIC
t1-0,proof_byte,1053888,xor01_from116,VERIFY_PANIC
t1-0,proof_byte,1053952,xor01_from201,VERIFY_PANIC
t1-0,proof_byte,1054016,xor01_from23,VERIFY_PANIC
t1-0,proof_byte,1054080,xor01_from41,VERIFY_PANIC
t1-0,proof_byte,1054144,xor01_from184,VERIFY_PANIC
t1-0,proof_byte,1054208,xor01_from0,VERIFY_PANIC
t1-0,proof_byte,1054272,xor01_from50,VERIFY_PANIC
t1-0,proof_byte,1054336,xor01_from50,VERIFY_PANIC
t1-0,proof_byte,1054400,xor01_from187,VERIFY_PANIC
t1-0,proof_byte,1054464,xor01_from123,VERIFY_PANIC
t1-0,proof_byte,1054528,xor01_from93,VERIFY_PANIC
t1-0,proof_byte,1054592,xor01_from177,VERIFY_PANIC
t1-0,proof_byte,1054656,xor01_from134,VERIFY_PANIC
t1-0,proof_byte,1054720,xor01_from90,VERIFY_PANIC
t1-0,proof_byte,1054784,xor01_from142,VERIFY_PANIC
t1-0,proof_byte,1054848,xor01_from51,VERIFY_PANIC
t1-0,proof_byte,1054912,xor01_from166,VERIFY_PANIC
t1-0,proof_byte,1054976,xor01_from65,VERIFY_PANIC
t1-0,proof_byte,1055040,xor01_from248,VERIFY_PANIC
t1-0,proof_byte,1055104,xor01_from131,VERIFY_PANIC
t1-0,proof_byte,1055168,xor01_from0,DESERIALIZE_REJECTED
t1-0,proof_byte,1055232,xor01_from222,VERIFY_PANIC
t1-0,proof_byte,1055296,xor01_from71,VERIFY_PANIC
t1-0,proof_byte,1055360,xor01_from89,VERIFY_PANIC
t1-0,proof_byte,1055424,xor01_from67,VERIFY_PANIC
t1-0,proof_byte,1055488,xor01_from47,VERIFY_PANIC
t1-0,proof_byte,1055552,xor01_from21,VERIFY_PANIC
t1-0,proof_byte,1055616,xor01_from198,VERIFY_PANIC
t1-0,proof_byte,1055680,xor01_from32,VERIFY_PANIC
t1-0,proof_byte,1055744,xor01_from241,VERIFY_PANIC
t1-0,proof_byte,1055808,xor01_from65,VERIFY_PANIC
t1-0,proof_byte,1055872,xor01_from152,VERIFY_PANIC
t1-0,proof_byte,1055936,xor01_from162,VERIFY_PANIC
t1-0,proof_byte,1056000,xor01_from110,VERIFY_PANIC
t1-0,proof_byte,1056064,xor01_from214,VERIFY_PANIC
t1-0,proof_byte,1056128,xor01_from241,VERIFY_PANIC
t1-0,proof_byte,1056192,xor01_from87,VERIFY_PANIC
t1-0,proof_byte,1056256,xor01_from211,VERIFY_PANIC
t1-0,proof_byte,1056320,xor01_from156,VERIFY_PANIC
t1-0,proof_byte,1056384,xor01_from212,VERIFY_PANIC
t1-0,proof_byte,1056448,xor01_from3,VERIFY_PANIC
t1-0,proof_byte,1056512,xor01_from135,VERIFY_PANIC
t1-0,proof_byte,1056576,xor01_from237,VERIFY_PANIC
t1-0,proof_byte,1056640,xor01_from47,VERIFY_PANIC
t1-0,proof_byte,1056704,xor01_from118,VERIFY_PANIC
t1-0,proof_byte,1056768,xor01_from246,VERIFY_PANIC
t1-0,proof_byte,1056832,xor01_from167,VERIFY_PANIC
t1-0,proof_byte,1056896,xor01_from62,VERIFY_PANIC
t1-0,proof_byte,1056960,xor01_from95,VERIFY_PANIC
t1-0,proof_byte,1057024,xor01_from0,DESERIALIZE_REJECTED
t1-0,proof_byte,1057088,xor01_from152,VERIFY_PANIC
t1-0,proof_byte,1057152,xor01_from0,DESERIALIZE_REJECTED
t1-0,proof_byte,1057216,xor01_from155,VERIFY_PANIC
t1-0,proof_byte,1057280,xor01_from60,VERIFY_PANIC
t1-0,proof_byte,1057344,xor01_from217,VERIFY_PANIC
t1-0,proof_byte,1057408,xor01_from191,VERIFY_PANIC
t1-0,proof_byte,1057472,xor01_from196,VERIFY_PANIC
t1-0,proof_byte,1057536,xor01_from220,VERIFY_PANIC
t1-0,proof_byte,1057600,xor01_from8,VERIFY_PANIC
t1-0,proof_byte,1057664,xor01_from154,VERIFY_PANIC
t1-0,proof_byte,1057728,xor01_from227,VERIFY_PANIC
t1-0,proof_byte,1057792,xor01_from105,VERIFY_PANIC
t1-0,proof_byte,1057856,xor01_from147,VERIFY_PANIC
t1-0,proof_byte,1057920,xor01_from75,VERIFY_PANIC
t1-0,proof_byte,1057984,xor01_from62,VERIFY_PANIC
t1-0,proof_byte,1058048,xor01_from96,VERIFY_PANIC
t1-0,proof_byte,1058112,xor01_from67,VERIFY_PANIC
t1-0,proof_byte,1058176,xor01_from82,VERIFY_PANIC
t1-0,proof_byte,1058240,xor01_from182,VERIFY_PANIC
t1-0,proof_byte,1058304,xor01_from49,VERIFY_PANIC
t1-0,proof_byte,1058368,xor01_from27,VERIFY_PANIC
t1-0,proof_byte,1058432,xor01_from208,VERIFY_PANIC
t1-0,proof_byte,1058496,xor01_from90,VERIFY_PANIC
t1-0,proof_byte,1058560,xor01_from75,VERIFY_PANIC
t1-0,proof_byte,1058624,xor01_from231,VERIFY_PANIC
t1-0,proof_byte,1058688,xor01_from201,VERIFY_PANIC
t1-0,proof_byte,1058752,xor01_from139,VERIFY_PANIC
t1-0,proof_byte,1058816,xor01_from195,VERIFY_PANIC
t1-0,proof_byte,1058880,xor01_from94,VERIFY_PANIC
t1-0,proof_byte,1058944,xor01_from17,VERIFY_PANIC
t1-0,proof_byte,1059008,xor01_from89,VERIFY_PANIC
t1-0,proof_byte,1059072,xor01_from182,VERIFY_PANIC
t1-0,proof_byte,1059136,xor01_from194,VERIFY_PANIC
t1-0,proof_byte,1059200,xor01_from235,VERIFY_PANIC
t1-0,proof_byte,1059264,xor01_from137,VERIFY_PANIC
t1-0,proof_byte,1059328,xor01_from124,VERIFY_PANIC
t1-0,proof_byte,1059392,xor01_from131,VERIFY_PANIC
t1-0,proof_byte,1059456,xor01_from193,VERIFY_PANIC
t1-0,proof_byte,1059520,xor01_from16,VERIFY_PANIC
t1-0,proof_byte,1059584,xor01_from252,VERIFY_PANIC
t1-0,proof_byte,1059648,xor01_from59,VERIFY_PANIC
t1-0,proof_byte,1059712,xor01_from141,VERIFY_PANIC
t1-0,proof_byte,1059776,xor01_from173,VERIFY_PANIC
t1-0,proof_byte,1059840,xor01_from222,VERIFY_PANIC
t1-0,proof_byte,1059904,xor01_from51,VERIFY_PANIC
t1-0,proof_byte,1059968,xor01_from75,VERIFY_PANIC
t1-0,proof_byte,1060032,xor01_from247,VERIFY_PANIC
t1-0,proof_byte,1060096,xor01_from3,VERIFY_PANIC
t1-0,proof_byte,1060160,xor01_from191,VERIFY_PANIC
t1-0,proof_byte,1060224,xor01_from66,VERIFY_PANIC
t1-0,proof_byte,1060288,xor01_from43,VERIFY_PANIC
t1-0,proof_byte,1060352,xor01_from205,VERIFY_PANIC
t1-0,proof_byte,1060416,xor01_from23,VERIFY_PANIC
t1-0,proof_byte,1060480,xor01_from203,VERIFY_PANIC
t1-0,proof_byte,1060544,xor01_from125,VERIFY_PANIC
t1-0,proof_byte,1060608,xor01_from62,VERIFY_PANIC
t1-0,proof_byte,1060672,xor01_from196,VERIFY_PANIC
t1-0,proof_byte,1060736,xor01_from52,VERIFY_PANIC
t1-0,proof_byte,1060800,xor01_from15,VERIFY_PANIC
t1-0,proof_byte,1060864,xor01_from119,VERIFY_PANIC
t1-0,proof_byte,1060928,xor01_from221,VERIFY_PANIC
t1-0,proof_byte,1060992,xor01_from15,DESERIALIZE_REJECTED
t1-0,proof_byte,1061056,xor01_from61,VERIFY_PANIC
t1-0,proof_byte,1061120,xor01_from160,VERIFY_PANIC
t1-0,proof_byte,1061184,xor01_from55,VERIFY_PANIC
t1-0,proof_byte,1061248,xor01_from145,VERIFY_PANIC
t1-0,proof_byte,1061312,xor01_from56,VERIFY_PANIC
t1-0,proof_byte,1061376,xor01_from121,VERIFY_PANIC
t1-0,proof_byte,1061440,xor01_from231,VERIFY_PANIC
t1-0,proof_byte,1061504,xor01_from105,VERIFY_PANIC
t1-0,proof_byte,1061568,xor01_from38,VERIFY_PANIC
t1-0,proof_byte,1061632,xor01_from174,VERIFY_PANIC
t1-0,proof_byte,1061696,xor01_from236,VERIFY_PANIC
t1-0,proof_byte,1061760,xor01_from220,VERIFY_PANIC
t1-0,proof_byte,1061824,xor01_from213,VERIFY_PANIC
t1-0,proof_byte,1061888,xor01_from100,VERIFY_PANIC
t1-0,proof_byte,1061952,xor01_from116,VERIFY_PANIC
t1-0,proof_byte,1062016,xor01_from12,VERIFY_PANIC
t1-0,proof_byte,1062080,xor01_from237,VERIFY_PANIC
t1-0,proof_byte,1062144,xor01_from208,VERIFY_PANIC
t1-0,proof_byte,1062208,xor01_from22,VERIFY_PANIC
t1-0,proof_byte,1062272,xor01_from54,VERIFY_PANIC
t1-0,proof_byte,1062336,xor01_from135,VERIFY_PANIC
t1-0,proof_byte,1062400,xor01_from122,VERIFY_PANIC
t1-0,proof_byte,1062464,xor01_from118,VERIFY_PANIC
t1-0,proof_byte,1062528,xor01_from170,VERIFY_PANIC
t1-0,proof_byte,1062592,xor01_from138,VERIFY_PANIC
t1-0,proof_byte,1062656,xor01_from67,VERIFY_PANIC
t1-0,proof_byte,1062720,xor01_from220,VERIFY_PANIC
t1-0,proof_byte,1062784,xor01_from11,VERIFY_PANIC
t1-0,proof_byte,1062848,xor01_from126,VERIFY_PANIC
t1-0,proof_byte,1062912,xor01_from71,VERIFY_PANIC
t1-0,proof_byte,1062976,xor01_from15,VERIFY_PANIC
t1-0,proof_byte,1063040,xor01_from165,VERIFY_PANIC
t1-0,proof_byte,1063104,xor01_from123,VERIFY_PANIC
t1-0,proof_byte,1063168,xor01_from154,VERIFY_PANIC
t1-0,proof_byte,1063232,xor01_from233,VERIFY_PANIC
t1-0,proof_byte,1063296,xor01_from130,VERIFY_PANIC
t1-0,proof_byte,1063360,xor01_from102,VERIFY_PANIC
t1-0,proof_byte,1063424,xor01_from210,VERIFY_PANIC
t1-0,proof_byte,1063488,xor01_from112,VERIFY_PANIC
t1-0,proof_byte,1063552,xor01_from183,VERIFY_PANIC
t1-0,proof_byte,1063616,xor01_from81,VERIFY_PANIC
t1-0,proof_byte,1063680,xor01_from162,VERIFY_PANIC
t1-0,proof_byte,1063744,xor01_from179,VERIFY_PANIC
t1-0,proof_byte,1063808,xor01_from35,VERIFY_PANIC
t1-0,proof_byte,1063872,xor01_from99,VERIFY_PANIC
t1-0,proof_byte,1063936,xor01_from145,VERIFY_PANIC
t1-0,proof_byte,1064000,xor01_from94,VERIFY_PANIC
t1-0,proof_byte,1064064,xor01_from116,VERIFY_PANIC
t1-0,proof_byte,1064128,xor01_from7,DESERIALIZE_REJECTED
t1-0,proof_byte,1064192,xor01_from82,VERIFY_PANIC
t1-0,proof_byte,1064256,xor01_from72,VERIFY_PANIC
t1-0,proof_byte,1064320,xor01_from253,VERIFY_PANIC
t1-0,proof_byte,1064384,xor01_from240,VERIFY_PANIC
t1-0,proof_byte,1064448,xor01_from108,VERIFY_PANIC
t1-0,proof_byte,1064512,xor01_from189,VERIFY_PANIC
t1-0,proof_byte,1064576,xor01_from4,VERIFY_PANIC
t1-0,proof_byte,1064640,xor01_from128,VERIFY_PANIC
t1-0,proof_byte,1064704,xor01_from242,VERIFY_PANIC
t1-0,proof_byte,1064768,xor01_from154,VERIFY_PANIC
t1-0,proof_byte,1064832,xor01_from59,VERIFY_PANIC
t1-0,proof_byte,1064896,xor01_from142,VERIFY_PANIC
t1-0,proof_byte,1064960,xor01_from32,VERIFY_PANIC
t1-0,proof_byte,1065024,xor01_from108,VERIFY_PANIC
t1-0,proof_byte,1065088,xor01_from147,VERIFY_PANIC
t1-0,proof_byte,1065152,xor01_from189,VERIFY_PANIC
t1-0,proof_byte,1065216,xor01_from255,VERIFY_PANIC
t1-0,proof_byte,1065280,xor01_from107,VERIFY_PANIC
t1-0,proof_byte,1065344,xor01_from182,VERIFY_PANIC
t1-0,proof_byte,1065408,xor01_from134,VERIFY_PANIC
t1-0,proof_byte,1065472,xor01_from127,VERIFY_PANIC
t1-0,proof_byte,1065536,xor01_from95,VERIFY_PANIC
t1-0,proof_byte,1065600,xor01_from10,VERIFY_PANIC
t1-0,proof_byte,1065664,xor01_from157,VERIFY_PANIC
t1-0,proof_byte,1065728,xor01_from97,VERIFY_PANIC
t1-0,proof_byte,1065792,xor01_from62,VERIFY_PANIC
t1-0,proof_byte,1065856,xor01_from29,VERIFY_PANIC
t1-0,proof_byte,1065920,xor01_from171,VERIFY_PANIC
t1-0,proof_byte,1065984,xor01_from13,VERIFY_PANIC
t1-0,proof_byte,1066048,xor01_from0,VERIFY_PANIC
t1-0,proof_byte,1066112,xor01_from0,DESERIALIZE_REJECTED
t1-0,proof_byte,1066176,xor01_from127,VERIFY_PANIC
t1-0,proof_byte,1066240,xor01_from0,VERIFY_PANIC
t1-0,proof_byte,1066304,xor01_from225,VERIFY_PANIC
t1-0,proof_byte,1066368,xor01_from144,VERIFY_PANIC
t1-0,proof_byte,1066432,xor01_from98,VERIFY_PANIC
t1-0,proof_byte,1066496,xor01_from35,VERIFY_PANIC
t1-0,proof_byte,1066560,xor01_from20,VERIFY_PANIC
t1-0,proof_byte,1066624,xor01_from116,VERIFY_PANIC
t1-0,proof_byte,1066688,xor01_from0,DESERIALIZE_REJECTED
t1-0,proof_byte,1066752,xor01_from178,VERIFY_PANIC
t1-0,proof_byte,1066816,xor01_from50,VERIFY_PANIC
t1-0,proof_byte,1066880,xor01_from233,VERIFY_PANIC
t1-0,proof_byte,1066944,xor01_from101,VERIFY_PANIC
t1-0,proof_byte,1067008,xor01_from63,VERIFY_PANIC
t1-0,proof_byte,1067072,xor01_from88,VERIFY_PANIC
t1-0,proof_byte,1067136,xor01_from155,VERIFY_PANIC
t1-0,proof_byte,1067200,xor01_from135,VERIFY_PANIC
t1-0,proof_byte,1067264,xor01_from115,VERIFY_PANIC
t1-0,proof_byte,1067328,xor01_from207,VERIFY_PANIC
t1-0,proof_byte,1067392,xor01_from118,VERIFY_PANIC
t1-0,proof_byte,1067456,xor01_from163,VERIFY_PANIC
t1-0,proof_byte,1067520,xor01_from97,VERIFY_PANIC
t1-0,proof_byte,1067584,xor01_from162,VERIFY_PANIC
t1-0,proof_byte,1067648,xor01_from64,VERIFY_PANIC
t1-0,proof_byte,1067712,xor01_from110,VERIFY_PANIC
t1-0,proof_byte,1067776,xor01_from101,VERIFY_PANIC
t1-0,proof_byte,1067840,xor01_from241,VERIFY_PANIC
t1-0,proof_byte,1067904,xor01_from25,VERIFY_PANIC
t1-0,proof_byte,1067968,xor01_from34,VERIFY_PANIC
t1-0,proof_byte,1068032,xor01_from59,VERIFY_PANIC
t1-0,proof_byte,1068096,xor01_from82,VERIFY_PANIC
t1-0,proof_byte,1068160,xor01_from233,VERIFY_PANIC
t1-0,proof_byte,1068224,xor01_from213,VERIFY_PANIC
t1-0,proof_byte,1068288,xor01_from81,VERIFY_PANIC
t1-0,proof_byte,1068352,xor01_from231,VERIFY_PANIC
t1-0,proof_byte,1068416,xor01_from25,VERIFY_PANIC
t1-0,proof_byte,1068480,xor01_from172,VERIFY_PANIC
t1-0,proof_byte,1068544,xor01_from217,VERIFY_PANIC
t1-0,proof_byte,1068608,xor01_from104,VERIFY_PANIC
t1-0,proof_byte,1068672,xor01_from130,VERIFY_PANIC
t1-0,proof_byte,1068736,xor01_from9,VERIFY_PANIC
t1-0,proof_byte,1068800,xor01_from219,VERIFY_PANIC
t1-0,proof_byte,1068864,xor01_from113,VERIFY_PANIC
t1-0,proof_byte,1068928,xor01_from52,VERIFY_PANIC
t1-0,proof_byte,1068992,xor01_from173,VERIFY_PANIC
t1-0,proof_byte,1069056,xor01_from110,VERIFY_PANIC
t1-0,proof_byte,1069120,xor01_from146,VERIFY_PANIC
t1-0,proof_byte,1069184,xor01_from78,VERIFY_PANIC
t1-0,proof_byte,1069248,xor01_from105,VERIFY_PANIC
t1-0,proof_byte,1069312,xor01_from138,VERIFY_PANIC
t1-0,proof_byte,1069376,xor01_from20,VERIFY_PANIC
t1-0,proof_byte,1069440,xor01_from248,VERIFY_PANIC
t1-0,proof_byte,1069504,xor01_from118,VERIFY_PANIC
t1-0,proof_byte,1069568,xor01_from194,VERIFY_PANIC
t1-0,proof_byte,1069632,xor01_from145,VERIFY_PANIC
t1-0,proof_byte,1069696,xor01_from177,VERIFY_PANIC
t1-0,proof_byte,1069760,xor01_from190,VERIFY_PANIC
t1-0,proof_byte,1069824,xor01_from12,VERIFY_PANIC
t1-0,proof_byte,1069888,xor01_from54,VERIFY_PANIC
t1-0,proof_byte,1069952,xor01_from109,VERIFY_PANIC
t1-0,proof_byte,1070016,xor01_from218,VERIFY_PANIC
t1-0,proof_byte,1070080,xor01_from149,VERIFY_PANIC
t1-0,proof_byte,1070144,xor01_from22,VERIFY_PANIC
t1-0,proof_byte,1070208,xor01_from251,VERIFY_PANIC
t1-0,proof_byte,1070272,xor01_from77,VERIFY_PANIC
t1-0,proof_byte,1070336,xor01_from148,VERIFY_PANIC
t1-0,proof_byte,1070400,xor01_from158,VERIFY_PANIC
t1-0,proof_byte,1070464,xor01_from225,VERIFY_PANIC
t1-0,proof_byte,1070528,xor01_from24,VERIFY_PANIC
t1-0,proof_byte,1070592,xor01_from144,VERIFY_PANIC
t1-0,proof_byte,1070656,xor01_from12,VERIFY_PANIC
t1-0,proof_byte,1070720,xor01_from209,VERIFY_PANIC
t1-0,proof_byte,1070784,xor01_from8,VERIFY_PANIC
t1-0,proof_byte,1070848,xor01_from0,DESERIALIZE_REJECTED
t1-0,proof_byte,1070912,xor01_from74,VERIFY_PANIC
t1-0,proof_byte,1070976,xor01_from71,VERIFY_PANIC
t1-0,proof_byte,1071040,xor01_from100,VERIFY_PANIC
t1-0,proof_byte,1071104,xor01_from88,VERIFY_PANIC
t1-0,proof_byte,1071168,xor01_from253,VERIFY_PANIC
t1-0,proof_byte,1071232,xor01_from216,VERIFY_PANIC
t1-0,proof_byte,1071296,xor01_from28,VERIFY_PANIC
t1-0,proof_byte,1071360,xor01_from44,VERIFY_PANIC
t1-0,proof_byte,1071424,xor01_from91,VERIFY_PANIC
t1-0,proof_byte,1071488,xor01_from68,VERIFY_PANIC
t1-0,proof_byte,1071552,xor01_from169,VERIFY_PANIC
t1-0,proof_byte,1071616,xor01_from97,VERIFY_PANIC
t1-0,proof_byte,1071680,xor01_from255,VERIFY_PANIC
t1-0,proof_byte,1071744,xor01_from135,VERIFY_PANIC
t1-0,proof_byte,1071808,xor01_from79,VERIFY_PANIC
t1-0,proof_byte,1071872,xor01_from151,VERIFY_PANIC
t1-0,proof_byte,1071936,xor01_from129,VERIFY_PANIC
t1-0,proof_byte,1072000,xor01_from78,VERIFY_PANIC
t1-0,proof_byte,1072064,xor01_from17,VERIFY_PANIC
t1-0,proof_byte,1072128,xor01_from162,VERIFY_PANIC
t1-0,proof_byte,1072192,xor01_from123,VERIFY_PANIC
t1-0,proof_byte,1072256,xor01_from18,VERIFY_PANIC
t1-0,proof_byte,1072320,xor01_from118,VERIFY_PANIC
t1-0,proof_byte,1072384,xor01_from198,VERIFY_PANIC
t1-0,proof_byte,1072448,xor01_from165,VERIFY_PANIC
t1-0,proof_byte,1072512,xor01_from237,VERIFY_PANIC
t1-0,proof_byte,1072576,xor01_from86,VERIFY_PANIC
t1-0,proof_byte,1072640,xor01_from17,VERIFY_PANIC
t1-0,proof_byte,1072704,xor01_from158,VERIFY_PANIC
t1-0,proof_byte,1072768,xor01_from155,VERIFY_PANIC
t1-0,proof_byte,1072832,xor01_from203,VERIFY_PANIC
t1-0,proof_byte,1072896,xor01_from209,VERIFY_PANIC
t1-0,proof_byte,1072960,xor01_from0,DESERIALIZE_REJECTED
t1-0,proof_byte,1073024,xor01_from44,VERIFY_PANIC
t1-0,proof_byte,1073088,xor01_from194,VERIFY_PANIC
t1-0,proof_byte,1073152,xor01_from144,VERIFY_PANIC
t1-0,proof_byte,1073216,xor01_from0,DESERIALIZE_REJECTED
t1-0,proof_byte,1073280,xor01_from56,VERIFY_PANIC
t1-0,proof_byte,1073344,xor01_from0,DESERIALIZE_REJECTED
t1-0,proof_byte,1073408,xor01_from212,VERIFY_PANIC
t1-0,proof_byte,1073472,xor01_from111,VERIFY_PANIC
t1-0,proof_byte,1073536,xor01_from223,VERIFY_PANIC
t1-0,proof_byte,1073600,xor01_from11,VERIFY_PANIC
t1-0,proof_byte,1073664,xor01_from12,VERIFY_PANIC
t1-0,proof_byte,1073728,xor01_from165,VERIFY_PANIC
t1-0,proof_byte,1073792,xor01_from106,VERIFY_PANIC
t1-0,proof_byte,1073856,xor01_from131,VERIFY_PANIC
t1-0,proof_byte,1073920,xor01_from200,VERIFY_PANIC
t1-0,proof_byte,1073984,xor01_from89,VERIFY_PANIC
t1-0,proof_byte,1074048,xor01_from151,VERIFY_PANIC
t1-0,proof_byte,1074112,xor01_from0,DESERIALIZE_REJECTED
t1-0,proof_byte,1074176,xor01_from7,VERIFY_PANIC
t1-0,proof_byte,1074240,xor01_from85,VERIFY_PANIC
t1-0,proof_byte,1074304,xor01_from6,VERIFY_PANIC
t1-0,proof_byte,1074368,xor01_from35,VERIFY_PANIC
t1-0,proof_byte,1074432,xor01_from254,VERIFY_PANIC
t1-0,proof_byte,1074496,xor01_from147,VERIFY_PANIC
t1-0,proof_byte,1074560,xor01_from61,VERIFY_PANIC
t1-0,proof_byte,1074624,xor01_from189,VERIFY_PANIC
t1-0,proof_byte,1074688,xor01_from19,DESERIALIZE_REJECTED
t1-0,proof_byte,1074752,xor01_from161,VERIFY_PANIC
t1-0,proof_byte,1074816,xor01_from28,VERIFY_PANIC
t1-0,proof_byte,1074880,xor01_from250,VERIFY_PANIC
t1-0,proof_byte,1074944,xor01_from101,VERIFY_PANIC
t1-0,proof_byte,1075008,xor01_from91,VERIFY_PANIC
t1-0,proof_byte,1075072,xor01_from243,VERIFY_PANIC
t1-0,proof_byte,1075136,xor01_from96,VERIFY_PANIC
t1-0,proof_byte,1075200,xor01_from140,VERIFY_PANIC
t1-0,proof_byte,1075264,xor01_from54,VERIFY_PANIC
t1-0,proof_byte,1075328,xor01_from144,VERIFY_PANIC
t1-0,proof_byte,1075392,xor01_from127,VERIFY_PANIC
t1-0,proof_byte,1075456,xor01_from194,VERIFY_PANIC
t1-0,proof_byte,1075520,xor01_from104,VERIFY_PANIC
t1-0,proof_byte,1075584,xor01_from27,VERIFY_PANIC
t1-0,proof_byte,1075648,xor01_from175,VERIFY_PANIC
t1-0,proof_byte,1075712,xor01_from20,VERIFY_PANIC
t1-0,proof_byte,1075776,xor01_from239,VERIFY_PANIC
t1-0,proof_byte,1075840,xor01_from111,VERIFY_PANIC
t1-0,proof_byte,1075904,xor01_from118,VERIFY_PANIC
t1-0,proof_byte,1075968,xor01_from76,VERIFY_PANIC
t1-0,proof_byte,1076032,xor01_from233,VERIFY_PANIC
t1-0,proof_byte,1076096,xor01_from78,VERIFY_PANIC
t1-0,proof_byte,1076160,xor01_from218,VERIFY_PANIC
t1-0,proof_byte,1076224,xor01_from18,VERIFY_PANIC
t1-0,proof_byte,1076288,xor01_from228,VERIFY_PANIC
t1-0,proof_byte,1076352,xor01_from89,VERIFY_PANIC
t1-0,proof_byte,1076416,xor01_from171,VERIFY_PANIC
t1-0,proof_byte,1076480,xor01_from77,VERIFY_PANIC
t1-0,proof_byte,1076544,xor01_from224,VERIFY_PANIC
t1-0,proof_byte,1076608,xor01_from213,VERIFY_PANIC
t1-0,proof_byte,1076672,xor01_from38,VERIFY_PANIC
t1-0,proof_byte,1076736,xor01_from190,VERIFY_PANIC
t1-0,proof_byte,1076800,xor01_from144,VERIFY_PANIC
t1-0,proof_byte,1076864,xor01_from39,VERIFY_PANIC
t1-0,proof_byte,1076928,xor01_from110,VERIFY_PANIC
t1-0,proof_byte,1076992,xor01_from32,VERIFY_PANIC
t1-0,proof_byte,1077056,xor01_from16,VERIFY_PANIC
t1-0,proof_byte,1077120,xor01_from132,VERIFY_PANIC
t1-0,proof_byte,1077184,xor01_from202,VERIFY_PANIC
t1-0,proof_byte,1077248,xor01_from149,VERIFY_PANIC
t1-0,proof_byte,1077312,xor01_from2,VERIFY_PANIC
t1-0,proof_byte,1077376,xor01_from86,VERIFY_PANIC
t1-0,proof_byte,1077440,xor01_from215,VERIFY_PANIC
t1-0,proof_byte,1077504,xor01_from85,VERIFY_PANIC
t1-0,proof_byte,1077568,xor01_from67,VERIFY_PANIC
t1-0,proof_byte,1077632,xor01_from238,VERIFY_PANIC
t1-0,proof_byte,1077696,xor01_from242,VERIFY_PANIC
t1-0,proof_byte,1077760,xor01_from157,VERIFY_PANIC
t1-0,proof_byte,1077824,xor01_from48,VERIFY_PANIC
t1-0,proof_byte,1077888,xor01_from215,VERIFY_PANIC
t1-0,proof_byte,1077952,xor01_from228,VERIFY_PANIC
t1-0,proof_byte,1078016,xor01_from161,VERIFY_PANIC
t1-0,proof_byte,1078080,xor01_from123,VERIFY_PANIC
t1-0,proof_byte,1078144,xor01_from178,VERIFY_PANIC
t1-0,proof_byte,1078208,xor01_from100,VERIFY_PANIC
t1-0,proof_byte,1078272,xor01_from90,VERIFY_PANIC
t1-0,proof_byte,1078336,xor01_from128,VERIFY_PANIC
t1-0,proof_byte,1078400,xor01_from161,VERIFY_PANIC
t1-0,proof_byte,1078464,xor01_from12,DESERIALIZE_REJECTED
t1-0,proof_byte,1078528,xor01_from202,VERIFY_PANIC
t1-0,proof_byte,1078592,xor01_from44,VERIFY_PANIC
t1-0,proof_byte,1078656,xor01_from156,VERIFY_PANIC
t1-0,proof_byte,1078720,xor01_from211,VERIFY_PANIC
t1-0,proof_byte,1078784,xor01_from223,VERIFY_PANIC
t1-0,proof_byte,1078848,xor01_from10,VERIFY_PANIC
t1-0,proof_byte,1078912,xor01_from40,VERIFY_PANIC
t1-0,proof_byte,1078976,xor01_from103,VERIFY_PANIC
t1-0,proof_byte,1079040,xor01_from94,VERIFY_PANIC
t1-0,proof_byte,1079104,xor01_from119,VERIFY_PANIC
t1-0,proof_byte,1079168,xor01_from151,VERIFY_PANIC
t1-0,proof_byte,1079232,xor01_from89,VERIFY_PANIC
t1-0,proof_byte,1079296,xor01_from205,VERIFY_PANIC
t1-0,proof_byte,1079360,xor01_from112,VERIFY_PANIC
t1-0,proof_byte,1079424,xor01_from225,VERIFY_PANIC
t1-0,proof_byte,1079488,xor01_from71,VERIFY_PANIC
t1-0,proof_byte,1079552,xor01_from46,VERIFY_PANIC
t1-0,proof_byte,1079616,xor01_from108,VERIFY_PANIC
t1-0,proof_byte,1079680,xor01_from254,VERIFY_PANIC
t1-0,proof_byte,1079744,xor01_from66,VERIFY_PANIC
t1-0,proof_byte,1079808,xor01_from237,VERIFY_PANIC
t1-0,proof_byte,1079872,xor01_from179,VERIFY_PANIC
t1-0,proof_byte,1079936,xor01_from171,VERIFY_PANIC
t1-0,proof_byte,1080000,xor01_from64,VERIFY_PANIC
t1-0,proof_byte,1080064,xor01_from205,VERIFY_PANIC
t1-0,proof_byte,1080128,xor01_from13,VERIFY_PANIC
t1-0,proof_byte,1080192,xor01_from213,VERIFY_PANIC
t1-0,proof_byte,1080256,xor01_from162,VERIFY_PANIC
t1-0,proof_byte,1080320,xor01_from213,VERIFY_PANIC
t1-0,proof_byte,1080384,xor01_from108,VERIFY_PANIC
t1-0,proof_byte,1080448,xor01_from197,VERIFY_PANIC
t1-0,proof_byte,1080512,xor01_from120,VERIFY_PANIC
t1-0,proof_byte,1080576,xor01_from149,VERIFY_PANIC
t1-0,proof_byte,1080640,xor01_from77,VERIFY_PANIC
t1-0,proof_byte,1080704,xor01_from132,VERIFY_PANIC
t1-0,proof_byte,1080768,xor01_from188,VERIFY_PANIC
t1-0,proof_byte,1080832,xor01_from4,DESERIALIZE_REJECTED
t1-0,proof_byte,1080896,xor01_from200,VERIFY_PANIC
t1-0,proof_byte,1080960,xor01_from27,VERIFY_PANIC
t1-0,proof_byte,1081024,xor01_from129,VERIFY_PANIC
t1-0,proof_byte,1081088,xor01_from183,VERIFY_PANIC
t1-0,proof_byte,1081152,xor01_from110,VERIFY_PANIC
t1-0,proof_byte,1081216,xor01_from10,VERIFY_PANIC
t1-0,proof_byte,1081280,xor01_from54,VERIFY_PANIC
t1-0,proof_byte,1081344,xor01_from127,VERIFY_PANIC
t1-0,proof_byte,1081408,xor01_from6,DESERIALIZE_REJECTED
t1-0,proof_byte,1081472,xor01_from31,VERIFY_PANIC
t1-0,proof_byte,1081536,xor01_from89,VERIFY_PANIC
t1-0,proof_byte,1081600,xor01_from119,VERIFY_PANIC
t1-0,proof_byte,1081664,xor01_from148,VERIFY_PANIC
t1-0,proof_byte,1081728,xor01_from184,VERIFY_PANIC
t1-0,proof_byte,1081792,xor01_from86,VERIFY_PANIC
t1-0,proof_byte,1081856,xor01_from237,VERIFY_PANIC
t1-0,proof_byte,1081920,xor01_from162,VERIFY_PANIC
t1-0,proof_byte,1081984,xor01_from23,VERIFY_PANIC
t1-0,proof_byte,1082048,xor01_from84,VERIFY_PANIC
t1-0,proof_byte,1082112,xor01_from55,VERIFY_PANIC
t1-0,proof_byte,1082176,xor01_from11,VERIFY_PANIC
t1-0,proof_byte,1082240,xor01_from12,VERIFY_PANIC
t1-0,proof_byte,1082304,xor01_from230,VERIFY_PANIC
t1-0,proof_byte,1082368,xor01_from10,VERIFY_PANIC
t1-0,proof_byte,1082432,xor01_from138,VERIFY_PANIC
t1-0,proof_byte,1082496,xor01_from208,VERIFY_PANIC
t1-0,proof_byte,1082560,xor01_from169,VERIFY_PANIC
t1-0,proof_byte,1082624,xor01_from101,VERIFY_PANIC
t1-0,proof_byte,1082688,xor01_from229,VERIFY_PANIC
t1-0,proof_byte,1082752,xor01_from62,VERIFY_PANIC
t1-0,proof_byte,1082816,xor01_from186,VERIFY_PANIC
t1-0,proof_byte,1082880,xor01_from156,VERIFY_PANIC
t1-0,proof_byte,1082944,xor01_from186,VERIFY_PANIC
t1-0,proof_byte,1083008,xor01_from198,VERIFY_PANIC
t1-0,proof_byte,1083072,xor01_from28,VERIFY_PANIC
t1-0,proof_byte,1083136,xor01_from132,VERIFY_PANIC
t1-0,proof_byte,1083200,xor01_from150,VERIFY_PANIC
t1-0,proof_byte,1083264,xor01_from29,VERIFY_PANIC
t1-0,proof_byte,1083328,xor01_from198,VERIFY_PANIC
t1-0,proof_byte,1083392,xor01_from205,VERIFY_PANIC
t1-0,proof_byte,1083456,xor01_from16,VERIFY_PANIC
t1-0,proof_byte,1083520,xor01_from194,VERIFY_PANIC
t1-0,proof_byte,1083584,xor01_from68,VERIFY_PANIC
t1-0,proof_byte,1083648,xor01_from137,VERIFY_PANIC
t1-0,proof_byte,1083712,xor01_from33,VERIFY_PANIC
t1-0,proof_byte,1083776,xor01_from159,VERIFY_PANIC
t1-0,proof_byte,1083840,xor01_from121,VERIFY_PANIC
t1-0,proof_byte,1083904,xor01_from181,VERIFY_PANIC
t1-0,proof_byte,1083968,xor01_from125,VERIFY_PANIC
t1-0,proof_byte,1084032,xor01_from143,VERIFY_PANIC
t1-0,proof_byte,1084096,xor01_from95,VERIFY_PANIC
t1-0,proof_byte,1084160,xor01_from154,VERIFY_PANIC
t1-0,proof_byte,1084224,xor01_from72,VERIFY_PANIC
t1-0,proof_byte,1084288,xor01_from229,VERIFY_PANIC
t1-0,proof_byte,1084352,xor01_from163,VERIFY_PANIC
t1-0,proof_byte,1084416,xor01_from200,VERIFY_PANIC
t1-0,proof_byte,1084480,xor01_from134,VERIFY_PANIC
t1-0,proof_byte,1084544,xor01_from0,DESERIALIZE_REJECTED
t1-0,proof_byte,1084608,xor01_from209,VERIFY_PANIC
t1-0,proof_byte,1084672,xor01_from78,VERIFY_PANIC
t1-0,proof_byte,1084736,xor01_from125,VERIFY_PANIC
t1-0,proof_byte,1084800,xor01_from97,VERIFY_PANIC
t1-0,proof_byte,1084864,xor01_from237,VERIFY_PANIC
t1-0,proof_byte,1084928,xor01_from119,VERIFY_PANIC
t1-0,proof_byte,1084992,xor01_from148,VERIFY_PANIC
t1-0,proof_byte,1085056,xor01_from110,VERIFY_PANIC
t1-0,proof_byte,1085120,xor01_from14,VERIFY_PANIC
t1-0,proof_byte,1085184,xor01_from154,VERIFY_PANIC
t1-0,proof_byte,1085248,xor01_from164,VERIFY_PANIC
t1-0,proof_byte,1085312,xor01_from3,VERIFY_PANIC
t1-0,proof_byte,1085376,xor01_from48,VERIFY_PANIC
t1-0,proof_byte,1085440,xor01_from248,VERIFY_PANIC
t1-0,proof_byte,1085504,xor01_from177,VERIFY_PANIC
t1-0,proof_byte,1085568,xor01_from193,VERIFY_PANIC
t1-0,proof_byte,1085632,xor01_from124,VERIFY_PANIC
t1-0,proof_byte,1085696,xor01_from59,VERIFY_PANIC
t1-0,proof_byte,1085760,xor01_from108,VERIFY_PANIC
t1-0,proof_byte,1085824,xor01_from27,VERIFY_PANIC
t1-0,proof_byte,1085888,xor01_from178,VERIFY_PANIC
t1-0,proof_byte,1085952,xor01_from125,VERIFY_PANIC
t1-0,proof_byte,1086016,xor01_from97,VERIFY_PANIC
t1-0,proof_byte,1086080,xor01_from210,VERIFY_PANIC
t1-0,proof_byte,1086144,xor01_from16,VERIFY_PANIC
t1-0,proof_byte,1086208,xor01_from124,VERIFY_PANIC
t1-0,proof_byte,1086272,xor01_from25,VERIFY_PANIC
t1-0,proof_byte,1086336,xor01_from30,VERIFY_PANIC
t1-0,proof_byte,1086400,xor01_from18,VERIFY_PANIC
t1-0,proof_byte,1086464,xor01_from125,VERIFY_PANIC
t1-0,proof_byte,1086528,xor01_from18,VERIFY_PANIC
t1-0,proof_byte,1086592,xor01_from168,VERIFY_PANIC
t1-0,proof_byte,1086656,xor01_from235,VERIFY_PANIC
t1-0,proof_byte,1086720,xor01_from217,VERIFY_PANIC
t1-0,proof_byte,1086784,xor01_from178,VERIFY_PANIC
t1-0,proof_byte,1086848,xor01_from97,VERIFY_PANIC
t1-0,proof_byte,1086912,xor01_from150,VERIFY_PANIC
t1-0,proof_byte,1086976,xor01_from32,VERIFY_PANIC
t1-0,proof_byte,1087040,xor01_from42,VERIFY_PANIC
t1-0,proof_byte,1087104,xor01_from108,VERIFY_PANIC
t1-0,proof_byte,1087168,xor01_from116,VERIFY_PANIC
t1-0,proof_byte,1087232,xor01_from80,VERIFY_PANIC
t1-0,proof_byte,1087296,xor01_from31,VERIFY_PANIC
t1-0,proof_byte,1087360,xor01_from203,VERIFY_PANIC
t1-0,proof_byte,1087424,xor01_from156,VERIFY_PANIC
t1-0,proof_byte,1087488,xor01_from144,VERIFY_PANIC
t1-0,proof_byte,1087552,xor01_from228,VERIFY_PANIC
t1-0,proof_byte,1087616,xor01_from30,VERIFY_PANIC
t1-0,proof_byte,1087680,xor01_from157,VERIFY_PANIC
t1-0,proof_byte,1087744,xor01_from234,VERIFY_PANIC
t1-0,proof_byte,1087808,xor01_from53,VERIFY_PANIC
t1-0,proof_byte,1087872,xor01_from217,VERIFY_PANIC
t1-0,proof_byte,1087936,xor01_from0,DESERIALIZE_REJECTED
t1-0,proof_byte,1088000,xor01_from200,VERIFY_PANIC
t1-0,proof_byte,1088064,xor01_from112,VERIFY_PANIC
t1-0,proof_byte,1088128,xor01_from48,VERIFY_PANIC
t1-0,proof_byte,1088192,xor01_from222,VERIFY_PANIC
t1-0,proof_byte,1088256,xor01_from88,VERIFY_PANIC
t1-0,proof_byte,1088320,xor01_from131,VERIFY_PANIC
t1-0,proof_byte,1088384,xor01_from92,VERIFY_PANIC
t1-0,proof_byte,1088448,xor01_from65,VERIFY_PANIC
t1-0,proof_byte,1088512,xor01_from204,VERIFY_PANIC
t1-0,proof_byte,1088576,xor01_from193,VERIFY_PANIC
t1-0,proof_byte,1088640,xor01_from228,VERIFY_PANIC
t1-0,proof_byte,1088704,xor01_from8,VERIFY_PANIC
t1-0,proof_byte,1088768,xor01_from8,VERIFY_PANIC
t1-0,proof_byte,1088832,xor01_from159,VERIFY_PANIC
t1-0,proof_byte,1088896,xor01_from150,VERIFY_PANIC
t1-0,proof_byte,1088960,xor01_from164,VERIFY_PANIC
t1-0,proof_byte,1089024,xor01_from194,VERIFY_PANIC
t1-0,proof_byte,1089088,xor01_from92,VERIFY_PANIC
t1-0,proof_byte,1089152,xor01_from29,VERIFY_PANIC
t1-0,proof_byte,1089216,xor01_from45,VERIFY_PANIC
t1-0,proof_byte,1089280,xor01_from0,DESERIALIZE_REJECTED
t1-0,proof_byte,1089344,xor01_from101,VERIFY_PANIC
t1-0,proof_byte,1089408,xor01_from249,VERIFY_PANIC
t1-0,proof_byte,1089472,xor01_from0,DESERIALIZE_REJECTED
t1-0,proof_byte,1089536,xor01_from47,VERIFY_PANIC
t1-0,proof_byte,1089600,xor01_from86,VERIFY_PANIC
t1-0,proof_byte,1089664,xor01_from169,VERIFY_PANIC
t1-0,proof_byte,1089728,xor01_from81,VERIFY_PANIC
t1-0,proof_byte,1089792,xor01_from103,VERIFY_PANIC
t1-0,proof_byte,1089856,xor01_from44,VERIFY_PANIC
t1-0,proof_byte,1089920,xor01_from162,VERIFY_PANIC
t1-0,proof_byte,1089984,xor01_from157,VERIFY_PANIC
t1-0,proof_byte,1090048,xor01_from183,VERIFY_PANIC
t1-0,proof_byte,1090112,xor01_from179,VERIFY_PANIC
t1-0,proof_byte,1090176,xor01_from17,VERIFY_PANIC
t1-0,proof_byte,1090240,xor01_from180,VERIFY_PANIC
t1-0,proof_byte,1090304,xor01_from29,VERIFY_PANIC
t1-0,proof_byte,1090368,xor01_from192,VERIFY_PANIC
t1-0,proof_byte,1090432,xor01_from102,VERIFY_PANIC
t1-0,proof_byte,1090496,xor01_from1,VERIFY_PANIC
t1-0,proof_byte,1090560,xor01_from36,VERIFY_PANIC
t1-0,proof_byte,1090624,xor01_from227,VERIFY_PANIC
t1-0,proof_byte,1090688,xor01_from192,VERIFY_PANIC
t1-0,proof_byte,1090752,xor01_from33,VERIFY_PANIC
t1-0,proof_byte,1090816,xor01_from21,VERIFY_PANIC
t1-0,proof_byte,1090880,xor01_from248,VERIFY_PANIC
t1-0,proof_byte,1090944,xor01_from76,VERIFY_PANIC
t1-0,proof_byte,1091008,xor01_from57,VERIFY_PANIC
t1-0,proof_byte,1091072,xor01_from173,VERIFY_PANIC
t1-0,proof_byte,1091136,xor01_from252,VERIFY_PANIC
t1-0,proof_byte,1091200,xor01_from166,VERIFY_PANIC
t1-0,proof_byte,1091264,xor01_from106,VERIFY_PANIC
t1-0,proof_byte,1091328,xor01_from23,VERIFY_PANIC
t1-0,proof_byte,1091392,xor01_from236,VERIFY_PANIC
t1-0,proof_byte,1091456,xor01_from116,VERIFY_PANIC
t1-0,proof_byte,1091520,xor01_from165,VERIFY_PANIC
t1-0,proof_byte,1091584,xor01_from59,VERIFY_PANIC
t1-0,proof_byte,1091648,xor01_from164,VERIFY_PANIC
t1-0,proof_byte,1091712,xor01_from244,VERIFY_PANIC
t1-0,proof_byte,1091776,xor01_from93,VERIFY_PANIC
t1-0,proof_byte,1091840,xor01_from214,VERIFY_PANIC
t1-0,proof_byte,1091904,xor01_from76,VERIFY_PANIC
t1-0,proof_byte,1091968,xor01_from16,VERIFY_PANIC
t1-0,proof_byte,1092032,xor01_from83,VERIFY_PANIC
t1-0,proof_byte,1092096,xor01_from144,VERIFY_PANIC
t1-0,proof_byte,1092160,xor01_from213,VERIFY_PANIC
t1-0,proof_byte,1092224,xor01_from39,VERIFY_PANIC
t1-0,proof_byte,1092288,xor01_from63,VERIFY_PANIC
t1-0,proof_byte,1092352,xor01_from39,VERIFY_PANIC
t1-0,proof_byte,1092416,xor01_from68,VERIFY_PANIC
t1-0,proof_byte,1092480,xor01_from79,VERIFY_PANIC
t1-0,proof_byte,1092544,xor01_from144,VERIFY_PANIC
t1-0,proof_byte,1092608,xor01_from23,VERIFY_PANIC
t1-0,proof_byte,1092672,xor01_from230,VERIFY_PANIC
t1-0,proof_byte,1092736,xor01_from22,VERIFY_PANIC
t1-0,proof_byte,1092800,xor01_from82,VERIFY_PANIC
t1-0,proof_byte,1092864,xor01_from1,VERIFY_PANIC
t1-0,proof_byte,1092928,xor01_from180,VERIFY_PANIC
t1-0,proof_byte,1092992,xor01_from85,VERIFY_PANIC
t1-0,proof_byte,1093056,xor01_from113,VERIFY_PANIC
t1-0,proof_byte,1093120,xor01_from217,VERIFY_PANIC
t1-0,proof_byte,1093184,xor01_from97,VERIFY_PANIC
t1-0,proof_byte,1093248,xor01_from250,VERIFY_PANIC
t1-0,proof_byte,1093312,xor01_from206,VERIFY_PANIC
t1-0,proof_byte,1093376,xor01_from152,VERIFY_PANIC
t1-0,proof_byte,1093440,xor01_from93,VERIFY_PANIC
t1-0,proof_byte,1093504,xor01_from157,VERIFY_PANIC
t1-0,proof_byte,1093568,xor01_from54,VERIFY_PANIC
t1-0,proof_byte,1093632,xor01_from11,VERIFY_PANIC
t1-0,proof_byte,1093696,xor01_from160,VERIFY_PANIC
t1-0,proof_byte,1093760,xor01_from221,VERIFY_PANIC
t1-0,proof_byte,1093824,xor01_from220,VERIFY_PANIC
t1-0,proof_byte,1093888,xor01_from173,VERIFY_PANIC
t1-0,proof_byte,1093952,xor01_from19,VERIFY_PANIC
t1-0,proof_byte,1094016,xor01_from162,VERIFY_PANIC
t1-0,proof_byte,1094080,xor01_from13,DESERIALIZE_REJECTED
t1-0,proof_byte,1094144,xor01_from113,VERIFY_PANIC
t1-0,proof_byte,1094208,xor01_from130,VERIFY_PANIC
t1-0,proof_byte,1094272,xor01_from121,VERIFY_PANIC
t1-0,proof_byte,1094336,xor01_from248,VERIFY_PANIC
t1-0,proof_byte,1094400,xor01_from82,VERIFY_PANIC
t1-0,proof_byte,1094464,xor01_from32,VERIFY_PANIC
t1-0,proof_byte,1094528,xor01_from152,VERIFY_PANIC
t1-0,proof_byte,1094592,xor01_from178,VERIFY_PANIC
t1-0,proof_byte,1094656,xor01_from250,VERIFY_PANIC
t1-0,proof_byte,1094720,xor01_from109,VERIFY_PANIC
t1-0,proof_byte,1094784,xor01_from146,VERIFY_PANIC
t1-0,proof_byte,1094848,xor01_from62,VERIFY_PANIC
t1-0,proof_byte,1094912,xor01_from90,VERIFY_PANIC
t1-0,proof_byte,1094976,xor01_from38,VERIFY_PANIC
t1-0,proof_byte,1095040,xor01_from118,VERIFY_PANIC
t1-0,proof_byte,1095104,xor01_from178,VERIFY_PANIC
t1-0,proof_byte,1095168,xor01_from66,VERIFY_PANIC
t1-0,proof_byte,1095232,xor01_from196,VERIFY_PANIC
t1-0,proof_byte,1095296,xor01_from46,VERIFY_PANIC
t1-0,proof_byte,1095360,xor01_from217,VERIFY_PANIC
t1-0,proof_byte,1095424,xor01_from2,VERIFY_PANIC
t1-0,proof_byte,1095488,xor01_from44,VERIFY_PANIC
t1-0,proof_byte,1095552,xor01_from178,VERIFY_PANIC
t1-0,proof_byte,1095616,xor01_from253,VERIFY_PANIC
t1-0,proof_byte,1095680,xor01_from15,VERIFY_PANIC
t1-0,proof_byte,1095744,xor01_from38,VERIFY_PANIC
t1-0,proof_byte,1095808,xor01_from99,VERIFY_PANIC
t1-0,proof_byte,1095872,xor01_from164,VERIFY_PANIC
t1-0,proof_byte,1095936,xor01_from210,VERIFY_PANIC
t1-0,proof_byte,1096000,xor01_from234,VERIFY_PANIC
t1-0,proof_byte,1096064,xor01_from173,VERIFY_PANIC
t1-0,proof_byte,1096128,xor01_from243,VERIFY_PANIC
t1-0,proof_byte,1096192,xor01_from248,VERIFY_PANIC
t1-0,proof_byte,1096256,xor01_from108,VERIFY_PANIC
t1-0,proof_byte,1096320,xor01_from95,VERIFY_PANIC
t1-0,proof_byte,1096384,xor01_from176,VERIFY_PANIC
t1-0,proof_byte,1096448,xor01_from124,VERIFY_PANIC
t1-0,proof_byte,1096512,xor01_from88,VERIFY_PANIC
t1-0,proof_byte,1096576,xor01_from10,VERIFY_PANIC
t1-0,proof_byte,1096640,xor01_from107,VERIFY_PANIC
t1-0,proof_byte,1096704,xor01_from5,DESERIALIZE_REJECTED
t1-0,proof_byte,1096768,xor01_from230,VERIFY_PANIC
t1-0,proof_byte,1096832,xor01_from234,VERIFY_PANIC
t1-0,proof_byte,1096896,xor01_from210,VERIFY_PANIC
t1-0,proof_byte,1096960,xor01_from84,VERIFY_PANIC
t1-0,proof_byte,1097024,xor01_from193,VERIFY_PANIC
t1-0,proof_byte,1097088,xor01_from205,VERIFY_PANIC
t1-0,proof_byte,1097152,xor01_from149,VERIFY_PANIC
t1-0,proof_byte,1097216,xor01_from39,VERIFY_PANIC
t1-0,proof_byte,1097280,xor01_from229,VERIFY_PANIC
t1-0,proof_byte,1097344,xor01_from8,DESERIALIZE_REJECTED
t1-0,proof_byte,1097408,xor01_from65,VERIFY_PANIC
t1-0,proof_byte,1097472,xor01_from242,VERIFY_PANIC
t1-0,proof_byte,1097536,xor01_from159,VERIFY_PANIC
t1-0,proof_byte,1097600,xor01_from242,VERIFY_PANIC
t1-0,proof_byte,1097664,xor01_from221,VERIFY_PANIC
t1-0,proof_byte,1097728,xor01_from187,VERIFY_PANIC
t1-0,proof_byte,1097792,xor01_from23,VERIFY_PANIC
t1-0,proof_byte,1097856,xor01_from183,VERIFY_PANIC
t1-0,proof_byte,1097920,xor01_from243,VERIFY_PANIC
t1-0,proof_byte,1097984,xor01_from59,VERIFY_PANIC
t1-0,proof_byte,1098048,xor01_from149,VERIFY_PANIC
t1-0,proof_byte,1098112,xor01_from241,VERIFY_PANIC
t1-0,proof_byte,1098176,xor01_from141,VERIFY_PANIC
t1-0,proof_byte,1098240,xor01_from44,VERIFY_PANIC
t1-0,proof_byte,1098304,xor01_from150,VERIFY_PANIC
t1-0,proof_byte,1098368,xor01_from213,VERIFY_PANIC
t1-0,proof_byte,1098432,xor01_from224,VERIFY_PANIC
t1-0,proof_byte,1098496,xor01_from19,VERIFY_PANIC
t1-0,proof_byte,1098560,xor01_from111,VERIFY_PANIC
t1-0,proof_byte,1098624,xor01_from62,VERIFY_PANIC
t1-0,proof_byte,1098688,xor01_from127,VERIFY_PANIC
t1-0,proof_byte,1098752,xor01_from51,VERIFY_PANIC
t1-0,proof_byte,1098816,xor01_from100,VERIFY_PANIC
t1-0,proof_byte,1098880,xor01_from157,VERIFY_PANIC
t1-0,proof_byte,1098944,xor01_from216,VERIFY_PANIC
t1-0,proof_byte,1099008,xor01_from149,VERIFY_PANIC
t1-0,proof_byte,1099072,xor01_from230,VERIFY_PANIC
t1-0,proof_byte,1099136,xor01_from243,VERIFY_PANIC
t1-0,proof_byte,1099200,xor01_from123,VERIFY_PANIC
t1-0,proof_byte,1099264,xor01_from185,VERIFY_PANIC
t1-0,proof_byte,1099328,xor01_from8,VERIFY_PANIC
t1-0,proof_byte,1099392,xor01_from105,VERIFY_PANIC
t1-0,proof_byte,1099456,xor01_from46,VERIFY_PANIC
t1-0,proof_byte,1099520,xor01_from201,VERIFY_PANIC
t1-0,proof_byte,1099584,xor01_from64,VERIFY_PANIC
t1-0,proof_byte,1099648,xor01_from19,VERIFY_PANIC
t1-0,proof_byte,1099712,xor01_from226,VERIFY_PANIC
t1-0,proof_byte,1099776,xor01_from63,VERIFY_PANIC
t1-0,proof_byte,1099840,xor01_from19,VERIFY_PANIC
t1-0,proof_byte,1099904,xor01_from255,VERIFY_PANIC
t1-0,proof_byte,1099968,xor01_from83,VERIFY_PANIC
t1-0,proof_byte,1100032,xor01_from0,DESERIALIZE_REJECTED
t1-0,proof_byte,1100096,xor01_from5,VERIFY_PANIC
t1-0,proof_byte,1100160,xor01_from51,VERIFY_PANIC
t1-0,proof_byte,1100224,xor01_from52,VERIFY_PANIC
t1-0,proof_byte,1100288,xor01_from128,VERIFY_PANIC
t1-0,proof_byte,1100352,xor01_from170,VERIFY_PANIC
t1-0,proof_byte,1100416,xor01_from232,VERIFY_PANIC
t1-0,proof_byte,1100480,xor01_from244,VERIFY_PANIC
t1-0,proof_byte,1100544,xor01_from199,VERIFY_PANIC
t1-0,proof_byte,1100608,xor01_from117,VERIFY_PANIC
t1-0,proof_byte,1100672,xor01_from196,VERIFY_PANIC
t1-0,proof_byte,1100736,xor01_from214,VERIFY_PANIC
t1-0,proof_byte,1100800,xor01_from177,VERIFY_PANIC
t1-0,proof_byte,1100864,xor01_from149,VERIFY_PANIC
t1-0,proof_byte,1100928,xor01_from2,VERIFY_PANIC
t1-0,proof_byte,1100992,xor01_from151,VERIFY_PANIC
t1-0,proof_byte,1101056,xor01_from98,VERIFY_PANIC
t1-0,proof_byte,1101120,xor01_from85,VERIFY_PANIC
t1-0,proof_byte,1101184,xor01_from43,VERIFY_PANIC
t1-0,proof_byte,1101248,xor01_from62,VERIFY_PANIC
t1-0,proof_byte,1101312,xor01_from47,VERIFY_PANIC
t1-0,proof_byte,1101376,xor01_from161,VERIFY_PANIC
t1-0,proof_byte,1101440,xor01_from201,VERIFY_PANIC
t1-0,proof_byte,1101504,xor01_from186,VERIFY_PANIC
t1-0,proof_byte,1101568,xor01_from37,VERIFY_PANIC
t1-0,proof_byte,1101632,xor01_from224,VERIFY_PANIC
t1-0,proof_byte,1101696,xor01_from235,VERIFY_PANIC
t1-0,proof_byte,1101760,xor01_from11,VERIFY_PANIC
t1-0,proof_byte,1101824,xor01_from246,VERIFY_PANIC
t1-0,proof_byte,1101888,xor01_from142,VERIFY_PANIC
t1-0,proof_byte,1101952,xor01_from234,VERIFY_PANIC
t1-0,proof_byte,1102016,xor01_from128,VERIFY_PANIC
t1-0,proof_byte,1102080,xor01_from125,VERIFY_PANIC
t1-0,proof_byte,1102144,xor01_from195,VERIFY_PANIC
t1-0,proof_byte,1102208,xor01_from84,VERIFY_PANIC
t1-0,proof_byte,1102272,xor01_from210,VERIFY_PANIC
t1-0,proof_byte,1102336,xor01_from93,VERIFY_PANIC
t1-0,proof_byte,1102400,xor01_from253,VERIFY_PANIC
t1-0,proof_byte,1102464,xor01_from126,VERIFY_PANIC
t1-0,proof_byte,1102528,xor01_from84,VERIFY_PANIC
t1-0,proof_byte,1102592,xor01_from146,VERIFY_PANIC
t1-0,proof_byte,1102656,xor01_from90,VERIFY_PANIC
t1-0,proof_byte,1102720,xor01_from42,VERIFY_PANIC
t1-0,proof_byte,1102784,xor01_from190,VERIFY_PANIC
t1-0,proof_byte,1102848,xor01_from139,VERIFY_PANIC
t1-0,proof_byte,1102912,xor01_from89,VERIFY_PANIC
t1-0,proof_byte,1102976,xor01_from230,VERIFY_PANIC
t1-0,proof_byte,1103040,xor01_from5,VERIFY_PANIC
t1-0,proof_byte,1103104,xor01_from202,VERIFY_PANIC
t1-0,proof_byte,1103168,xor01_from52,VERIFY_PANIC
t1-0,proof_byte,1103232,xor01_from58,VERIFY_PANIC
t1-0,proof_byte,1103296,xor01_from142,VERIFY_PANIC
t1-0,proof_byte,1103360,xor01_from110,VERIFY_PANIC
t1-0,proof_byte,1103424,xor01_from142,VERIFY_PANIC
t1-0,proof_byte,1103488,xor01_from147,VERIFY_PANIC
t1-0,proof_byte,1103552,xor01_from171,VERIFY_PANIC
t1-0,proof_byte,1103616,xor01_from39,VERIFY_PANIC
t1-0,proof_byte,1103680,xor01_from0,DESERIALIZE_REJECTED
t1-0,proof_byte,1103744,xor01_from151,VERIFY_PANIC
t1-0,proof_byte,1103808,xor01_from186,VERIFY_PANIC
t1-0,proof_byte,1103872,xor01_from109,VERIFY_PANIC
t1-0,proof_byte,1103936,xor01_from177,VERIFY_PANIC
t1-0,proof_byte,1104000,xor01_from10,VERIFY_PANIC
t1-0,proof_byte,1104064,xor01_from136,VERIFY_PANIC
t1-0,proof_byte,1104128,xor01_from238,VERIFY_PANIC
t1-0,proof_byte,1104192,xor01_from211,VERIFY_PANIC
t1-0,proof_byte,1104256,xor01_from86,VERIFY_PANIC
t1-0,proof_byte,1104320,xor01_from0,VERIFY_PANIC
t1-0,proof_byte,1104384,xor01_from189,VERIFY_PANIC
t1-0,proof_byte,1104448,xor01_from38,VERIFY_PANIC
t1-0,proof_byte,1104512,xor01_from186,VERIFY_PANIC
t1-0,proof_byte,1104576,xor01_from241,VERIFY_PANIC
t1-0,proof_byte,1104640,xor01_from118,VERIFY_PANIC
t1-0,proof_byte,1104704,xor01_from160,VERIFY_PANIC
t1-0,proof_byte,1104768,xor01_from26,VERIFY_PANIC
t1-0,proof_byte,1104832,xor01_from0,VERIFY_PANIC
t1-0,proof_byte,1104896,xor01_from96,VERIFY_PANIC
t1-0,proof_byte,1104960,xor01_from162,VERIFY_PANIC
t1-0,proof_byte,1105024,xor01_from70,VERIFY_PANIC
t1-0,proof_byte,1105088,xor01_from235,VERIFY_PANIC
t1-0,proof_byte,1105152,xor01_from47,VERIFY_PANIC
t1-0,proof_byte,1105216,xor01_from193,VERIFY_PANIC
t1-0,proof_byte,1105280,xor01_from0,DESERIALIZE_REJECTED
t1-0,proof_byte,1105344,xor01_from252,VERIFY_PANIC
t1-0,proof_byte,1105408,xor01_from59,VERIFY_PANIC
t1-0,proof_byte,1105472,xor01_from54,VERIFY_PANIC
t1-0,proof_byte,1105536,xor01_from172,VERIFY_PANIC
t1-0,proof_byte,1105600,xor01_from249,VERIFY_PANIC
t1-0,proof_byte,1105664,xor01_from190,VERIFY_PANIC
t1-0,proof_byte,1105728,xor01_from54,VERIFY_PANIC
t1-0,proof_byte,1105792,xor01_from16,VERIFY_PANIC
t1-0,proof_byte,1105856,xor01_from252,VERIFY_PANIC
t1-0,proof_byte,1105920,xor01_from121,VERIFY_PANIC
t1-0,proof_byte,1105984,xor01_from101,VERIFY_PANIC
t1-0,proof_byte,1106048,xor01_from3,VERIFY_PANIC
t1-0,proof_byte,1106112,xor01_from12,VERIFY_PANIC
t1-0,proof_byte,1106176,xor01_from0,DESERIALIZE_REJECTED
t1-0,proof_byte,1106240,xor01_from57,VERIFY_PANIC
t1-0,proof_byte,1106304,xor01_from114,VERIFY_PANIC
t1-0,proof_byte,1106368,xor01_from111,VERIFY_PANIC
t1-0,proof_byte,1106432,xor01_from193,VERIFY_PANIC
t1-0,proof_byte,1106496,xor01_from186,VERIFY_PANIC
t1-0,proof_byte,1106560,xor01_from65,VERIFY_PANIC
t1-0,proof_byte,1106624,xor01_from250,VERIFY_PANIC
t1-0,proof_byte,1106688,xor01_from236,VERIFY_PANIC
t1-0,proof_byte,1106752,xor01_from141,VERIFY_PANIC
t1-0,proof_byte,1106816,xor01_from137,VERIFY_PANIC
t1-0,proof_byte,1106880,xor01_from138,VERIFY_PANIC
t1-0,proof_byte,1106944,xor01_from205,VERIFY_PANIC
t1-0,proof_byte,1107008,xor01_from61,VERIFY_PANIC
t1-0,proof_byte,1107072,xor01_from83,VERIFY_PANIC
t1-0,proof_byte,1107136,xor01_from228,VERIFY_PANIC
t1-0,proof_byte,1107200,xor01_from81,VERIFY_PANIC
t1-0,proof_byte,1107264,xor01_from25,VERIFY_PANIC
t1-0,proof_byte,1107328,xor01_from1,VERIFY_PANIC
t1-0,proof_byte,1107392,xor01_from164,VERIFY_PANIC
t1-0,proof_byte,1107456,xor01_from18,DESERIALIZE_REJECTED
t1-0,proof_byte,1107520,xor01_from71,VERIFY_PANIC
t1-0,proof_byte,1107584,xor01_from118,VERIFY_PANIC
t1-0,proof_byte,1107648,xor01_from230,VERIFY_PANIC
t1-0,proof_byte,1107712,xor01_from40,VERIFY_PANIC
t1-0,proof_byte,1107776,xor01_from90,VERIFY_PANIC
t1-0,proof_byte,1107840,xor01_from176,VERIFY_PANIC
t1-0,proof_byte,1107904,xor01_from107,VERIFY_PANIC
t1-0,proof_byte,1107968,xor01_from226,VERIFY_PANIC
t1-0,proof_byte,1108032,xor01_from60,VERIFY_PANIC
t1-0,proof_byte,1108096,xor01_from18,VERIFY_PANIC
t1-0,proof_byte,1108160,xor01_from93,VERIFY_PANIC
t1-0,proof_byte,1108224,xor01_from172,VERIFY_PANIC
t1-0,proof_byte,1108288,xor01_from16,VERIFY_PANIC
t1-0,proof_byte,1108352,xor01_from60,VERIFY_PANIC
t1-0,proof_byte,1108416,xor01_from133,VERIFY_PANIC
t1-0,proof_byte,1108480,xor01_from217,VERIFY_PANIC
t1-0,proof_byte,1108544,xor01_from233,VERIFY_PANIC
t1-0,proof_byte,1108608,xor01_from161,VERIFY_PANIC
t1-0,proof_byte,1108672,xor01_from226,VERIFY_PANIC
t1-0,proof_byte,1108736,xor01_from92,VERIFY_PANIC
t1-0,proof_byte,1108800,xor01_from229,VERIFY_PANIC
t1-0,proof_byte,1108864,xor01_from62,VERIFY_PANIC
t1-0,proof_byte,1108928,xor01_from115,VERIFY_PANIC
t1-0,proof_byte,1108992,xor01_from151,VERIFY_PANIC
t1-0,proof_byte,1109056,xor01_from207,VERIFY_PANIC
t1-0,proof_byte,1109120,xor01_from75,VERIFY_PANIC
t1-0,proof_byte,1109184,xor01_from99,VERIFY_PANIC
t1-0,proof_byte,1109248,xor01_from63,VERIFY_PANIC
t1-0,proof_byte,1109312,xor01_from174,VERIFY_PANIC
t1-0,proof_byte,1109376,xor01_from175,VERIFY_PANIC
t1-0,proof_byte,1109440,xor01_from252,VERIFY_PANIC
t1-0,proof_byte,1109504,xor01_from239,VERIFY_PANIC
t1-0,proof_byte,1109568,xor01_from159,VERIFY_PANIC
t1-0,proof_byte,1109632,xor01_from6,VERIFY_PANIC
t1-0,proof_byte,1109696,xor01_from224,VERIFY_PANIC
t1-0,proof_byte,1109760,xor01_from177,VERIFY_PANIC
t1-0,proof_byte,1109824,xor01_from74,VERIFY_PANIC
t1-0,proof_byte,1109888,xor01_from35,VERIFY_PANIC
t1-0,proof_byte,1109952,xor01_from197,VERIFY_PANIC
t1-0,proof_byte,1110016,xor01_from206,VERIFY_PANIC
t1-0,proof_byte,1110080,xor01_from158,VERIFY_PANIC
t1-0,proof_byte,1110144,xor01_from169,VERIFY_PANIC
t1-0,proof_byte,1110208,xor01_from143,VERIFY_PANIC
t1-0,proof_byte,1110272,xor01_from97,VERIFY_PANIC
t1-0,proof_byte,1110336,xor01_from231,VERIFY_PANIC
t1-0,proof_byte,1110400,xor01_from80,VERIFY_PANIC
t1-0,proof_byte,1110464,xor01_from162,VERIFY_PANIC
t1-0,proof_byte,1110528,xor01_from23,VERIFY_PANIC
t1-0,proof_byte,1110592,xor01_from147,VERIFY_PANIC
t1-0,proof_byte,1110656,xor01_from205,VERIFY_PANIC
t1-0,proof_byte,1110720,xor01_from116,VERIFY_PANIC
t1-0,proof_byte,1110784,xor01_from80,VERIFY_PANIC
t1-0,proof_byte,1110848,xor01_from245,VERIFY_PANIC
t1-0,proof_byte,1110912,xor01_from46,VERIFY_PANIC
t1-0,proof_byte,1110976,xor01_from20,VERIFY_PANIC
t1-0,proof_byte,1111040,xor01_from184,VERIFY_PANIC
t1-0,proof_byte,1111104,xor01_from214,VERIFY_PANIC
t1-0,proof_byte,1111168,xor01_from14,VERIFY_PANIC
t1-0,proof_byte,1111232,xor01_from177,VERIFY_PANIC
t1-0,proof_byte,1111296,xor01_from217,VERIFY_PANIC
t1-0,proof_byte,1111360,xor01_from10,DESERIALIZE_REJECTED
t1-0,proof_byte,1111424,xor01_from153,VERIFY_PANIC
t1-0,proof_byte,1111488,xor01_from32,VERIFY_PANIC
t1-0,proof_byte,1111552,xor01_from103,VERIFY_PANIC
t1-0,proof_byte,1111616,xor01_from83,VERIFY_PANIC
t1-0,proof_byte,1111680,xor01_from10,VERIFY_PANIC
t1-0,proof_byte,1111744,xor01_from16,VERIFY_PANIC
t1-0,proof_byte,1111808,xor01_from125,VERIFY_PANIC
t1-0,proof_byte,1111872,xor01_from123,VERIFY_PANIC
t1-0,proof_byte,1111936,xor01_from108,VERIFY_PANIC
t1-0,proof_byte,1112000,xor01_from180,VERIFY_PANIC
t1-0,proof_byte,1112064,xor01_from199,VERIFY_PANIC
t1-0,proof_byte,1112128,xor01_from244,VERIFY_PANIC
t1-0,proof_byte,1112192,xor01_from132,VERIFY_PANIC
t1-0,proof_byte,1112256,xor01_from232,VERIFY_PANIC
t1-0,proof_byte,1112320,xor01_from245,VERIFY_PANIC
t1-0,proof_byte,1112384,xor01_from225,VERIFY_PANIC
t1-0,proof_byte,1112448,xor01_from123,VERIFY_PANIC
t1-0,proof_byte,1112512,xor01_from47,VERIFY_PANIC
t1-0,proof_byte,1112576,xor01_from174,VERIFY_PANIC
t1-0,proof_byte,1112640,xor01_from144,VERIFY_PANIC
t1-0,proof_byte,1112704,xor01_from72,VERIFY_PANIC
t1-0,proof_byte,1112768,xor01_from200,VERIFY_PANIC
t1-0,proof_byte,1112832,xor01_from95,VERIFY_PANIC
t1-0,proof_byte,1112896,xor01_from73,VERIFY_PANIC
t1-0,proof_byte,1112960,xor01_from181,VERIFY_PANIC
t1-0,proof_byte,1113024,xor01_from71,VERIFY_PANIC
t1-0,proof_byte,1113088,xor01_from54,VERIFY_PANIC
t1-0,proof_byte,1113152,xor01_from218,VERIFY_PANIC
t1-0,proof_byte,1113216,xor01_from2,DESERIALIZE_REJECTED
t1-0,proof_byte,1113280,xor01_from170,VERIFY_PANIC
t1-0,proof_byte,1113344,xor01_from2,DESERIALIZE_REJECTED
t1-0,proof_byte,1113408,xor01_from175,VERIFY_PANIC
t1-0,proof_byte,1113472,xor01_from196,VERIFY_PANIC
t1-0,proof_byte,1113536,xor01_from154,VERIFY_PANIC
t1-0,proof_byte,1113600,xor01_from127,VERIFY_PANIC
t1-0,proof_byte,1113664,xor01_from61,VERIFY_PANIC
t1-0,proof_byte,1113728,xor01_from231,VERIFY_PANIC
t1-0,proof_byte,1113792,xor01_from63,VERIFY_PANIC
t1-0,proof_byte,1113856,xor01_from162,VERIFY_PANIC
t1-0,proof_byte,1113920,xor01_from250,VERIFY_PANIC
t1-0,proof_byte,1113984,xor01_from13,VERIFY_PANIC
t1-0,proof_byte,1114048,xor01_from54,VERIFY_PANIC
t1-0,proof_byte,1114112,xor01_from228,VERIFY_PANIC
t1-0,proof_byte,1114176,xor01_from35,VERIFY_PANIC
t1-0,proof_byte,1114240,xor01_from0,VERIFY_PANIC
t1-0,proof_byte,1114304,xor01_from173,VERIFY_PANIC
t1-0,proof_byte,1114368,xor01_from41,VERIFY_PANIC
t1-0,proof_byte,1114432,xor01_from196,VERIFY_PANIC
t1-0,proof_byte,1114496,xor01_from145,VERIFY_PANIC
t1-0,proof_byte,1114560,xor01_from142,VERIFY_PANIC
t1-0,proof_byte,1114624,xor01_from156,VERIFY_PANIC
t1-0,proof_byte,1114688,xor01_from246,VERIFY_PANIC
t1-0,proof_byte,1114752,xor01_from30,VERIFY_PANIC
t1-0,proof_byte,1114816,xor01_from224,VERIFY_PANIC
t1-0,proof_byte,1114880,xor01_from93,VERIFY_PANIC
t1-0,proof_byte,1114944,xor01_from241,VERIFY_PANIC
t1-0,proof_byte,1115008,xor01_from31,VERIFY_PANIC
t1-0,proof_byte,1115072,xor01_from44,VERIFY_PANIC
t1-0,proof_byte,1115136,xor01_from154,VERIFY_PANIC
t1-0,proof_byte,1115200,xor01_from24,VERIFY_PANIC
t1-0,proof_byte,1115264,xor01_from192,VERIFY_PANIC
t1-0,proof_byte,1115328,xor01_from251,VERIFY_PANIC
t1-0,proof_byte,1115392,xor01_from150,VERIFY_PANIC
t1-0,proof_byte,1115456,xor01_from213,VERIFY_PANIC
t1-0,proof_byte,1115520,xor01_from178,VERIFY_PANIC
t1-0,proof_byte,1115584,xor01_from61,VERIFY_PANIC
t1-0,proof_byte,1115648,xor01_from83,VERIFY_PANIC
t1-0,proof_byte,1115712,xor01_from138,VERIFY_PANIC
t1-0,proof_byte,1115776,xor01_from58,VERIFY_PANIC
t1-0,proof_byte,1115840,xor01_from146,VERIFY_PANIC
t1-0,proof_byte,1115904,xor01_from214,VERIFY_PANIC
t1-0,proof_byte,1115968,xor01_from84,VERIFY_PANIC
t1-0,proof_byte,1116032,xor01_from32,VERIFY_PANIC
t1-0,proof_byte,1116096,xor01_from167,VERIFY_PANIC
t1-0,proof_byte,1116160,xor01_from140,VERIFY_PANIC
t1-0,proof_byte,1116224,xor01_from193,VERIFY_PANIC
t1-0,proof_byte,1116288,xor01_from225,VERIFY_PANIC
t1-0,proof_byte,1116352,xor01_from29,VERIFY_PANIC
t1-0,proof_byte,1116416,xor01_from98,VERIFY_PANIC
t1-0,proof_byte,1116480,xor01_from60,VERIFY_PANIC
t1-0,proof_byte,1116544,xor01_from195,VERIFY_PANIC
t1-0,proof_byte,1116608,xor01_from30,VERIFY_PANIC
t1-0,proof_byte,1116672,xor01_from43,VERIFY_PANIC
t1-0,proof_byte,1116736,xor01_from120,VERIFY_PANIC
t1-0,proof_byte,1116800,xor01_from93,VERIFY_PANIC
t1-0,proof_byte,1116864,xor01_from212,VERIFY_PANIC
t1-0,proof_byte,1116928,xor01_from73,VERIFY_PANIC
t1-0,proof_byte,1116992,xor01_from138,VERIFY_PANIC
t1-0,proof_byte,1117056,xor01_from105,VERIFY_PANIC
t1-0,proof_byte,1117120,xor01_from114,VERIFY_PANIC
t1-0,proof_byte,1117184,xor01_from78,VERIFY_PANIC
t1-0,proof_byte,1117248,xor01_from229,VERIFY_PANIC
t1-0,proof_byte,1117312,xor01_from121,VERIFY_PANIC
t1-0,proof_byte,1117376,xor01_from73,VERIFY_PANIC
t1-0,proof_byte,1117440,xor01_from194,VERIFY_PANIC
t1-0,proof_byte,1117504,xor01_from232,VERIFY_PANIC
t1-0,proof_byte,1117568,xor01_from95,VERIFY_PANIC
t1-0,proof_byte,1117632,xor01_from85,VERIFY_PANIC
t1-0,proof_byte,1117696,xor01_from0,DESERIALIZE_REJECTED
t1-0,proof_byte,1117760,xor01_from44,VERIFY_PANIC
t1-0,proof_byte,1117824,xor01_from144,VERIFY_PANIC
t1-0,proof_byte,1117888,xor01_from50,VERIFY_PANIC
t1-0,proof_byte,1117952,xor01_from55,VERIFY_PANIC
t1-0,proof_byte,1118016,xor01_from127,VERIFY_PANIC
t1-0,proof_byte,1118080,xor01_from134,VERIFY_PANIC
t1-0,proof_byte,1118144,xor01_from196,VERIFY_PANIC
t1-0,proof_byte,1118208,xor01_from43,VERIFY_PANIC
t1-0,proof_byte,1118272,xor01_from105,VERIFY_PANIC
t1-0,proof_byte,1118336,xor01_from200,VERIFY_PANIC
t1-0,proof_byte,1118400,xor01_from131,VERIFY_PANIC
t1-0,proof_byte,1118464,xor01_from133,VERIFY_PANIC
t1-0,proof_byte,1118528,xor01_from130,VERIFY_PANIC
t1-0,proof_byte,1118592,xor01_from20,VERIFY_PANIC
t1-0,proof_byte,1118656,xor01_from34,VERIFY_PANIC
t1-0,proof_byte,1118720,xor01_from148,VERIFY_PANIC
t1-0,proof_byte,1118784,xor01_from141,VERIFY_PANIC
t1-0,proof_byte,1118848,xor01_from65,VERIFY_PANIC
t1-0,proof_byte,1118912,xor01_from51,VERIFY_PANIC
t1-0,proof_byte,1118976,xor01_from168,VERIFY_PANIC
t1-0,proof_byte,1119040,xor01_from182,VERIFY_PANIC
t1-0,proof_byte,1119104,xor01_from90,VERIFY_PANIC
t1-0,proof_byte,1119168,xor01_from92,VERIFY_PANIC
t1-0,proof_byte,1119232,xor01_from182,VERIFY_PANIC
t1-0,proof_byte,1119296,xor01_from86,VERIFY_PANIC
t1-0,proof_byte,1119360,xor01_from66,VERIFY_PANIC
t1-0,proof_byte,1119424,xor01_from207,VERIFY_PANIC
t1-0,proof_byte,1119488,xor01_from7,VERIFY_PANIC
t1-0,proof_byte,1119552,xor01_from181,VERIFY_PANIC
t1-0,proof_byte,1119616,xor01_from118,VERIFY_PANIC
t1-0,proof_byte,1119680,xor01_from233,VERIFY_PANIC
t1-0,proof_byte,1119744,xor01_from245,VERIFY_PANIC
t1-0,proof_byte,1119808,xor01_from142,VERIFY_PANIC
t1-0,proof_byte,1119872,xor01_from147,VERIFY_PANIC
t1-0,proof_byte,1119936,xor01_from236,VERIFY_PANIC
t1-0,proof_byte,1120000,xor01_from8,VERIFY_PANIC
t1-0,proof_byte,1120064,xor01_from219,VERIFY_PANIC
t1-0,proof_byte,1120128,xor01_from26,VERIFY_PANIC
t1-0,proof_byte,1120192,xor01_from99,VERIFY_PANIC
t1-0,proof_byte,1120256,xor01_from245,VERIFY_PANIC
t1-0,proof_byte,1120320,xor01_from37,VERIFY_PANIC
t1-0,proof_byte,1120384,xor01_from103,VERIFY_PANIC
t1-0,proof_byte,1120448,xor01_from220,VERIFY_PANIC
t1-0,proof_byte,1120512,xor01_from171,VERIFY_PANIC
t1-0,proof_byte,1120576,xor01_from0,DESERIALIZE_REJECTED
t1-0,proof_byte,1120640,xor01_from169,VERIFY_PANIC
t1-0,proof_byte,1120704,xor01_from177,VERIFY_PANIC
t1-0,proof_byte,1120768,xor01_from168,VERIFY_PANIC
t1-0,proof_byte,1120832,xor01_from93,VERIFY_PANIC
t1-0,proof_byte,1120896,xor01_from102,VERIFY_PANIC
t1-0,proof_byte,1120960,xor01_from225,VERIFY_PANIC
t1-0,proof_byte,1121024,xor01_from213,VERIFY_PANIC
t1-0,proof_byte,1121088,xor01_from141,VERIFY_PANIC
t1-0,proof_byte,1121152,xor01_from210,VERIFY_PANIC
t1-0,proof_byte,1121216,xor01_from202,VERIFY_PANIC
t1-0,proof_byte,1121280,xor01_from92,VERIFY_PANIC
t1-0,proof_byte,1121344,xor01_from224,VERIFY_PANIC
t1-0,proof_byte,1121408,xor01_from227,VERIFY_PANIC
t1-0,proof_byte,1121472,xor01_from0,DESERIALIZE_REJECTED
t1-0,proof_byte,1121536,xor01_from22,VERIFY_PANIC
t1-0,proof_byte,1121600,xor01_from156,VERIFY_PANIC
t1-0,proof_byte,1121664,xor01_from163,VERIFY_PANIC
t1-0,proof_byte,1121728,xor01_from11,VERIFY_PANIC
t1-0,proof_byte,1121792,xor01_from210,VERIFY_PANIC
t1-0,proof_byte,1121856,xor01_from168,VERIFY_PANIC
t1-0,proof_byte,1121920,xor01_from176,VERIFY_PANIC
t1-0,proof_byte,1121984,xor01_from222,VERIFY_PANIC
t1-0,proof_byte,1122048,xor01_from29,VERIFY_PANIC
t1-0,proof_byte,1122112,xor01_from19,VERIFY_PANIC
t1-0,proof_byte,1122176,xor01_from135,VERIFY_PANIC
t1-0,proof_byte,1122240,xor01_from0,DESERIALIZE_REJECTED
t1-0,proof_byte,1122304,xor01_from17,DESERIALIZE_REJECTED
t1-0,proof_byte,1122368,xor01_from21,VERIFY_PANIC
t1-0,proof_byte,1122432,xor01_from47,VERIFY_PANIC
t1-0,proof_byte,1122496,xor01_from79,VERIFY_PANIC
t1-0,proof_byte,1122560,xor01_from88,VERIFY_PANIC
t1-0,proof_byte,1122624,xor01_from23,VERIFY_PANIC
t1-0,proof_byte,1122688,xor01_from157,VERIFY_PANIC
t1-0,proof_byte,1122752,xor01_from178,VERIFY_PANIC
t1-0,proof_byte,1122816,xor01_from233,VERIFY_PANIC
t1-0,proof_byte,1122880,xor01_from19,DESERIALIZE_REJECTED
t1-0,proof_byte,1122944,xor01_from74,VERIFY_PANIC
t1-0,proof_byte,1123008,xor01_from114,VERIFY_PANIC
t1-0,proof_byte,1123072,xor01_from64,VERIFY_PANIC
t1-0,proof_byte,1123136,xor01_from196,VERIFY_PANIC
t1-0,proof_byte,1123200,xor01_from19,VERIFY_PANIC
t1-0,proof_byte,1123264,xor01_from144,VERIFY_PANIC
t1-0,proof_byte,1123328,xor01_from133,VERIFY_PANIC
t1-0,proof_byte,1123392,xor01_from8,VERIFY_PANIC
t1-0,proof_byte,1123456,xor01_from115,VERIFY_PANIC
t1-0,proof_byte,1123520,xor01_from241,VERIFY_PANIC
t1-0,proof_byte,1123584,xor01_from32,VERIFY_PANIC
t1-0,proof_byte,1123648,xor01_from75,VERIFY_PANIC
t1-0,proof_byte,1123712,xor01_from198,VERIFY_PANIC
t1-0,proof_byte,1123776,xor01_from200,VERIFY_PANIC
t1-0,proof_byte,1123840,xor01_from255,VERIFY_PANIC
t1-0,proof_byte,1123904,xor01_from216,VERIFY_PANIC
t1-0,proof_byte,1123968,xor01_from144,VERIFY_PANIC
t1-0,proof_byte,1124032,xor01_from168,VERIFY_PANIC
t1-0,proof_byte,1124096,xor01_from196,VERIFY_PANIC
t1-0,proof_byte,1124160,xor01_from127,VERIFY_PANIC
t1-0,proof_byte,1124224,xor01_from254,VERIFY_PANIC
t1-0,proof_byte,1124288,xor01_from212,VERIFY_PANIC
t1-0,proof_byte,1124352,xor01_from142,VERIFY_PANIC
t1-0,proof_byte,1124416,xor01_from166,VERIFY_PANIC
t1-0,proof_byte,1124480,xor01_from141,VERIFY_PANIC
t1-0,proof_byte,1124544,xor01_from143,VERIFY_PANIC
t1-0,proof_byte,1124608,xor01_from29,VERIFY_PANIC
t1-0,proof_byte,1124672,xor01_from208,VERIFY_PANIC
t1-0,proof_byte,1124736,xor01_from205,VERIFY_PANIC
t1-0,proof_byte,1124800,xor01_from89,VERIFY_PANIC
t1-0,proof_byte,1124864,xor01_from127,VERIFY_PANIC
t1-0,proof_byte,1124928,xor01_from105,VERIFY_PANIC
t1-0,proof_byte,1124992,xor01_from83,VERIFY_PANIC
t1-0,proof_byte,1125056,xor01_from65,VERIFY_PANIC
t1-0,proof_byte,1125120,xor01_from244,VERIFY_PANIC
t1-0,proof_byte,1125184,xor01_from146,VERIFY_PANIC
t1-0,proof_byte,1125248,xor01_from24,VERIFY_PANIC
t1-0,proof_byte,1125312,xor01_from35,VERIFY_PANIC
t1-0,proof_byte,1125376,xor01_from5,VERIFY_PANIC
t1-0,proof_byte,1125440,xor01_from110,VERIFY_PANIC
t1-0,proof_byte,1125504,xor01_from42,VERIFY_PANIC
t1-0,proof_byte,1125568,xor01_from122,VERIFY_PANIC
t1-0,proof_byte,1125632,xor01_from201,VERIFY_PANIC
t1-0,proof_byte,1125696,xor01_from173,VERIFY_PANIC
t1-0,proof_byte,1125760,xor01_from203,VERIFY_PANIC
t1-0,proof_byte,1125824,xor01_from133,VERIFY_PANIC
t1-0,proof_byte,1125888,xor01_from88,VERIFY_PANIC
t1-0,proof_byte,1125952,xor01_from75,VERIFY_PANIC
t1-0,proof_byte,1126016,xor01_from79,VERIFY_PANIC
t1-0,proof_byte,1126080,xor01_from158,VERIFY_PANIC
t1-0,proof_byte,1126144,xor01_from170,VERIFY_PANIC
t1-0,proof_byte,1126208,xor01_from250,VERIFY_PANIC
t1-0,proof_byte,1126272,xor01_from237,VERIFY_PANIC
t1-0,proof_byte,1126336,xor01_from238,VERIFY_PANIC
t1-0,proof_byte,1126400,xor01_from117,VERIFY_PANIC
t1-0,proof_byte,1126464,xor01_from209,VERIFY_PANIC
t1-0,proof_byte,1126528,xor01_from119,VERIFY_PANIC
t1-0,proof_byte,1126592,xor01_from131,VERIFY_PANIC
t1-0,proof_byte,1126656,xor01_from23,VERIFY_PANIC
t1-0,proof_byte,1126720,xor01_from162,VERIFY_PANIC
t1-0,proof_byte,1126784,xor01_from186,VERIFY_PANIC
t1-0,proof_byte,1126848,xor01_from79,VERIFY_PANIC
t1-0,proof_byte,1126912,xor01_from67,VERIFY_PANIC
t1-0,proof_byte,1126976,xor01_from7,VERIFY_PANIC
t1-0,proof_byte,1127040,xor01_from11,DESERIALIZE_REJECTED
t1-0,proof_byte,1127104,xor01_from85,VERIFY_PANIC
t1-0,proof_byte,1127168,xor01_from66,VERIFY_PANIC
t1-0,proof_byte,1127232,xor01_from213,VERIFY_PANIC
t1-0,proof_byte,1127296,xor01_from69,VERIFY_PANIC
t1-0,proof_byte,1127360,xor01_from205,VERIFY_PANIC
t1-0,proof_byte,1127424,xor01_from172,VERIFY_PANIC
t1-0,proof_byte,1127488,xor01_from64,VERIFY_PANIC
t1-0,proof_byte,1127552,xor01_from37,VERIFY_PANIC
t1-0,proof_byte,1127616,xor01_from231,VERIFY_PANIC
t1-0,proof_byte,1127680,xor01_from76,VERIFY_PANIC
t1-0,proof_byte,1127744,xor01_from222,VERIFY_PANIC
t1-0,proof_byte,1127808,xor01_from155,VERIFY_PANIC
t1-0,proof_byte,1127872,xor01_from126,VERIFY_PANIC
t1-0,proof_byte,1127936,xor01_from114,VERIFY_PANIC
t1-0,proof_byte,1128000,xor01_from241,VERIFY_PANIC
t1-0,proof_byte,1128064,xor01_from140,VERIFY_PANIC
t1-0,proof_byte,1128128,xor01_from201,VERIFY_PANIC
t1-0,proof_byte,1128192,xor01_from222,VERIFY_PANIC
t1-0,proof_byte,1128256,xor01_from214,VERIFY_PANIC
t1-0,proof_byte,1128320,xor01_from38,VERIFY_PANIC
t1-0,proof_byte,1128384,xor01_from58,VERIFY_PANIC
t1-0,proof_byte,1128448,xor01_from11,VERIFY_PANIC
t1-0,proof_byte,1128512,xor01_from171,VERIFY_PANIC
t1-0,proof_byte,1128576,xor01_from171,VERIFY_PANIC
t1-0,proof_byte,1128640,xor01_from81,VERIFY_PANIC
t1-0,proof_byte,1128704,xor01_from50,VERIFY_PANIC
t1-0,proof_byte,1128768,xor01_from111,VERIFY_PANIC
t1-0,proof_byte,1128832,xor01_from216,VERIFY_PANIC
t1-0,proof_byte,1128896,xor01_from65,VERIFY_PANIC
t1-0,proof_byte,1128960,xor01_from159,VERIFY_PANIC
t1-0,proof_byte,1129024,xor01_from59,VERIFY_PANIC
t1-0,proof_byte,1129088,xor01_from144,VERIFY_PANIC
t1-0,proof_byte,1129152,xor01_from3,DESERIALIZE_REJECTED
t1-0,proof_byte,1129216,xor01_from178,VERIFY_PANIC
t1-0,proof_byte,1129280,xor01_from165,VERIFY_PANIC
t1-0,proof_byte,1129344,xor01_from146,VERIFY_PANIC
t1-0,proof_byte,1129408,xor01_from5,DESERIALIZE_REJECTED
t1-0,proof_byte,1129472,xor01_from59,VERIFY_PANIC
t1-0,proof_byte,1129536,xor01_from8,DESERIALIZE_REJECTED
t1-0,proof_byte,1129600,xor01_from162,VERIFY_PANIC
t1-0,proof_byte,1129664,xor01_from109,VERIFY_PANIC
t1-0,proof_byte,1129728,xor01_from15,VERIFY_PANIC
t1-0,proof_byte,1129792,xor01_from206,VERIFY_PANIC
t1-0,proof_byte,1129856,xor01_from24,VERIFY_PANIC
t1-0,proof_byte,1129920,xor01_from100,VERIFY_PANIC
t1-0,proof_byte,1129984,xor01_from76,VERIFY_PANIC
t1-0,proof_byte,1130048,xor01_from60,VERIFY_PANIC
t1-0,proof_byte,1130112,xor01_from75,VERIFY_PANIC
t1-0,proof_byte,1130176,xor01_from46,VERIFY_PANIC
t1-0,proof_byte,1130240,xor01_from0,VERIFY_PANIC
t1-0,proof_byte,1130304,xor01_from5,DESERIALIZE_REJECTED
t1-0,proof_byte,1130368,xor01_from237,VERIFY_PANIC
t1-0,proof_byte,1130432,xor01_from117,VERIFY_PANIC
t1-0,proof_byte,1130496,xor01_from29,VERIFY_PANIC
t1-0,proof_byte,1130560,xor01_from41,VERIFY_PANIC
t1-0,proof_byte,1130624,xor01_from195,VERIFY_PANIC
t1-0,proof_byte,1130688,xor01_from62,VERIFY_PANIC
t1-0,proof_byte,1130752,xor01_from26,VERIFY_PANIC
t1-0,proof_byte,1130816,xor01_from46,VERIFY_PANIC
t1-0,proof_byte,1130880,xor01_from126,VERIFY_PANIC
t1-0,proof_byte,1130944,xor01_from75,VERIFY_PANIC
t1-0,proof_byte,1131008,xor01_from39,VERIFY_PANIC
t1-0,proof_byte,1131072,xor01_from73,VERIFY_PANIC
t1-0,proof_byte,1131136,xor01_from92,VERIFY_PANIC
t1-0,proof_byte,1131200,xor01_from97,VERIFY_PANIC
t1-0,proof_byte,1131264,xor01_from164,VERIFY_PANIC
t1-0,proof_byte,1131328,xor01_from146,VERIFY_PANIC
t1-0,proof_byte,1131392,xor01_from138,VERIFY_PANIC
t1-0,proof_byte,1131456,xor01_from0,VERIFY_PANIC
t1-0,proof_byte,1131520,xor01_from32,VERIFY_PANIC
t1-0,proof_byte,1131584,xor01_from108,VERIFY_PANIC
t1-0,proof_byte,1131648,xor01_from97,VERIFY_PANIC
t1-0,proof_byte,1131712,xor01_from152,VERIFY_PANIC
t1-0,proof_byte,1131776,xor01_from208,VERIFY_PANIC
t1-0,proof_byte,1131840,xor01_from226,VERIFY_PANIC
t1-0,proof_byte,1131904,xor01_from40,VERIFY_PANIC
t1-0,proof_byte,1131968,xor01_from150,VERIFY_PANIC
t1-0,proof_byte,1132032,xor01_from40,VERIFY_PANIC
t1-0,proof_byte,1132096,xor01_from94,VERIFY_PANIC
t1-0,proof_byte,1132160,xor01_from171,VERIFY_PANIC
t1-0,proof_byte,1132224,xor01_from113,VERIFY_PANIC
t1-0,proof_byte,1132288,xor01_from28,VERIFY_PANIC
t1-0,proof_byte,1132352,xor01_from193,VERIFY_PANIC
t1-0,proof_byte,1132416,xor01_from207,VERIFY_PANIC
t1-0,proof_byte,1132480,xor01_from86,VERIFY_PANIC
t1-0,proof_byte,1132544,xor01_from6,VERIFY_PANIC
t1-0,proof_byte,1132608,xor01_from75,VERIFY_PANIC
t1-0,proof_byte,1132672,xor01_from73,VERIFY_PANIC
t1-0,proof_byte,1132736,xor01_from215,VERIFY_PANIC
t1-0,proof_byte,1132800,xor01_from220,VERIFY_PANIC
t1-0,proof_byte,1132864,xor01_from67,VERIFY_PANIC
t1-0,proof_byte,1132928,xor01_from123,VERIFY_PANIC
t1-0,proof_byte,1132992,xor01_from117,VERIFY_PANIC
t1-0,proof_byte,1133056,xor01_from134,VERIFY_PANIC
t1-0,proof_byte,1133120,xor01_from53,VERIFY_PANIC
t1-0,proof_byte,1133184,xor01_from244,VERIFY_PANIC
t1-0,proof_byte,1133248,xor01_from0,DESERIALIZE_REJECTED
t1-0,proof_byte,1133312,xor01_from195,VERIFY_PANIC
t1-0,proof_byte,1133376,xor01_from181,VERIFY_PANIC
t1-0,proof_byte,1133440,xor01_from136,VERIFY_PANIC
t1-0,proof_byte,1133504,xor01_from225,VERIFY_PANIC
t1-0,proof_byte,1133568,xor01_from75,VERIFY_PANIC
t1-0,proof_byte,1133632,xor01_from125,VERIFY_PANIC
t1-0,proof_byte,1133696,xor01_from98,VERIFY_PANIC
t1-0,proof_byte,1133760,xor01_from8,VERIFY_PANIC
t1-0,proof_byte,1133824,xor01_from185,VERIFY_PANIC
t1-0,proof_byte,1133888,xor01_from163,VERIFY_PANIC
t1-0,proof_byte,1133952,xor01_from132,VERIFY_PANIC
t1-0,proof_byte,1134016,xor01_from99,VERIFY_PANIC
t1-0,proof_byte,1134080,xor01_from45,VERIFY_PANIC
t1-0,proof_byte,1134144,xor01_from196,VERIFY_PANIC
t1-0,proof_byte,1134208,xor01_from22,VERIFY_PANIC
t1-0,proof_byte,1134272,xor01_from251,VERIFY_PANIC
t1-0,proof_byte,1134336,xor01_from230,VERIFY_PANIC
t1-0,proof_byte,1134400,xor01_from207,VERIFY_PANIC
t1-0,proof_byte,1134464,xor01_from154,VERIFY_PANIC
t1-0,proof_byte,1134528,xor01_from132,VERIFY_PANIC
t1-0,proof_byte,1134592,xor01_from76,VERIFY_PANIC
t1-0,proof_byte,1134656,xor01_from243,VERIFY_PANIC
t1-0,proof_byte,1134720,xor01_from160,VERIFY_PANIC
t1-0,proof_byte,1134784,xor01_from97,VERIFY_PANIC
t1-0,proof_byte,1134848,xor01_from254,VERIFY_PANIC
t1-0,proof_byte,1134912,xor01_from14,VERIFY_PANIC
t1-0,proof_byte,1134976,xor01_from243,VERIFY_PANIC
t1-0,proof_byte,1135040,xor01_from59,VERIFY_PANIC
t1-0,proof_byte,1135104,xor01_from103,VERIFY_PANIC
t1-0,proof_byte,1135168,xor01_from50,VERIFY_PANIC
t1-0,proof_byte,1135232,xor01_from251,VERIFY_PANIC
t1-0,proof_byte,1135296,xor01_from9,VERIFY_PANIC
t1-0,proof_byte,1135360,xor01_from50,VERIFY_PANIC
t1-0,proof_byte,1135424,xor01_from89,VERIFY_PANIC
t1-0,proof_byte,1135488,xor01_from125,VERIFY_PANIC
t1-0,proof_byte,1135552,xor01_from40,VERIFY_PANIC
t1-0,proof_byte,1135616,xor01_from127,VERIFY_PANIC
t1-0,proof_byte,1135680,xor01_from31,VERIFY_PANIC
t1-0,proof_byte,1135744,xor01_from61,VERIFY_PANIC
t1-0,proof_byte,1135808,xor01_from31,VERIFY_PANIC
t1-0,proof_byte,1135872,xor01_from121,VERIFY_PANIC
t1-0,proof_byte,1135936,xor01_from246,VERIFY_PANIC
t1-0,proof_byte,1136000,xor01_from55,VERIFY_PANIC
t1-0,proof_byte,1136064,xor01_from211,VERIFY_PANIC
t1-0,proof_byte,1136128,xor01_from8,VERIFY_PANIC
t1-0,proof_byte,1136192,xor01_from162,VERIFY_PANIC
t1-0,proof_byte,1136256,xor01_from238,VERIFY_PANIC
t1-0,proof_byte,1136320,xor01_from214,VERIFY_PANIC
t1-0,proof_byte,1136384,xor01_from0,DESERIALIZE_REJECTED
t1-0,proof_byte,1136448,xor01_from28,VERIFY_PANIC
t1-0,proof_byte,1136512,xor01_from88,VERIFY_PANIC
t1-0,proof_byte,1136576,xor01_from132,VERIFY_PANIC
t1-0,proof_byte,1136640,xor01_from158,VERIFY_PANIC
t1-0,proof_byte,1136704,xor01_from165,VERIFY_PANIC
t1-0,proof_byte,1136768,xor01_from38,VERIFY_PANIC
t1-0,proof_byte,1136832,xor01_from56,VERIFY_PANIC
t1-0,proof_byte,1136896,xor01_from53,VERIFY_PANIC
t1-0,proof_byte,1136960,xor01_from104,VERIFY_PANIC
t1-0,proof_byte,1137024,xor01_from190,VERIFY_PANIC
t1-0,proof_byte,1137088,xor01_from227,VERIFY_PANIC
t1-0,proof_byte,1137152,xor01_from41,VERIFY_PANIC
t1-0,proof_byte,1137216,xor01_from176,VERIFY_PANIC
t1-0,proof_byte,1137280,xor01_from214,VERIFY_PANIC
t1-0,proof_byte,1137344,xor01_from50,VERIFY_PANIC
t1-0,proof_byte,1137408,xor01_from44,VERIFY_PANIC
t1-0,proof_byte,1137472,xor01_from192,VERIFY_PANIC
t1-0,proof_byte,1137536,xor01_from7,VERIFY_PANIC
t1-0,proof_byte,1137600,xor01_from15,VERIFY_PANIC
t1-0,proof_byte,1137664,xor01_from91,VERIFY_PANIC
t1-0,proof_byte,1137728,xor01_from219,VERIFY_PANIC
t1-0,proof_byte,1137792,xor01_from194,VERIFY_PANIC
t1-0,proof_byte,1137856,xor01_from237,VERIFY_PANIC
t1-0,proof_byte,1137920,xor01_from145,VERIFY_PANIC
t1-0,proof_byte,1137984,xor01_from19,VERIFY_PANIC
t1-0,proof_byte,1138048,xor01_from227,VERIFY_PANIC
t1-0,proof_byte,1138112,xor01_from130,VERIFY_PANIC
t1-0,proof_byte,1138176,xor01_from7,VERIFY_PANIC
t1-0,proof_byte,1138240,xor01_from3,VERIFY_PANIC
t1-0,proof_byte,1138304,xor01_from102,VERIFY_PANIC
t1-0,proof_byte,1138368,xor01_from6,VERIFY_PANIC
t1-0,proof_byte,1138432,xor01_from3,VERIFY_PANIC
t1-0,proof_byte,1138496,xor01_from1,VERIFY_PANIC
t1-0,proof_byte,1138560,xor01_from199,VERIFY_PANIC
t1-0,proof_byte,1138624,xor01_from170,VERIFY_PANIC
t1-0,proof_byte,1138688,xor01_from235,VERIFY_PANIC
t1-0,proof_byte,1138752,xor01_from226,VERIFY_PANIC
t1-0,proof_byte,1138816,xor01_from4,VERIFY_PANIC
t1-0,proof_byte,1138880,xor01_from144,VERIFY_PANIC
t1-0,proof_byte,1138944,xor01_from156,VERIFY_PANIC
t1-0,proof_byte,1139008,xor01_from28,VERIFY_PANIC
t1-0,proof_byte,1139072,xor01_from243,VERIFY_PANIC
t1-0,proof_byte,1139136,xor01_from14,VERIFY_PANIC
t1-0,proof_byte,1139200,xor01_from28,VERIFY_PANIC
t1-0,proof_byte,1139264,xor01_from20,VERIFY_PANIC
t1-0,proof_byte,1139328,xor01_from228,VERIFY_PANIC
t1-0,proof_byte,1139392,xor01_from179,VERIFY_PANIC
t1-0,proof_byte,1139456,xor01_from70,VERIFY_PANIC
t1-0,proof_byte,1139520,xor01_from112,VERIFY_PANIC
t1-0,proof_byte,1139584,xor01_from108,VERIFY_PANIC
t1-0,proof_byte,1139648,xor01_from187,VERIFY_PANIC
t1-0,proof_byte,1139712,xor01_from96,VERIFY_PANIC
t1-0,proof_byte,1139776,xor01_from90,VERIFY_PANIC
t1-0,proof_byte,1139840,xor01_from219,VERIFY_PANIC
t1-0,proof_byte,1139904,xor01_from37,VERIFY_PANIC
t1-0,proof_byte,1139968,xor01_from53,VERIFY_PANIC
t1-0,proof_byte,1140032,xor01_from102,VERIFY_PANIC
t1-0,proof_byte,1140096,xor01_from238,VERIFY_PANIC
t1-0,proof_byte,1140160,xor01_from196,VERIFY_PANIC
t1-0,proof_byte,1140224,xor01_from107,VERIFY_PANIC
t1-0,proof_byte,1140288,xor01_from224,VERIFY_PANIC
t1-0,proof_byte,1140352,xor01_from225,VERIFY_PANIC
t1-0,proof_byte,1140416,xor01_from252,VERIFY_PANIC
t1-0,proof_byte,1140480,xor01_from137,VERIFY_PANIC
t1-0,proof_byte,1140544,xor01_from243,VERIFY_PANIC
t1-0,proof_byte,1140608,xor01_from0,VERIFY_PANIC
t1-0,proof_byte,1140672,xor01_from57,VERIFY_PANIC
t1-0,proof_byte,1140736,xor01_from16,DESERIALIZE_REJECTED
t1-0,proof_byte,1140800,xor01_from105,VERIFY_PANIC
t1-0,proof_byte,1140864,xor01_from19,VERIFY_PANIC
t1-0,proof_byte,1140928,xor01_from95,VERIFY_PANIC
t1-0,proof_byte,1140992,xor01_from92,VERIFY_PANIC
t1-0,proof_byte,1141056,xor01_from188,VERIFY_PANIC
t1-0,proof_byte,1141120,xor01_from245,VERIFY_PANIC
t1-0,proof_byte,1141184,xor01_from76,VERIFY_PANIC
t1-0,proof_byte,1141248,xor01_from218,VERIFY_PANIC
t1-0,proof_byte,1141312,xor01_from56,VERIFY_PANIC
t1-0,proof_byte,1141376,xor01_from253,VERIFY_PANIC
t1-0,proof_byte,1141440,xor01_from89,VERIFY_PANIC
t1-0,proof_byte,1141504,xor01_from46,VERIFY_PANIC
t1-0,proof_byte,1141568,xor01_from91,VERIFY_PANIC
t1-0,proof_byte,1141632,xor01_from169,VERIFY_PANIC
t1-0,proof_byte,1141696,xor01_from245,VERIFY_PANIC
t1-0,proof_byte,1141760,xor01_from129,VERIFY_PANIC
t1-0,proof_byte,1141824,xor01_from32,VERIFY_PANIC
t1-0,proof_byte,1141888,xor01_from155,VERIFY_PANIC
t1-0,proof_byte,1141952,xor01_from98,VERIFY_PANIC
t1-0,proof_byte,1142016,xor01_from106,VERIFY_PANIC
t1-0,proof_byte,1142080,xor01_from133,VERIFY_PANIC
t1-0,proof_byte,1142144,xor01_from212,VERIFY_PANIC
t1-0,proof_byte,1142208,xor01_from217,VERIFY_PANIC
t1-0,proof_byte,1142272,xor01_from15,VERIFY_PANIC
t1-0,proof_byte,1142336,xor01_from167,VERIFY_PANIC
t1-0,proof_byte,1142400,xor01_from77,VERIFY_PANIC
t1-0,proof_byte,1142464,xor01_from206,VERIFY_PANIC
t1-0,proof_byte,1142528,xor01_from198,VERIFY_PANIC
t1-0,proof_byte,1142592,xor01_from45,VERIFY_PANIC
t1-0,proof_byte,1142656,xor01_from160,VERIFY_PANIC
t1-0,proof_byte,1142720,xor01_from131,VERIFY_PANIC
t1-0,proof_byte,1142784,xor01_from220,VERIFY_PANIC
t1-0,proof_byte,1142848,xor01_from135,VERIFY_PANIC
t1-0,proof_byte,1142912,xor01_from91,VERIFY_PANIC
t1-0,proof_byte,1142976,xor01_from86,VERIFY_PANIC
t1-0,proof_byte,1143040,xor01_from18,VERIFY_PANIC
t1-0,proof_byte,1143104,xor01_from212,VERIFY_PANIC
t1-0,proof_byte,1143168,xor01_from88,VERIFY_PANIC
t1-0,proof_byte,1143232,xor01_from151,VERIFY_PANIC
t1-0,proof_byte,1143296,xor01_from147,VERIFY_PANIC
t1-0,proof_byte,1143360,xor01_from186,VERIFY_PANIC
t1-0,proof_byte,1143424,xor01_from64,VERIFY_PANIC
t1-0,proof_byte,1143488,xor01_from81,VERIFY_PANIC
t1-0,proof_byte,1143552,xor01_from18,VERIFY_PANIC
t1-0,proof_byte,1143616,xor01_from134,VERIFY_PANIC
t1-0,proof_byte,1143680,xor01_from121,VERIFY_PANIC
t1-0,proof_byte,1143744,xor01_from60,VERIFY_PANIC
t1-0,proof_byte,1143808,xor01_from13,VERIFY_PANIC
t1-0,proof_byte,1143872,xor01_from7,VERIFY_PANIC
t1-0,proof_byte,1143936,xor01_from172,VERIFY_PANIC
t1-0,proof_byte,1144000,xor01_from107,VERIFY_PANIC
t1-0,proof_byte,1144064,xor01_from199,VERIFY_PANIC
t1-0,proof_byte,1144128,xor01_from8,DESERIALIZE_REJECTED
t1-0,proof_byte,1144192,xor01_from206,VERIFY_PANIC
t1-0,proof_byte,1144256,xor01_from123,VERIFY_PANIC
t1-0,proof_byte,1144320,xor01_from61,VERIFY_PANIC
t1-0,proof_byte,1144384,xor01_from231,VERIFY_PANIC
t1-0,proof_byte,1144448,xor01_from18,VERIFY_PANIC
t1-0,proof_byte,1144512,xor01_from191,VERIFY_PANIC
t1-0,proof_byte,1144576,xor01_from226,VERIFY_PANIC
t1-0,proof_byte,1144640,xor01_from31,VERIFY_PANIC
t1-0,proof_byte,1144704,xor01_from22,VERIFY_PANIC
t1-0,proof_byte,1144768,xor01_from230,VERIFY_PANIC
t1-0,proof_byte,1144832,xor01_from29,VERIFY_PANIC
t1-0,proof_byte,1144896,xor01_from129,VERIFY_PANIC
t1-0,proof_byte,1144960,xor01_from3,VERIFY_PANIC
t1-0,proof_byte,1145024,xor01_from166,VERIFY_PANIC
t1-0,proof_byte,1145088,xor01_from140,VERIFY_PANIC
t1-0,proof_byte,1145152,xor01_from252,VERIFY_PANIC
t1-0,proof_byte,1145216,xor01_from22,VERIFY_PANIC
t1-0,proof_byte,1145280,xor01_from216,VERIFY_PANIC
t1-0,proof_byte,1145344,xor01_from136,VERIFY_PANIC
t1-0,proof_byte,1145408,xor01_from236,VERIFY_PANIC
t1-0,proof_byte,1145472,xor01_from8,DESERIALIZE_REJECTED
t1-0,proof_byte,1145536,xor01_from183,VERIFY_PANIC
t1-0,proof_byte,1145600,xor01_from69,VERIFY_PANIC
t1-0,proof_byte,1145664,xor01_from20,DESERIALIZE_REJECTED
t1-0,proof_byte,1145728,xor01_from57,VERIFY_PANIC
t1-0,proof_byte,1145792,xor01_from217,VERIFY_PANIC
t1-0,proof_byte,1145856,xor01_from160,VERIFY_PANIC
t1-0,proof_byte,1145920,xor01_from118,VERIFY_PANIC
t1-0,proof_byte,1145984,xor01_from41,VERIFY_PANIC
t1-0,proof_byte,1146048,xor01_from159,VERIFY_PANIC
t1-0,proof_byte,1146112,xor01_from241,VERIFY_PANIC
t1-0,proof_byte,1146176,xor01_from121,VERIFY_PANIC
t1-0,proof_byte,1146240,xor01_from29,VERIFY_PANIC
t1-0,proof_byte,1146304,xor01_from208,VERIFY_PANIC
t1-0,proof_byte,1146368,xor01_from67,VERIFY_PANIC
t1-0,proof_byte,1146432,xor01_from64,VERIFY_PANIC
t1-0,proof_byte,1146496,xor01_from128,VERIFY_PANIC
t1-0,proof_byte,1146560,xor01_from224,VERIFY_PANIC
t1-0,proof_byte,1146624,xor01_from35,VERIFY_PANIC
t1-0,proof_byte,1146688,xor01_from64,VERIFY_PANIC
t1-0,proof_byte,1146752,xor01_from239,VERIFY_PANIC
t1-0,proof_byte,1146816,xor01_from10,VERIFY_PANIC
t1-0,proof_byte,1146880,xor01_from128,VERIFY_PANIC
t1-0,proof_byte,1146944,xor01_from0,DESERIALIZE_REJECTED
t1-0,proof_byte,1147008,xor01_from95,VERIFY_PANIC
t1-0,proof_byte,1147072,xor01_from45,VERIFY_PANIC
t1-0,proof_byte,1147136,xor01_from188,VERIFY_PANIC
t1-0,proof_byte,1147200,xor01_from18,VERIFY_PANIC
t1-0,proof_byte,1147264,xor01_from170,VERIFY_PANIC
t1-0,proof_byte,1147328,xor01_from126,VERIFY_PANIC
t1-0,proof_byte,1147392,xor01_from232,VERIFY_PANIC
t1-0,proof_byte,1147456,xor01_from81,VERIFY_PANIC
t1-0,proof_byte,1147520,xor01_from159,VERIFY_PANIC
t1-0,proof_byte,1147584,xor01_from79,VERIFY_PANIC
t1-0,proof_byte,1147648,xor01_from4,VERIFY_PANIC
t1-0,proof_byte,1147712,xor01_from209,VERIFY_PANIC
t1-0,proof_byte,1147776,xor01_from196,VERIFY_PANIC
t1-0,proof_byte,1147840,xor01_from251,VERIFY_PANIC
t1-0,proof_byte,1147904,xor01_from158,VERIFY_PANIC
t1-0,proof_byte,1147968,xor01_from88,VERIFY_PANIC
t1-0,proof_byte,1148032,xor01_from52,VERIFY_PANIC
t1-0,proof_byte,1148096,xor01_from118,VERIFY_PANIC
t1-0,proof_byte,1148160,xor01_from158,VERIFY_PANIC
t1-0,proof_byte,1148224,xor01_from30,VERIFY_PANIC
t1-0,proof_byte,1148288,xor01_from114,VERIFY_PANIC
t1-0,proof_byte,1148352,xor01_from193,VERIFY_PANIC
t1-0,proof_byte,1148416,xor01_from237,VERIFY_PANIC
t1-0,proof_byte,1148480,xor01_from149,VERIFY_PANIC
t1-0,proof_byte,1148544,xor01_from17,VERIFY_PANIC
t1-0,proof_byte,1148608,xor01_from48,VERIFY_PANIC
t1-0,proof_byte,1148672,xor01_from80,VERIFY_PANIC
t1-0,proof_byte,1148736,xor01_from210,VERIFY_PANIC
t1-0,proof_byte,1148800,xor01_from234,VERIFY_PANIC
t1-0,proof_byte,1148864,xor01_from8,VERIFY_PANIC
t1-0,proof_byte,1148928,xor01_from241,VERIFY_PANIC
t1-0,proof_byte,1148992,xor01_from117,VERIFY_PANIC
t1-0,proof_byte,1149056,xor01_from42,VERIFY_PANIC
t1-0,proof_byte,1149120,xor01_from251,VERIFY_PANIC
t1-0,proof_byte,1149184,xor01_from93,VERIFY_PANIC
t1-0,proof_byte,1149248,xor01_from47,VERIFY_PANIC
t1-0,proof_byte,1149312,xor01_from243,VERIFY_PANIC
t1-0,proof_byte,1149376,xor01_from172,VERIFY_PANIC
t1-0,proof_byte,1149440,xor01_from154,VERIFY_PANIC
t1-0,proof_byte,1149504,xor01_from42,VERIFY_PANIC
t1-0,proof_byte,1149568,xor01_from2,VERIFY_PANIC
t1-0,proof_byte,1149632,xor01_from29,VERIFY_PANIC
t1-0,proof_byte,1149696,xor01_from234,VERIFY_PANIC
t1-0,proof_byte,1149760,xor01_from195,VERIFY_PANIC
t1-0,proof_byte,1149824,xor01_from23,VERIFY_PANIC
t1-0,proof_byte,1149888,xor01_from71,VERIFY_PANIC
t1-0,proof_byte,1149952,xor01_from191,VERIFY_PANIC
t1-0,proof_byte,1150016,xor01_from79,VERIFY_PANIC
t1-0,proof_byte,1150080,xor01_from119,VERIFY_PANIC
t1-0,proof_byte,1150144,xor01_from203,VERIFY_PANIC
t1-0,proof_byte,1150208,xor01_from169,VERIFY_PANIC
t1-0,proof_byte,1150272,xor01_from201,VERIFY_PANIC
t1-0,proof_byte,1150336,xor01_from65,VERIFY_PANIC
t1-0,proof_byte,1150400,xor01_from106,VERIFY_PANIC
t1-0,proof_byte,1150464,xor01_from37,VERIFY_PANIC
t1-0,proof_byte,1150528,xor01_from103,VERIFY_PANIC
t1-0,proof_byte,1150592,xor01_from198,VERIFY_PANIC
t1-0,proof_byte,1150656,xor01_from81,VERIFY_PANIC
t1-0,proof_byte,1150720,xor01_from0,DESERIALIZE_REJECTED
t1-0,proof_byte,1150784,xor01_from34,VERIFY_PANIC
t1-0,proof_byte,1150848,xor01_from88,VERIFY_PANIC
t1-0,proof_byte,1150912,xor01_from183,VERIFY_PANIC
t1-0,proof_byte,1150976,xor01_from241,VERIFY_PANIC
t1-0,proof_byte,1151040,xor01_from246,VERIFY_PANIC
t1-0,proof_byte,1151104,xor01_from209,VERIFY_PANIC
t1-0,proof_byte,1151168,xor01_from77,VERIFY_PANIC
t1-0,proof_byte,1151232,xor01_from6,VERIFY_PANIC
t1-0,proof_byte,1151296,xor01_from173,VERIFY_PANIC
t1-0,proof_byte,1151360,xor01_from133,VERIFY_PANIC
t1-0,proof_byte,1151424,xor01_from107,VERIFY_PANIC
t1-0,proof_byte,1151488,xor01_from172,VERIFY_PANIC
t1-0,proof_byte,1151552,xor01_from125,VERIFY_PANIC
t1-0,proof_byte,1151616,xor01_from73,VERIFY_PANIC
t1-0,proof_byte,1151680,xor01_from87,VERIFY_PANIC
t1-0,proof_byte,1151744,xor01_from147,VERIFY_PANIC
t1-0,proof_byte,1151808,xor01_from86,VERIFY_PANIC
t1-0,proof_byte,1151872,xor01_from173,VERIFY_PANIC
t1-0,proof_byte,1151936,xor01_from115,VERIFY_PANIC
t1-0,proof_byte,1152000,xor01_from13,VERIFY_PANIC
t1-0,proof_byte,1152064,xor01_from233,VERIFY_PANIC
t1-0,proof_byte,1152128,xor01_from226,VERIFY_PANIC
t1-0,proof_byte,1152192,xor01_from217,VERIFY_PANIC
t1-0,proof_byte,1152256,xor01_from144,VERIFY_PANIC
t1-0,proof_byte,1152320,xor01_from180,VERIFY_PANIC
t1-0,proof_byte,1152384,xor01_from127,VERIFY_PANIC
t1-0,proof_byte,1152448,xor01_from219,VERIFY_PANIC
t1-0,proof_byte,1152512,xor01_from67,VERIFY_PANIC
t1-0,proof_byte,1152576,xor01_from62,VERIFY_PANIC
t1-0,proof_byte,1152640,xor01_from253,VERIFY_PANIC
t1-0,proof_byte,1152704,xor01_from227,VERIFY_PANIC
t1-0,proof_byte,1152768,xor01_from156,VERIFY_PANIC
t1-0,proof_byte,1152832,xor01_from210,VERIFY_PANIC
t1-0,proof_byte,1152896,xor01_from107,VERIFY_PANIC
t1-0,proof_byte,1152960,xor01_from179,VERIFY_PANIC
t1-0,proof_byte,1153024,xor01_from110,VERIFY_PANIC
t1-0,proof_byte,1153088,xor01_from0,DESERIALIZE_REJECTED
t1-0,proof_byte,1153152,xor01_from94,VERIFY_PANIC
t1-0,proof_byte,1153216,xor01_from162,VERIFY_PANIC
t1-0,proof_byte,1153280,xor01_from60,VERIFY_PANIC
t1-0,proof_byte,1153344,xor01_from127,VERIFY_PANIC
t1-0,proof_byte,1153408,xor01_from132,VERIFY_PANIC
t1-0,proof_byte,1153472,xor01_from64,VERIFY_PANIC
t1-0,proof_byte,1153536,xor01_from170,VERIFY_PANIC
t1-0,proof_byte,1153600,xor01_from218,VERIFY_PANIC
t1-0,proof_byte,1153664,xor01_from0,DESERIALIZE_REJECTED
t1-0,proof_byte,1153728,xor01_from120,VERIFY_PANIC
t1-0,proof_byte,1153792,xor01_from219,VERIFY_PANIC
t1-0,proof_byte,1153856,xor01_from46,VERIFY_PANIC
t1-0,proof_byte,1153920,xor01_from56,VERIFY_PANIC
t1-0,proof_byte,1153984,xor01_from221,VERIFY_PANIC
t1-0,proof_byte,1154048,xor01_from125,VERIFY_PANIC
t1-0,proof_byte,1154112,xor01_from54,VERIFY_PANIC
t1-0,proof_byte,1154176,xor01_from207,VERIFY_PANIC
t1-0,proof_byte,1154240,xor01_from220,VERIFY_PANIC
t1-0,proof_byte,1154304,xor01_from204,VERIFY_PANIC
t1-0,proof_byte,1154368,xor01_from254,VERIFY_PANIC
t1-0,proof_byte,1154432,xor01_from33,VERIFY_PANIC
t1-0,proof_byte,1154496,xor01_from252,VERIFY_PANIC
t1-0,proof_byte,1154560,xor01_from228,VERIFY_PANIC
t1-0,proof_byte,1154624,xor01_from46,VERIFY_PANIC
t1-0,proof_byte,1154688,xor01_from124,VERIFY_PANIC
t1-0,proof_byte,1154752,xor01_from139,VERIFY_PANIC
t1-0,proof_byte,1154816,xor01_from248,VERIFY_PANIC
t1-0,proof_byte,1154880,xor01_from120,VERIFY_PANIC
t1-0,proof_byte,1154944,xor01_from42,VERIFY_PANIC
t1-0,proof_byte,1155008,xor01_from218,VERIFY_PANIC
t1-0,proof_byte,1155072,xor01_from178,VERIFY_PANIC
t1-0,proof_byte,1155136,xor01_from48,VERIFY_PANIC
t1-0,proof_byte,1155200,xor01_from214,VERIFY_PANIC
t1-0,proof_byte,1155264,xor01_from140,VERIFY_PANIC
t1-0,proof_byte,1155328,xor01_from87,VERIFY_PANIC
t1-0,proof_byte,1155392,xor01_from35,VERIFY_PANIC
t1-0,proof_byte,1155456,xor01_from140,VERIFY_PANIC
t1-0,proof_byte,1155520,xor01_from61,VERIFY_PANIC
t1-0,proof_byte,1155584,xor01_from227,VERIFY_PANIC
t1-0,proof_byte,1155648,xor01_from54,VERIFY_PANIC
t1-0,proof_byte,1155712,xor01_from170,VERIFY_PANIC
t1-0,proof_byte,1155776,xor01_from76,VERIFY_PANIC
t1-0,proof_byte,1155840,xor01_from78,VERIFY_PANIC
t1-0,proof_byte,1155904,xor01_from52,VERIFY_PANIC
t1-0,proof_byte,1155968,xor01_from17,VERIFY_PANIC
t1-0,proof_byte,1156032,xor01_from79,VERIFY_PANIC
t1-0,proof_byte,1156096,xor01_from89,VERIFY_PANIC
t1-0,proof_byte,1156160,xor01_from238,VERIFY_PANIC
t1-0,proof_byte,1156224,xor01_from17,DESERIALIZE_REJECTED
t1-0,proof_byte,1156288,xor01_from17,VERIFY_PANIC
t1-0,proof_byte,1156352,xor01_from162,VERIFY_PANIC
t1-0,proof_byte,1156416,xor01_from64,VERIFY_PANIC
t1-0,proof_byte,1156480,xor01_from243,VERIFY_PANIC
t1-0,proof_byte,1156544,xor01_from57,VERIFY_PANIC
t1-0,proof_byte,1156608,xor01_from130,VERIFY_PANIC
t1-0,proof_byte,1156672,xor01_from236,VERIFY_PANIC
t1-0,proof_byte,1156736,xor01_from36,VERIFY_PANIC
t1-0,proof_byte,1156800,xor01_from72,VERIFY_PANIC
t1-0,proof_byte,1156864,xor01_from179,VERIFY_PANIC
t1-0,proof_byte,1156928,xor01_from82,VERIFY_PANIC
t1-0,proof_byte,1156992,xor01_from17,VERIFY_PANIC
t1-0,proof_byte,1157056,xor01_from190,VERIFY_PANIC
t1-0,proof_byte,1157120,xor01_from31,VERIFY_PANIC
t1-0,proof_byte,1157184,xor01_from101,VERIFY_PANIC
t1-0,proof_byte,1157248,xor01_from197,VERIFY_PANIC
t1-0,proof_byte,1157312,xor01_from137,VERIFY_PANIC
t1-0,proof_byte,1157376,xor01_from147,VERIFY_PANIC
t1-0,proof_byte,1157440,xor01_from110,VERIFY_PANIC
t1-0,proof_byte,1157504,xor01_from90,VERIFY_PANIC
t1-0,proof_byte,1157568,xor01_from55,VERIFY_PANIC
t1-0,proof_byte,1157632,xor01_from49,VERIFY_PANIC
t1-0,proof_byte,1157696,xor01_from64,VERIFY_PANIC
t1-0,proof_byte,1157760,xor01_from195,VERIFY_PANIC
t1-0,proof_byte,1157824,xor01_from94,VERIFY_PANIC
t1-0,proof_byte,1157888,xor01_from56,VERIFY_PANIC
t1-0,proof_byte,1157952,xor01_from165,VERIFY_PANIC
t1-0,proof_byte,1158016,xor01_from15,VERIFY_PANIC
t1-0,proof_byte,1158080,xor01_from231,VERIFY_PANIC
t1-0,proof_byte,1158144,xor01_from60,VERIFY_PANIC
t1-0,proof_byte,1158208,xor01_from46,VERIFY_PANIC
t1-0,proof_byte,1158272,xor01_from57,VERIFY_PANIC
t1-0,proof_byte,1158336,xor01_from18,VERIFY_PANIC
t1-0,proof_byte,1158400,xor01_from176,VERIFY_PANIC
t1-0,proof_byte,1158464,xor01_from251,VERIFY_PANIC
t1-0,proof_byte,1158528,xor01_from76,VERIFY_PANIC
t1-0,proof_byte,1158592,xor01_from119,VERIFY_PANIC
t1-0,proof_byte,1158656,xor01_from206,VERIFY_PANIC
t1-0,proof_byte,1158720,xor01_from180,VERIFY_PANIC
t1-0,proof_byte,1158784,xor01_from54,VERIFY_PANIC
t1-0,proof_byte,1158848,xor01_from7,VERIFY_PANIC
t1-0,proof_byte,1158912,xor01_from253,VERIFY_PANIC
t1-0,proof_byte,1158976,xor01_from160,VERIFY_PANIC
t1-0,proof_byte,1159040,xor01_from107,VERIFY_PANIC
t1-0,proof_byte,1159104,xor01_from117,VERIFY_PANIC
t1-0,proof_byte,1159168,xor01_from158,VERIFY_PANIC
t1-0,proof_byte,1159232,xor01_from57,VERIFY_PANIC
t1-0,proof_byte,1159296,xor01_from135,VERIFY_PANIC
t1-0,proof_byte,1159360,xor01_from166,VERIFY_PANIC
t1-0,proof_byte,1159424,xor01_from180,VERIFY_PANIC
t1-0,proof_byte,1159488,xor01_from184,VERIFY_PANIC
t1-0,proof_byte,1159552,xor01_from31,VERIFY_PANIC
t1-0,proof_byte,1159616,xor01_from111,VERIFY_PANIC
t1-0,proof_byte,1159680,xor01_from228,VERIFY_PANIC
t1-0,proof_byte,1159744,xor01_from244,VERIFY_PANIC
t1-0,proof_byte,1159808,xor01_from250,VERIFY_PANIC
t1-0,proof_byte,1159872,xor01_from9,DESERIALIZE_REJECTED
t1-0,proof_byte,1159936,xor01_from14,VERIFY_PANIC
t1-0,proof_byte,1160000,xor01_from190,VERIFY_PANIC
t1-0,proof_byte,1160064,xor01_from70,VERIFY_PANIC
t1-0,proof_byte,1160128,xor01_from106,VERIFY_PANIC
t1-0,proof_byte,1160192,xor01_from78,VERIFY_PANIC
t1-0,proof_byte,1160256,xor01_from70,VERIFY_PANIC
t1-0,proof_byte,1160320,xor01_from207,VERIFY_PANIC
t1-0,proof_byte,1160384,xor01_from43,VERIFY_PANIC
t1-0,proof_byte,1160448,xor01_from103,VERIFY_PANIC
t1-0,proof_byte,1160512,xor01_from202,VERIFY_PANIC
t1-0,proof_byte,1160576,xor01_from99,VERIFY_PANIC
t1-0,proof_byte,1160640,xor01_from19,VERIFY_PANIC
t1-0,proof_byte,1160704,xor01_from126,VERIFY_PANIC
t1-0,proof_byte,1160768,xor01_from168,VERIFY_PANIC
t1-0,proof_byte,1160832,xor01_from250,VERIFY_PANIC
t1-0,proof_byte,1160896,xor01_from111,VERIFY_PANIC
t1-0,proof_byte,1160960,xor01_from75,VERIFY_PANIC
t1-0,proof_byte,1161024,xor01_from168,VERIFY_PANIC
t1-0,proof_byte,1161088,xor01_from24,VERIFY_PANIC
t1-0,proof_byte,1161152,xor01_from234,VERIFY_PANIC
t1-0,proof_byte,1161216,xor01_from161,VERIFY_PANIC
t1-0,proof_byte,1161280,xor01_from209,VERIFY_PANIC
t1-0,proof_byte,1161344,xor01_from188,VERIFY_PANIC
t1-0,proof_byte,1161408,xor01_from159,VERIFY_PANIC
t1-0,proof_byte,1161472,xor01_from1,DESERIALIZE_REJECTED
t1-0,proof_byte,1161536,xor01_from48,VERIFY_PANIC
t1-0,proof_byte,1161600,xor01_from85,VERIFY_PANIC
t1-0,proof_byte,1161664,xor01_from95,VERIFY_PANIC
t1-0,proof_byte,1161728,xor01_from0,DESERIALIZE_REJECTED
t1-0,proof_byte,1161792,xor01_from1,VERIFY_PANIC
t1-0,proof_byte,1161856,xor01_from112,VERIFY_PANIC
t1-0,proof_byte,1161920,xor01_from51,VERIFY_PANIC
t1-0,proof_byte,1161984,xor01_from79,VERIFY_PANIC
t1-0,proof_byte,1162048,xor01_from0,DESERIALIZE_REJECTED
t1-0,proof_byte,1162112,xor01_from99,VERIFY_PANIC
t1-0,proof_byte,1162176,xor01_from114,VERIFY_PANIC
t1-0,proof_byte,1162240,xor01_from70,VERIFY_PANIC
